{
  "initial_capital": 1000000,
  "final_value": 1119212.7058199993,
  "total_return": 0.11921270581999933,
  "annualized_return": 0.5924481428162078,
  "sharpe_ratio": 2.273821870295473,
  "max_drawdown": -0.07018577441263134,
  "win_rate": 0.6065573770491803,
  "total_trades": 239,
  "transaction_costs": 48606.23418000001,
  "trading_days": 61,
  "rebalance_frequency": 5,
  "top_k": 10,
  "dropout_rate": 0.2
}