-0.0009223372,6.76848e-05,0.0012598112,0.000114973634,0.0013276227,-0.00014065579,0.0001973398,0.000645034,0.0007262118,0.0010882169,0.0006285608,0.00037957728,-0.00031807274,9.544194e-06,-0.0008483045,0.0007214695,-7.2758645e-05,0.0011715703,0.0013918132,0.00029302016,0.00097458065,0.00060879067,-5.5734068e-05,-0.00073539466,0.0015682541,0.0006940961,0.0012839995,-0.00031546876,-0.0014167875,-0.00023967028,0.00033603236,0.00016903877,0.001375258,0.000513345,0.00018033385,-0.00037550554,0.0018785112,-5.1598996e-05,-0.000111635774,-0.00080358237,0.00033548102,-0.00019259006,-6.236136e-06,-1.0550022e-05,-0.0005817823,0.0007366687,-0.0003908798,-0.0018352978,0.00027577952,0.00084283575,-0.00014997646,-0.0004273504,0.0009842217,-0.00016628578,-8.899346e-05,-0.00012240931,-0.0011123195,0.00063259155,-0.0004358776,0.00019255653,0.0022013,0.00025023147,0.00130767,0.00014257059,0.00091885775,-1.899898e-07,-0.00029325858,0.0013217889,-0.0006888062,-0.000556767,0.00085214525,0.00014003739,0.00029683858,5.8330595e-05,0.00066792965,0.0006960109,-1.9177794e-05,-0.0003991723,0.00035736337,-0.00021569058,0.0003937669,-0.0013213865,0.0023453496,-4.0344894e-05,-4.9699098e-05,-0.00087108836,0.00094563514,-0.0003959015,-0.0008384511,0.0002913773,0.0004516244,-0.000614617,0.0009675734,-0.00016745552,0.00027649477,-0.000227388,0.00020042807,-0.00017631799,0.00043033436,-0.00046237186,-0.00028819218,0.0003172271,-0.0003250651,0.0006754063,-0.00014089793,0.00010250509,0.00030051544,0.0004050322,-0.0011984371,-0.00015443936,9.14298e-05,-0.00076609105,0.0014613643,-0.0001305081,0.001313746,-0.00038876384,-4.0084124e-06,7.22073e-05,-0.0007680766,0.0003087297,0.00032414496,0.00032904,-0.0011534616,0.00061756,0.0002688244,0.00025554374,-0.0008768663,-0.00088340417,9.509176e-05,-0.00026647747,0.0002434887,0.0014189929,-0.0007459372,0.00018842891,0.0002760999,0.0010777786,7.038936e-05,3.1191856e-05,0.0003604479,0.0003985986,0.00031642243,-0.00010802597,-0.00075007975
-0.0019772649,-0.0010973513,-0.0013572574,0.00041346252,-0.0003591068,-0.00081677735,-0.00072047114,-0.0007777959,-0.0015013404,-0.001113452,-0.0005340129,-0.0013282001,-0.0017716363,-0.0019342043,-0.001318451,-0.0008546524,-0.00072413683,-0.0008213222,5.7183206e-06,-0.0008016825,-0.000120699406,-0.0004950762,-0.0012149289,-0.001708068,-0.0016560741,-0.00027846172,-0.00027043372,-0.0010459796,-0.0016607232,-0.00035755336,-0.0013527535,-0.00073081255,5.247444e-05,-0.0009701513,0.00036747754,-0.0014391467,-0.0008139461,-0.0014480092,-0.0017875396,-0.0010635667,-0.0011594035,-0.00028748065,-0.0012921952,-0.0012483671,-0.00091013685,0.00021576509,-0.0012523532,-0.0013978481,-0.0013341047,-0.001491461,-0.0012770332,-0.00089960545,-0.0012068935,0.0005441345,-0.0011632666,-0.0021019727,-0.0013914257,-0.00060911104,-0.0005143322,-0.0009978041,-0.0001502037,-0.0009641461,-0.0017776899,-0.00044860318,0.0003784299,-0.0013451912,-0.000892438,-0.0014260374,-0.0018655397,-0.0013174005,-0.0007594824,-0.0007192753,-0.00096509233,-0.00051501766,-0.0010009743,0.00033327937,-0.0010566264,-0.00076759234,-0.000925187,-0.00023975596,0.00043053553,-0.0010537654,-0.0006014444,-0.000552658,-0.00053111836,-0.0017828941,-0.0013595372,-0.0019675605,-0.0010981336,-0.0012200102,-0.0008167252,-0.00018120557,-0.00027994812,-2.5521964e-05,-0.0011819825,-0.0014710426,-0.000859987,-0.00050833076,-0.00077560544,-0.0012297742,-0.00020111352,-0.0009045154,-0.001210317,-0.00026174262,-0.0005078204,-0.0012704432,-0.0012317151,-0.0012016445,-0.001742579,-0.0012579374,-0.00076565146,-0.0016175508,-0.0008161962,-0.0015707389,0.0002956465,-0.0018196516,-0.0005923882,-0.0008073896,-0.0005453639,-0.0010488443,-0.000871744,-0.0013329722,-0.0010825247,-0.0003613606,-0.00040425733,9.937212e-05,-0.00053152815,-0.001172971,-0.0011522807,-0.0013810396,-0.0018846542,-0.0006612055,-0.0015785098,-0.00038874522,-0.00046353415,-0.0004985146,-0.000111594796,-0.00059849396,-0.0012090318,0.00022181496,-0.00021190196,-0.0007155128,-0.0016839579
-0.00080091134,-0.00063185766,-0.00037615374,0.00039743632,0.00034892187,-0.00023118779,-0.0006960146,0.0001572743,0.00026031584,-0.00040103123,0.00015291199,0.00016263872,-0.0004156679,-0.0009899251,-0.00096140057,-0.00013850257,-0.0009008758,-0.00020145625,0.0001251474,0.00035924092,0.0006739162,0.00026044995,-0.0012001507,-0.0009944551,-0.0007106215,0.0002901256,0.00021277368,7.278472e-05,-0.00069468096,-0.00071515143,-0.0004248768,0.00056517124,-5.4392964e-05,0.00094763935,7.711351e-06,0.00034594908,0.00020686164,0.00054313615,-0.0007011108,-0.0008870624,-0.00055296347,0.000616584,-0.0008640662,-0.00014206767,0.0013755374,0.001654584,-0.0009781532,-4.163012e-05,0.0002487898,-0.00021374598,-0.0011664741,-0.00026719272,-0.00073521957,0.00013406575,-9.05022e-05,-0.0005013384,-0.0011480153,-4.613027e-05,0.00028679892,0.00053229555,0.00092953816,0.00065629184,0.0005758405,-0.001436878,0.00030152872,-0.00027818233,0.0013382211,6.642565e-05,-0.0012540556,-7.693842e-05,0.0011257939,0.0007312931,0.0004926957,0.00099485,-0.0007287711,0.0006557554,0.0004901178,-4.992634e-05,-0.00065589324,0.001407139,0.00059996545,0.000279814,0.00042873248,0.00018751621,3.2640994e-05,-0.00026512146,4.1365623e-05,-0.0001408644,0.0001738742,-0.00037062913,0.0006153248,0.00070793927,0.0004947968,0.0006122999,-0.0005573705,-0.0011707321,0.0008595735,0.0009434894,0.00038646534,0.0010804385,0.0013468564,0.000721246,-6.733462e-05,0.00048331544,4.582107e-07,0.0012716316,-0.000438191,0.0007095821,-0.00010992214,0.000553295,0.0004634373,-0.00023024529,0.0010699145,-0.0008434877,0.0004785806,0.001848638,0.00044986606,-9.339303e-06,0.0019274801,-9.212643e-06,-0.0004700385,-0.00035286695,-0.00095387176,0.0005482137,0.0011560172,0.0010526478,0.00040627643,0.00044223294,0.0014901459,-0.0003262274,0.00016129017,0.00013430789,0.00068768486,0.0010304749,0.0007527955,0.00055846944,0.0012165345,-2.4605542e-05,0.00012943894,0.0009833239,0.00082810596,0.00034174323,-0.0011099391
0.0010523424,0.0011257268,0.0014242344,0.00052578375,0.0018948726,0.0009759143,-3.542751e-06,0.0017951541,0.0013564117,0.0017402992,0.0016248375,0.00087496266,0.000982482,0.0020388328,0.00022731349,0.0019555427,-0.00038542226,0.0008115098,0.0019495338,0.002409406,0.00129655,0.0018196441,0.0006196685,0.00072340295,0.00028008223,0.000878796,0.0014922917,0.0012351982,0.00052260235,0.001155749,0.00022793189,0.0015689544,0.0017808117,0.0015770271,0.00060809404,0.0012327693,0.0018965565,0.001470264,0.0005289614,0.001354821,-0.00023769587,0.0009885989,0.0018805899,0.00073707104,0.0020430535,0.0012012459,0.00096892565,1.7236918e-05,0.0013440475,0.00082876906,0.00035034493,0.001803197,0.00052425265,0.0013691857,0.0017088614,0.000993289,0.00034159794,0.0020117164,0.001863882,0.001022134,0.0020490028,0.0016933642,0.0005228147,0.00036905333,0.0015666932,0.00025848672,0.0014397278,0.0013520643,0.0011912324,0.0014957897,0.003098838,0.001535248,0.0004934743,0.0009425543,0.00035187975,0.0021712445,0.001192756,0.0015894659,0.00014324486,0.002079118,0.00034690648,0.0020125136,0.0026348233,0.0003861636,0.00048260018,0.00086749345,0.0021599345,0.00042193383,0.00088854507,0.0012563318,0.0014407784,-0.00018264353,0.0023245886,0.0023907684,0.0017957017,0.0018705353,0.0013328902,0.0016677044,0.0018255115,0.0019384958,0.0024982058,0.0015256107,0.001138676,0.0010653771,0.0014031753,0.0020496435,0.0022469983,0.00095848367,0.00036964938,0.0011409372,0.0014553294,0.00069858506,0.0025712177,0.0011971332,0.00073523447,0.0018306673,0.0010468699,0.0010690652,0.0022138208,0.00081717223,0.0018391646,0.0011598766,0.000998769,0.000742577,0.0022324584,0.0016336665,0.0009861477,0.0028309748,0.0026989095,0.001427792,0.0008794069,0.0014866404,0.0007151179,0.0021734945,0.0014000647,0.0021170303,0.0012544319,0.0013411008,0.0013902746,0.0016858876,0.001578562,0.0005981289,0.0016243681
-0.00020362064,0.00015988201,0.0008369498,0.00032361597,0.001088243,0.00077931955,-0.00016810372,0.0006930344,-0.0009858459,-0.00010103732,7.645041e-05,-0.00038894266,-0.00044580922,0.00044946745,0.00049492344,0.0007532276,0.00013044849,-0.00075951964,0.00069971755,0.00036919862,-0.00025888905,0.00057903305,-3.3847988e-05,0.0005773008,-0.00071895495,0.0009863302,0.0014016964,0.00048523396,0.0006632805,0.00020522252,0.00085084885,0.000799112,0.0016389117,0.0002406463,-0.00073574856,0.001649335,0.0005195886,-0.0005261712,2.0362437e-05,0.0006393343,-0.00028501078,0.00076943263,0.00051312894,0.0007614121,-0.00046347827,0.00012421235,9.505823e-05,-0.0011228435,-0.00013747066,0.00090758875,-4.836172e-05,0.00035207346,-3.9692968e-05,0.0015683137,0.0005927384,0.0002943687,-0.0006204136,0.0008265823,0.0006499216,0.0008398779,0.0020697415,0.00079932436,0.00074454024,-0.0010158159,0.0009488389,0.00070312247,0.0007322617,-8.752197e-05,0.0006730333,0.00016029924,0.0018054657,-0.00016090274,-0.0004966818,-0.00028967857,6.3478947e-06,0.000966005,-0.00083040446,-0.0009779856,-0.00057638064,-0.000115092844,0.00030452758,0.00133387,0.0005563386,-0.00015122816,0.0005840361,0.00038698316,0.00025524944,-0.00045674294,0.0011914447,-0.00039641932,0.00048660487,6.735325e-05,0.0014342032,0.00020363554,0.000878226,0.0008011125,0.0010608137,0.00074063614,0.0005385913,0.0011604279,0.0016668364,0.0010623783,0.00070518255,0.00049977005,0.0015633702,-0.00019012019,-0.00048641115,0.00146202,-0.00041240826,5.4068863e-05,0.0008070953,0.00027893856,0.0009753257,0.00033666193,-4.996732e-05,-0.00017889589,-0.000106517226,0.00043512508,0.00012392178,0.00087552145,0.00013654679,-0.00016318634,0.0011801459,0.0001892969,1.4286488e-05,0.0006136894,0.0012365133,0.0005245693,-9.999797e-05,0.0011901185,0.00043556467,0.00016128272,-0.000484664,-7.432699e-05,0.00056004524,0.0005400069,-0.0002902113,0.0011377446,0.0006798357,0.0013709702,-0.00022970885,-0.00041629001,0.0006897412
0.000551939,0.0007261336,0.001489915,0.0021493696,0.0015434995,0.0008927807,0.0006418638,0.0011418648,0.000818152,0.001444295,0.0014541931,0.0008912124,0.0015491694,0.0010096133,0.0019069612,0.0009347014,1.3303012e-05,0.000705909,0.0017578602,0.0013977103,0.0009802468,0.0021709166,0.0006148778,0.00057234615,0.00094043463,0.0012173988,0.0015454069,0.0016635396,0.002004411,0.0015154108,0.0012335591,0.0020168982,0.0018672645,0.00046104938,0.0007042587,0.000684198,0.001137495,0.0010760613,0.0009211637,0.0001218766,0.0017488599,0.0004829988,0.0016196668,0.0014040805,0.0006507486,0.00210765,0.0009560436,0.0014289096,0.0013657995,0.0011430047,0.0012591593,0.0012869053,0.00058946013,0.001384832,0.0010649078,0.0010593906,0.0008851662,0.0017037429,0.0008740686,0.0019451194,0.00219037,0.0019919463,0.0010131747,0.00060022995,0.0017146394,0.0009180829,0.00021094456,0.0011696294,0.0015176274,-0.00014964119,0.0016633198,0.0013329126,0.0007716678,0.00116992,0.0018161424,0.0011768863,0.0010988377,0.0011112504,0.0016839951,0.0011580959,0.0013521649,0.001078222,0.0015282407,0.00065725297,0.0011556521,-8.063018e-05,0.0012145564,0.0011777505,0.0016876981,0.0005618185,0.0006981231,0.0007592365,0.0026683807,0.000795085,0.0012019128,0.0014143586,0.0018186234,0.0019099861,0.00048548356,0.0012607537,0.0018557198,0.0013028942,0.0016854666,0.0010657161,0.0024986304,0.0018481128,0.0015873574,0.0010407306,-0.0002545826,0.0008778982,0.001906041,0.0011201762,0.0018517748,0.0013513081,0.0011273026,0.001819294,0.00045874342,0.0014958642,0.00084874034,0.0007330738,0.00054892525,0.0010337643,0.0016846247,0.0011469051,0.0009219982,0.002019599,0.0018223636,0.0017616153,0.0024201795,0.00031535327,0.0010266863,0.00080708414,0.00019721314,0.00041449815,0.0013353713,0.0016688295,0.001030054,0.0014612116,0.0014878251,0.0015311539,0.0011961646,0.0006951317,0.00053329766
-0.0016982257,-0.00068765506,-0.00033241883,-0.00039974228,0.00015362725,-0.00063382834,-0.00066385046,-0.0009564534,-0.00081926584,0.00013772026,-0.00074741244,0.00013377145,-0.00028530508,0.00015907735,-0.001216907,-0.0015486442,-8.393079e-05,0.00026289374,-0.00020657107,-0.0003762208,-0.00083693117,-0.0007926114,-0.0005015731,-0.00059906393,-0.0016010553,-0.0016927123,-0.00054937974,-0.0011540838,0.0003284663,-0.001090508,-0.000534039,0.00022732466,0.00040282682,-0.0008293241,-0.0007594265,-0.0015393756,-0.001170434,-0.00017144904,-0.00047104433,-0.0016965605,-0.0016110241,2.515316e-05,-0.00024950877,-0.00085444003,-0.0011253022,-0.0004419908,0.0007978454,-0.0011851788,-0.0003741905,-0.0013509504,-0.0007898249,-0.00027046725,-0.0013134293,0.00036159903,-0.0003757663,-0.0016595796,-0.00096033886,-0.00046197325,-0.00016618147,-0.00045122206,-0.0008496642,0.0011588894,-0.0011625215,0.00015190616,-4.7590584e-05,-0.00020942092,-0.00018398091,5.636364e-06,-0.00017450377,-0.0006802343,-0.000245329,-0.000681784,-0.00059419125,-0.00022512674,-0.00027046353,-0.0002136305,-0.0006240271,-0.00082583725,0.00050349906,-0.0012814924,-0.0008155741,-0.00045679882,-0.0005276948,-0.00201606,-0.00085438415,-0.0009265691,-0.00087419525,9.037927e-05,-0.00041073188,-0.0009871051,-7.38129e-05,-0.00047400966,0.0007071942,0.00043864548,-0.00024576858,-0.00041339546,0.0010953732,0.0005057752,-0.00056817755,9.678304e-05,0.00019508228,0.00039742514,0.0003400892,-0.00029168278,-0.00017974898,-0.0016498454,-0.0004662387,0.00043311715,-0.0023199022,-0.00076304004,-0.00080922246,-0.0007609762,0.00072802603,0.00018607453,-0.0005403422,-0.0011832751,-0.001208853,0.0004746467,-0.00080700964,-0.0007885769,-3.7401915e-05,-0.0004898608,-0.00052094087,-0.00081255287,0.0002836138,0.00022818893,0.00015876815,-0.00046983734,0.00057296455,-0.0013877079,-0.001265686,0.00019523129,-0.0007083565,-0.00036019087,-0.00090870634,-0.00070743635,4.414469e-06,3.3937395e-05,4.8153102e-05,-1.7236918e-05,-0.00021912158,-0.0007917844,-0.00083748624
-0.0009296052,-0.0011133924,0.0010561496,-0.00089698285,0.0013972297,0.0005544871,-0.00048431754,-0.00045528635,-0.00030035898,-0.00080565363,-0.00053445995,0.0002664253,-0.0010692254,-0.00017910078,-0.0010004155,-0.00058759004,0.0005543269,0.00065216795,-3.1486154e-05,0.00037698075,-0.00048549473,0.0002794005,0.0002758801,-0.0014289059,-0.002160538,0.0006921105,0.0010149889,-0.0003594756,0.00020045787,-0.0014803745,-0.00069615245,0.00018198043,-0.00025621802,-0.0002300702,-0.00083324313,-0.00062484294,1.695007e-05,-0.00028012693,-2.0600855e-05,-0.0006589517,-0.0007252395,-0.00039590523,0.00034629554,-0.00074031204,0.00023832545,-0.00021262467,0.0009451881,0.00059915334,-5.966425e-05,-1.5888363e-05,0.00022394955,-0.0007941425,-7.5407326e-05,0.0002556704,-0.00065527484,0.00062032416,-0.0013379417,-0.0003725998,-0.00049854815,-0.0007720627,0.00019500405,-0.00030570105,5.8338046e-05,-0.0011749007,0.00033548102,0.0004918277,0.00076498836,0.0004794076,0.00039641932,0.0003774874,0.00061284006,-0.00039597973,-0.000108707696,2.3175031e-05,9.931624e-05,1.4178455e-05,-0.0018039867,-0.0012130849,0.00017086044,-0.0007850416,-0.00031795725,0.00033380464,0.0001497753,-0.0011868626,-0.0003100969,0.00015702844,-0.00048027933,0.0016344823,0.0011978261,-0.00011521205,0.00035477802,-0.00053634867,0.0012167245,-0.00038490072,0.00029237196,-0.0003188774,0.0014532134,0.00036447123,-0.0005847439,0.00059204176,0.00015190244,0.00029057637,0.0005573742,5.788356e-05,-0.00030377135,-0.0010024346,-0.00078329816,0.0003479682,-0.0015475452,-0.00060812384,-0.00050648674,-0.00012459233,0.0010655299,-0.00018972903,-0.00022558495,-0.00074665993,-0.00048197806,0.0006553866,-0.0006364025,-0.0007230826,-0.00043028966,0.0003653802,0.00041900575,0.0004888214,5.884841e-05,0.0006801188,0.0003715232,-2.8606504e-05,0.0007765554,0.00041551888,-0.00032380223,-0.00053958595,-0.0016098805,0.0006667413,-0.0003864877,-0.00028765202,-0.000826139,0.00042048842,0.001230441,-3.510341e-05,0.00055976957,-0.0006254837,0.0013059862
0.0025625601,0.0019263513,0.0028427467,0.0020473413,0.0024341159,0.0024723113,0.0007114336,0.0021418445,0.001644019,0.0010053292,0.0014674962,0.0015349798,0.0016666837,0.0016363859,0.0020613223,0.0017477162,0.0013066642,0.0017304309,0.002585914,0.0014897026,0.0006782487,0.002245672,0.0019434951,0.0010830909,0.000545077,0.001969844,0.0019746013,0.0016654767,0.0024041012,0.0023155324,0.001260817,0.0021047778,0.0018873438,0.0006941557,0.00070767105,-0.00015237927,0.0013258569,0.0015919805,0.0013575815,0.0013745353,0.0010030158,0.002251409,0.0021404289,0.0019051842,0.002024535,0.0017122962,0.0024632923,0.001442261,0.0012471229,0.0026149899,0.0018234067,0.002657149,0.0013009049,0.0022061951,0.0019675642,0.0025256015,0.0019361526,0.003007017,0.0011798553,0.0012603663,0.0023581013,0.0019012876,0.0016389601,0.0014902651,0.001930397,0.0015002601,0.0014798269,0.0015869439,0.0027418807,0.0014974773,0.0029715896,0.0013522208,0.0012570173,0.0025662854,0.002668105,0.0017932616,0.0011156239,0.0013880879,0.002346933,0.00049046054,0.0012349784,0.0026541874,0.0022829436,0.002136957,0.0027577989,0.00043437257,0.00063631684,0.0026231073,0.00082352385,0.002106484,0.0018130429,0.0016671903,0.0034575649,0.0022612736,0.001993902,0.001158271,0.0020167641,0.0019320846,0.0011543185,0.0017235838,0.002415061,0.0016922839,0.0024353825,0.0016531721,0.002523344,0.0011270754,0.0017757118,0.0020722523,0.00085397065,0.0022424385,0.0007112175,0.002514571,0.0027189963,0.0020805001,0.0011236854,0.0008515902,0.0013341643,0.001512412,0.0018877499,0.0019779503,0.0014530905,0.0016403049,0.0024479814,0.002759371,0.0021597147,0.0024917834,0.0015711673,0.0015034601,0.0016315207,0.0032138862,0.0027830005,0.0006611794,0.0006577037,0.0022803172,0.001646623,0.00083199143,0.0014133081,0.0026773922,0.0019839033,0.0015963279,0.0029777922,0.00060408935,0.0025466979
0.00046487153,0.0026846789,0.0020472258,0.0011752993,0.0033712052,0.003714554,0.0012715347,0.0022080354,0.0011441223,0.0005508512,0.0010598451,0.001571048,0.001214657,0.0017726533,0.0016048588,0.0005713552,0.00096043944,0.0015259795,0.0021317676,0.0016638972,0.00039035827,0.0010265373,0.00076712295,0.0023534894,0.001138147,0.0021414869,0.0018123724,0.0016535074,0.0009685345,0.0020482615,0.0007965043,0.0019646809,0.0025392286,0.001231242,0.00047072396,0.00046088174,0.0018943325,0.0018507317,0.0019072965,0.00049605966,0.0011221133,0.0021955818,0.0016789399,0.0012836792,0.0028073564,0.0018337667,0.0014459752,0.0010884106,0.0001757592,0.0028705932,0.0011011846,0.0017374642,0.002242852,0.0012987815,0.0016638562,0.0034132712,0.00201511,0.0026511773,0.0016330816,0.0018592812,0.0020342842,0.0031223558,0.001276847,0.0006623715,0.0018500127,0.001781866,0.0011240914,0.0017617382,0.002046559,-0.00015408918,0.0024659596,0.00028322637,0.0025272146,0.0021270066,0.002930645,0.0012436025,0.0017722063,0.0007674694,0.0017968528,0.0013820529,0.00026822835,0.0032296963,0.0011835769,0.001062829,0.00275179,0.0013033561,0.0010267794,0.001439888,0.0023656897,0.001009658,0.0025873221,0.0010684729,0.0024146214,0.0017439276,0.00091321394,6.3322484e-05,0.0017220937,0.0017735064,0.0011849627,0.0017633252,0.0026867166,0.0018642507,0.001323361,0.0022296868,0.001112815,0.0003349036,0.0013875291,0.002397865,0.0002714172,0.0026506782,0.0020213276,0.0016684867,0.0026494414,0.001667954,0.00032967702,0.0016676374,0.0015633516,0.0012309775,0.0015140735,0.0013613254,0.0020198748,0.0019314848,0.0016797073,0.0029145852,0.0023025014,0.000898242,0.0020153932,0.0012552179,0.0017006285,0.002675444,0.0010765456,0.0017679892,0.0018315762,0.0017641559,0.0014535859,0.00099824,0.00213065,0.0030624978,0.0025329143,0.0006779954,0.0024606176,0.0013751239,0.001271937
0.0008899532,0.00077455863,0.0009332411,0.00086031854,0.0011798553,0.0009334907,-0.000741113,0.0007634647,0.00081100315,-0.00022269785,0.00046909973,-5.8360398e-05,0.00035855547,0.0007019304,0.00029639155,-0.0008504987,0.00018487126,0.0006333776,7.3716044e-05,-0.00037705526,-0.0003344752,0.0005764626,-0.00071677566,0.00010935962,-2.4564564e-05,5.314499e-05,-0.00025707856,-0.0003582053,8.3554536e-05,0.00069020316,0.00029064342,0.00076743215,0.0005415082,0.00022310391,-7.786602e-05,-0.0003455542,0.00043052435,0.00028634444,-0.00040857866,0.0001949817,0.0003411919,-0.00014833361,0.0006520748,0.00063814595,0.00077143684,-0.00022402778,-0.0007285327,0.00029527768,-9.97372e-05,0.001324825,-4.5619905e-05,-0.0005556606,0.00040722638,0.0007793531,-2.8572977e-05,0.0013128556,1.9807369e-05,0.0009104088,0.0009682402,-0.00024150312,0.00053294003,0.00030905753,0.00027067587,-8.601323e-05,9.2078e-05,0.00013070926,-0.00031214207,-0.00043964386,0.00029120222,-0.00078982115,0.00077142194,-0.0005372539,0.00072005764,-3.6794692e-05,0.0006876029,5.074218e-05,0.00074284896,-0.00020063668,0.0007979311,-0.00037459657,-0.00058994815,0.0011361502,-0.0011783093,-0.0005915351,0.00094344467,-0.0009833165,-0.0004620999,-0.0005767867,0.00039951876,-0.0010446124,-0.00019646436,0.00080990046,0.0010142848,-0.0006164387,0.000901442,7.5146556e-05,0.00042675436,0.00034386292,-0.00045730174,0.0004520826,0.0012862086,0.00012609363,-0.0001065433,0.00042622536,0.0001683943,0.00010758266,0.00021158904,0.00092912465,-0.0017863177,0.0013537146,0.00074367225,0.00013492256,0.00033249334,0.00046857074,-0.0009816252,0.001670137,-0.00021773949,-0.00017705187,-0.00088407844,-0.0005089827,0.0003520772,0.00031655654,-0.0007985011,0.00043017417,0.0011917129,-0.00046847388,0.001204405,7.115677e-05,0.0010956451,0.00011218712,0.0005862564,-0.0006538667,-0.000355687,0.0006906651,0.00028793514,0.00044532493,0.0012108199,-6.28382e-05,0.0009446405,-8.764863e-05,0.0015020408,-0.0003001131,0.0006077662
-0.0004097335,9.36836e-05,-0.00087360665,0.0002763979,0.00058169663,-3.2775104e-05,-0.0019392334,-0.0008130558,-0.0009685792,-0.0018896572,-6.477907e-05,-0.0011492968,-8.6046755e-05,-0.00025993958,-0.00044537336,-0.0013818704,3.7759542e-05,2.668053e-05,3.2261014e-05,-0.00022445247,-0.00034764037,-0.000267189,-0.00072122365,0.00013338774,-0.0003927648,-0.0021982007,-8.894503e-05,3.252551e-05,0.00011109933,-0.00037873164,-0.00030099228,-0.00032290444,-4.660338e-06,-0.0006040558,-0.0013180263,-0.0010712333,1.4446676e-05,-0.00038801134,-0.0015503503,-0.00015228987,-0.0012899414,0.0006767772,-0.00037514046,-0.00019293278,-0.0009922013,-0.0013479069,-0.0005531758,-0.0012984574,-0.0015599541,0.00031184405,-0.0004868023,-0.00038695335,-0.0011976883,-0.00058723986,6.9603324e-05,2.1148473e-05,-0.0008853376,-0.0006743707,0.000689771,-0.0009185411,0.000516735,-0.0003450811,0.00030659512,-0.00045803562,-0.00043550506,-0.00034433976,5.3964555e-05,-0.0016271025,5.9083104e-06,-0.0013552941,0.00090377405,-0.0014418475,-0.0014471039,-0.0008315332,-0.0010474809,-0.00093498453,-0.00021558627,-0.0007780567,0.00011313707,-0.001359541,-0.0019489415,-0.00037262216,-7.295236e-05,-0.0018609278,0.0003485568,-0.001968976,-0.0011458434,-0.0001100339,-0.00017238408,-0.0014090426,-0.0011878163,9.581447e-06,3.9022416e-05,-6.888434e-05,-0.00017286092,-0.0006230511,-0.00047697872,-0.0006081909,-0.0010031238,0.00029912964,0.00020423532,-0.00034394115,-0.0003889352,-0.000736665,-0.00073163956,-0.0013824813,-0.00085775927,-0.00012487546,-0.0018599108,-0.00034418702,-0.00027325004,-0.0007350035,-0.00029134378,0.00019777566,-0.00077734515,-0.0013127439,-0.0003439039,-0.00046185777,-0.0013405569,-0.0006654635,-0.00024444237,-0.00010750443,-0.00041772798,-0.0005674064,-0.00046578422,-0.0015880056,-7.7180564e-05,-0.0001168102,-0.0009701252,0.0007453039,0.00011340901,-0.0017813779,-0.0004582666,-0.0007057376,-0.0005526915,-0.0006430559,-0.00045689568,0.0002935566,1.2628734e-05,-0.0013730936,-0.0011132434,-0.0006367676,-0.00033567473
-0.0012509003,-0.0004900843,-0.00014317036,0.00022276118,0.0007710904,0.0005066879,-0.00053357705,-0.000925716,-0.0020769723,-0.00025185943,-0.00056390837,-0.00062374026,-0.00074642897,3.110245e-05,-0.00058330595,-0.00040177628,-0.001174055,-0.0001420416,-3.7718564e-05,4.220754e-06,-0.0010109618,4.2360276e-05,-0.0010796636,-0.0005306378,-0.00034992024,-0.001379326,0.000703793,-0.0003417544,0.0008416213,-0.00025761873,-0.0008822121,-0.00045420974,-0.0006989911,-0.0011839531,-0.0022260882,-0.00072804093,-0.00058934465,-0.0017493814,-0.00057657063,-0.00020173192,-0.001190789,0.00072406605,-0.0014653467,4.929304e-05,-0.00054067373,-0.0009565875,-0.00067538023,-0.001415167,-0.00175827,0.00091665983,-0.00088756904,-0.0008559488,-0.0002522953,-0.0006688386,-0.0002735965,0.0006555058,0.00016857311,0.00032209232,-0.0006669238,-0.00086070225,-0.0007265024,0.00041739643,0.0001534,-0.00157037,-0.0002754368,5.6359917e-05,0.00012400001,-0.0005001128,-0.00091984123,-0.0015187971,0.00076143816,-0.00031386688,-0.00045152009,-0.0009341799,-0.0005950518,-0.0014909506,-0.0009445846,-0.0014084093,-0.00026153773,-0.0015945025,-0.0019127876,0.00048343465,-0.00067928433,-0.0014089309,-0.00038638338,-0.0015439652,-0.0019020028,0.0010229684,0.00079939514,-0.00042512268,-0.00025371835,-0.00045370683,0.0012653992,-0.0003780611,-0.00024452433,0.00035484508,0.00083875656,-1.9527972e-05,-0.00065742806,0.0004652962,-0.0004835017,-0.0002849996,-0.00029737875,-0.0006346479,-0.00091843307,-0.0012990423,-0.0013718419,-0.00017969683,-0.00088038296,-0.0004896559,0.00057101995,0.00037615746,0.00048454106,0.00063989684,-0.0015825778,-0.001056388,-6.9294125e-05,-5.5346638e-05,-0.0010803714,-0.00022488832,-0.0007676631,-0.0005749576,-0.0007025488,-0.0012314245,-0.00044380873,-0.001583457,0.0005900189,-0.0012107268,-0.00092607737,-9.6898526e-05,-0.00074607506,-0.0011135377,-0.0005470216,-0.0009830073,-0.00013032928,-0.0021891259,-0.001171805,0.0009791888,-0.00031997636,-0.0015939809,-0.00092829764,-6.796047e-05,0.00026155636
0.0016084053,0.0015745051,0.0019693002,0.001967989,0.0033651777,0.00079808757,0.00085908175,0.0010252297,0.00090155005,0.0006797686,0.0018830821,0.0017612539,0.0016412139,0.0013257079,0.0011027418,0.00066980347,0.00056152046,0.0027990378,0.0014982373,0.0010187812,0.0010586567,0.0012822114,0.0012901574,0.0011788383,0.0018456616,0.0017272495,0.0008028038,0.0016109124,0.0016994737,0.0018617548,0.001183439,0.0010858178,0.0017332509,0.0009505637,0.0005028844,0.000618089,0.0007573217,0.0003356263,0.0012645125,0.0023895353,0.0016870052,0.0024016649,0.0020824708,0.001969982,0.0012920983,0.001260642,0.0008062236,0.0005855635,0.0005691014,0.0031425245,0.0020309053,0.00055072457,0.0021151192,0.0013527311,0.001232829,0.0024851002,0.0024828687,0.002687361,0.0007750839,0.001793962,0.0008695312,0.0018605143,0.001985211,0.0013981313,0.0015974194,0.0019200593,0.0016769283,0.0016879588,0.000499323,0.00080414116,0.0021784566,0.0012282357,0.001950793,0.0014784262,0.0018379018,0.0005862713,0.0018420964,0.0012562014,0.0020165183,-6.197393e-05,0.0008563213,0.0011235699,0.0013443045,0.00071234256,0.0021583736,0.001267653,0.0011903159,0.0011510737,0.0019098707,0.0020050518,0.0020080656,0.0025500767,0.0027043186,0.00019552186,0.0014643371,0.0017905869,0.0019499995,0.0018004328,0.00052748993,0.0019289441,0.001674097,0.0007443726,0.0014824755,0.00088084117,0.0011187308,0.0006482266,0.0013507716,0.0016715564,0.0013380498,0.002096463,0.001014471,0.0016977638,0.0022441447,0.002452843,0.00019950047,0.0016301349,0.0018208399,0.0028225482,0.00024857745,0.0012038015,0.0014830232,0.0018455014,0.0010702386,0.0014225058,0.001495637,0.00084672496,0.0021461807,0.0011615232,0.0020348988,0.00083818287,0.0012821071,0.0009855926,0.0012050606,0.0018856265,0.0023373924,0.0005214922,0.001468733,0.0015474409,0.0016221404,0.0013983026,0.0018084161,0.0017778277,0.0022171624
-0.0011021681,0.0009082854,0.0011054054,0.00041336194,0.002163507,0.00068288296,0.0005863942,0.00016678497,-0.000653442,-0.00016069785,0.0008633062,0.0015702844,-0.00028293207,0.00028844923,-4.227087e-05,-0.00019253045,-0.00018044189,0.0023615249,0.0014191978,0.0012662932,0.0008905642,0.0009228848,0.0009339377,0.0018751249,0.00048683956,0.00062664226,0.001082167,0.0005100183,0.0013643652,0.00092900917,0.00048374012,0.0010958612,-0.00025828183,-0.00020888075,-0.00018145144,0.00056966767,0.00030923635,0.00024956837,-0.0007181689,0.001237344,0.0003477782,0.0005214289,0.0011663288,0.0011442527,0.00018538162,1.2423843e-05,-0.00012090802,0.00011671707,0.0004347004,0.0015734173,0.0014051124,0.00047493353,0.0015041716,0.0005335547,-0.0003481321,0.0012882091,0.0002537258,0.0012310743,-4.596263e-05,0.0002957061,-0.0013183393,0.0005308874,0.0012534633,0.00084407255,0.00083525106,0.00058539584,0.0011994056,0.00077021495,0.0010390207,-0.0006135255,0.0010691732,-0.00036675856,0.0012053661,0.0006396137,0.0014388487,-0.00020795316,0.00031470507,-0.0003630519,0.0010434985,0.00068777055,0.00025511906,-1.565367e-05,0.00082650036,3.900379e-06,0.0015451722,0.00028898194,0.00076601654,0.0005074665,0.0012308322,0.0011142492,0.0007401444,0.0014719926,0.0017843954,0.00038529932,0.0007272549,-0.00039796904,0.0017152913,0.000667993,-0.00019491836,0.00090897083,0.0006364621,0.0010320842,-1.8384308e-05,0.0007252656,-0.00019706413,0.00015195087,0.0003085062,0.00075317174,8.257106e-05,-0.00053024665,0.0010900237,0.0011753999,-0.000121515244,0.0016824864,0.00044571236,-0.0005588047,0.0014967099,0.0019679517,0.00025533512,0.0005601123,0.0009843633,0.0012978725,-0.00083367527,0.00014291331,0.0018816292,-0.00021437928,0.0006736964,0.00103309,0.0010138936,-0.00032348558,0.00014943257,0.0005969554,-0.0012185015,0.0007865876,5.5596232e-05,0.0013738424,0.0002584234,0.0016970113,0.0014243163,0.0009007938,-0.00032766908,0.0005255565,0.00021218881
-0.0023425445,-0.0020421073,-0.00030054897,-0.0007619858,-0.0010943115,-0.0012674816,-0.0015622638,-0.0017019138,-0.0024586804,-0.0018231384,-0.00085350126,-0.0011202134,-0.0014547855,-0.002328217,-0.001110293,-0.001551684,-0.003098894,-0.0007034093,-0.0007097423,-0.0006459169,-0.00092951953,-0.0005608238,-0.000905931,-0.00086385757,-0.0014319643,-0.0011691786,-0.0005794354,-0.0034389868,-0.0006727129,-0.00034480914,-0.0014078729,-0.002143573,-0.0015735365,-0.0020885915,-0.0021140762,-0.0022444054,-0.0014691688,-0.0017149933,-0.0026190616,-0.000249397,-0.003038086,-0.0028220601,-0.0018924326,-0.0013526604,-0.0023564138,-0.00038954988,-0.002814643,-0.0020650588,-0.001701042,7.059425e-05,-0.002210781,-0.0015402511,-0.0020679086,-0.0013229847,-0.0010814928,-0.0022205077,-0.0022403412,-0.0005476624,-0.0026045889,-0.0012167767,-0.0020543858,-0.0023596287,-0.001948595,-0.0018955767,-0.00070098415,-0.0007132478,-0.0022184812,-0.0010880493,-0.0013790615,-0.0019505173,-0.0013389103,-0.00043703243,-0.00091746077,-0.0017574616,-0.0014730766,-0.0009356998,-0.0013661049,-0.0023452453,-0.001071386,-0.0019381493,-0.0020971857,-0.0024804808,-0.0005412325,-0.0011673607,-0.0016454384,-0.001464948,-0.0021487176,-0.001014594,-0.0012790225,-0.0017329715,-0.0013420992,-0.00085905567,-0.00073650107,-0.0021775328,-0.0022179,-0.0031858906,-0.00095734,-0.00078786165,-0.0017092712,-0.0010317825,-0.00079992786,-0.002090875,-0.0006846227,-0.0032662675,-0.0012607053,-0.001284834,-0.0025709756,-0.001351729,-0.0013851486,-0.0022515282,-0.0015445128,-0.0024137534,-0.0011716373,-0.00094889104,-0.0016994476,-0.0020746067,-0.0010236464,-0.0016854256,-0.0019533336,-0.0009307116,-0.0032009408,-0.00195558,-0.0026596747,-0.0035316981,-0.0005562119,-0.002240315,-0.0022168607,-0.0008903071,-0.0018654205,-0.0016475171,-0.0010765232,-0.0022315383,-0.002620846,-0.0009089075,-0.0012831278,-0.0007061139,-0.0011914633,-0.00019474328,-0.0014616176,-0.0010195263,-0.0023268797,-0.0027099475,-0.0017560199
-0.0016080812,0.00021996722,-6.22347e-05,-0.0006341152,0.0013727844,-0.00087768584,-0.0009215139,-0.00033552572,-0.0019991584,-0.0014925934,0.00047427416,-0.0010610595,0.00016465038,-0.0013214089,2.4463981e-05,-0.0007658191,-0.0012697838,-0.00023621693,0.00025430694,0.00065228716,-0.00027568266,-0.00047105923,-0.0010484867,-0.00023259595,-5.1118433e-05,-0.0008014813,-0.0005656667,-0.00086859986,-0.00017641485,0.00083525106,-0.0011535697,-0.0011982322,-0.001124464,-0.0006565787,-0.00023871288,-0.00095209107,-0.0008698106,-0.0004960187,-0.0017923228,9.041652e-05,-0.00141152,0.00083193183,-0.0003308542,-0.0005143285,-0.0010549203,0.00045358762,-0.0010883734,-0.0013730153,-0.00027325377,0.0008427873,-0.0013678074,-0.0007473491,-0.0011664331,-0.000111501664,0.00031751767,-0.0010681041,-0.00028179213,0.00046116114,-0.00056347623,-4.9907714e-05,-0.0020943247,0.0006048456,-0.00063188,-0.00093401596,-0.00043381006,-0.0012509115,-0.0001524575,-0.00036097318,-0.0013352744,-0.0019115396,0.00056166574,-0.000936687,-0.00013307855,-0.0005162321,-0.00020663068,0.00023807585,-3.3669174e-05,-0.00029590726,-0.00028119236,-0.0003491044,-0.0014799759,-0.0014345981,0.00029511005,-0.0003735684,-0.00033121556,-0.0010509901,-4.8343092e-05,7.160008e-05,0.000647638,-0.001108326,0.00074299425,0.00049264356,-0.0010916069,-0.0014350452,-0.00087583065,-0.0018810816,-0.00011230633,-0.00025560707,-0.00063636154,-0.00053481385,-0.000859499,-0.0010809377,-0.00012959167,-0.001900401,-0.00030247122,-0.00050264224,7.728115e-05,-0.0009860136,-0.00069796294,-0.001125779,-0.000813894,-0.00033390522,-0.00044308603,0.00022539496,-0.0009785965,-0.00084850565,-0.00033013895,-0.00090686604,0.0006547645,0.00035727024,-0.00039368495,-0.0023684949,-0.0012964159,-0.0020580888,0.00074099377,-0.0009114258,-0.0018120706,-0.00014781952,-0.0007853806,-0.0005490184,-0.0012403466,-0.001379896,-0.00020983815,0.00095705315,-0.0011816472,0.00033723563,-0.0007496178,-0.0006113574,-0.0011257827,-0.00059242174,-0.0015851371,-0.00065515935,-0.00077268854
0.0006396659,0.00084583834,0.000791464,0.00030501187,0.0017301738,0.0008160509,-0.00044161826,0.00093602017,-6.5077096e-05,0.0012022778,0.0015339144,0.0004559122,-0.00027655438,0.0007500909,0.00024238974,0.00046261773,0.00018045679,0.00014238805,0.000628639,0.0015463457,0.00032942742,0.0006825514,-0.00026014075,0.0011275075,2.9720366e-05,0.0002765134,0.0009099841,4.259497e-05,0.0012979843,0.00093103945,-0.00047518685,0.00028738752,-0.00069384277,0.001623407,0.0002770722,0.00036669523,-0.00038259104,-6.876513e-05,7.131323e-05,-0.0011035278,-6.858632e-05,0.0013444498,0.00032910705,0.0005210005,0.00089069456,0.00035268068,0.00036124885,-0.0005909316,-0.00021893531,0.0015357919,-0.00025927648,0.0004813522,0.0013145097,0.0010697246,0.0007861182,-0.0003483668,0.0010706633,0.0012107305,0.0008870289,0.00042766705,-0.00033050776,0.0009527467,0.00063659623,-0.00057987496,0.0012308992,0.00017164648,0.0013561249,0.0013266616,-0.00015861914,0.00025351346,0.00023236126,-0.00051744655,0.0011538304,-0.0003007725,0.0006851144,0.00042256713,0.00025988743,-0.00026559085,-0.00014466792,0.0005371347,-8.613989e-05,0.0008247718,0.00010872632,0.0010310672,0.001047235,9.473413e-05,0.001133956,0.0005878657,0.0008699745,0.0012393743,0.0004945323,-5.2493066e-05,2.494827e-05,0.00021575764,0.00013901293,0.00031303242,0.00025006756,-0.0003000088,0.0005662404,0.0012715459,0.00053747743,0.0008198321,0.00153457,0.00012335181,0.00031843036,0.00093748793,0.0010758713,0.00065115094,0.00025959685,-0.00045944005,0.00027649105,0.00096698105,0.00018857047,0.00031851977,-0.0008325018,0.000109452754,0.0010989383,0.00012617186,0.0005023815,0.00075915083,-0.00018412992,-0.0010391772,-0.0008417517,-0.0013169721,0.0015495718,0.000640817,-0.00025351718,0.00084706396,0.00045639277,-0.00020148233,0.0007971376,-0.0012656078,0.00070401654,0.0012007095,-0.00024420768,0.000923913,0.00036067888,0.0004995987,0.00041382387,0.00063919276,-0.0005255379,0.0003227219,0.00014260411
0.0007316582,0.0009460114,0.0012889504,0.0012465678,0.002089303,-0.0002806671,0.0003126487,0.0022012107,0.00021697581,0.0017549768,0.0025325306,0.0009902976,0.0007945448,0.0005850345,0.0016347207,0.0015894882,0.0014166497,0.00089211017,0.0014223643,0.0018611252,0.001503326,0.0021903962,-4.9117953e-05,0.0017354898,0.0013444498,0.001205679,0.0013592727,0.0012566969,0.0012960844,0.0021737106,0.0003622882,0.0016488396,0.000262741,0.0008476041,0.0015945807,0.0016922541,0.0015436672,0.0007445365,0.0012894534,0.00082897395,-8.342415e-05,0.0022907145,0.0017941557,0.002277933,0.00072288513,0.0013957769,0.0012416132,0.00035504252,0.001214549,0.002305936,0.0019757785,0.0014943145,0.0019641332,0.001791928,0.00045576692,0.0009068772,0.0019151755,0.0013272986,0.0028069392,0.00051441416,-0.00017179921,-0.00022754818,0.002247516,0.00092474744,0.0016215816,0.0011634491,0.0018647276,-6.1858445e-05,0.0006127991,0.001377888,0.0014783293,0.00055557117,0.00019928813,-0.00038447604,0.001664836,0.0011154562,0.001271598,0.00071335956,0.00041290373,0.00090231746,0.000916373,0.0013871863,0.0019183308,-9.278953e-05,0.0013064854,0.0013258159,0.0009915233,0.00095783174,0.0016964898,0.0010795221,0.0014227033,0.0008822866,0.00047911704,0.001160536,0.0012342706,0.0013347007,0.0017409511,0.000117663294,0.0006437823,0.0018384308,0.0018858686,0.00071914494,0.0022082627,0.0015556403,0.0020396076,0.0010053702,0.001207538,0.00133688,0.0015397072,0.00091522187,0.000592269,0.000561744,0.0014199615,0.00045550615,0.0004565306,0.0009528324,0.0020183027,0.0011486188,0.0014265142,0.0021674186,0.0011581182,0.00073340535,0.0016785711,0.0009903088,0.0014584102,0.0016165525,0.0013513193,0.0014002174,0.0010348037,0.000829082,0.0011794716,0.0008712411,0.0013449341,0.00024005398,0.0009913966,0.0015469119,0.00044515356,0.00050631166,0.0008739494,0.0014962219,-0.0005358085,0.0014592893,0.0021419823
0.0003874749,0.0008880459,0.0016232766,0.0013267621,0.0011696965,0.0002419427,0.001170069,0.00046969205,-0.00019655377,0.0015872754,0.0011124127,0.0009821393,0.0008134246,0.00030140206,0.0015421361,0.0013260879,0.0012244247,0.0010863431,0.001757741,0.0017641224,0.0015997738,0.0012396686,0.0013567992,0.0018739626,0.001574073,0.00069418177,0.0014000125,0.0009387098,0.0018337034,0.0015085749,8.895248e-05,0.0006495975,3.021583e-05,0.0012569875,0.0013346113,0.0011256672,0.00055124983,0.0007893555,-0.00015156344,0.00035222247,0.0015384853,0.0014768578,0.00020568445,0.0010956973,0.0004595481,0.00075264275,0.0005724691,0.0011311509,0.0017239973,0.0011380874,0.0011428781,0.00093737245,0.0012221448,0.0018206686,0.0004652217,0.0005080253,0.0016181059,0.0013186596,0.0011747368,0.0008196831,-0.00018257648,0.0009845458,0.001303345,0.0012569688,0.0019354038,-5.317107e-05,0.0022717565,0.0006313473,0.0005387962,0.0012618601,0.0010854751,0.0012039356,0.0002492331,-0.00030224398,0.0018693507,0.0013900325,0.0010167062,0.0008309446,0.0011157542,0.0012320876,0.0014651716,0.0002594553,0.0019612573,0.0009294972,0.0009999014,0.00031259656,0.0016762689,0.0013013333,0.0015719123,0.0011303052,6.262958e-05,0.00021019205,0.0005697198,0.0020834468,0.0015673414,0.0007196851,0.0018456876,0.0012912787,0.0009877346,0.0012616254,0.0010402016,0.0006728098,0.001467865,0.0012106337,0.0015634149,0.0014241971,0.0019855052,-0.0012128167,0.0009158477,-0.00046420842,0.0024126992,0.0009414442,0.00014799088,0.0006522164,0.00097247213,-0.00043465197,0.0014812127,0.00021940842,0.0005175881,0.0019418262,0.0010059811,-0.0002902858,0.0010746047,0.00027652085,0.0013947487,0.0011672564,0.00063148513,0.0015406124,0.0011129156,-0.0006749369,8.536503e-05,0.0015046373,0.00059405714,0.00066099316,0.00035221502,0.0017661266,0.0005739145,0.00046751276,0.0006699376,0.0011934005,0.00056665763,0.0005616881,-0.00039207935
-0.00067076087,-0.00188208,-0.0012128949,-0.0011186451,-0.00036567077,-0.0002704896,-0.00087129325,-0.0012327172,-0.0011596978,0.0015094131,-0.0004162416,-0.00031737238,-0.0012540817,-0.0011686943,-0.0009363927,-0.001513619,-0.0005354583,-0.0018538721,-0.0002590418,-0.0014111474,4.656613e-07,-0.0004801415,-0.0005033687,-0.0011824854,-0.00068444014,-0.00065333024,-0.0006613657,-0.00094053894,0.00046351925,-0.00022489205,0.00022953376,-0.0014152788,-0.0006507747,-0.0004753694,0.0005831681,-0.0015302636,-0.0010151863,-0.0016448386,-0.00034854934,-0.00089776143,-0.0011669956,-0.00086958334,-0.0020363815,-0.00014093518,-0.0005230345,0.00039450452,-0.0012705363,-0.00077334046,-0.0012110397,-0.00027591735,-0.00080490485,-0.0014242977,-0.00044149533,0.00045116618,-0.000878796,-0.0016805269,-0.0005987361,-0.00013906136,-8.322671e-05,0.00019222498,-0.0015466176,-0.00027784333,-0.0012625419,-0.001526311,5.7958066e-05,-0.002699498,-0.00093391165,0.00023847818,-0.00069444254,-1.3373792e-06,-5.429238e-05,-0.00051184,-0.00032101944,-0.0012081377,-0.0005219281,-0.0004331842,0.00011808798,-0.0008670576,-0.00087658316,-0.0016767271,-0.0003886819,-0.00017532706,0.00037812814,-0.0010811798,-0.0016119778,-0.00066899136,-0.00076875836,-0.00034963712,-0.00067348033,-0.00083225965,-0.0005315952,-0.001915101,-0.0006114319,-0.0008224994,-0.001228366,-0.001055222,0.000832323,-0.0007655397,-0.001333613,0.00018258393,-0.00044591725,-0.0005335696,-0.00017172098,-0.0015509948,-0.0003818646,-0.0007718466,-0.00022127107,-0.0019541308,-0.0003788136,-0.001931984,5.109608e-05,-0.0007020347,0.00025750324,-0.0005775504,-0.0009176992,-0.0019994453,-0.0010098591,-0.0011193752,-0.0013498403,-0.00027781352,-0.001754988,-0.0028025508,0.00018688291,-0.002026841,0.0004975833,-0.0009341873,-0.00039985403,-0.0006387122,-0.00095613673,-0.0013523474,-0.0024331547,0.00055444613,-0.0010179766,-0.00024582073,-0.0010354817,-0.00029493496,-0.0017685369,-0.0013814569,-0.00163389,-0.00053357705,-0.000742726,-0.0007299334,-0.0004981831
-0.0010140538,0.00011545792,0.001747176,0.0011391528,0.0021416582,0.00072390214,0.00051355734,0.0006247014,0.00025195256,0.00090353936,0.00018177181,0.0013914779,0.00051746145,-8.368492e-05,0.00055530295,-0.00025579706,0.0015735738,0.0007121265,0.0009099096,0.0014680289,0.00084900483,0.0012539998,0.00037508458,-0.00033061206,0.00022226945,0.00051809475,0.00083523616,0.0011995994,0.0013898835,0.00029601902,0.0019719452,0.00038481876,-0.0005262494,0.0006517917,0.0021062419,0.00083870813,-0.00059984624,0.00030966476,-0.0007941462,0.0014458597,0.0011132918,0.00066706166,0.0009974055,-0.00025257468,0.0012070276,0.00165857,0.001075346,0.0011058114,0.0007237233,0.0011094101,0.00076591596,0.0009518266,0.0019692741,0.0019303709,-0.00029136986,0.0005678311,-7.541105e-05,-0.00023654848,0.0013298728,0.0018622912,-7.659942e-05,0.0002777204,0.00082663447,0.00035545602,0.00033532456,-0.00012445077,0.00048669055,0.0014790744,0.00026839226,0.0016846135,0.0018016845,0.0007654987,0.0004961118,0.0006880611,0.0010215566,0.0009178966,0.0002441369,0.0004736632,0.000985682,-0.00032553077,0.00187416,0.0016514622,0.0011909567,0.0008605346,1.2628734e-05,0.0005902499,0.0005062558,0.0005799532,0.0013726763,0.00056533143,0.0011719912,0.0003512539,0.00020482764,0.0011140667,0.00011149049,0.00047881156,0.0025214143,0.00031375885,0.00032648072,0.001608301,0.0016620085,0.00076448545,0.00019462034,0.0005348027,0.0009604618,0.00066068023,0.00085968897,0.00020870566,0.00048493966,8.745119e-05,-0.0005062893,0.001176279,0.00051410496,-0.0003031455,0.00034767017,-0.00070366636,0.0012269355,0.0013311058,0.0016713664,0.0006340593,0.0013092086,0.00022513047,0.0009124018,0.0010665432,0.0013019294,0.0022091568,0.001139462,0.001911968,0.00016924366,0.00047041848,3.1340867e-05,0.0009359829,-0.0002988465,0.001112923,-0.00011356175,0.0011887625,-0.00084712356,-0.00034681708,0.00039594248,0.0018792897,0.0011881888,0.0010343939,0.0009996779
0.0018221512,0.0018510856,0.001955621,0.0018818006,0.00083106756,0.0023535565,0.0007197559,0.0014332719,0.0003576018,0.0013044104,0.0017241351,0.0018020198,0.00045497715,0.00044914708,0.002067145,0.0012470745,0.00088970363,-1.5072525e-05,0.0013450943,0.0015178248,0.0015957132,0.0016978942,0.00081795454,0.0023262799,0.000222262,0.001299534,0.0018338524,0.0004159771,0.00082028285,0.00090149045,0.001254335,-0.00027063861,0.0010941289,0.0013329498,0.0013565905,0.0010668896,0.0011136122,0.0010049716,0.0011478551,0.0022742413,0.0016697794,0.0007471889,0.00093666837,0.0008778125,0.001761578,0.0009022914,0.0020228773,0.00019199774,0.000117614865,0.001388777,0.0018792041,0.0013387725,0.0013986677,0.0012210757,0.000781931,0.00061457604,0.0016600229,0.0003877543,0.0011636838,0.0019767024,0.00039170682,0.0007152073,0.0010706894,0.001199279,0.0011749044,0.0003849864,0.0022041686,0.001511503,0.0015772097,0.0022892542,0.001311522,0.0006590821,0.00037258118,0.0023136437,0.0020254664,0.001463417,0.0011162087,0.000649713,0.00084714964,0.00031350926,0.0011163354,0.0018070191,0.002197925,0.001330711,0.001673501,0.0010342188,0.0005701892,0.00075984374,-5.6125224e-05,0.0014483184,0.0006402321,0.0002306439,0.000674434,0.0018525571,0.0010198765,4.5794994e-05,0.0016620122,0.001317285,0.00031319633,0.0014515035,0.0009939857,0.00098617,0.0014277659,0.0005355403,0.0008740239,0.0016774908,0.0013898537,-8.2772225e-05,0.0015888475,0.0012935437,0.0005323328,0.00019655377,0.0005888231,1.7460436e-05,0.0008964054,-0.00019880384,0.00095198676,0.00069691613,0.0020730197,0.0013287961,0.0017184578,4.4248998e-05,0.0015070513,0.0005488582,0.001244437,0.002262883,0.0008197762,0.002549328,0.00065599754,0.0010651685,0.00025488064,0.0008745082,0.00018407777,0.0022346787,0.0015088357,0.0020658374,0.0006465055,0.00080068037,0.00031837448,0.0020423084,0.00092247874,0.0015526153,0.001138825
0.00036060438,0.0019378178,0.00066765025,0.0010497682,0.00039064512,0.00093716756,0.0011635534,0.0018918663,0.00029670075,0.0018825755,0.0020493604,0.00091272965,0.0009914637,8.586794e-06,0.0013523884,0.001073096,0.0011406764,-0.00028693676,0.0013580881,0.0006146543,8.524209e-05,2.8721988e-06,-0.00047051907,0.0009862743,0.0016365759,0.0013739653,0.00014278293,0.000574816,7.8745186e-05,0.0010166764,0.0009540133,0.0008388534,0.0006503016,0.0012363717,0.0012740232,0.00017816946,0.0013305917,0.00044989958,0.00078491494,0.0012026802,-0.00049261376,0.0007939115,0.0008890629,0.0014065094,0.0013868213,0.0017766245,0.0009777062,-0.00029073283,0.0014018007,0.0016277842,0.00025433674,0.0013740845,0.00059541315,0.0008288361,0.0015934147,0.00044230372,-0.00010976568,0.00065075606,0.0012739561,0.00082476065,0.0009860396,0.001779981,-6.3344836e-05,-0.0003535524,0.00076819956,0.0013037063,0.0011464581,0.0013618842,0.0008904226,0.00052077323,0.0015471019,0.0010194704,0.00049869344,0.0005420819,0.0012260862,0.0011660308,0.00139682,0.00076251104,0.0006876141,0.00081854686,0.00022066757,0.0013794936,0.0027189925,0.0010133684,0.0008617006,0.0010354146,-0.00041962042,-6.7513436e-05,0.00069184974,0.00018008426,0.0003045313,-3.002584e-06,-0.00035048276,0.0008569658,0.0005851984,0.00042974576,0.0011569373,0.00039852783,0.00017182902,0.0010344796,0.0011295006,0.00080911815,1.5322119e-05,0.0006473288,0.0012516305,0.0007160045,0.00086195394,0.0009490065,0.001134742,0.0010490455,0.00064374506,-0.00039300695,0.00073359534,-0.00014598668,0.0008765161,0.00029649213,0.0022454783,-0.00013429299,0.002030097,0.00078038126,0.0014279932,-0.001131475,0.0020218045,0.0006996617,0.0011151843,0.00010809675,0.00036983937,0.0012064688,-0.0005364418,0.0009208508,-0.0007490888,0.0011239313,0.0012477823,0.0014165193,0.0013144352,0.0011270158,0.0010135956,-4.602596e-05,-0.00039967895,0.0005912334,0.0011122525,0.0012261458,0.000121451914
0.0004160516,0.0018250905,0.0013621338,0.0011637993,-4.5266002e-05,0.0012401342,-0.000320971,0.0020623468,0.0004049465,0.00052304566,0.0010373183,0.00085501,0.00067583844,0.000537768,0.00046388805,-0.000392586,0.0014633499,0.001118511,0.0016063452,0.00062676147,0.00056935847,-0.00022656098,0.0001953505,0.00057205185,0.0015875697,0.0016646199,-0.00064658,0.00061756745,0.00038466603,0.0014739856,0.0013731048,0.0009802766,0.0012108646,0.00094465166,0.001705844,-0.00010804087,0.001191102,0.00037784502,-0.00040592253,0.00011539832,0.0013126433,-0.00024482608,0.0009703003,0.00092260167,0.0019321144,0.0015942752,0.00041425973,0.0007110648,0.00034631044,0.00050156564,0.00025800243,0.0008093603,-0.0010223985,0.00037463754,0.00072931126,-0.00045407563,-0.0018821433,0.00076749176,4.5839697e-05,0.00019225478,0.0010649525,0.0019380115,-0.0011353679,0.0010965429,0.0018222257,0.00079291686,0.00109284,0.0016636215,0.0010278672,-0.00022785738,0.00090775266,8.53762e-05,0.0019815303,0.0006519258,0.0015269928,0.0017518252,0.0011765659,0.0016297102,0.0006604418,0.0011426471,0.0009073019,0.00042908266,0.00083256885,0.001668673,0.00077451393,-0.00012976676,0.0007580444,-0.0007967651,0.0026618987,0.0012444593,0.00028243288,0.0007773638,-0.000589557,0.00090558454,0.00082166865,9.419024e-05,0.00040561706,0.00018053874,0.0009104572,0.00036704168,0.0010571368,8.98093e-05,0.00012829527,0.0010740608,0.00066757575,0.0010506064,0.0016109794,0.0016264245,-0.00096513703,0.00081584975,0.0010070615,-0.00078300387,-0.0005863793,0.0007192716,0.0011914298,0.0016527101,0.00070136413,0.00020322949,0.00048999116,-0.0008177534,0.00085930154,-0.00023801252,0.0017889217,0.0012282245,0.0010664947,4.272908e-05,-0.0007865131,0.00040443987,0.00054673105,-0.00035126507,8.918345e-06,0.001267001,-0.00015522912,0.0010628812,0.0016352981,0.0003709942,0.0011054352,0.00013823435,0.00016815588,0.00033077225,0.0017853342,0.0009513423,0.00038845465
2.1196902e-06,-0.00031785294,0.000293836,0.0006245449,-0.0003352128,0.0010004826,0.00020834059,0.0008250028,-0.00031553954,0.0015043616,-0.00015704706,-0.00032508746,0.0012131669,0.0010496005,0.0005010031,0.00029446185,0.0013404228,-0.00064515695,0.001297269,8.0130994e-05,0.00061095133,-0.00019331649,-0.00037159026,0.0012664087,0.00015280396,-0.002009876,2.3432076e-05,0.00065808,0.0009106435,2.6088208e-05,8.776039e-05,-0.0002370812,0.0003869906,0.00023962557,0.0011256933,-0.00035316497,0.0012256838,0.00014350936,0.0006980337,0.00028028712,3.228709e-05,0.0005723797,-0.00016784668,0.0009783022,0.00058446825,0.0011896677,0.00037664175,0.0006999634,0.0001995787,0.00025046617,0.00084380433,0.00040023774,-0.0006957017,0.00032767653,0.00019725785,-0.00035418198,-7.4047595e-05,-0.00072714314,0.0008060038,0.0005394183,0.00031026453,0.0012404546,-0.00086373836,-0.0004202202,0.00069843605,-0.0006248392,0.00020552054,0.00031889975,-0.00015361607,0.00019545108,0.0005773939,-0.0004239194,0.00012174249,0.0008391328,0.00032670423,0.00012463704,0.0005923733,-3.4339726e-05,0.00025146827,-0.0011097677,-8.389354e-06,8.6560845e-05,-9.4432384e-05,7.8864396e-05,-8.8095665e-05,0.00030612573,0.00026414916,0.00038061664,0.00031164289,0.0007456988,0.00016953424,-0.00022726506,-0.00091934577,0.0007712133,0.0007522404,7.0851296e-05,0.00085638836,-0.0001350604,-0.0004026927,0.0014076866,0.0003963746,0.00028495863,-0.00068441033,-0.00029057637,-0.0008079745,-9.695068e-05,0.0012482703,0.0009009205,0.0005576946,0.00078222156,0.00017270073,-0.0011241212,0.00010300055,0.00020325556,0.0010205954,-0.0004883148,-0.0005289763,-0.00016926974,4.8283488e-05,-0.00022499636,0.00077627227,-0.00018150732,-0.00036586076,-0.0003788434,0.00071393326,-0.00011333823,0.00030886754,0.0007425025,0.0002582334,0.00060981885,0.00027954206,0.0009382628,-0.0008771904,0.0007841177,0.0005202219,0.00064662844,0.00019693747,0.00057187304,-0.00050662085,-0.00065535307,0.00018420443,0.00079544634,-0.00037332252
0.00030845776,0.0008620508,0.001148086,0.0012133829,0.0006206073,0.0006695874,0.0010882616,0.0002770871,-0.00029411167,0.0020260736,-1.3627112e-05,0.0003534332,0.0017730072,0.0010498203,0.0015704446,0.002180621,0.001138296,0.0009566918,0.0020476095,0.00088346377,0.0011078157,0.0002565123,0.0003594309,0.0008168109,-1.4826655e-05,-0.00044517592,0.00073571503,0.0010647662,0.0007872544,0.0013199709,0.0010243393,0.00050558895,0.0004630722,0.0006938018,0.0005152114,0.00090649724,0.0016351119,0.00075824186,0.000444334,0.0012896322,0.00034747645,0.0015970767,9.97819e-05,0.0007265173,0.0013675876,0.002140075,0.0009802394,0.0004937835,0.000541158,0.00072913244,0.00073859096,0.001369074,5.4944307e-05,0.0010416135,0.0017996691,0.0005287193,0.0008805245,7.518381e-05,9.824708e-05,0.0010246783,0.0014040507,0.0016157068,-0.0005750917,-1.128763e-06,0.0007969737,0.00056233257,0.0011353455,0.0016372912,0.000500001,0.0012034252,0.00081474707,0.00067107007,0.00083119795,0.0014837161,-0.00016313046,0.00069409236,0.0011320189,0.000857424,3.7536025e-05,0.0010083504,0.0013001263,0.0002207756,0.001245264,0.0009878464,-0.00067171827,0.00012852252,-0.00035362318,0.0012627132,-0.0006499775,0.00093500316,0.00096459314,-0.0011626892,-0.00021621212,0.0008330904,0.00013122335,0.001091592,0.0009335615,0.00030105188,0.0007119477,0.0011367612,0.0008997768,-4.2255968e-05,-0.00034554303,0.00090744346,-1.1947006e-05,0.0010421388,0.0011647157,-0.0001187101,7.7322125e-05,0.0001892522,0.00062156096,2.7816743e-05,0.0006331578,-0.00015484542,0.0014750622,0.0005778894,0.00016926229,0.0017191581,0.0009916909,0.0006865859,0.001400847,0.0010784566,0.00067071244,0.0012929104,0.0004508458,0.0010530166,0.0013583638,0.0020874217,0.0010578185,0.00074543804,0.00036445633,0.00090623274,5.145371e-05,0.0012764074,-0.00034741312,-0.00036880746,0.0015376806,0.0004951842,0.00024548918,-0.00033691153,0.00016186014,0.0006389804,-0.00020911545
0.0019772649,0.0015456937,0.0014259405,0.0013980307,0.00098579,0.002256997,0.001262445,0.0011223853,5.6479126e-05,0.0022899322,0.00024893507,0.0015059337,0.0018016808,0.0020884909,0.002002634,0.0020346008,0.0015419684,0.0019568615,0.0012264103,0.0011149123,0.0011433549,-5.3498894e-05,0.00087780505,0.00048162416,0.0002123043,0.0018945746,0.0009675361,0.0009229444,0.0007760115,0.0016151294,0.0014090091,-0.0001917854,0.0009774156,0.00092938915,0.0015701838,0.0010563433,0.0015087985,0.00066539645,0.0010054223,0.0017566383,0.00079703704,0.0009671636,0.001638677,0.0019086897,0.0015131384,0.0006429069,0.0009332225,0.0011954494,0.00095304847,0.0017990544,0.0013017431,0.0006685704,0.001138851,0.0016957335,0.0017273761,0.0013119541,0.00063011795,0.0017020144,0.0003728047,0.00083940476,0.0016562268,0.0024059005,-0.00023974106,0.0015482008,0.0022816435,0.0009516254,0.0017993264,0.0018626973,0.001365833,0.0020977743,0.0008136071,0.001191482,0.0012003779,0.0030875504,0.0017491095,0.000926733,0.001266595,-0.00031619892,4.7385693e-05,0.0011429042,0.0015654899,0.00016822293,0.0015260838,0.0006394945,0.00011823326,0.0011989437,0.0008473322,0.001023177,0.00065645203,0.002413664,0.0005022995,0.0012399554,0.0024620704,0.00073119253,3.1318516e-05,0.0010967478,0.0013031997,0.0012502484,0.0010084473,0.0013813116,-1.290068e-05,0.00081318244,-9.857863e-05,-1.0371208e-05,0.0014415719,0.0019798316,0.0009444915,0.00013627857,0.0007735528,0.00042504072,0.0018874928,0.0008741878,0.0014204867,0.0018173791,0.0024462752,0.0013739169,0.0006352924,0.0015013553,0.0013492964,-0.00034034997,0.0013664588,0.00031462684,0.0012847409,0.00032440573,0.0025290288,0.001357127,0.0011934452,0.0018608458,0.00067173317,0.0005818568,0.00060638785,0.0013452843,0.00068095326,0.0023575164,0.0008921698,0.0014625005,0.00059089065,0.00055278465,0.00075626746,0.0012787841,0.0011235885,0.0007592775,0.0012040958
0.00037399307,0.0007627569,0.0017914176,0.0013126172,0.0015749298,0.0013652705,0.0005197339,0.0015934594,0.0012372471,0.002026692,0.0017474703,0.0009841956,0.0015840344,0.0017057173,0.0017508715,0.0018939041,0.0020516478,0.000991065,0.00089257583,0.0024966784,0.0013387017,0.001611732,0.0026526488,0.0013482235,0.0015835613,0.0015152358,0.000936117,0.0016715638,0.001997564,0.0012956597,0.0016901195,0.00061239675,0.001286339,0.00055723265,0.0017360076,0.0012006983,0.0012449026,0.0019078031,0.0013030581,0.0013711639,0.00016659871,-0.00014664233,0.0017491132,0.00200421,0.0020750165,0.0013438724,0.00033120438,0.0021108612,0.0017447583,0.001654543,0.0006518401,0.0017864704,0.00094242394,0.0011268146,0.0022060014,0.001165513,0.0016170479,0.0011002794,0.00059818476,0.0011177473,0.0026012845,0.0025926717,0.00022773445,0.0028028265,0.0019354522,0.002251301,0.0011247993,0.002309762,0.0019145571,0.0012735426,0.0007855594,0.0015505813,0.0011682734,0.0018224791,0.0013174191,0.001333274,0.0016759746,0.0014192611,0.0018137954,0.0017499961,0.0018406026,0.0012541115,0.0015785322,0.0010977313,0.00089642406,0.0020241998,0.0014569387,0.0012368225,0.002262082,0.002702456,0.0003090985,0.00152741,0.0012592673,0.0019201897,0.0018977299,0.001628466,0.0013741143,0.0010676049,0.00042977184,0.00097537786,0.00063719973,0.0012961291,0.00030044094,0.0012079664,0.002321098,0.0016373023,0.0011193268,0.001847487,0.0014290847,0.001076743,0.0012720823,0.001486212,0.0014562607,0.0009250827,0.0027766004,0.0012189783,0.001158122,0.001966387,0.001798097,-0.0003758408,0.0014110729,0.00074750185,0.0020024255,0.0008661188,0.0017565973,0.0019019283,0.001864899,0.0017809421,0.000834886,0.001492504,0.0012429059,0.0016986616,0.0003547445,0.0010969676,0.0011528842,0.0018429048,0.00072257966,0.001371298,0.002619926,0.0014226399,0.001496017,0.0013456941,0.0008294508
0.00043828785,0.00084536895,0.0023143329,0.0010814294,0.0011126138,0.0011572428,0.0011756606,0.0019407682,0.000393603,0.00085490197,0.00037385523,0.0017332248,0.0008572787,0.0003059581,0.0012459159,0.0016426332,0.0011818595,0.0010541044,0.001595065,0.0018471368,0.0010975003,0.0020134635,0.0004047677,0.0017748177,2.7861446e-05,0.0012018383,0.00022348017,3.0182302e-05,0.0010229945,0.0012619123,0.0011393018,0.00032272935,0.00093021244,0.0005014725,0.0008903928,0.0010326616,0.0011498928,0.0011933558,0.0007441491,0.0010117143,0.00028733164,0.00049734116,0.0023702756,0.001278229,0.0013907775,0.0011097752,0.0008104481,0.0011954568,0.0007296838,-0.0003446564,-0.00044426322,0.00165141,0.00077265874,0.00064372644,0.0009697266,4.9240887e-05,5.181879e-06,0.00076008216,-0.00068449974,0.0013536885,0.0023225248,0.0015026145,-0.00013490394,0.0010444559,0.0017158538,0.0018323846,0.0007175468,0.0031008944,0.0017998628,0.00064989924,0.00111169,0.0019549355,0.0014062636,0.0013528094,0.0012056455,0.0015595779,0.0004692115,0.0011338256,0.00024707243,0.0012765937,0.0005371347,0.0008159019,0.0020435713,0.0011228472,0.0005465895,0.0006408505,0.0014822707,0.001627747,0.0011202917,0.0010183863,0.002269309,0.0014292337,7.084012e-05,0.0008567199,0.0016837828,0.0015748069,0.0021735542,0.001453802,0.0011508055,-0.00022634119,0.00034485385,0.001800362,0.0007382594,0.00058903545,0.0010017045,0.0016432144,0.0012633055,0.0011797287,0.00023660436,0.00054138526,0.0012192689,0.00076330826,0.0005316362,0.00042310357,0.002463065,0.0009494275,0.00057110563,0.0010299571,0.0011389367,0.00035405904,0.0012871437,0.0013225712,0.00088191405,0.00068494305,0.0004985742,0.0011858568,0.00010091439,0.0016927235,0.00022001565,0.0015124455,0.0011506677,0.0014378689,0.0009939857,0.0011487566,-8.605793e-05,0.0019696988,0.0014157034,0.0017154142,0.0025572963,0.00094270334,0.0008873567,0.0011451542,0.0008597858
0.0008288063,0.0017101243,0.0020909645,0.0011645518,0.0006323531,0.002007395,0.0018829852,0.0022252016,-0.00046796352,0.0010876432,0.0013929494,0.0008518398,0.0013063326,0.0017921664,0.0018110275,0.0024510063,0.0015552938,3.5788864e-05,0.00091246143,0.0017343685,0.00095730275,0.0015944056,0.00015840307,0.0011353083,0.00038287044,0.00086889416,0.00080895796,0.00047031417,0.0004168749,0.00055309385,0.0006154962,-6.374717e-05,0.0017050467,0.00089769065,0.0019460507,0.00041920692,0.0024680234,0.0016207993,0.0015239418,0.0005944185,0.00052149966,0.0020781718,0.0027412735,0.0017711744,0.00033608451,0.0010411851,0.0012181476,0.00053346157,0.00052437186,0.00062072277,0.0006567426,0.0006305538,0.0017746463,0.00187549,0.0013348274,0.0010017715,0.0015085004,0.000620611,0.0003699623,0.0009896457,0.002698645,0.002415128,0.00086252764,0.0002597645,0.0012843609,0.0017451234,0.0015752576,0.001421243,0.0012920462,0.0016319714,0.00050779805,0.001065921,0.0016774088,0.0018010847,0.0017457008,0.00158621,0.0014860183,2.2467226e-05,0.00040388107,0.00094882026,0.00031315535,0.000647936,0.0016191639,0.00055104494,0.0007413514,0.002107121,0.0029778592,0.0014659837,0.0018968545,0.000997033,0.0020691156,0.00067389384,-0.00014273077,-0.00031482056,0.0019403212,0.0014720559,0.0019799992,0.0018388145,0.00047189742,0.0011192001,-4.9289316e-05,0.0021020025,0.0013417639,0.0007059686,0.00079378486,0.00044773892,0.0018988438,0.0011622608,0.001118701,0.0012764335,0.001057867,0.0013101809,0.0008436367,0.0009314902,0.0019237325,-0.00016835704,0.0010149591,0.0014429577,0.00075987354,0.0011642501,0.001776658,0.00038186833,0.00077077374,-0.00047047064,0.0017319396,0.0016234554,0.00086970255,0.002949454,0.00033432618,0.00078485906,0.00092040375,0.0013389327,0.0010243617,0.0026217848,0.00027217716,0.001594957,0.00069768727,0.0014828444,0.001805637,0.00067987666,-1.9971281e-05,0.0025524013,0.0007188171
0.0009189993,0.0016030818,0.0013027675,0.0007448867,0.0013836287,0.0015370138,0.00011712685,0.001520399,0.0002483651,0.00089098886,0.0011046268,0.00082661584,0.0011354089,0.0011491291,0.001610402,0.0013208799,0.0016071424,0.000867147,0.0015867539,0.001988098,-3.8430095e-05,0.00048539788,-5.727634e-05,8.642301e-05,-1.4819205e-05,0.000762783,0.0009734668,0.0008745603,0.00044592842,0.0009844117,0.001157213,0.0010798238,0.0012309365,0.0005765036,0.0020763688,0.0011779591,0.0011105686,0.0015958622,0.0020841584,-0.00042859837,-0.00028738007,0.0010348,0.00117217,0.0024462827,0.0010875426,0.0016637631,0.00138456,-0.0008580722,-0.0006958768,0.0012894757,0.0006879233,0.00084227696,0.0017192587,0.0014811382,0.001805447,0.00044717267,0.00093084574,0.00061737373,0.00042257458,-0.00018338114,0.001624234,0.002555672,0.0006680675,0.00056471303,0.0013164803,0.0014808029,0.001241371,0.0019635223,0.0013575815,0.0008182302,0.0012552775,0.0011500269,0.0006755255,0.0007670596,0.0007219799,0.0012097955,0.0011485331,0.0018573627,0.0012458228,0.0014451258,0.0006934516,0.0007642396,0.001233831,0.00062979385,0.0014031082,0.0011023879,0.0002558902,0.00043734536,0.0015570298,0.0009249933,0.0016656034,0.00076293945,-9.862706e-05,0.0005333014,0.0017270036,0.0019790195,0.000979837,0.00087764487,0.0009954423,0.0022891387,0.00079378486,0.0014150217,0.00084304437,0.0012231357,0.0019161776,0.001071535,0.0010281168,0.0012552813,0.00037335232,-0.0002868995,0.00021670386,0.00092322007,0.001856707,0.00037571043,0.0015288927,0.00046830997,0.0017545931,0.00069325045,0.001480557,0.000752382,0.00074613094,-0.00013616681,0.0018345863,0.00052955374,0.0014914423,0.0015135407,0.00017992035,0.0009130128,-7.8167766e-05,0.0013161972,0.0005914867,0.0006891452,0.0013939776,0.0005912259,0.0004817024,0.00012054667,0.0010399893,0.00041772425,0.0017733499,0.0015306324,0.00089907646,0.0014231838,0.0016011447
-0.000862889,0.0008935407,0.0010163747,-1.6823411e-05,0.0015106574,0.0009709969,0.0006077662,0.0016140155,-0.00021671876,-0.00010019541,8.485466e-05,0.00015912578,0.00037032366,0.0014308468,0.0013376214,0.0016118176,0.0021119937,0.0006494038,0.000529632,0.0014977083,-1.73226e-05,0.00069297105,-0.00035233423,-0.0001556836,1.3254583e-05,-9.8053366e-05,0.00092384964,0.0007201955,0.00037204102,-7.105991e-05,0.00038355216,-0.0004360117,-0.0004566945,0.0006504543,0.0008774474,0.002295766,0.00022228807,0.0013448372,0.0022921339,-0.00056384504,0.000518322,0.00025344267,0.0011734404,0.0019642673,0.0003171824,-0.00016828999,0.0010791942,-0.00044261664,3.1974167e-05,0.0018180162,0.0008069724,0.0006579235,0.00018354505,-0.00020764396,0.0010066144,0.00046676025,0.0009102449,0.00044233724,0.0005631782,0.00021737441,0.0008022636,0.0010882542,0.00041900575,0.0009068623,0.0014167614,0.00042326376,0.00056853145,0.0017576441,6.8541616e-05,0.00083299354,0.0011518598,0.00097543746,-0.00010463223,0.00068064407,0.00034819916,0.00040067732,-7.4483454e-05,-0.0005509816,0.0007522553,-0.0006614737,-0.000115353614,0.0009020604,0.00026424602,-0.0010967627,0.0007882267,0.0012525767,0.00038812682,0.00034870952,0.00067869574,0.00061430037,0.0010836087,0.0010305308,0.0004892163,0.0003712289,0.0015430711,0.0004748553,0.0012685321,0.0007443316,0.0014363863,0.000658866,-0.0001180619,0.0011288337,0.001177568,0.0002681911,0.0015902705,0.0009650253,-0.0006501898,0.0005454533,-5.7268888e-05,0.00026070327,-0.00022852421,0.0005982667,0.0024870671,0.00076949224,0.0012290142,1.7877668e-05,0.0010001287,0.00037098676,-0.00017068908,-0.0003960319,0.0008863136,0.00083900243,0.00070266053,0.0013506487,0.001129806,0.0015687682,-9.145215e-05,0.00050613657,-0.00025226548,0.0005416386,0.0012645237,0.001269076,0.0005545467,0.0009135604,0.0005265251,0.0013644584,0.001923088,0.00018930063,0.0014983043,0.0012028404,0.0011368431,0.0009094626,0.00057322904
-0.0004149899,-0.00028036535,-0.00053272396,-0.0009237081,0.0009619929,0.00049495697,0.0012643784,0.0003190264,-0.00021924078,-0.0007176697,0.00051822886,-0.0014173761,-0.00015212968,0.0001905784,-0.00012196973,0.0016026348,0.0014114827,-0.0013801381,-7.5638294e-05,0.0011380799,0.0004044026,0.0014125071,0.00047295168,-6.243959e-05,0.000791762,-0.00010148436,0.00092193484,0.00063328445,0.0014942512,-9.771436e-06,0.0007286109,0.0001703687,8.40053e-06,-0.00026226044,0.0014076345,0.0010775663,0.00023687258,0.0014215633,0.0023506172,-0.00066373125,-0.00020177662,0.0005686991,0.00045516342,0.0025252588,0.0003222637,0.00060226023,0.0008276962,0.00046114996,-0.00017046183,0.0014865436,0.00045345724,0.00011153519,2.161786e-05,0.0002571009,0.00031966344,0.0006159879,0.0014898889,0.0008724816,0.000994835,0.00060557574,0.0018884763,0.0007600896,0.0010153167,-8.074567e-05,0.00023902208,-0.00017087534,0.00042390823,0.0006443709,-0.00043722615,0.00068933144,0.0006024726,0.0013260245,0.00048669428,-0.00024450198,0.0012181364,0.0009630956,0.0007931255,0.0012306161,0.00047555193,-0.00061772764,0.000282038,-5.150214e-05,0.0011099353,-0.00052887946,0.000577271,0.0015414283,0.000118516386,0.00019374117,0.00077085197,-0.00036413595,0.00070950016,-0.00064212084,0.0004966147,0.0026481636,0.0015598983,0.00018753856,0.0009508021,0.00026977807,0.00021874532,0.0006006956,-0.0008812584,0.0003787279,0.0015364811,0.0009860732,-0.0008391179,-0.00055736676,0.00031396374,-0.00085160136,0.0010566413,0.0008679293,-0.0005441569,0.001772549,0.0013536625,-0.00032953173,0.00046074763,-0.000792291,0.0010920353,0.0005285032,0.00063475966,0.00016269088,9.9889934e-05,-0.00013366342,0.0013997443,0.0019947812,0.00041239336,0.0014075413,0.0008997321,9.5404685e-05,0.0012907758,-0.00010466948,-0.00011102483,0.0011062622,3.748387e-05,0.0002944544,0.0008003861,0.0006109588,0.0010970421,0.00044472888,0.0018275492,-0.00057414174,0.00021045655,0.00064767525,-0.00026168302
0.0033382736,0.0022202358,0.002566602,0.001481805,0.0026815496,0.004318591,0.002952557,0.0018945038,0.0014324002,0.0021482706,0.00096412376,0.0023008548,0.0013355836,0.0030290075,0.002376262,0.0032722652,0.0035623237,0.0017214641,0.0030294694,0.0036993213,0.0016930811,0.0028089248,0.0012053363,0.0007375218,0.0020459667,0.0031340644,0.003317207,0.0029665455,0.0035976544,0.0019620322,0.0032973029,0.0023528002,0.0030542277,0.0013779365,0.0025838576,0.0037315153,0.0026007183,0.0026008748,0.0035074875,0.0023769885,0.0022057928,0.0024617575,0.0025305972,0.0040520616,0.0021277592,0.0023316927,0.002477236,0.0019329265,0.0024561472,0.0026539788,0.0031092092,0.0030594096,0.0036617704,0.00275217,0.0022583455,0.0032855868,0.0023135915,0.0023383796,0.002215758,0.0028210394,0.0031973012,0.001986783,0.0031729415,0.001200337,0.0022303164,0.001976613,0.0027315393,0.0041383468,0.0026631393,0.003077194,0.0033079833,0.0030457266,0.0021161549,0.0014459714,0.002141565,0.0025436878,0.0021886192,0.0018336512,0.0022656806,0.002527658,0.0026842244,0.0028687418,0.0043389797,0.00084366277,0.0026716404,0.00208145,0.003094364,0.0023340173,0.0028669909,0.0014457293,0.004327588,0.0019486845,0.0029904917,0.0017649904,0.0023651682,0.0035255402,0.0027236417,0.0027420558,0.0018071495,0.003739342,0.0026936047,0.0033524632,0.0031627938,0.0022886656,0.00036329404,0.002253864,0.002028484,0.001864031,0.0024964325,0.0017858595,0.0018541068,0.003744632,0.0024010055,0.0016485527,0.002359476,0.002069924,0.002492033,0.0027853362,0.0027040057,0.0026571006,0.0016497485,0.0022785738,0.0040363073,0.0025636628,0.0028347634,0.0026768073,0.002511885,0.0021513477,0.0025525056,0.0031831302,0.0019260347,0.00238863,0.0035374723,0.0023151822,0.00231231,0.0023217425,0.003668882,0.0030253567,0.0032258742,0.0015679374,0.0018172264,0.00035931543,0.0024089813
-8.476153e-05,0.00042969733,0.00075761974,-6.4816326e-05,0.0011645742,0.0025102384,0.000870917,-0.00044475868,0.00086893514,0.00050136074,-1.1108816e-05,0.0008299202,0.00016061217,0.0013186224,0.0018799417,0.001120586,0.0020169988,0.0006338209,-0.00034023076,0.0020048805,0.0006976016,0.00190394,-0.00017003343,-0.00048240647,0.00014805421,0.0012812577,0.0022784583,0.0018503927,0.0007663891,-0.00038266554,0.001708895,0.0001706779,0.0013447963,-8.1926584e-05,0.0011736676,0.0019077323,0.00093021244,0.0008181073,0.0018953457,0.0011824295,1.790002e-05,0.0013633743,-0.0005999319,0.0011880025,0.00045662373,7.267669e-05,0.0012870431,0.0006948635,0.00052538887,0.000806842,0.0013760291,0.0013872795,0.0018933564,0.0010950491,0.00091540813,0.00196407,0.0014022589,0.00092825294,0.0011571236,0.0013361648,0.0012582392,0.0008290112,0.00013555586,0.0012200437,0.00020349398,-0.0010132454,0.001006566,0.0013825744,0.0008448437,0.0011175387,0.0023601241,0.00078113005,0.0004599057,0.000673119,0.00088714436,0.0011828877,0.00090203434,0.00016444549,0.0003709644,-0.0003062673,0.0011230856,0.0012625605,0.0016130321,-0.0004928969,0.0012323223,0.0012513697,0.0013742782,0.0016818382,0.00073720515,0.000912711,0.0012887754,0.00021240115,0.0013807341,0.00077785924,-6.0111284e-05,0.001640927,0.0011065938,0.00049854815,0.00051886216,0.0021369942,0.00044880062,0.0013784505,0.0016897842,0.00045172125,-5.0302595e-05,0.00043759122,-0.0001899004,0.0009772554,0.0018012449,0.002306901,0.00063769147,0.0019000694,0.0018747821,0.00093604997,0.0003820695,0.0015495643,0.0009882823,0.0013632178,0.0001806356,0.0005302839,0.0010975972,0.0004257299,0.0008675456,0.0013379119,0.0019219443,0.001742769,0.00071696565,0.00035969168,0.0010862648,0.0003450513,0.00025962666,0.0003790632,0.002075296,0.00078719854,0.0017474033,0.0013618805,0.00046053156,0.0011101253,0.0024997517,0.0014604963,-2.9534101e-05,-0.00026127324,0.00097196177
-0.0015640408,0.0004100129,-0.0019325949,-0.00018178672,-0.00041640922,0.00022148713,-0.00022952259,-0.000223957,-1.3366342e-05,0.00043560192,-0.00079658255,0.0006612949,-0.0007625185,-0.00015142187,-2.5577843e-05,0.00015350804,0.0007436499,-0.00024345517,-0.00023736432,0.0010899045,0.00027891248,0.0009620935,0.00020440668,0.0005592108,-0.0008470714,0.00055671856,0.0011185296,0.00072066113,0.00083912537,-0.00020046905,0.0021142028,0.0005220622,0.00045862794,-0.00013203919,0.00031923875,0.0011238754,-0.0013113581,0.0012352169,0.00088972226,6.9089234e-05,-0.0010224022,0.00023467839,-0.0014145523,0.0010874346,0.00065007806,0.0006936826,0.0015057251,-0.00048087165,0.00015500188,0.0001972951,0.00128204,0.0008904189,0.0018515326,-0.00081938505,0.00075610727,0.00017842278,0.0011416338,0.0006705187,0.00055770203,0.00022782758,0.0004399158,0.00063525885,0.00011295825,0.0005979426,-0.00049269944,-0.0015481301,-0.0004055649,0.0016617067,7.312745e-06,-0.0005627237,0.0008418448,0.00042441487,-6.22645e-05,-0.0004777573,0.0001048632,0.0004828535,0.00035307556,0.00037846342,0.00080998614,-0.0011813119,-0.00011983886,0.0011928082,0.0006706752,0.0005870946,0.00033572316,-0.0002446398,-0.0005525984,-0.00079353154,0.0006784722,-0.0005967766,0.00074764714,-6.029755e-05,0.00022566319,0.0015845709,0.0015989989,0.00036259368,0.0008184202,0.00034191087,-0.00010665879,0.00022566691,-0.0010143295,-0.00024298951,0.00033684075,-0.0002906993,-0.0014103353,0.0007337965,-0.0005686246,0.00042987615,0.001066111,-4.014373e-05,-0.00014577433,0.001028873,0.0009944215,-0.00076169893,0.00012633577,-0.00028143823,0.0012691133,-0.0005235672,0.0014671385,-0.00035317615,0.00085656345,0.00026102364,0.00058950856,0.0010501109,8.4884465e-05,0.0008071959,0.001236219,-0.0008519739,0.00049741566,0.00049318746,-0.00024124607,0.00045290217,0.00030792877,-0.0002523437,0.00091859326,0.0017651506,-0.0002233237,-0.0007766187,0.00026785582,0.00054602325,0.00059806183,-6.0655177e-05,0.00061054155
0.0006642379,0.0021749102,-0.00017915294,-0.0004593879,0.0010911152,0.0012819245,-0.00017222762,0.0014223307,0.0010485016,0.0006909035,-0.00012904778,0.0017568655,-0.00046420097,0.00025828183,0.0013711527,0.0008181147,0.0012786761,0.0006695613,0.00035151094,0.00150837,0.00071179494,0.0003692247,-0.00040167943,0.00015586987,0.0010795332,0.0010264255,0.0013142712,0.0015021786,0.0012061112,-5.6296587e-05,0.0020286776,0.0012049638,0.00051001087,0.0014281422,-0.00018373132,0.0012231059,-0.000736773,0.0009856038,0.00033758208,-0.00041131303,0.0009847917,0.0008206926,-0.0011515766,0.00080456585,0.0006759502,-5.2239746e-05,0.0019444786,-0.0012545995,0.0011342168,0.00069616735,0.002334632,0.00068295375,0.0011907704,8.7320805e-05,0.0013875738,0.0001742728,-0.0005152561,0.00038969144,0.0009136908,0.00010750815,0.0018161796,0.0010741688,0.0006405115,0.0011450164,0.0012033619,-0.0003682971,8.119643e-05,0.0011500306,0.0015424751,-0.00026350468,0.0014985949,0.0013562851,0.0014790446,-0.00012772903,0.0012064874,0.0018175989,0.00038832426,0.00023364276,0.001114577,0.0008754954,0.00060525537,0.0005460307,0.002068229,0.00040343404,0.000929717,-0.0004476942,-7.791445e-05,-0.00016434863,-0.00015265495,0.00051613525,0.0015879907,0.0012173988,0.0015443414,3.7252903e-09,0.0015169606,0.0003222637,0.001773838,0.0011026375,0.0015657097,-0.000115092844,-0.00021927059,0.0013411418,0.00094595924,0.0014253594,-0.0004578419,0.0003833957,0.00052545965,0.0006353222,0.0012091212,0.0011248253,-0.00021282211,0.0012182593,0.0008285679,0.0006779842,0.0006735325,0.00082941726,0.0011224225,0.00153739,0.0020865314,0.0006784871,0.0010048784,7.823855e-05,0.0011944138,0.0015192218,0.0015261658,0.00084525347,0.0019953027,-0.0002336204,0.00074748695,0.00045662746,-1.1648983e-05,0.00053096935,0.0007062033,0.0012128167,0.0008252114,0.0017081238,0.0013983995,0.0007565953,0.00076078996,0.00057963654,0.001278583,0.0011623874,-0.0003772974
0.0006137006,0.002405949,0.0008502789,0.00034527108,0.0016235448,0.0012923703,0.0006704144,0.0018972903,0.0019881874,-0.00016598776,0.0012301803,0.00087123364,0.00028874353,0.0008118041,0.0011728555,0.0010911934,0.0018400662,0.0016546287,0.0012169182,0.0023114383,0.0017345548,0.0017302074,-0.00019926578,0.000580471,0.0015831701,0.001460176,0.0018840767,0.0018960834,0.0011246651,0.0010995269,0.0018917434,0.0016580559,0.0005480498,0.0002930872,0.0010148883,0.0008569136,0.0010151602,0.0014669597,0.0012022518,-0.0004228726,0.0015949011,0.000377737,0.00065273046,0.002514828,0.00073890015,0.0016952902,0.0018270463,0.0010028481,0.0024327114,0.00024081394,0.0020386428,0.0013107583,0.00060248375,0.0006225817,0.0009851828,0.001406867,0.00017388165,0.0024250038,0.0014035702,0.0009590164,0.0014042854,0.0015648976,0.00073123723,0.0005133748,0.0022133552,0.0008417368,0.00018077344,0.00079260767,0.00040373206,0.0007135309,0.001719065,0.0025659911,0.0013850555,0.000502415,0.001511801,0.0027953573,0.0012796707,0.0017838851,0.0012579039,0.001267001,0.0005220473,0.00053912774,0.0016947947,0.0015061349,0.0020532198,0.00048014894,0.0014069527,0.0025477298,0.0017326362,0.0012226142,0.0020672828,0.0013684258,0.0026118867,0.0013764426,0.0015868582,0.0006173216,0.0018825904,0.0014665052,0.000120226294,0.001295533,0.0013504885,0.001170788,0.0016769506,0.0016276948,1.0024756e-05,0.0008028634,0.0018571019,0.0024458766,0.0022557676,0.0011136457,0.0012857132,0.0012921803,0.001120016,0.001598645,0.00042109564,0.0017232597,0.003052216,0.0015301332,0.0015490726,0.00093981996,0.0009764768,0.00038961694,0.0015475675,0.0012101419,0.0023482107,0.0004530996,0.0006256923,-0.00046059117,0.0016668551,0.0008154772,0.000550814,0.0010809265,0.0013651438,0.001496546,0.0026938021,0.0009484589,0.001498133,0.0023082644,0.001137849,0.0012063235,0.00220903,0.0014538057,0.0010318868
0.0019706301,0.0021123476,0.0017334521,0.0011675879,0.0026000366,0.0032065958,0.0018115081,0.001600489,0.0018358976,0.002075564,0.00024223328,0.0021856911,0.0012966841,0.0031788014,0.0027160607,0.002687566,0.0022033043,0.0038102195,0.0031998232,0.0029057935,0.0025221445,0.0011177734,0.0023844838,0.0014567487,0.0025953688,0.00100201,0.0038172677,0.0026131496,0.0031450875,0.0029595196,0.003549505,0.0017520264,0.0022564307,0.0023092553,0.0016692355,0.0020491332,0.0015377365,0.0020889342,0.0025918558,0.002518952,0.0031736456,0.00165442,0.0008642599,0.0033379234,0.0017129965,0.0024196021,0.001870852,0.00081691146,0.0023771785,0.0017210878,0.003130801,0.0021552816,0.0018964596,0.0019489564,0.0027015023,0.0025469363,0.0022147372,0.0032192916,0.0021541454,0.0023333877,0.0016127937,0.0030738711,0.002067998,0.001404535,0.0032540709,-0.00016169623,0.0011913218,0.0024553277,0.0027434118,0.0015998632,0.0028333887,0.0024791807,0.0018678084,0.0028212182,0.0021541305,0.0018793717,0.0032348745,0.0016060546,0.0030302592,0.002397772,0.0017458722,0.002541177,0.0011392497,0.002741497,0.0023197755,0.0010342114,0.0019597188,0.002031818,0.0012302548,0.0023923926,0.0038080178,0.002582837,0.0033116117,0.0019192249,0.0023421086,0.0023893118,0.0031649582,0.0027361512,0.0021983571,0.0023926944,0.002608493,0.0026135482,0.002013743,0.001654502,0.0005970076,0.0028703548,0.0020075813,0.003620293,0.0024073608,0.001578778,0.0032719746,0.0018508583,0.003094159,0.0037116334,0.0017757639,0.002211798,0.0026931912,0.0028068833,0.0031491928,0.002282098,0.0021865033,0.0029688664,0.0022629611,0.0027722456,0.0035086684,0.001524914,0.0018088929,0.0015004948,0.0025111735,0.002153419,0.0010012835,0.0017428398,0.0016744696,0.0031401329,0.0025886782,0.00088370964,0.0026533343,0.0030278675,0.0013823435,0.0027344413,0.0031865612,0.002532117,0.002829045
0.00022891536,0.0010919087,0.0012508966,2.278015e-05,0.0013833381,0.0012028813,0.0018681213,-0.00017637387,0.0011824481,0.0025698096,0.00035289302,0.0012702346,0.0015414804,0.0018766932,0.0013291426,0.0011884831,0.001802627,0.0016760156,0.0008455701,0.0011838675,0.0017119236,0.0008438006,0.0011957772,0.0010630824,0.00065679476,0.000299979,0.0020994805,0.001272507,0.0022183768,0.0011656433,0.0018185414,0.0010053329,0.0018464215,0.0020529553,0.0005005598,0.0016533621,0.00043765083,0.0012919307,-0.00022089854,0.0018650107,0.0014312863,0.002445016,-0.00016810372,0.0008277558,0.0011029318,0.0010214783,0.0011881553,0.0020182654,0.000601992,0.0014348812,0.0018480867,0.0017740801,0.00040808693,0.000693094,0.001830969,0.0010596327,0.0009190552,0.0015013032,0.0015606619,0.00090011954,0.0015296601,0.0021335743,0.0007081926,0.0012652576,0.0016540401,-0.0010374859,0.0016592816,0.0005751811,0.0010998286,0.00082966685,0.002305016,0.0008203089,0.0013718605,0.0016459748,0.0009164922,0.0016132966,0.0010953099,0.0002287887,0.00041301548,-0.0001218766,0.0013382696,0.0017733984,0.00048173591,0.0013232976,0.00015403703,0.00058862567,0.0007072091,0.0018321164,-0.001270432,0.0021696687,0.0021050312,0.0018130168,0.002579853,0.0018526725,0.0008222535,0.0015522279,0.0016170666,0.0023079477,0.0020136647,0.002292361,0.0015418679,0.0009919889,0.0019178651,0.0007937029,0.0015211478,0.0004011616,0.0008677915,0.00069412217,0.0015725531,0.0007730797,0.0013950877,-0.00017560273,0.0019940063,0.0010541789,0.0007484406,0.001699999,0.0019926243,0.0015051663,0.0019558482,0.0006887652,0.0015962422,0.0019280538,6.747618e-05,0.0015801266,0.0012965053,0.0015261732,0.00081493706,0.00053061545,0.0012976825,0.0015846081,0.0013141632,0.0011879578,0.0014069304,0.0024835132,0.00022722036,0.0010284446,0.0014823265,0.0022122152,0.0014592707,0.00077762455,0.0025805347,0.002368588,0.00043394417
0.00020649284,0.00032521412,-0.00027716532,0.00014106184,0.0004514493,0.00042660162,-0.0007253885,-0.00032682344,0.00037857145,0.00063253567,-0.00031643733,-0.00017031282,3.553182e-05,0.00028754398,-0.00018209964,0.0007979423,0.00015152618,0.0017533563,-0.0001912713,0.00044428557,0.0005088225,0.0002666749,-0.00023889914,-7.407367e-05,-0.0011212602,0.00044349208,0.00017840043,-1.0300428e-05,0.0008384511,0.00019178167,0.001613792,0.0007080808,0.0002564378,-0.00030216947,7.139519e-05,0.00025960803,-0.00018880516,0.00036133453,-0.0019347928,-0.00011521205,0.00015179813,0.00040736422,-0.00063066557,-0.00013975427,0.0004587844,0.000110931695,-0.00029443577,0.000702586,0.00028061122,0.00018811226,0.00064982846,0.00046187267,-7.168949e-05,-2.2403896e-05,0.0004166104,0.0005557388,-0.00027562305,0.00043298304,0.00016996637,-0.00028482452,0.0012751184,0.0015595183,-6.7301095e-05,0.0002419129,0.0011008456,-0.001151517,-6.208941e-05,-8.201972e-05,0.00062042475,0.00051925704,5.2712858e-05,0.00029321015,-0.00033183396,0.00014298037,-0.0007692687,0.0016364381,0.0009870119,-0.0006048046,2.2720546e-05,0.00043011457,0.0010264553,0.0012130998,0.00046184286,0.0009990335,-0.0003251806,-0.0005094223,-0.00016582757,-0.0010988899,-0.00052697957,0.0007153265,-8.2589686e-05,0.001011204,0.0014928244,0.0014930181,-0.0002895072,-0.00092853233,0.0005181469,0.0005853623,-0.00052531436,0.0005242564,-0.000585638,0.0003738068,0.0011161007,0.0005649142,-0.0001831241,0.00037137046,-0.0006471388,-0.0007481612,0.00023351237,-0.0009820126,0.00044775754,0.0011460222,-0.00042861328,0.00013765693,0.00054762885,0.00050080195,0.00058984756,0.00046848133,0.0010342151,-0.00021322817,0.000104893,0.00028167292,0.0005192384,0.0003107898,0.0006336495,-1.18725e-05,0.0017337203,-0.00059607625,0.0007782504,0.00021097809,8.277595e-06,0.0005883463,-0.0008045994,0.00095002726,-0.0013986379,-0.0007404797,0.00028064474,0.0003062673,-1.6164035e-05,0.0002622269,0.00080276653,-0.00030189753,9.401888e-05
0.0013622157,0.0017660372,0.0026825853,0.0015287213,0.0021993853,0.002449818,0.00097318366,0.0010506995,0.0018323809,0.0014919825,0.0011927746,0.0016211383,0.0005303323,0.0029128864,0.0019068718,0.0011472888,0.0007786304,0.0020228885,0.0010359697,0.0026574358,0.0017314814,0.0025612973,0.0013857894,0.0008518286,0.0019772984,0.001748275,0.0022910237,0.0006077178,0.002492275,0.0018945597,0.0015902035,0.0025540255,0.0003519319,0.001016032,0.0008880533,0.00034397095,0.000863187,0.0010174327,0.00040358678,0.0012460127,0.002006609,0.001652915,0.0007519573,0.0009579249,0.0016797595,0.00032792613,-3.0398369e-06,0.00011917576,0.0021069534,0.0018853657,0.0017411932,0.0019239485,0.0011197291,0.0006299801,0.0010533147,0.0010858104,0.00045753643,0.00038382038,0.0015931018,0.0007531233,0.0015383102,0.0017772578,0.0014626458,0.001185257,0.002361238,0.0004284233,0.0014554262,0.0015117899,0.00087783486,0.001122579,0.0014659092,0.0016486086,0.0013481975,0.0017436333,0.0018246062,0.0018992089,0.0010109097,0.00071230903,0.0010838211,0.0012478791,0.00091635063,0.0011123121,0.001451049,0.001588881,0.0009771995,0.00068373606,0.0015234835,0.0021870323,0.0009792037,0.0012425482,0.0008211769,0.0026131272,0.0012830012,0.0015926845,0.00085204095,0.0010200255,0.0016521215,0.0010797605,0.00057141855,0.0017181933,0.0016047135,0.0020225905,0.0016051605,0.0010725148,0.0017794259,0.0012407862,0.001482226,0.0013620593,0.0014700592,0.0013065301,0.001733847,0.0015903749,0.0019045584,0.00062117353,0.0010199659,0.002037745,0.0020584017,0.0015950836,0.0035184808,0.0013136193,0.00210632,0.00070267916,0.0014310256,0.0022598244,0.0015941076,0.0009911284,0.0013472475,0.0013710186,0.0013219602,0.0008732937,0.0006964952,0.00043652952,0.0011533946,0.0022592098,0.000787314,0.0011253133,0.0015978515,0.0008349605,0.0013101697,0.00107003,0.002418656,0.0015260503,0.0024815202
0.0005495809,0.00017485023,0.0014196932,0.00089532137,0.00092457235,0.00045038387,0.001177419,0.0009115748,0.0023311377,0.0009990633,0.0014360547,0.0010338053,0.00065540895,0.0010783747,0.00091726705,0.0010305382,0.00082137436,0.0009650588,0.00086764246,0.0013164803,0.0012431778,0.0026245527,0.0015454888,0.0007757023,0.00023424625,0.001182206,0.0014542975,0.00071487576,0.0009311326,0.001329001,0.00032598898,0.0016928054,0.0010262206,0.00042498112,0.0007228218,0.0006523654,0.00052681565,0.0011342205,0.00038527325,0.00011256337,0.00049383193,0.0014412403,0.0012226403,0.0005929619,0.0005714707,0.00022867694,0.0011584125,0.00069603696,0.0010684617,0.0013995953,0.00033505633,0.00091230497,0.0011662059,0.0016017593,-0.0005764216,0.00045475364,0.0015897714,0.0010090768,0.0016767681,0.0009692982,0.0006377846,0.001020819,0.0020563006,0.00068936497,0.0013752729,0.0018553622,0.0006901026,0.001311738,0.00011667982,0.0007023774,0.0020291135,0.0007670373,0.0009210445,0.0014498122,0.0008209236,0.00077514723,-0.00014911965,0.0015135668,0.00087284297,0.00045571476,0.0011028498,0.0023379698,0.0011137612,0.0025623217,0.00086700916,7.2006136e-05,0.0028403066,0.001450222,0.001491189,0.00067084655,-0.00053145736,0.0011640154,0.0012194626,0.0019828416,0.0011586584,0.00069105625,0.00057761744,0.0014365688,-2.3439527e-05,0.00065960735,0.00047772378,0.0013291985,0.0015521497,0.00047359988,0.0023208521,0.00081689283,0.00090355426,0.002161447,0.0015333183,-0.00023609027,0.0014519207,0.0011981875,0.0002820678,0.0010072663,0.00036238506,0.00086133555,0.0023489296,0.0009717941,0.0006314665,0.0006708242,0.0013148822,0.00097209215,0.00092639774,0.0012906082,0.001518283,0.0009108409,0.00092666596,0.0012966134,0.00086587295,0.00081543997,0.0019098856,0.0012517534,0.002087459,0.002779156,0.00032537058,0.0022794753,0.00066332147,0.001076784,0.0003236793,0.00031492487,0.0020605773,0.0014016964,0.00094525516
0.0005041249,0.0009497367,0.001590535,0.0013552755,0.00044531003,0.0015013032,0.0020129345,0.0008643754,0.0010330752,0.001006823,0.0008874051,0.0020120628,0.0012204386,0.0013314858,0.00048698485,0.001031816,0.00047195703,0.0014466271,0.0010877661,0.00093308464,0.00062007084,0.0012179203,0.0018493682,0.002194643,0.0011326708,0.0012014322,0.0013222136,0.0013963468,0.0015382655,0.0013257526,0.00074649975,0.0012571774,0.002816528,0.0009382814,0.0013030842,-0.0009087175,0.00048707798,0.0014399327,0.00065528974,0.00031662732,0.0016157143,0.0022453703,0.0013042539,0.00057984516,0.0010249838,0.0007502474,0.0019584931,0.00056411326,0.0013731197,0.00096519664,0.00076835975,0.0015838891,0.0014515482,0.0020011142,0.0005284697,0.00045454875,0.0008508228,0.0009984858,0.0012643747,0.0012871362,0.0010477826,0.0018105209,0.0018696412,0.0009093024,0.0021117665,0.00075834244,0.0010301284,0.000981655,0.0017672516,0.0012172274,0.00087339804,6.9160014e-05,0.0014960468,0.00059338287,0.00071170554,0.00145052,0.0007074103,0.0011556521,0.001803454,0.0011104904,0.0013971403,0.0019781813,0.0011587031,0.0018940568,0.0013036691,0.0010182001,0.0016431883,0.00064507127,0.000926815,0.0005220063,0.0006450452,0.000952553,0.001293648,0.0010460056,0.0013016723,0.0015526898,0.0025165565,0.0028056502,0.000653591,0.0012070425,0.00068932027,0.0011544749,0.0010404997,0.001623664,0.0012288205,0.0009856224,0.0015793778,0.0012391284,0.00045826286,0.000981357,0.001020439,0.0016629584,0.00041508302,0.0018267632,0.00091585517,0.00028615817,0.0014839172,0.0012948811,0.0013802834,0.0021589138,0.0011150986,0.0014231615,0.0012710989,0.0008623041,0.0021047704,0.001264926,0.0011550747,0.0024836734,0.0013156123,0.0012724064,0.0013164319,0.0004051067,0.0017040186,0.0022567138,0.00035405904,0.0009968132,0.0004592575,0.0010184757,3.3266842e-06,0.0016151667,0.001320865,0.0025358833,0.001778584
0.0018243007,0.0017621554,0.0034713,0.0018192567,0.0009985231,0.0026988648,0.0016401075,0.0010892861,0.0007860474,0.0013335943,0.0015498996,0.0017529279,0.0010540187,0.0016058125,0.0025520101,0.0025035515,0.0021523759,0.0010336563,0.0013314113,0.0013536029,0.00076436624,0.002131436,0.0010595247,0.00089511275,0.0017370693,-1.9460917e-05,0.0015543029,0.0022832155,0.001714725,0.0008520372,0.0014489777,0.0018951595,0.0012849309,0.001671657,0.001043804,0.0015775636,0.00046177208,0.0022428632,0.00086771324,0.00076759234,0.000808496,0.0012946762,0.0017232634,3.066659e-05,0.00038300455,0.0017562993,0.0018689111,0.0010327175,0.0019650422,0.0015286207,0.0013364553,0.0013170615,0.00026550144,0.0016422682,0.0007340349,0.0012989119,0.00060936064,0.0013429262,0.0012083165,0.0020713396,0.0016890168,0.0010232329,0.0022372417,0.0007257536,0.0021110736,0.0011433437,0.002210196,0.0007661134,0.0011752397,0.00096037984,0.0021928176,0.00025503337,0.00058080256,0.00093453005,0.00010637939,0.0013944246,0.00026055053,0.0012006015,0.001455754,0.0004965104,0.0010827184,0.0021924116,0.0014732182,0.0012372397,0.0012894534,0.0008581765,0.00053560734,0.001809068,0.0011349358,0.00065611675,0.00050171465,0.0020433068,0.0018850118,0.0019067004,0.0013270043,0.0009518713,0.0015241541,0.0023386441,0.0015063882,0.0024444312,0.0029570274,0.0014378466,0.0015584007,0.0016784593,0.0031470098,-0.0002069287,0.0023380779,0.00083563104,0.0007024631,0.0010363981,0.00083362684,0.0009739958,0.00164859,0.0018636249,0.0002778694,0.00091329217,0.001938682,0.0010721497,0.0022930056,0.0019987859,0.0020292588,0.0014953241,0.0014914311,0.0017691962,0.002306942,0.001357086,0.0015373006,0.0024660863,0.0011165217,0.0015979297,0.00087400526,0.0005452372,0.000715632,0.0020879135,-3.137067e-05,0.0006640479,0.0012965836,0.0006113313,0.0013919435,0.0018613227,0.0030233636,0.0023972467,0.0014719889
0.0014924258,0.001484476,0.002027057,0.0014133528,0.0017120875,0.0018032901,0.0020081438,0.0020713508,0.0011672266,0.0018137619,0.0015145093,0.0010487735,0.0010338835,0.0019059293,0.0007094629,0.0016470551,0.0018611699,0.0020227097,0.0022812337,0.0028054416,0.00034862384,0.0012219362,0.0013481639,0.0004162416,0.001305338,0.00055620447,0.0023479946,0.0019469,0.0015065707,0.002150759,0.0023118593,0.001559116,0.0008284934,0.0007661432,0.0018063299,0.0017906688,0.0019343384,0.0012436621,0.0014074259,0.00053351,0.0015624538,0.00092922524,0.0020126663,0.0022709891,0.0015468746,0.002148699,0.0014804043,0.0006810911,0.0017177686,0.0028841756,0.0012831315,0.0018175989,-0.00017277151,0.0014988519,0.0015452206,0.0014903285,0.0013164803,0.0019839518,0.0016287491,0.0028787628,0.0013086349,0.0013402589,0.0026393645,0.0008993782,0.002803348,0.0017628781,0.0016171932,0.0019166581,0.0013840646,0.00214345,0.0025235787,0.0012978278,0.00086858496,0.0015405901,0.0023024864,0.0017967485,0.0017536655,0.00034335256,0.0017240234,0.0014027804,0.00174978,0.0017601587,0.0016253851,0.0024338923,0.001753144,0.0015800633,0.0008638799,0.0013442934,0.0022687614,0.00024453923,0.00077648833,0.0019040592,0.0019185431,0.001995355,0.0013537928,0.0006223172,0.0013558529,0.0019916967,0.0014061816,0.0012160167,0.0019601583,0.0028302595,0.0019736066,0.001249183,0.002549436,0.0011143014,0.0010206215,0.0009692237,0.0010463037,0.0009378679,0.0023524016,0.001694195,0.0015133023,0.0013305731,0.0005206242,0.0017862357,0.0018789321,0.0010192245,0.0025959797,0.0020252094,0.0016790628,0.002137594,0.0024066195,0.0017837957,0.001440715,0.0012082532,0.0010247901,0.0021774285,0.0017159879,0.001562018,0.00082334876,0.0019947924,0.00011040643,0.0016283393,0.0015413351,0.0011899956,0.0015665106,0.000805296,0.0013943575,0.0023412071,0.0030811727,0.0019964874,0.0015268363
0.0010277703,0.0018190816,0.002811037,0.0016339868,0.0020281076,0.0022232048,0.0010245144,0.00059292093,7.99112e-05,0.001427345,0.0018955432,0.0014124997,0.0011185184,0.0033219308,0.0009486154,0.0016028136,0.001373291,0.0016596355,0.0011072792,0.0028381757,0.0019846447,0.0008979514,0.0022117645,0.0009077154,0.0019743703,0.00077074394,0.0016917177,0.00072861835,0.0030620433,0.0018888675,0.0024808235,0.0010798723,0.0013826452,0.0012000762,0.0021820962,0.0011135861,0.00091706216,0.0014511533,0.0016739815,0.0038350858,0.0018271282,0.0009970292,0.0021324158,0.0017480813,0.0006164089,0.0021243505,0.001427494,0.0005241111,0.0009790175,0.0033477247,0.0010688044,0.0022335611,0.000114087015,0.0018613599,0.0015256517,0.0020427518,0.0017011948,0.0016438663,0.0015752688,0.0020510294,0.0012204275,0.0008359961,0.002933558,0.00083022565,0.0027708225,0.0017565079,0.003647726,0.0020488165,0.0026889816,0.0019490309,0.0006097816,0.0019922704,0.0014226772,0.0012973733,0.0025442503,0.0018645786,0.0013315119,0.00076964125,0.0019929297,0.00045876205,0.0016466081,0.0018214844,0.0012672767,0.0017569661,0.0014083497,0.002854433,0.001423128,0.0014260933,0.0016789176,0.0006772205,-5.455315e-05,0.0014534369,0.002494868,0.002189327,0.001141075,0.0013633668,0.0017784908,0.0018508583,0.0012217946,0.0023250692,0.0011887103,0.0025238395,0.0010743104,0.00041362643,0.0031643324,0.00051065907,0.0023594685,0.0010803305,0.0009862743,0.0018234961,0.0009977184,0.0011584833,0.0020562932,0.0015531778,0.0003401339,0.0020477846,0.0014724955,0.002029594,0.0036661997,0.0011770166,0.0026167743,0.0013587065,0.0032940246,0.0016932599,0.0010877103,0.0018295608,0.0012069084,0.0025241673,0.001550749,0.0020441525,0.0017286055,0.001886826,0.000185024,0.0025430545,0.0016975887,-1.1391938e-05,0.0015417673,0.0019894429,0.0017018579,0.0016772039,0.002215743,0.0031360127,0.0012751967
0.0019432306,0.0010058396,0.0031733364,0.0011470951,0.0013705716,0.0022335723,0.00023620203,0.0011335425,0.001302585,0.0014156438,0.0008394532,0.00068672374,0.0019036978,0.0022176243,0.0010696016,0.002085995,0.0020959154,0.002320774,0.0015457496,0.0019502267,0.00091305,0.0017828345,0.0011781752,0.0010184497,0.001461532,0.0011032857,0.00083068386,0.0017787106,0.0015702546,0.0012393557,0.0010512806,0.0014517419,0.002115827,0.00063341483,0.0025217906,0.0014699288,0.0014680959,0.0013663955,0.00060753524,0.003157135,0.00069314614,0.0017759651,0.0025679804,0.0001809001,0.0013080128,0.0021622851,0.001995016,0.0021743812,0.0008004531,0.0022085942,0.00093337893,0.0023005866,0.0013360754,0.0024830438,0.001190614,0.0029213838,0.0011216812,0.0019814186,0.0018633977,0.0020654015,0.0027086549,0.001064036,0.0027883425,0.0026975162,0.0020562112,0.002511371,0.0035187714,0.0018499829,0.0022993758,0.002367828,0.0014966838,0.0005865842,0.0013892949,0.00058432296,0.0025001653,0.0019010566,0.0010919608,0.0018994436,0.001312267,0.0010901578,0.00342514,0.0027254336,0.001976706,0.0014498383,0.00194861,0.0019100755,0.0019083694,0.002428744,0.0017924793,0.00046592206,0.0009802282,0.0019026324,0.0023953915,0.00319748,0.0012441427,0.0017980933,0.0016788989,0.0028075539,0.0011970252,0.0021291114,0.0016733557,0.0027270988,0.0013964474,0.000725694,0.0015723668,0.0010638796,0.0015493706,0.0016438849,0.0021826103,0.0024701208,0.0009944327,0.0007932894,0.0007932596,0.0011459664,0.0007783659,0.0014163516,0.0014643706,0.0015026107,0.0011933409,0.0015274063,0.0022438653,0.0009088814,0.003170859,0.00070512295,0.0018605143,0.002097033,0.0020716637,0.0016908534,0.0011962205,0.0025326647,0.0022937544,0.0019614734,0.0022782646,0.0017010868,0.0005152039,0.002264917,0.00019517168,0.0015410893,0.0019189343,0.0015040487,0.0013885684,0.0016945228,0.0005973466
0.0009586327,0.0012614541,0.003051661,0.001422584,0.001264263,0.0022984482,0.0016739778,0.0006529838,0.00031077117,0.0015174039,0.0020970032,0.0028841235,0.0020323098,0.0019342527,0.0022004098,0.0014604069,0.002392318,0.0031173937,0.0017902516,0.003012389,0.0010684505,0.0015545785,0.0010379255,0.0016244203,0.0014712997,0.0021241456,0.00043236837,0.0020117573,0.0018327609,0.0023128465,0.0010078624,0.002278857,0.0019033812,0.000890363,0.0028286166,0.0012347586,0.0012807958,0.00010429323,0.0019632168,0.0020599253,0.00021764264,0.0016813055,0.0017928891,0.0002523698,0.0012308918,0.0035552792,0.00075734034,0.001028534,0.0016999021,0.0012077875,0.00059608,0.0024006031,0.0010374971,0.0027210154,0.00083331764,0.0018492751,0.0010350458,0.0010205843,0.0010092445,0.0025947504,0.0018817186,0.0016746782,0.002614051,0.0022783205,0.0018793121,0.0015314333,0.002824083,0.0020720437,0.0016429648,0.0022454374,0.0015866272,0.0009902976,0.0005868189,8.324161e-05,0.0019507706,0.0018333681,0.0020446405,0.0022227578,0.0010957047,0.0017807372,0.0023243763,0.0018580519,0.0021876208,0.002022408,0.0030543208,0.001760602,0.0014538094,0.0019343868,0.001861427,0.0006445646,0.00022222474,0.00011127815,0.0009678826,0.001903262,0.0008573644,0.0018104762,0.0020621493,0.0016850084,0.0014715381,0.0024953596,0.00084579736,0.0023750514,8.419156e-06,0.0014986992,0.0017493851,0.0020112768,0.0011193268,0.0013309382,0.001364775,0.0034632646,0.0023236722,0.0014886595,0.0010180771,0.0014762618,0.0005011484,0.0012794659,0.0019690879,0.0008217357,0.0016485192,0.002272535,0.0018792227,0.002319347,0.0029283836,0.0010143518,0.0019028299,0.0020690635,0.000929337,0.0020431392,0.0014253221,0.0005672239,0.0012312122,0.0014403574,0.0022300184,0.0020047836,0.0012857728,0.002044648,0.0014047138,0.0010889061,0.0005141683,0.0018188916,0.0011400245,0.0007689409,0.0020166598
0.002199158,0.0031105503,0.0026131347,0.0033247992,0.0027230904,0.002592761,0.0026894398,0.0025225393,0.0017911531,0.0029601194,0.0036827214,0.002609197,0.0024889223,0.003099788,0.004003141,0.0034647286,0.003244985,0.0022926033,0.0021860898,0.0033337586,0.0028647594,0.0026454963,0.003195472,0.0023927651,0.0027938671,0.0029066615,0.002368141,0.0019230843,0.0029035397,0.0030830912,0.0035494491,0.0028633848,0.0011391081,0.0023316704,0.0039518736,0.002163805,0.003070701,0.0022020936,0.003359206,0.00283866,0.00088332593,0.0020305216,0.0024851002,0.0022317097,0.0019557811,0.004087243,0.0011319071,0.0010695681,0.0025180653,0.0033953115,0.0024389736,0.0018765293,0.0030265376,0.0024781302,0.0019004121,0.0030754022,0.0022420287,0.0023864284,0.0030409358,0.003050834,0.0034175478,0.0028954744,0.004423227,0.0034941249,0.0028837211,0.0022637025,0.0034690872,0.0021770522,0.0025002845,0.0029193684,0.0023673512,0.0020983182,0.0017960593,0.001428932,0.002962608,0.0025673732,0.003685467,0.004048869,0.0022039898,0.0026578382,0.002886191,0.0025318265,0.0027699172,0.004603099,0.0028482303,0.002610106,0.0014703684,0.0033445843,0.0031713694,0.0018937998,0.0010695718,0.0035113767,0.0023580603,0.0037372895,0.002773989,0.0030651279,0.0015979484,0.0022293366,0.0024729595,0.0033978708,0.0020342134,0.002748236,0.0023856163,0.0016783327,0.0037116185,0.0027265437,0.0034877695,0.0018309094,0.0025494099,0.0026278086,0.0023498945,0.0022208542,0.0035993233,0.0017533824,0.002074942,0.0017255247,0.0028406717,0.0028003454,0.003069125,0.0017620437,0.0032101944,0.0010447875,0.003859412,0.0020334497,0.0018434152,0.0026864298,0.0024998002,0.0028308742,0.002787944,0.0017382689,0.0023136511,0.0027306564,0.0028120093,0.0031938516,0.0019464605,0.0017830506,0.0020552203,0.0013996847,0.002400253,0.002458129,0.0027050227,0.0024814047,0.0021384172
-0.00057756156,0.0006883703,-0.00087367,-0.000163991,0.00054645166,0.000379771,-0.00024066493,0.0012407936,0.00036270916,0.0011652969,0.00017365813,0.0005298592,0.00025354326,0.00023963302,0.0004919991,-0.0007243082,0.0003900379,-0.0009274967,0.0008355081,0.0003261119,0.00031687692,-0.0008477755,0.0012256019,-0.00019357353,0.00051568076,0.00069290027,-0.0009197332,0.00067130104,-0.00012005493,0.0014387593,0.0006211288,-0.00069123134,-0.00041252747,-0.00015828013,0.00029749423,-0.00023359433,-0.00029310584,-0.00046268478,-0.0005155504,-0.0016119666,-4.5128167e-05,-0.00041126087,-0.00065940246,0.00062806904,0.000563357,0.0006602071,-0.00021644682,-0.0025068633,-0.0013200827,0.0014969222,-0.00015646592,-0.00045989454,0.0012296475,0.00076248124,-0.00070758536,-0.00065741315,-0.00071091205,0.00046434253,0.0006993748,-0.0008161925,0.0005108118,-9.795278e-05,0.001289025,0.0012060739,0.00025657937,0.001085531,0.0005548373,-0.00015056506,1.2066215e-05,8.961558e-05,0.00044114143,0.00048288703,0.0007833466,-0.00058703125,0.00068778545,0.00134461,0.00012330338,-0.0006869361,-0.00060430914,0.00051578134,0.0015669577,0.0010568947,-0.0004849024,-0.00013044849,0.0011878684,-0.0007527843,-0.0008657761,0.00013935566,0.001113575,0.00023317337,-0.00063385814,-0.00062225387,0.0010416061,0.0006055422,0.00014004111,0.00044522062,-0.0003090687,0.00061385706,-0.000525333,0.0002911836,0.00043826923,0.0004061833,-0.0011109598,0.0001505278,0.0010300577,0.00085990503,3.1415373e-05,-0.00012683496,0.0011927262,-0.00084237754,-0.0007964261,-0.0013456047,0.0008571185,0.00039336085,6.6224486e-05,0.00012758747,0.0006592274,0.00044282898,0.00016447529,-0.0003104806,0.0008721091,-0.0016574226,0.0009682141,-0.00036984682,0.00035802275,-1.956895e-05,0.0011179522,-3.33786e-05,-0.0008190982,0.0006122589,0.0006669909,0.00035706162,-0.00027967617,0.00010353699,0.00036298484,0.0007561818,-0.00039129332,-0.0006065406,0.00042976066,-0.00021632016,0.00040388852,0.0006121695,9.655952e-06
-1.2114644e-05,0.00095584616,0.0006029457,-0.0002699904,0.0005878024,0.00025581568,0.00023052096,9.0483576e-05,8.581206e-05,-0.00043046102,0.00022060797,-1.8063933e-05,-0.00018927827,0.0006842278,0.00022658333,0.0001363419,0.00052011013,0.001125019,0.00087663904,7.4490905e-05,0.0007221885,-4.1421503e-05,0.00043650717,0.00016421452,0.00085670874,-0.00019465387,-0.0010639355,0.0011295378,0.0008899234,0.0007351525,0.00019650534,-0.00075221807,-0.00014253333,0.0009563416,0.0011822581,0.00026927143,-0.00053400174,0.00032607093,-6.238371e-05,0.00039228797,0.0004721284,-0.00064771995,0.00019095466,0.0003689006,-0.00039062276,0.0014718622,0.00016915426,-0.00031671673,-0.00024325028,0.00092187896,-0.000895001,-7.8231096e-08,4.33065e-05,0.0010595024,-0.00067486614,0.0015809946,0.00027113408,0.00042796507,0.00036921725,0.00051722303,0.00035894662,7.297099e-05,0.00089263543,0.0020034015,0.00089089945,-0.0005822405,0.0009946562,0.0005349964,0.0009007938,0.0010630898,0.00010031089,0.0015920177,-0.00069951266,-0.0005447082,-0.0003620237,0.00090945885,0.00070568174,0.0014307983,-0.00039016083,0.00077947974,0.0009949468,-0.0001819618,-0.0008591376,-0.00035845116,0.001149252,0.00039010122,-0.0014187396,0.0013654381,-0.0005209185,0.00038142875,-0.0009524226,-7.526949e-05,0.00038084388,0.0008244738,0.00014368072,0.0005507618,0.0011869669,0.00083935633,-0.0006364323,0.0012524724,0.00017837062,7.6934695e-05,-0.0005964413,0.00026364997,0.0012757257,0.00034783036,0.00070199743,-0.00036398694,-0.00076065585,0.00035678595,0.0014265291,-0.00067912415,0.00041645393,0.0016154498,8.8144094e-05,-0.00053167716,0.0011151657,0.0013500601,0.00043886155,0.0005604513,0.00010067597,-0.0013496913,0.0020885356,-0.00010218471,0.0010281876,0.00081358105,0.00032714754,0.0002802424,-0.00024620816,-0.00049703196,-7.921457e-05,0.00034046173,0.0007067807,0.00035592914,-2.4288893e-06,0.0008276105,0.00013438985,0.00084521994,0.00086574256,0.0010610484,0.00046095625,0.0010513999,3.2249838e-05
-0.0008379407,-0.0005599223,-0.0011709407,-0.00093298405,0.00012243539,-0.00062029436,-0.0013117306,-0.0001377128,-0.0019730218,-3.728643e-05,-4.8983842e-05,-0.002772808,-0.0003607385,-0.00025568902,-0.0008870028,-7.077679e-05,0.00029500946,-0.0005266778,0.00039085746,-0.0002443567,-0.0008806214,-0.0010610521,-0.0008937046,-0.0016770996,0.00053517893,-0.0019541346,-0.0005866736,-0.00040573627,-2.3081899e-05,0.00082788616,-0.0006776117,-0.0019599907,-0.00076186657,0.00031421334,-6.0908496e-05,0.00076980516,0.00018208474,-0.0016425587,-0.0011053309,-0.00034724176,-0.0009029135,-0.0013430752,-0.00038842112,0.00011124089,-0.00042881817,0.00024786592,-0.0008098893,-0.0013860762,-0.0016221963,-0.00023018196,-0.0012994595,-0.0014747605,-0.0011254139,-0.00043962896,-0.0017616749,0.00049097836,-0.0007371232,-0.0002165623,0.00045531988,0.0006643273,0.00026947632,0.00013813004,-1.6678125e-05,0.0005173348,0.00047006458,-0.00048953295,8.330122e-05,0.00033224002,-0.00039984286,0.00029738992,-0.0004629679,-0.0005568117,-0.0013682917,-0.0005639903,-1.8227845e-05,-0.0008076951,-3.6325306e-05,-0.0018081479,-0.0017025322,-0.0002181381,0.00012791157,-0.000287313,-0.0017045103,-0.0009870641,-0.0004083924,-0.0011925474,-0.0012476481,0.00034441426,-2.3782253e-05,-0.00037270784,6.981194e-05,-0.00070302933,-0.0008938424,-0.0001513958,0.0008901097,7.764995e-05,-0.0005721636,0.00029731914,-0.00078789145,0.0009441264,-0.00016441941,-0.00068111345,-0.001186341,-0.001234483,0.00047585368,0.00016630813,9.5665455e-06,-0.00050612167,-0.00070219487,-0.0014258474,0.0006545335,-0.001475364,5.498156e-05,-0.00039747357,-0.00080035627,-0.0012128577,0.0014297217,-0.0007824786,-0.0001662299,-0.00068146735,-0.0005547665,-0.0020500533,0.00025544688,-0.0015111379,-7.246062e-05,-0.0012567788,-0.00076193735,-0.0004541278,-0.0011718348,-0.0018382184,-0.0022286847,-0.00017528608,-0.0002876073,-0.00043170527,-0.000870768,-0.00048614293,-0.00035091862,4.0367246e-05,0.00019135326,-0.0003681779,-0.00035620108,0.00029329956,-0.0011047237
-0.0021743253,-0.0011076741,-0.0020270012,-0.0022590682,-0.0001004599,-0.0012554713,-0.0001548864,-0.000990618,-0.0011317804,0.0009838268,0.00062898546,-0.0012414306,-0.00078040734,-0.00041514263,-0.0011195615,-0.000546623,-0.0001962632,-0.002108708,0.0006499365,-0.00012208894,-0.00087173283,-0.00068840757,-0.0019405223,-0.00065106526,-0.00014293566,-0.0012209974,-0.00087662414,-0.0007751547,-0.00045014918,0.00035766885,-0.0012435392,-0.001193542,-0.0006219633,-0.0016586818,-7.773191e-05,-0.00082794577,-0.0010467134,-0.0027333274,-0.0019264519,-0.00045682862,-0.00091763586,-0.0020071417,-0.0005646497,0.00048192218,-0.00055711716,-0.00060674176,-0.0005552694,-0.00186833,-0.002557259,-0.00031981245,-0.00058059394,-0.00090041384,-0.0014516711,-0.00019041449,-0.0010763966,0.00014609843,-0.000628639,-0.001355838,-0.00018700585,-0.000607647,-0.0011309423,-2.8911978e-05,7.598102e-05,-0.0004955344,0.00020641834,-0.0011704601,-0.00072875246,-0.00077936426,-0.0010564886,0.00061775,-0.00014011562,-0.0009517558,-0.0015672371,-0.0012404732,-0.00026649982,-0.000563357,-1.7255545e-05,-0.0012244359,-0.0020724125,0.00033881888,0.000779625,6.5814704e-05,-0.00061292946,-0.0015426539,0.00026680157,-0.00090675056,-0.0003657192,-0.0016385242,-0.00093152,-0.00052668154,0.00045397505,-0.0026502796,-0.0013523065,0.00061849505,-0.0006032735,-0.00052330643,-0.0011064298,0.00023151189,-0.000392735,-9.762123e-05,-0.0014764741,-0.0004721433,-0.00094323605,-0.0011074692,0.0001164712,3.7178397e-05,-0.0010654815,0.0001643449,-0.0009631999,-0.00061786175,-4.6420842e-05,-0.0015680529,-0.00063758343,-0.002064351,-0.0009179674,0.00039334223,-0.0004831925,0.0002177693,0.00062200055,-0.0015423931,-0.0020762049,-0.0013846122,-0.00051802024,-0.0012998432,-0.0025433786,-4.2226166e-05,-0.0016489103,-0.00022483617,-0.0020016544,-0.0016560666,-0.0013015531,-0.0004903786,-0.0018105768,-0.000479199,2.9224902e-05,-0.0012240671,-0.0014941841,-0.00093447417,-0.0010373145,-0.0006153546,-0.001820337,-0.0010528974,-0.0018198341
5.9455633e-05,0.0018986985,0.00055035576,0.0007946305,0.0018388368,0.0018377155,0.0008134432,0.0009758733,0.00088600814,0.0021934994,0.0023499317,0.001689639,0.0009793527,0.0022104308,0.00017770752,0.0017297678,0.0020642988,0.00047670677,0.00195821,0.0010043271,0.001860179,0.001420889,9.604171e-05,0.0018579699,0.0014046915,0.0016197152,0.00058138743,0.0005690828,0.00051404536,0.0017882325,0.0008765757,0.00045086816,0.00069662184,0.0005557798,0.003015276,0.0012334436,0.002458591,0.0012035072,0.00068504736,0.0028058551,0.0012841932,0.001875639,0.0018334426,0.0010361262,0.0014896952,0.0017516427,0.0009180084,0.0013752691,0.0004901327,0.002662789,0.0013280287,0.002531115,0.0018773675,0.0009413734,0.0015670396,0.0027295426,0.0004773736,0.0007462613,0.0011203997,0.0012471676,0.0018880144,0.0023743063,0.0011420697,0.001989115,0.0017515086,0.00086259097,0.002377972,0.0016810782,0.0008564703,0.0021237507,0.00056478754,0.001125034,0.0021295436,0.0012567826,0.002042953,0.0023859069,0.0024652667,0.0015160926,0.001151681,0.002258122,0.0023188405,0.0011210628,0.002164606,0.0012596995,0.0017743781,0.0022140704,0.0015552752,0.0014445633,0.00082862005,0.0017768927,0.0020663217,0.0015895665,0.0017789975,0.0034002215,0.0016186722,0.0017514378,0.001314465,0.0018856004,0.0010351129,0.002182342,-5.9768558e-05,0.0012820587,0.0012705773,0.0005415529,0.0014914349,0.000870388,0.00089294463,0.0011770204,0.0007415153,0.0017205849,0.0013385229,0.0012716576,0.0022203214,0.00055534765,0.0020831488,0.0009770431,0.0014108531,0.0023345388,0.001533065,0.0017291568,1.4092773e-05,0.00024915114,0.002814848,0.0012487918,0.0009996593,0.0021872707,0.0017532483,0.00083402544,0.001082588,0.00046596304,0.0011080913,0.002173867,0.001557216,0.0006666519,0.0015769638,0.0016811304,0.00080383196,0.00066729635,0.0025488846,0.001972083,0.0011031814,0.0020792559,0.00065138564
-0.00011106208,-6.682053e-05,0.0007562861,-0.0007180013,-6.919354e-05,0.00048049167,-0.0003867522,0.00027802587,0.0003262721,0.0003567338,0.0013549291,0.0003567189,0.00022450462,0.0011416413,-0.00087071955,0.0006753877,0.00086369365,-0.00142508,0.0013211295,-0.00015255436,0.0008866377,0.00092021003,0.00026369467,0.00018504262,0.00057081133,-2.2832304e-05,-0.00025634095,0.0005805306,0.0002799146,0.00063325465,-0.0009428151,-0.0002668351,-0.00014638901,-0.0003964752,-0.00017395243,0.0014102794,0.000400424,-0.00043604523,0.00041447952,-0.0003619492,0.0006515607,0.0009586252,0.00017059967,0.00090611726,0.0011038706,0.0008790381,0.00035218522,-6.546453e-05,-0.00051223114,0.0011852197,0.0008443482,0.0005901158,0.0011387616,0.000115044415,-0.00077208504,0.00079519674,0.00058265403,-0.0004787743,-0.0014607571,0.00044123083,0.00083624944,0.0013637021,0.0011477284,-0.00036258623,1.0058284e-05,0.0011936426,0.00087950006,0.0017495602,7.7575445e-05,0.0007011965,0.00086161494,0.00031418726,0.0007338263,0.0013253503,0.00070299953,0.0011046901,0.00078369677,-0.0013843998,-0.00047598034,0.0009403713,0.00083536655,0.00059815496,0.00082024187,-0.00018881634,0.0010155328,-0.0014359318,-0.00043015555,-0.000102292746,0.0017206483,-9.264797e-06,0.0011350438,-0.00030104816,-0.0006073974,0.00067218393,0.00023381785,0.00021699816,0.00018129125,0.0007504262,0.0007707998,0.0005534403,-0.00082259625,0.00054695085,0.00044803694,0.0006882511,-0.0004726164,0.0006024651,-0.00027554482,0.0015071221,-0.0006447509,-0.00040346757,0.00089341775,0.00040888414,0.00030001253,-4.55454e-05,0.00032623857,0.00013328344,0.0016743504,0.00030471385,-0.00016573817,0.0005269237,-0.00041682646,-0.0012543648,0.001501631,0.0002989769,0.0012150779,0.00034722313,0.0012062378,-0.00046843663,-1.1667609e-05,0.000488624,-0.0001405254,0.0007489249,0.00021218881,-0.00027452782,3.048405e-05,0.0011957102,0.0004082732,-0.00017727911,0.0008500591,0.0004115738,-0.00069642067,0.0014730878,0.00060256943
-0.0035448633,-0.0010898784,-0.0014731325,-0.0027296655,-0.0020902827,-0.0019700117,-0.0013531484,-0.0018067434,-0.00016740337,-0.0017919838,-0.0009822175,-0.0021838062,-0.0023275763,-0.0014790446,-0.0026012175,-0.00023613125,-0.0010463931,-0.004665021,-0.0010531321,-0.0016821995,-0.001283247,-0.00050122663,-0.0012727529,-0.0012305602,-0.0017758124,-0.0027100518,-0.0013814121,-0.0015607215,-0.002651576,-0.0013007633,-0.002781894,-0.0018304214,-0.0012561493,-0.002311673,-0.0016275458,-0.00032250956,-0.0018072575,-0.0021974705,-0.0024480633,-0.0027442388,-0.00024222583,-0.0013944171,-0.0029785223,-0.00020610914,-0.001803901,-0.0010522008,-0.0020279102,-0.0023344718,-0.0021747425,-0.0011696145,-0.0014171824,-0.0017313249,-0.00093306974,-0.0015993491,-0.0029554516,-0.0010124482,-0.00095621496,-0.001886338,-0.0010326803,-0.0004296489,-0.002147887,-0.00077514723,-0.0017786808,-0.0030184463,-0.0018602572,-0.0015857667,-0.0031973235,-0.0010732114,-0.0012452602,-0.0012023784,-0.0014929622,-0.0011048838,-0.0016065575,-0.0018203855,-0.0032054186,-0.00096362084,-0.0004198365,-0.002273444,-0.002432298,-0.00028478727,-0.0010328181,-0.002274327,-0.0005504899,-0.0026588738,-0.0014604516,-0.0033360384,-0.0022405982,-0.0015929192,-0.0015947558,-0.0020221062,-0.00297245,-0.0037462637,-0.0018958375,-0.0019753762,-0.001366429,-0.0019351356,-0.0011762418,-0.0010122843,-0.0031153597,-0.0014762431,-0.002723515,-0.00123794,-0.0010667592,-0.0012069009,-0.0016375184,-0.0008994825,-0.0013148263,-0.0009447299,-0.0019611418,-0.0026441813,-0.00089609623,-0.0010649152,-0.0018048584,-0.002397526,-0.0021374784,-0.0015757345,-0.00017940626,-0.0012769438,-0.0019262806,-0.0015563145,-0.0018052049,-0.0034112968,-0.0016621128,-0.0018132553,-0.00093068555,-0.0018775351,-0.0013878606,-0.0018206574,-0.00084975734,-0.002530817,-0.00086545944,-0.0013345666,-0.0006403737,-0.0020609014,-0.0013352819,-0.00088954717,-0.0011351481,-0.0017865188,-0.0034946688,-0.002699066,-0.0026953742,-0.0024257936,-0.0016315058
-0.00079458207,0.00060579553,-0.0004473962,0.000109072775,-0.00018490478,0.00084588677,-0.00038332492,-0.00023966283,0.0005551055,-0.00013067201,0.0001455918,-0.00063266605,-0.00048781186,0.0005621165,-0.00022466108,0.00043512136,0.00022733957,-0.001966443,0.00076041743,-0.0008571185,0.00028564408,0.0006705895,1.1049211e-05,0.0011573546,0.00087339804,-0.0002682805,-0.0005120374,-0.000558991,-0.0013879351,0.0005396642,-0.0007780567,-0.0012833327,-0.00021211803,-0.000796888,-0.0010251664,0.00016229227,-0.00096611306,-0.0003507994,0.00050855055,-0.00027880445,0.00078086555,-0.00010225922,-0.0014794655,-0.00016015023,-0.0001536496,-0.0002563484,0.00026303902,-0.00072539225,0.0008865632,0.0005686879,0.0010325797,-0.0008662492,0.0010936521,-0.00027505308,-0.001495447,-0.00034227222,0.00046262145,-0.00030343607,0.0002360791,0.00021215156,-0.00058990717,0.00083769485,-0.0004060343,-0.001348652,0.0004378073,0.0003435351,-0.0014113002,-0.00033199042,-0.00036499277,0.00025763363,-0.00062131137,-0.00093497336,-0.00023685023,0.0005508438,-0.0013191327,7.5384974e-05,2.5894493e-05,-0.0014561005,-9.734184e-06,0.0009747371,-0.0014914386,0.00069534034,0.0010458119,-0.00043748692,-0.0015337989,-0.0024557486,0.0006234385,-0.0013372414,0.00019686297,5.4556876e-05,-0.0005658753,-0.0009383261,-0.0002111569,-0.001180198,-0.00053322315,-8.4877014e-05,-0.00030990317,0.0005613528,-0.0016376898,-0.00021778792,-0.0008936152,-0.00033233687,-0.00079169497,-1.7445534e-05,0.00016849488,0.00010593608,-4.61936e-07,0.00029554963,-0.00075292215,-0.0017383173,0.00013153255,-1.2852252e-06,0.0006813556,-0.00022969395,0.00033772364,-0.00033333898,0.0013561435,0.00063326955,-0.0009943806,0.00053403154,-0.00051233545,-0.0021871813,0.0005282238,6.926805e-05,-0.00031461194,-0.00048642606,0.00033531338,-0.00015046075,0.00032851472,-0.0010083914,0.00012972206,-0.001505021,-6.312877e-05,0.00022638589,0.00047517568,-0.0001279302,0.000759691,-0.0014084466,-0.0017327219,-0.00151195,-0.0014666952,-0.0004631169,-0.00021823868
-0.00012020767,0.0017310195,0.0008073114,5.7343394e-05,0.000816185,0.0020213984,0.0017095357,0.0023542643,0.0010638088,0.0008351505,0.0007700473,0.001694411,0.0012708232,0.0010471568,0.0011388287,0.00090417266,0.0010550581,-0.0009439625,0.0013494901,6.1690807e-06,0.0014113374,0.0016019233,0.0014285296,0.0015569925,0.0009151213,-0.00067479163,0.001974117,0.0012621023,0.0005017631,0.0016279519,0.0005137883,0.0004008934,0.00029060245,0.00045404956,0.0006796606,0.0011328906,-1.2658536e-05,0.0020726398,0.0028093904,-0.0005187504,0.0017351545,0.0009624325,7.971376e-05,0.00082761794,0.0011289157,0.0011143163,0.0022056513,0.0004244335,0.0004111491,0.00057246163,0.0015039183,0.0020395927,0.00094006583,0.000780236,0.0007273145,0.0012945309,0.0008042902,0.0023307987,0.00022774935,0.00048366562,0.00014473125,0.0010779947,0.0013415702,0.00081919506,0.0012768619,0.0004511401,0.00055727735,0.0014143065,-0.00013259053,0.0002969429,0.00097004324,0.00066608563,0.0019501261,0.001164157,0.0006023869,0.0016177222,0.0015412271,0.00014064461,0.0019928142,0.00094980747,-0.00065675005,0.00028986856,0.0021917112,0.00022403523,0.00079036504,-0.00041858107,0.0011628121,0.00074198097,0.00078308955,0.0002008751,0.001344081,-0.00042261556,0.0011955015,0.0010359176,-0.0005561672,0.0011276118,0.001186531,0.0024867728,0.0013044365,0.00060357526,0.0003524162,0.0008366108,0.0016657077,0.0015095733,4.3462962e-05,0.0004861392,0.0011976734,0.0013152026,0.00096583366,0.0016471595,0.0008163564,0.0010468177,0.001434464,0.00066826865,0.0014896207,0.0020406172,0.0015063696,0.0011809543,0.000203643,0.0011410564,0.0006522052,-0.00016988441,0.0020455234,0.0023928247,0.000652615,0.0023716427,0.0019320697,0.0007973984,0.0018268637,0.0019095242,0.0011137165,-0.0001946725,0.00057003647,0.00027526915,0.0020346195,0.0014971532,0.0008545071,0.000292629,0.001056876,0.00027715042,0.000991676,0.0014940724,0.0006306283
0.000117488205,0.001162827,0.0016521513,-0.00052728876,0.0009875596,0.00055355206,-0.0008465573,0.00022022799,0.00080151483,0.001116015,0.00036023557,0.0002604425,-0.00016988441,0.00085762143,-0.0014544427,0.0007565692,0.0001850389,-0.0009384714,0.0011108853,0.00035045668,0.00036391988,0.00037815794,-0.00045631453,-0.0002431795,5.9161335e-05,-0.0012439452,0.0013101958,0.00073578954,0.00040042028,0.0011695884,-5.0790608e-05,-0.00010011718,1.7948449e-05,0.0010066442,-0.00024279952,0.0011771359,0.0007678531,-3.1676143e-05,0.0011804067,-8.382648e-05,0.0005015023,0.0016283765,0.0001931116,0.0009841919,0.0009991117,0.0012330636,0.00017325208,0.0007465221,0.0009316616,0.00032823533,-0.00038555264,0.0013982803,-0.00025869533,-0.00048390403,0.0006101541,-0.00048537552,-0.00026782602,9.7215176e-05,8.6680055e-05,-0.00024526194,-1.4234334e-05,0.0003482513,-0.00021575019,4.8965216e-05,0.0005840063,0.0009264946,-3.892556e-05,0.001478143,7.395819e-05,-0.00026322156,0.00070010126,-0.00012912601,0.00074085966,0.00038509816,-0.0006162748,0.0002577603,0.0012574755,-0.0013194829,0.000621099,0.00040442497,-0.0013757274,-0.0005223118,0.0009452738,0.00016724691,-0.00024956465,-0.0007898733,-0.000346601,-0.0004081577,0.0011190735,-0.0007334724,0.00013281032,0.0009397939,0.00037201494,5.5149198e-05,0.00023469329,-0.00053570047,0.0018000975,0.0013543852,0.00089780986,-7.9963356e-05,-0.0004789196,0.00010398403,0.001364205,0.00027185678,-0.00022118911,-0.0011334345,0.00037216395,-1.7937273e-05,-0.00042808428,0.00039404258,0.0015245117,0.00053600594,0.00047936663,0.0007263459,0.00066946447,0.00070568174,0.0008366145,0.00016365945,-0.0005319193,0.0017130747,-0.0005788021,-0.00095597655,-0.0004882999,0.0009944886,-0.00021227822,-2.5890768e-05,0.00082529336,-0.00012950972,0.0012657829,0.00058734044,0.00032435358,0.00034095347,-9.804964e-06,-0.0011686683,0.00035263225,0.00091991574,0.0007406026,0.0005025752,0.0005247034,-0.0004532747,4.1816384e-05,0.0006076284,0.0001439564
-0.00054891035,0.00065557286,0.0016629361,0.00045009702,0.0007926449,5.8274716e-05,-0.0012511313,0.00074322894,0.0015996546,0.00091305375,-0.00014368817,-0.0005485676,-8.528307e-05,0.0022858046,-0.0009765215,0.00010155141,-0.00083857775,0.000586316,0.0014537871,-0.00048845634,0.0014083609,0.0006632544,-0.00010224059,0.0006155968,-0.00011005625,-0.0005842857,0.0011611879,0.0003623031,0.0004402995,0.0007582493,0.0002126731,-0.0007981248,0.00020484626,-0.00027376786,-0.00019550696,0.00026725605,0.0006057359,0.00059909,-0.0008834116,0.0004613772,0.0010699295,0.0007771477,-0.00033416972,0.00095597655,0.0014786758,0.0008129291,0.00058947504,0.001389999,0.00021125004,0.00014917925,0.0010628588,0.00078485534,0.0007975362,-0.0004810281,0.00021861121,0.00029179826,-6.2920153e-06,0.00036998838,-4.9691647e-05,0.00046429038,-0.00049705803,0.0007928796,-0.0005857982,-0.00043517724,0.0013901852,0.0008210838,-0.0001992993,0.0017527528,0.0010782257,-5.7656318e-05,0.00018411502,2.367422e-05,-0.0002458468,0.00032530352,0.00047390163,0.0007016212,-0.0004169792,-0.001260154,-0.00030804798,-0.00020250678,-0.0010732785,0.00016679242,0.0006508343,0.00075498596,0.00097481534,-0.002007816,0.0013236143,-0.00036036223,0.00066227466,-0.00081796944,0.0008361116,0.00014708564,-5.3726137e-05,-0.00037786365,-0.0005495101,-0.00084186345,9.4059855e-05,0.00037278607,0.00096091256,-0.00018523261,0.00036980584,0.00026229024,0.0008541718,0.0001890175,-3.5386533e-05,0.0002984032,0.0016591251,0.00072785094,0.0006501563,-0.0011248551,0.0011376739,-0.00028383732,0.00085617974,-0.00012862682,0.0011244491,0.001352936,0.0007829629,0.0004956722,0.00016112998,-0.00013642013,0.0012313761,-0.0006840266,-0.00020795316,0.0013602264,-0.00043353066,-0.0006364845,0.0008732788,-0.00025134906,0.00031695887,0.0007335171,0.0010212921,-0.00013163313,-0.001461912,0.00112921,0.00089020655,0.00016224012,0.0008160919,0.00082785636,-0.0006660968,-0.00029157102,-0.0008293204,0.00045293197,1.13509595e-05
