[ 0.01266781 -0.0327692 ],[-0.0005725  -0.00563548],[-0.00320246 -0.01195034],[-0.00366599 -0.01876625],[ 0.00378053 -0.01467112],[-0.000325   -0.00706546],[ 0.00061253 -0.0119235 ],[-0.00096573 -0.02085839],[-0.00276178 -0.02231135],[-0.00142219 -0.02162181],[-0.00295088 -0.00867588],[ 0.00427176 -0.01380512],[ 0.00137399 -0.00217146],[-0.00609494 -0.01663163],[ 0.01325312 -0.02298979],[ 0.0057724  -0.02163734],[ 0.00920938 -0.0337413 ],[-0.00759328 -0.0215781 ],[ 0.00109312 -0.01128968],[ 0.00442102 -0.01756283],[-0.00565835 -0.01181667],[ 0.00522431 -0.00693007],[ 0.00671955 -0.02721121],[ 0.00155534 -0.01269242],[-0.00519674 -0.01989862],[-0.00233039 -0.01751881],[-0.00699516 -0.02392448],[ 0.00687567 -0.00540257],[ 0.00723374 -0.00282541],[-0.0008861  -0.00404443],[ 0.00738756 -0.02096796],[ 0.00272794 -0.01951284],[ 0.00054664 -0.02011843],[-0.00394081 -0.0135675 ],[ 0.00644559 -0.00376364],[ 0.00357861 -0.01915265],[-0.01609277 -0.00753378],[-0.01330164 -0.01974459],[-0.00677633 -0.01318174],[ 0.0087218  -0.02446707],[-0.00633059 -0.00864321],[-0.00367368 -0.01581401],[-0.00663458 -0.00790271],[ 0.00224515 -0.01647835],[ 0.0106463  -0.01548414],[-0.0016399  -0.01032088],[ 0.00019205 -0.01528559],[ 0.00235838 -0.02136219],[-0.00766572 -0.00945952],[-0.00893035 -0.00737286],[-0.00558617 -0.01656809],[-0.00531329 -0.00794938],[ 0.00432336 -0.00486334],[-0.00375554 -0.01044027],[-0.00154346 -0.01394769],[ 6.017834e-05 -1.599456e-02],[ 0.00558125 -0.0166194 ],[-0.00091328 -0.01525876],[ 0.0042672 -0.0096973],[-0.00489054 -0.00740315],[-0.00452947 -0.02111894],[ 0.00057944 -0.00734385],[ 0.00524925 -0.01929945],[-0.00398951 -0.02150593],[ 0.0141231  -0.01855488],[ 0.00350165 -0.01187055],[ 0.0119547  -0.02459518],[ 0.0034082 -0.012961 ],[-0.00133154 -0.01963774],[-0.00089118 -0.0160942 ],[-0.00313964 -0.01123526],[-0.0073646  -0.00361693],[-0.00436726 -0.00093041],[-0.00497858 -0.0132842 ],[ 0.00353809 -0.00663829],[ 0.00575452 -0.01365173],[ 0.00275816 -0.01043316],[-0.00239848 -0.00588093],[ 0.0007813  -0.00541315],[ 0.00396537 -0.01709205],[ 0.00160419 -0.01605928],[ 0.01290643 -0.0272545 ],[-0.00042008 -0.01722812],[-0.00799086 -0.00648812],[ 0.00246678 -0.02600331],[-0.00689011 -0.01318137],[-0.00188706 -0.01264607],[-0.00331781 -0.00700344],[ 0.01222923 -0.0219085 ],[-0.0148384 -0.0048764],[-0.00138143 -0.02028319],[-0.00357664 -0.02442967],[ 0.00232472 -0.01532842],[-0.00204134 -0.01815342],[ 0.00570807 -0.01974674],[ 0.00165409 -0.0109599 ],[ 0.00421824 -0.02315103],[ 0.00638481 -0.01170874],[-0.00518819 -0.01628657],[-0.00146512 -0.01500655],[-0.00468067 -0.01941678],[-9.128079e-05 -7.590782e-03],[-0.00702157 -0.00198203],[-0.00135371 -0.01121388],[ 0.00751895 -0.01638515],[-0.00062969 -0.01217107],[ 0.00130553 -0.00876433],[ 0.00143488 -0.01720958],[ 0.00304661 -0.01638184],[-0.00230827 -0.00723276],[ 0.0001299  -0.01436614],[ 0.00359876 -0.00580649],[-0.00464195 -0.02903281],[-0.00317445 -0.01342216],[-0.00681664 -0.00855527],[ 0.00664078 -0.01859234],[-0.00237714 -0.00814932],[-0.00593522 -0.02096623],[ 0.0080646  -0.00656252],[-0.00056775 -0.01027658],[ 0.00694587 -0.0080306 ],[ 0.01303722 -0.02496324],[ 0.00865619 -0.02538082],[-0.00305165 -0.00886992],[ 0.00845579 -0.01921032],[-0.00204254 -0.01199876],[-0.00070087 -0.01637078],[-0.00599518 -0.02247839],[ 0.00199636 -0.02065379],[ 4.8097223e-05 -1.7178819e-02],[ 0.00073387 -0.02004905],[ 0.00350291 -0.02222085],[ 0.00117789 -0.01041727],[ 0.00975712 -0.02456528],[ 0.00308446 -0.00676906],[ 0.00019856 -0.011827  ],[-0.00151818 -0.00794408],[-0.00110279 -0.01221241],[-0.01102245 -0.01554798],[-0.00428451 -0.01393351],[ 0.00210162 -0.02513927],[ 0.0041915  -0.01226004],[-0.00524825 -0.01688983]
[ 0.00817573 -0.02079136],[ 0.00875006 -0.0024846 ],[ 0.01860274 -0.01114354],[ 0.01550278 -0.01515822],[ 0.01329865 -0.00951611],[ 0.0134153 -0.0132328],[ 0.00087658 -0.01498296],[ 0.01790743 -0.0260843 ],[ 0.00217929 -0.00881517],[ 0.00284463 -0.00947659],[ 0.00354364 -0.00915947],[ 0.00910801 -0.02070579],[ 0.00029506 -0.01251784],[ 0.00385362 -0.01450149],[ 0.01351663 -0.01928776],[ 0.01215805 -0.02763371],[ 0.01293189 -0.02353693],[-0.00750881 -0.01250909],[ 0.00322965 -0.01224956],[ 0.0015622  -0.01067912],[-0.00035772 -0.0110434 ],[ 0.00436224 -0.01596113],[ 0.00937516 -0.02500707],[ 0.00857368 -0.01182234],[ 0.0069434  -0.01479172],[ 0.00596851 -0.01801829],[ 0.00648118 -0.0196404 ],[ 0.00984008 -0.01026024],[ 0.00958764 -0.00924319],[-0.00976341 -0.01201079],[ 0.0097825  -0.01621611],[ 0.00742704 -0.0218203 ],[ 0.00070313 -0.02014422],[-0.00355938 -0.00404849],[-0.00022221 -0.01350623],[ 0.00196481 -0.01462969],[-0.0138779  -0.00620714],[-0.00641208 -0.01321144],[ 0.0022174  -0.01377934],[ 0.00853275 -0.01649054],[ 0.00244142 -0.00154408],[ 0.00232746 -0.01480495],[-0.00136083 -0.01061535],[ 0.01056868 -0.01129424],[ 0.00380812 -0.00679466],[-0.00290711 -0.01912826],[-0.00010175 -0.01206259],[ 0.00480038 -0.01541674],[ 0.00125896 -0.00895959],[ 0.01781136 -0.00296135],[-0.009006   -0.01196083],[ 0.00528508 -0.01195563],[ 0.00255603 -0.00687964],[ 0.00535126 -0.01259123],[ 0.00258818 -0.0082297 ],[ 0.00915186 -0.00870548],[ 0.01113068 -0.01245987],[ 0.00084572 -0.01652902],[ 0.00617125 -0.00664978],[ 0.00239005 -0.01308802],[ 0.00689625 -0.01280279],[ 0.00655004 -0.00789103],[ 0.01625684 -0.00844084],[ 0.00423938 -0.01797218],[ 0.01231848 -0.02969107],[ 0.00696314 -0.02545629],[ 0.00969284 -0.02391129],[ 0.01091087 -0.01461865],[ 0.00739245 -0.01379518],[ 0.00971832 -0.01632552],[ 0.00639525 -0.0130964 ],[0.00046614 0.00187617],[ 0.00607486 -0.00628722],[ 0.00108141 -0.01241218],[ 0.00159009 -0.01047181],[ 0.00497144 -0.01473446],[ 0.0019888  -0.01115901],[-3.6971681e-03 -2.2135675e-05],[ 0.00954479 -0.00269982],[ 0.00465228 -0.02232943],[ 0.01140328 -0.02109325],[ 0.00957469 -0.02281141],[ 0.00892783 -0.01956433],[-0.00707453 -0.00821345],[ 0.01737852 -0.02253534],[ 0.00161102 -0.01757708],[-0.00733681 -0.01526747],[-0.00071134 -0.01062842],[ 0.01189607 -0.02353173],[ 0.00512447 -0.01431603],[ 0.01080494 -0.01765752],[ 0.01826765 -0.02582925],[ 0.00633873 -0.01844505],[-0.00284641 -0.01687328],[ 0.01198724 -0.0177062 ],[ 0.00846217 -0.01412635],[ 0.0214696  -0.02514606],[ 0.0121646  -0.02180097],[-0.0040984  -0.00830085],[ 0.00673649 -0.01511463],[-0.0013607  -0.01215312],[ 0.00604789 -0.00331394],[-0.00177045 -0.00867902],[-0.00151625 -0.01005222],[ 0.004885   -0.01009574],[-0.00012755 -0.01777457],[-0.00444455 -0.00981427],[ 0.00449563 -0.01184318],[-0.00781352 -0.02451425],[ 0.01222822 -0.00447105],[ 0.00074501 -0.01844201],[ 0.00668643 -0.01104378],[-0.00249736 -0.01148932],[0.00071915 0.00017311],[-3.8743019e-06 -3.6804527e-03],[ 0.01517965 -0.01192866],[ 0.00773811 -0.01373234],[ 0.00302626 -0.01686114],[ 0.00920175 -0.01410311],[ 0.00681933 -0.00804528],[ 0.00612264 -0.01674969],[ 0.02313258 -0.02239148],[ 0.00668735 -0.01612533],[-0.00281136 -0.00756679],[ 0.00629408 -0.01231553],[ 0.00859647 -0.01357727],[ 0.0069375  -0.02032826],[ 0.00383808 -0.01920176],[ 0.00812179 -0.0107207 ],[ 0.000577   -0.01290711],[ 0.01173298 -0.00505341],[ 0.01454398 -0.0131265 ],[-0.00075355 -0.00835273],[ 0.0117576  -0.02656446],[ 0.00330041 -0.00626438],[ 0.00680043 -0.01139088],[ 0.00150356 -0.00942975],[ 0.00281259 -0.01791208],[-0.00129985 -0.01207051],[ 0.00458473 -0.01884525],[ 0.00947202 -0.02855652],[ 0.0024038  -0.01207558],[-0.00049445 -0.01683689]
[ 0.03119816 -0.00439826],[ 0.01387626 -0.00432049],[ 0.01271922 -0.00646354],[ 0.02019725 -0.01311078],[ 0.01502636 -0.00315378],[ 0.01491043 -0.01705122],[ 0.01365596 -0.00517008],[ 0.02213869 -0.02007641],[ 0.01562568 -0.01035635],[ 0.01270402 -0.00445322],[ 0.0090863  -0.00728775],[ 0.01247676 -0.01222977],[ 0.01129702 -0.00804278],[ 0.00865588 -0.0132614 ],[ 0.02301301 -0.00847445],[ 0.02179509 -0.01606313],[ 0.01155533 -0.01743446],[ 0.00563679 -0.00555287],[ 0.01144808 -0.00506133],[ 0.01223793 -0.00899578],[0.01146426 0.00074639],[ 0.01710699 -0.01716451],[ 0.01541246 -0.01647906],[ 0.01862737 -0.00459402],[0.00276873 0.00073646],[ 0.00671447 -0.01447206],[ 0.01150984 -0.01155137],[ 0.0151938  -0.00520704],[ 0.00913307 -0.00108349],[0.00559075 0.00527772],[ 0.02750663 -0.00924132],[ 0.01106386 -0.01779262],[ 0.01447473 -0.00824218],[ 0.01690049 -0.00559325],[ 0.01534839 -0.00493018],[ 0.01258215 -0.00766413],[ 0.00398207 -0.00331726],[ 0.00329191 -0.00641   ],[ 0.00929695 -0.00659478],[ 0.00609071 -0.01468522],[0.0032513  0.00039342],[ 0.00690471 -0.0053066 ],[ 0.01782051 -0.00187683],[ 0.0180418  -0.00346498],[ 0.01397862 -0.00417368],[ 0.01204121 -0.00201324],[ 0.01379497 -0.00705961],[ 0.01526662 -0.01017904],[ 0.01035773 -0.00425806],[ 0.0187817  -0.01444727],[ 0.00790708 -0.0026318 ],[ 0.01318881 -0.00086193],[ 0.01517528 -0.00421147],[ 0.00944108 -0.00773617],[ 0.00941123 -0.00172768],[ 0.01625437 -0.00176661],[ 0.01531297 -0.00129341],[ 0.01409527 -0.0022664 ],[ 0.01650443 -0.00294995],[ 0.01161847 -0.0048642 ],[ 0.01900144 -0.00098933],[ 0.00917642 -0.00919262],[ 0.01561014 -0.01362863],[ 0.00667284 -0.00254204],[ 0.02627178 -0.01144956],[ 0.01398446 -0.01953676],[ 0.013591   -0.01188312],[ 0.01332921 -0.00831839],[ 0.02323241 -0.00830332],[ 0.01000625 -0.01263893],[ 0.01004921 -0.01056079],[ 0.01003885 -0.00492353],[ 0.00415283 -0.00659254],[ 0.01090576 -0.0079925 ],[0.01530696 0.00015415],[ 0.01680135 -0.01000043],[0.01447424 0.00035506],[ 0.00440589 -0.00371717],[0.01166811 0.0062629 ],[ 0.01214318 -0.01398383],[ 0.01336787 -0.01852863],[ 0.01852906 -0.01539506],[ 0.01439054 -0.01229106],[ 0.00157759 -0.00353546],[ 0.00678186 -0.01838364],[ 0.00751381 -0.00970142],[ 0.00879361 -0.01221148],[ 0.01682584 -0.00766146],[ 0.02067617 -0.01747395],[ 0.00678973 -0.00866535],[ 0.01695681 -0.01242781],[ 0.02710462 -0.02752137],[ 0.01648591 -0.00619872],[ 0.00461423 -0.01476648],[0.02311426 0.00075923],[ 0.01001361 -0.01545643],[ 0.01911104 -0.02123591],[ 0.01417721 -0.01683635],[ 0.01329349 -0.00654155],[ 0.00800945 -0.01406275],[-0.00041305 -0.0183918 ],[ 0.00956087 -0.01017591],[ 0.00838497 -0.01064929],[ 0.00984971 -0.00612553],[ 0.01116488 -0.01017438],[ 0.0129289  -0.01085305],[ 0.01562614 -0.01188216],[ 0.0101983  -0.01806636],[ 0.00564497 -0.00616583],[ 0.00422693 -0.00649684],[ 0.01836261 -0.01735625],[ 0.01897667 -0.00143553],[ 0.00238876 -0.00646763],[ 0.01713238 -0.00287867],[0.00592945 0.00065105],[ 0.00588399 -0.01557642],[ 0.00810692 -0.01336185],[ 0.0190313  -0.00082441],[ 0.01698167 -0.0158041 ],[ 0.01228729 -0.0057458 ],[ 0.01373596 -0.01539832],[ 0.02483363 -0.0198947 ],[ 0.01349044 -0.00199727],[ 0.00587534 -0.00408549],[ 0.01074198 -0.00714835],[ 0.01109627 -0.01086879],[ 0.01378757 -0.01429442],[ 0.01264963 -0.0130874 ],[ 0.01141295 -0.00284868],[ 0.01450449 -0.00911353],[ 0.01219135 -0.0209616 ],[ 0.0227463  -0.00750749],[ 0.00518312 -0.00555314],[ 0.01677747 -0.02437746],[ 0.0050793  -0.01545632],[ 0.0090154 -0.0085902],[ 0.00626145 -0.00668549],[ 0.00970683 -0.01053812],[ 0.00426819 -0.00965222],[ 0.00713559 -0.01427602],[ 0.01960575 -0.0153571 ],[ 0.02476978 -0.00682974],[ 0.00886725 -0.00749545]
[-0.02683311  0.00506467],[-0.02616666  0.01853137],[-0.02492138  0.00774031],[-0.02311895  0.01551855],[-0.02267268  0.00625679],[-0.02132457  0.0070115 ],[-0.02473495  0.00812146],[-0.02437771  0.00545734],[-0.0336799   0.01681579],[-0.03276404  0.02224915],[-0.03350855  0.01894654],[-0.02474101  0.0081199 ],[-0.03234543  0.01376551],[-0.02762601  0.00820086],[-0.02544637  0.00439653],[-0.03343873  0.00315273],[-0.02059452 -0.00029463],[-0.0255227  0.0164533],[-0.03375694  0.01529196],[-0.02692424  0.0080678 ],[-0.03159712  0.01813088],[-0.02475271  0.01339883],[-0.01809715 -0.00601846],[-0.02513697  0.01168248],[-0.01892488  0.01073512],[-0.03402331 -0.00110473],[-0.03251842  0.0077932 ],[-0.02714345  0.00880465],[-0.02669781  0.01442996],[-0.03585734  0.02292662],[-0.0187528   0.00104081],[-0.01893831  0.00835003],[-0.02688146  0.01296496],[-0.03045946  0.00754824],[-0.02630119  0.02001342],[-0.0191066   0.01114324],[-0.04071476  0.00914659],[-0.02675869  0.00929074],[-0.03057958  0.01870324],[-0.02474198 -0.00278915],[-0.03631286  0.01851963],[-0.02976297  0.00416399],[-0.03058821  0.01680188],[-0.01773814  0.00410185],[-0.03426962  0.0093111 ],[-0.03102208  0.02104998],[-0.02707396  0.01097941],[-0.02273689  0.00357547],[-0.02640747  0.01661796],[-0.02401749  0.01047653],[-0.0385874   0.02062479],[-0.03385662  0.01271219],[-0.02541663  0.0127009 ],[-0.03041397  0.00918229],[-0.03544181  0.01850147],[-0.02359024  0.01523255],[-0.03228442  0.00990862],[-0.03076631  0.00650579],[-0.03044742  0.00162757],[-0.02234638  0.00260253],[-0.02155896  0.00733273],[-0.0334104   0.01501349],[-0.0264898   0.01185245],[-0.02785503  0.01847798],[-0.01286807  0.01344273],[-3.1805076e-03 -4.5444816e-05],[-0.02598908 -0.00429283],[-0.0322585   0.01780279],[-0.02577772  0.00546001],[-0.02578359  0.00490959],[-0.03062651  0.00418673],[-0.02938025  0.01573829],[-0.03210006  0.01569536],[-0.03012572  0.00694851],[-0.02924448  0.01275612],[-0.02592653  0.01389268],[-0.03226888  0.02016528],[-0.04428344  0.02294831],[-0.02977765  0.02139559],[-0.02806814  0.00020399],[-0.02265471  0.01110921],[-0.01435203  0.00755426],[-0.02556773  0.00543876],[-0.04048579  0.01216184],[-0.0354035   0.00784109],[-0.03216189  0.01593561],[-0.03592484  0.00613186],[-0.03323428  0.01132235],[-0.0227444   0.00228532],[-0.03999997  0.02021064],[-0.02859564  0.00670338],[-0.02626895  0.00430676],[-0.03043128  0.00886036],[-0.03033603  0.0143415 ],[-0.01933932  0.01199811],[-0.0308752   0.01248758],[-0.01874192  0.00196156],[-0.02126404  0.01135365],[-0.03095429  0.00855412],[-0.02363086 -0.00051725],[-0.03478103  0.00515845],[-0.02128911  0.01638618],[-0.03273299  0.01309456],[-0.02259854  0.01586975],[-0.02686048  0.00811442],[-0.03346881  0.01318338],[-0.03553495  0.01389242],[-0.02298475  0.01268179],[-0.02765379  0.0030968 ],[-0.03563406  0.01339132],[-0.02611498  0.00812869],[-0.02724575  0.01172876],[-0.03536841  0.00737289],[-0.02391792  0.00924304],[-0.04125749  0.01362521],[-0.03511821  0.0103734 ],[-0.02232404  0.01267653],[-0.02198364  0.00697476],[-0.02859563  0.00959039],[-0.0277175   0.01083051],[-0.02404172  0.01016606],[-0.00991544 -0.00277785],[-0.02578654  0.02430932],[-0.03410009  0.01691345],[-0.03256968  0.01406012],[-0.02662784  0.01143403],[-0.02258755  0.01810499],[-0.03492571  0.00413376],[-0.03293626  0.01370069],[-0.03633135  0.0138676 ],[-0.02052059  0.0099045 ],[-0.03123208  0.00542399],[-0.02385953  0.01509462],[-0.03160088 -0.0033406 ],[-0.0358632   0.01458281],[-0.02939438  0.00622104],[-0.02631236  0.01539724],[-0.02254011  0.00834446],[-0.03458485  0.01193903],[-0.02832361  0.00825413],[-0.02410644  0.00964744],[-0.0314445   0.00941075],[-0.03268171  0.01190064]
[-0.01051469  0.00528259],[-0.02078522  0.02294748],[-0.01537709  0.01105605],[-0.01480514  0.00566212],[-0.02007461  0.01427855],[-0.01593793  0.01543736],[-0.03693417  0.01572219],[-0.02082309  0.01029425],[-0.02413     0.02423055],[-0.03225181  0.02796458],[-0.03643199  0.01874585],[-0.02282382  0.0232319 ],[-0.02780329  0.02114949],[-0.03016496  0.02274219],[-0.02730445  0.00361758],[-0.04105381  0.00411519],[-0.02086804  0.01350439],[-0.03266446  0.02650079],[-0.02413715  0.02448061],[-0.03483982  0.01139665],[-0.02810036  0.01654207],[-0.02105091  0.01019973],[-0.01288313  0.00561528],[-0.02475949  0.02059557],[-0.02042381  0.019412  ],[-0.04063469  0.00335597],[-0.03147185  0.01287189],[-0.02885147  0.01577868],[-0.03139085  0.02371625],[-0.02601039  0.02406619],[-0.02914936  0.02033155],[-0.02374401  0.02358381],[-0.02476224  0.02149134],[-0.03077831  0.02496565],[-0.02212582  0.01212458],[-0.03553581  0.01282913],[-0.03884324  0.03086324],[-0.04342806  0.00558913],[-0.0323504  0.0228423],[-0.01869716  0.00508228],[-0.03344784  0.02124944],[-0.04241065  0.01208676],[-0.02654231  0.02431858],[-0.01876517  0.00906232],[-0.03045545  0.01626453],[-0.01786682  0.02679863],[-0.03408077  0.02165936],[-0.02470916  0.01283926],[-0.02890712  0.0218189 ],[-0.01614309  0.0191775 ],[-0.04197165  0.02268766],[-0.02454537  0.02333174],[-0.03122801  0.02060694],[-0.0254157   0.01251139],[-0.0332218   0.01832356],[-0.02285727  0.01053267],[-0.02824594  0.00973631],[-0.03807162  0.02037443],[-0.0333603   0.01599468],[-0.02279072  0.01005492],[-0.03708613  0.00984433],[-0.03251638  0.0229093 ],[-0.02410567  0.02112687],[-0.02063196  0.02696824],[-0.01776678  0.01061868],[-0.01261505  0.00569538],[-0.03252264  0.008242  ],[-0.01670296  0.01950283],[-0.02897596  0.02076406],[-0.02877349  0.01687621],[-0.03369348  0.00761503],[-0.02861896  0.02864418],[-0.02934899  0.02583492],[-0.02667395  0.02229732],[-0.03802127  0.01405121],[-0.0269893   0.02087213],[-0.03701025  0.0275007 ],[-0.03011549  0.03198547],[-0.02962386  0.02469411],[-0.01704802  0.0103014 ],[-0.01892792  0.00651738],[-0.00986643  0.00791578],[-0.01577765  0.01470754],[-0.03974012  0.01639385],[-0.01965915  0.02158858],[-0.04177055  0.01925051],[-0.04490859  0.02037853],[-0.03622051  0.0164929 ],[-0.02611473  0.00851069],[-0.02875821  0.01338097],[-0.03380775  0.01283734],[-0.02015479 -0.00145974],[-0.03466182  0.01145317],[-0.03573617  0.01561445],[-0.01825859  0.01245406],[-0.02644238  0.02077343],[-0.02253119  0.00488302],[-0.02344507  0.01200467],[-0.0276214   0.02759887],[-0.04049642  0.01512451],[-0.0435892   0.01676569],[-0.02957394  0.02233721],[-0.02759624  0.02098252],[-0.0373821   0.02063654],[-0.03140279  0.00806148],[-0.02744903  0.01404987],[-0.02720026  0.0215982 ],[-0.02105637  0.01988001],[-0.04137647  0.02694752],[-0.04578558  0.02465788],[-0.01654819  0.01850366],[-0.02377874  0.01891705],[-0.02996023  0.01704587],[-0.03439328  0.01847399],[-0.04648215  0.02116013],[-0.03114306  0.01651084],[-0.02880687  0.01136165],[-0.02763061  0.01564086],[-0.02890662  0.01219935],[-0.02851413  0.01670196],[-0.02274549  0.01785986],[-0.0241829   0.00501448],[-0.0277165   0.01658485],[-0.03724346  0.02222372],[-0.03324461  0.01598437],[-0.02998439  0.01023751],[-0.02512034  0.01065783],[-0.02529231  0.01423021],[-0.03076814  0.01417396],[-0.03750822  0.02760597],[-0.03055934  0.01322727],[-0.02469634  0.01435886],[-0.03002807  0.01486745],[-0.01990714  0.01425715],[-0.04614176  0.01437099],[-0.02502646  0.01399301],[-0.03015409  0.01102041],[-0.03435502  0.011402  ],[-0.0420026   0.02246002],[-0.0244436   0.00874155],[-0.01670846  0.01497407],[-0.03125223  0.01874647],[-0.03151088  0.01848179]
[ 0.00382919 -0.00781228],[0.00123708 0.00252547],[-0.00165202 -0.0024891 ],[-0.00166755 -0.0105833 ],[0.00508366 0.00552512],[ 0.00702319 -0.00588211],[-0.00970579  0.00744259],[ 0.0056569  -0.02139829],[-0.00256116  0.00342375],[-0.00808254  0.00965006],[-0.00419885 -0.0005163 ],[ 0.00138202 -0.00569227],[-0.00900115 -0.00507413],[ 0.00340183 -0.00550372],[-0.00374198 -0.00826829],[-0.00326934 -0.01260557],[ 0.01040315 -0.01127101],[-0.00580952 -0.00161811],[-0.00231944  0.00939182],[-0.00168353 -0.00239193],[-0.00198161  0.00949538],[-0.00076992 -0.01445249],[ 0.00150542 -0.01850323],[0.00292502 0.00199417],[-0.0019481   0.00150392],[-0.00989588 -0.00697511],[-0.00452611 -0.00808214],[0.00059083 0.00054904],[0.00503072 0.00256127],[-0.00926188  0.01033139],[-0.01042509  0.00221621],[-0.00029661 -0.00078639],[-0.00472974 -0.00023646],[-0.00632334  0.00169725],[-0.00188391  0.00080584],[-0.00358934 -0.00222332],[-0.01196085  0.0078317 ],[-0.02179044  0.00125429],[-0.00608127 -0.01368415],[-0.00216718 -0.01769877],[-0.01675207  0.00409945],[-0.01108017 -0.01089421],[-0.00063355 -0.0020373 ],[-4.341826e-05  1.266297e-03],[-0.00481757  0.00298915],[0.00137514 0.00716353],[0.00172491 0.00318845],[-0.01117944 -0.00324446],[-0.00979138  0.0004549 ],[ 0.00874961 -0.00051204],[-0.01490863  0.00471537],[-0.0063241   0.00825157],[-0.00039705 -0.00675414],[-0.01235434  0.00030939],[-0.01267495 -0.00467474],[-0.00099679 -0.00317497],[-0.00725157 -0.00080799],[-0.01258357  0.00132361],[-0.00880408  0.00452782],[-0.00596527 -0.00452546],[-0.011165   -0.01017369],[-0.00778138  0.00369755],[-0.00471605  0.00311878],[-0.00781877  0.00811722],[ 0.00528193 -0.01021314],[ 0.00482579 -0.01435169],[-0.00508258 -0.00778154],[-0.00413202  0.002329  ],[0.00512393 0.00240522],[ 7.5716525e-05 -1.0385118e-02],[-0.00479863  0.00132791],[-0.01364601 -0.00438883],[0.00069369 0.00555095],[-0.00177756 -0.00117488],[-0.01107165 -0.00460686],[-0.00426701 -0.00224048],[-0.0098188   0.00377756],[-0.00375608  0.0062434 ],[-0.00824504 -0.00097162],[ 0.00569426 -0.00423387],[ 0.00062513 -0.01014506],[ 0.0140826  -0.01300387],[ 0.00167589 -0.00529746],[-0.00853578  0.00271195],[ 0.00543289 -0.00662022],[ 0.0002759  -0.00860579],[-0.01297985 -0.00104826],[0.0004701  0.00027337],[-0.00762656 -0.01179034],[-0.00936047  0.00242509],[-0.0100582  -0.00469175],[ 0.01115402 -0.0196066 ],[-0.00661882  0.00048537],[-0.00155916  0.00171129],[ 0.00054334 -0.00033661],[-0.01452002 -0.00757925],[ 0.00593607 -0.00823951],[-0.00048999 -0.00940869],[-0.00535916  0.00111882],[-0.00610748  0.00023305],[-0.02484512 -0.00015779],[-0.00719561 -0.00638382],[-0.00741148  0.00498079],[-0.00621044  0.00379752],[-0.00264455 -0.01240655],[-0.00122583  0.012413  ],[-0.00336298  0.00216443],[-0.00408084  0.00315721],[-0.01469264  0.01053774],[-0.01935147  0.00660625],[ 0.01156376 -0.00962177],[-0.00079911  0.00188015],[-0.00728857 -0.00330696],[-0.01017981  0.00035662],[-0.00903228 -0.00223193],[-0.01478144  0.01289599],[-0.00453057 -0.00150276],[-0.00119383  0.00872519],[-0.00830073 -0.0048933 ],[-0.01230748 -0.00244479],[-0.00704043  0.00380008],[ 0.00676582 -0.01191975],[-0.00215206  0.00193578],[-0.00155745  0.00823187],[-0.00941886  0.0035276 ],[-0.00453114 -0.00584491],[-0.00553757 -0.00424308],[-0.00282208  0.00454767],[-0.01079121 -0.0035684 ],[-0.0027595  -0.00151369],[ 0.00251724 -0.01000909],[-1.0761134e-03  6.3098967e-05],[-0.00887804 -0.00710265],[0.00583012 0.00072153],[-0.01059547 -0.00246682],[-0.00081347 -0.00284494],[-0.00502717 -0.00876676],[0.00272408 0.00038039],[-0.01288257 -0.00379586],[-0.004071   -0.00383014],[ 0.00103185 -0.00147079],[ 0.00765229 -0.00934004],[-0.00382793 -0.00315331]
[-0.02074494 -0.01627887],[-0.01137774 -0.00787966],[-0.01079757 -0.01797931],[-0.0072476  -0.01563486],[-0.01007974 -0.01508525],[-0.01052646 -0.01663629],[-0.03076205 -0.01202232],[-0.00584053 -0.01886216],[-0.02177399 -0.01327296],[-0.02215597 -0.00671614],[-0.02128477 -0.01306433],[-0.01915485 -0.0120652 ],[-0.02319892 -0.01704383],[-0.01101794 -0.01031803],[-0.00867688 -0.01677908],[-0.01010282 -0.01994878],[-0.00851609 -0.01028542],[-0.02495078 -0.00673988],[-0.0160768  -0.00028376],[-0.02501551 -0.00710876],[-0.01623593 -0.00556002],[-0.00894821 -0.02336014],[-0.01483443 -0.02754063],[-0.007776   -0.01347533],[-0.00061726 -0.00703705],[-0.02040428 -0.01332672],[-0.02068468 -0.01371702],[-0.01507439 -0.01560269],[-0.02260135 -0.00444864],[-0.02067948 -0.00123691],[-0.0068719  -0.00850982],[-0.01503116 -0.01004352],[-0.01877189 -0.01175874],[-0.01616868 -0.0057432 ],[-0.02076204 -0.00968624],[-0.01521551 -0.01206131],[-0.01044814 -0.0153848 ],[-0.02606765 -0.02017217],[-0.02342884 -0.01267089],[-0.02585204 -0.01651722],[-0.0220098  -0.00890217],[-0.0149905  -0.01682838],[-0.01493377 -0.01819207],[-0.00959592 -0.0165719 ],[-0.02772222 -0.01740694],[-0.01702264 -0.01757283],[-0.02432058 -0.0149638 ],[-0.02143468 -0.00941081],[-0.02184281 -0.00618198],[-0.00419094 -0.01336364],[-0.02111931 -0.00357936],[-0.02256665 -0.01162681],[-0.01441642 -0.0102949 ],[-0.01713183 -0.01410323],[-0.02154921 -0.01727767],[-0.01580354 -0.01514797],[-0.01667798 -0.01555301],[-0.02157766 -0.0076781 ],[-0.0222025  -0.01369343],[-0.01383585 -0.02062068],[-0.01040586 -0.00949059],[-0.0220287 -0.0127082],[-0.02011567 -0.00565915],[-0.01331832 -0.00863053],[-0.01023741 -0.01643632],[-0.01135635 -0.02695325],[-0.01667979 -0.01839207],[-0.01837076 -0.01797741],[-0.0187122  -0.01305272],[-0.01564842 -0.01308576],[-0.0178706  -0.01043307],[-0.02363038 -0.00608285],[-0.01866398 -0.0114793 ],[-0.02025392 -0.01860758],[-0.02425412 -0.0102447 ],[-0.01648616 -0.0143921 ],[-0.02089626 -0.01176778],[-0.0252148  -0.00358708],[-0.01923972 -0.02007454],[-0.00891275 -0.02473429],[-0.01821639 -0.01384858],[-0.00127974 -0.01032936],[-0.0094477  -0.01443867],[-0.02324228 -0.00451753],[-0.02738412 -0.01920564],[-0.01971343 -0.01436048],[-0.02690472 -0.01144583],[-0.01816299 -0.01428105],[-0.01636373 -0.02890892],[-0.01300001 -0.01554097],[-0.01646852 -0.02251475],[-0.00593729 -0.03525855],[-0.02099155 -0.01325   ],[-0.01796625 -0.00961051],[-0.01320083 -0.01277245],[-0.02499469 -0.00851342],[-0.00687964 -0.02332047],[-0.00655595 -0.01504514],[-0.01996739 -0.00872016],[-0.01701792 -0.01574941],[-0.03254033 -0.01031305],[-0.01683797 -0.01056374],[-0.02315937 -0.01104471],[-0.02213714 -0.00960037],[-0.01276281 -0.01076448],[-0.01278426 -0.00025611],[-0.01870879 -0.01287444],[-0.01669963 -0.01295317],[-0.02770432 -0.01240275],[-0.02495763 -0.01062243],[-0.0187705  -0.01330827],[-0.01246436 -0.00919256],[-0.01957902 -0.01213074],[-0.02863261 -0.01414594],[-0.02225589 -0.00970658],[-0.01526826 -0.00533919],[-0.01003272 -0.01149819],[-0.01454146 -0.02242457],[-0.01255394 -0.01076909],[-0.02613276 -0.00823056],[-0.01989195 -0.01580032],[-0.01329735 -0.02268142],[-0.01860293  0.00165688],[-0.0200045  -0.00567382],[-0.02367118 -0.01957083],[-0.01757822 -0.01634221],[-0.01092127 -0.01234956],[-0.02045881 -0.0080321 ],[-0.02646529 -0.01642065],[-0.0182431  -0.02063657],[-0.01648048 -0.01516979],[-0.0177713  -0.01429673],[-0.02396456 -0.02429393],[-0.01958098 -0.00992475],[-0.02246178 -0.00851475],[-0.01381854 -0.01528479],[-0.01788504 -0.01630639],[-0.01328856 -0.01379864],[-0.02196935 -0.01973126],[-0.01976423 -0.01151882],[-0.01265613 -0.01415673],[-0.01646128 -0.02563079],[-0.01835586 -0.0251592 ]
[-0.021306    0.01791523],[-0.02837883  0.01877028],[-0.02400215  0.0094556 ],[-0.022264    0.01313202],[-0.02412495  0.01104996],[-0.02385896  0.01502784],[-0.03698999  0.0213925 ],[-0.02596359  0.0040573 ],[-0.02891716  0.00710684],[-0.0366157   0.02119421],[-0.03546277  0.01602386],[-0.03353617  0.01554891],[-0.02849247  0.01674041],[-0.02810958  0.01553334],[-0.02249973  0.01028227],[-0.02511037  0.00830981],[-0.02403377  0.01287609],[-0.03021961  0.01652648],[-0.03663714  0.01479308],[-0.03001286  0.01267789],[-0.01929488  0.01770781],[-0.03121096  0.01518955],[-0.02686795 -0.00876835],[-0.02313654  0.02184848],[-0.02488077  0.02203584],[-0.03182603  0.0050023 ],[-0.04052972  0.00819838],[-0.02120427  0.0110807 ],[-0.03746393  0.02433426],[-0.03733812  0.02600133],[-0.02506023  0.0038259 ],[-0.02719502  0.01946887],[-0.03184582  0.01494686],[-0.02349482  0.01638315],[-0.02825071  0.01312965],[-0.02202484  0.02165547],[-0.03919085  0.0100987 ],[-0.02721616  0.00317317],[-0.03724905  0.02714813],[-0.03135919  0.0188731 ],[-0.02949596  0.01596638],[-0.02438593  0.01322193],[-0.02653532  0.00488124],[-0.01881109  0.01483443],[-0.03743225  0.01282118],[-0.01789445  0.01654637],[-0.03645231  0.01609113],[-0.03890443  0.01445132],[-0.03060786  0.01866258],[-0.02130707  0.02591261],[-0.04083959  0.02463687],[-0.03530532  0.02390299],[-0.02875215  0.02869742],[-0.03049663  0.00757445],[-0.03718875  0.01582216],[-0.02260253  0.00520816],[-0.0298528   0.01216502],[-0.0331662   0.01939861],[-0.02023474  0.01960094],[-0.02383258  0.0109258 ],[-0.02269419  0.02173407],[-0.02534285  0.02953418],[-0.01905975  0.02717414],[-0.02499582  0.01782614],[-0.0181689   0.01373204],[-0.02201558  0.00082154],[-0.02671499  0.00526347],[-0.02677682  0.00997468],[-0.01749451  0.01890723],[-0.03266773  0.01345025],[-0.02847593  0.01214601],[-0.03213508  0.02071846],[-0.0339347   0.02405276],[-0.03546342  0.01821215],[-0.02705036  0.02521868],[-0.02659272  0.0093891 ],[-0.03159202  0.02753691],[-0.03859086  0.01933732],[-0.02865132  0.01787963],[-0.03516157  0.01110419],[-0.03725099  0.01121865],[-0.01594607  0.00996599],[-0.02122361  0.01929323],[-0.03541419  0.0203525 ],[-0.04397275  0.00358601],[-0.03257726  0.01821571],[-0.03454958  0.01787834],[-0.03476311  0.01505174],[-0.02470777 -0.00109231],[-0.02440661  0.00752467],[-0.03071731  0.01036693],[-0.02736298 -0.00799322],[-0.02922609  0.01503527],[-0.03765637  0.01592688],[-0.02055311  0.01488556],[-0.03418609  0.02687661],[-0.02072153  0.00846948],[-0.02172273  0.01107242],[-0.0291892   0.01685169],[-0.02624045  0.01579514],[-0.03614304  0.0165954 ],[-0.02445063  0.00811844],[-0.03202996  0.0144458 ],[-0.03481314  0.01589167],[-0.02499061  0.00962907],[-0.04239874  0.02096743],[-0.02205287  0.00802455],[-0.03058545  0.02679342],[-0.04090828  0.02074488],[-0.03975284  0.02684968],[-0.01018073  0.00307232],[-0.01906938  0.01399369],[-0.02510062  0.00649728],[-0.03747198  0.01658769],[-0.0388878   0.02220657],[-0.02648841  0.02238591],[-0.03375261  0.0086157 ],[-0.02561517  0.00898072],[-0.02493355  0.0131859 ],[-0.0287115   0.01194746],[-0.02504684  0.00602862],[-0.01694861 -0.00514135],[-0.02784824  0.01005059],[-0.03442086  0.02047125],[-0.03491656  0.0094573 ],[-0.03223393  0.01141764],[-0.03644054  0.01935975],[-0.02262934  0.02050246],[-0.03786753  0.00506822],[-0.04005338  0.01836526],[-0.03371392  0.00553392],[-0.03133507  0.01134972],[-0.0275372   0.00687243],[-0.01935412  0.01608714],[-0.04981555  0.0288057 ],[-0.03416643  0.00566999],[-0.02426578  0.01585552],[-0.03366361  0.01629452],[-0.04197711  0.01445947],[-0.03138678  0.01185862],[-0.02689921  0.01521768],[-0.02446752  0.01438421],[-0.02367057  0.00691579]
[-0.07962719  0.03245544],[-0.06544057  0.04269368],[-0.07502848  0.0397036 ],[-0.06938216  0.03319027],[-0.0592382   0.02900241],[-0.0679367   0.04109232],[-0.08828203  0.05164951],[-0.06325605  0.02631051],[-0.08508127  0.03320655],[-0.08010799  0.0533609 ],[-0.07103374  0.03922974],[-0.07590446  0.03470166],[-0.07286597  0.0313384 ],[-0.07224245  0.04393794],[-0.06172664  0.0297698 ],[-0.06388687  0.03472316],[-0.06839752  0.03014843],[-0.08633929  0.04310092],[-0.08306631  0.04749618],[-0.08409894  0.04264862],[-0.0799084   0.03763536],[-0.07374434  0.03482613],[-0.08288632  0.03382726],[-0.0845832   0.04448178],[-0.06290299  0.03903217],[-0.07473092  0.03379816],[-0.08267385  0.03808125],[-0.0712143   0.02973965],[-0.07040045  0.04191665],[-0.07704815  0.04710232],[-0.08253862  0.0436326 ],[-0.06808116  0.02755976],[-0.08577637  0.03362674],[-0.08362181  0.04581397],[-0.07800228  0.0531323 ],[-0.06949052  0.04385181],[-0.09559819  0.04545022],[-0.07894047  0.03340393],[-0.08908643  0.04878183],[-0.07689045  0.04384799],[-0.07564641  0.04674634],[-0.0710596   0.03020328],[-0.08852345  0.04211368],[-0.07476068  0.03834028],[-0.08427734  0.03708354],[-0.07916271  0.04751423],[-0.08158237  0.04390606],[-0.08068085  0.03684805],[-0.06953011  0.03477032],[-0.06817935  0.04656803],[-0.08504625  0.0441139 ],[-0.08695556  0.04496411],[-0.07440142  0.04281203],[-0.08891971  0.03884897],[-0.08557609  0.03798844],[-0.07683731  0.03500541],[-0.07745653  0.03224646],[-0.08311918  0.03824145],[-0.0799595   0.04053722],[-0.07259696  0.03550377],[-0.07621062  0.03597002],[-0.07753819  0.03853609],[-0.06515701  0.0453844 ],[-0.07751707  0.04101276],[-0.06710827  0.03505713],[-0.06354357  0.03083676],[-0.08446725  0.0373048 ],[-0.07223602  0.04491743],[-0.07800002  0.03673935],[-0.07799251  0.04339582],[-0.08281362  0.03884166],[-0.08382759  0.04394114],[-0.0800227   0.04105664],[-0.08441187  0.0333708 ],[-0.07152975  0.0353713 ],[-0.08233376  0.03722668],[-0.08399008  0.04701417],[-0.08354639  0.0514325 ],[-0.06715502  0.04099673],[-0.05407745  0.02658457],[-0.07568003  0.04427911],[-0.07045351  0.03307664],[-0.06519035  0.03991547],[-0.08673323  0.0380763 ],[-0.07886331  0.03206708],[-0.08416421  0.04844457],[-0.09024032  0.04470614],[-0.09621027  0.0422231 ],[-0.06282627  0.03194525],[-0.08111397  0.04241768],[-0.08259503  0.04258554],[-0.07107307  0.03023832],[-0.0785618   0.03499492],[-0.0793445   0.04052788],[-0.0693529   0.04277094],[-0.08152802  0.04354113],[-0.06907851  0.03835462],[-0.06807393  0.04080806],[-0.08019917  0.03499187],[-0.07758162  0.04373997],[-0.09555927  0.04514733],[-0.07204857  0.03670263],[-0.08538064  0.04388074],[-0.08611348  0.04598049],[-0.05814469  0.03811295],[-0.08412048  0.04327679],[-0.07369871  0.04348639],[-0.07006159  0.03690886],[-0.0758769   0.04299556],[-0.08591761  0.03998967],[-0.06640501  0.03307194],[-0.0698178   0.03870868],[-0.0795495  0.0277236],[-0.08378596  0.03837856],[-0.08101623  0.04617396],[-0.07742622  0.05064689],[-0.06916284  0.0355012 ],[-0.0659793   0.03851094],[-0.06956602  0.04078078],[-0.07415206  0.03809408],[-0.06516563  0.0399517 ],[-0.07232054  0.02911234],[-0.06462111  0.04076978],[-0.07357363  0.03363027],[-0.07727998  0.03697287],[-0.07909128  0.04387754],[-0.08194835  0.04522979],[-0.07309294  0.04842114],[-0.08416338  0.0385931 ],[-0.08117259  0.03978084],[-0.06612431  0.02850432],[-0.07587031  0.04536431],[-0.07664891  0.03408749],[-0.08584638  0.04289458],[-0.07788631  0.04286855],[-0.07465295  0.03283504],[-0.07390246  0.03123135],[-0.0803516  0.0386783],[-0.08159191  0.03376733],[-0.07964911  0.04140393],[-0.07769845  0.04157803],[-0.07986587  0.0483846 ],[-0.0699532   0.03075337]
[-0.01037205  0.01114528],[-0.00726126  0.00589947],[-0.01615478  0.00555398],[-0.00117712 -0.00430604],[-0.0121765  -0.00626454],[-0.01665848  0.00499292],[-0.03207385  0.01137348],[-0.0147694  -0.00671664],[-0.01253364 -0.00275161],[-0.00918305  0.0103918 ],[-0.01125492  0.00195096],[-0.01125266  0.00902909],[-0.01616398  0.00889343],[-0.01213937  0.00944903],[-0.00794768  0.00333203],[-0.01348137 -0.00016107],[-0.01032189  0.0023866 ],[-0.02233674 -0.00171776],[-0.02366204  0.01718114],[-0.02707499  0.01026137],[-0.00968565  0.01549743],[-0.01485777 -0.00180213],[-0.01726151  0.00339939],[-0.01402627  0.00702287],[-0.00345194  0.00509587],[-0.0185983   0.00269846],[-0.02778543  0.00767508],[-0.01594277  0.00208383],[-0.02081455  0.00703807],[-0.01788975  0.00771299],[-0.01273632  0.00584348],[-0.01910453  0.00764066],[-0.01677163 -0.00032163],[-0.00800682  0.01533475],[-0.01512051  0.00623325],[-0.01795213  0.01344197],[-0.02563488  0.01446686],[-0.02939258  0.00016915],[-0.02326001  0.00860364],[-0.01327439  0.01127132],[-0.01110005  0.00629055],[-0.01191863 -0.00155606],[-0.01330711  0.01101702],[-0.00161131  0.01325814],[-0.01702975 -0.00251264],[-0.01508489  0.00668117],[-1.543450e-02 -6.322563e-05],[-0.01084685  0.001192  ],[-0.00590594  0.01020072],[-0.00968491  0.0054195 ],[-0.01967897  0.01685066],[-0.02127246  0.01722278],[-0.01721348  0.00820942],[-0.01676786  0.00124187],[-0.02005249  0.0050395 ],[-0.01229243 -0.00037223],[-0.01858719  0.00693716],[-0.03104907  0.01581353],[-0.02855258 -0.00087476],[-0.0160759   0.01179085],[-0.00740381  0.00583007],[-0.01813937  0.00737659],[-0.01076636  0.00509111],[-0.01637835  0.00914545],[-0.01039513 -0.00357416],[-0.01214303 -0.00606764],[-0.02790262  0.00357911],[-0.00888186 -0.00199289],[-0.0139137  -0.00084303],[-0.01459421  0.00887693],[-0.02546505  0.00805616],[-0.00939311  0.01604261],[-0.01972914  0.01111571],[-0.02093123  0.007946  ],[-0.02386037  0.00791045],[-0.009183    0.00417826],[-0.01485422  0.00619118],[-0.01497056  0.00674089],[-0.01742949  0.0112469 ],[-0.0016543  -0.00043729],[-0.02200787  0.0073127 ],[-0.01398089  0.00322225],[-0.01342602  0.00552422],[-0.01560812  0.01056004],[-0.02833265  0.00273688],[-0.0189049   0.00918274],[-0.02325534  0.00800113],[-0.01612233  0.00783419],[-0.0226247  -0.00697153],[-0.01836918  0.00923191],[-0.01945336  0.00749862],[-0.0149385  -0.00047304],[-0.02644132  0.00796152],[-0.01176611  0.00943898],[-0.00905959  0.01104732],[-0.01817989  0.00694276],[-0.00601128 -0.00015559],[-0.00731006  0.00527044],[-0.0146447   0.00703276],[-0.01722322  0.00890616],[-0.03318548  0.00709008],[-0.00921301  0.01019099],[-0.02124317 -0.00061493],[-0.02782041  0.00594276],[-0.01506062  0.00993699],[-0.01476457 -0.00274346],[-0.01291741  0.00711955],[-0.01864189  0.00833223],[-0.02275312  0.00701267],[-0.01934096  0.00999597],[-0.01445971 -0.00741167],[-0.01568467  0.00789641],[-0.01760536  0.00187113],[-0.01619373  0.01108333],[-0.01781435  0.01169183],[-0.01151763  0.0126306 ],[-0.01805707  0.00720882],[-0.01285848  0.00635823],[-0.01178512  0.00492686],[-0.01658047  0.00325563],[-0.00494462  0.01106983],[-0.00724365 -0.0056079 ],[-0.02134398  0.01698625],[-0.01862461  0.00564863],[-0.01978366  0.00120207],[-0.02392844  0.00846479],[-0.01807234  0.00389374],[-0.02118139  0.0158079 ],[-0.02014198  0.00491829],[-0.02310168  0.00389254],[-0.00947138  0.00301692],[-0.01700285  0.00969935],[-0.02172979  0.01264128],[-0.01518185  0.00243616],[-0.01824473  0.00773904],[-0.0066903  0.002309 ],[-0.01473391  0.01310244],[-0.02379603  0.00185734],[-0.02092534  0.0073114 ],[-0.02101196  0.00701973],[-0.01721965 -0.00644408],[-0.01535239  0.00835174],[-0.0119327  -0.00757709]
[-0.01389158 -0.01371032],[-0.01545485 -0.00728414],[-0.02457652 -0.00607286],[-0.01923651 -0.01702254],[-0.00942209 -0.0250188 ],[-0.01914195 -0.01171597],[-0.02519598  0.00456925],[-0.01446889 -0.02751046],[-0.01115446 -0.01311414],[-0.00904161 -0.00255637],[-0.01648387 -0.01536683],[-0.02359417 -0.00812751],[-0.02274453 -0.01085339],[-0.01536205 -0.01064558],[-0.01636596 -0.00763639],[-0.0260195 -0.0082648],[-0.01425553 -0.01228178],[-0.01578442 -0.01343439],[-0.02022489  0.00041045],[-0.01641737  0.00048387],[-0.01507677  0.01167861],[-0.01110623 -0.01518535],[-0.01622043 -0.00664939],[-0.01726041 -0.00145301],[-0.01280211 -0.00903692],[-0.01247919 -0.01003948],[-0.02362499 -0.01050963],[-0.01173832 -0.01024286],[-0.0233056  -0.00803711],[-0.02144623 -0.00125175],[-0.01770813 -0.01983133],[-0.01626661 -0.00885687],[-0.01565277 -0.00802827],[-0.01634667 -0.00864115],[-0.01342067 -0.00908004],[-0.0011024 -0.004038 ],[-0.02285728 -0.01114205],[-0.02148633 -0.01155625],[-0.02279434 -0.00558692],[-0.01008799 -0.01180869],[-0.01934983 -0.00901082],[-0.01002694 -0.01253108],[-0.01203395 -0.00438535],[-0.00939663 -0.00303812],[-0.01225525 -0.01510635],[-0.00931441 -0.00054613],[-0.01740555 -0.00941493],[-0.01765093 -0.00795465],[-0.01160457 -0.004634  ],[-0.0019365  -0.01091813],[-0.03297362 -0.00544367],[-0.01762858  0.00333614],[-0.01121647 -0.01117603],[-0.02001463 -0.01538228],[-0.02108677 -0.00553779],[-0.01304133 -0.01672909],[-0.01945361  0.00103583],[-0.02006091 -0.00760002],[-0.01620742 -0.02769086],[-0.01701853 -0.01277491],[-0.01726239 -0.02202488],[-0.01773101 -0.00593776],[-0.00799818 -0.01473734],[-0.01975224 -0.00393793],[-0.00386865 -0.00235273],[-0.0075904  -0.01118648],[-0.02956549 -0.01573749],[-0.019871  -0.0061564],[-0.01075835 -0.01390889],[-0.01694352 -0.00552264],[-0.01414843 -0.0124848 ],[-0.01817671 -0.00065855],[-0.01995744 -0.00476298],[-0.0224684  -0.00716728],[-0.01880288 -0.00355407],[-0.00480932 -0.00934832],[-0.01540893 -0.00710906],[-0.02337478  0.00366576],[-0.01851708 -0.00494792],[-0.01523706 -0.00945576],[-0.02137334 -0.00711363],[-0.00940925 -0.01231344],[-0.02166423  0.00465909],[-0.02081358  0.00358908],[-0.01556711 -0.02022066],[-0.01739207 -0.00815982],[-0.01880999 -0.00449415],[-0.00766917 -0.01325351],[-0.0139453  -0.01658631],[-0.01850598 -0.00131256],[-0.01647593 -0.01311669],[-0.0080425  -0.01794453],[-0.02346056 -0.00216663],[-0.00805099 -0.00775066],[-0.01060623 -0.00105377],[-0.01919088 -0.00879702],[-0.00873433 -0.01195386],[-0.00433168 -0.00772954],[-0.01793347 -0.00546893],[-0.01344655 -0.01054358],[-0.02993281 -0.01274776],[-0.01162168 -0.00894997],[-0.02041819 -0.01126949],[-0.01068041 -0.0091893 ],[-0.0125552  -0.00261007],[-0.01902856 -0.00518069],[-0.01562784 -0.00862594],[-0.01678246 -0.00277447],[-0.01616801  0.00785305],[-0.02783362 -0.01507962],[-0.00332749 -0.0159634 ],[-0.01142622 -0.0078438 ],[-0.01662944 -0.00925674],[-0.0196397  -0.00911945],[-0.02636246  0.00269854],[-0.0227845  -0.00061122],[-0.01618902 -0.01148749],[-0.01325117  0.00037401],[-0.01389315 -0.00253247],[-0.01636219 -0.00266976],[-0.01308275 -0.00981853],[-0.00486825 -0.01789617],[-0.00832421  0.01093807],[-0.01902832 -0.00545696],[-0.02168515 -0.01148055],[-0.01645612 -0.00737441],[-0.02068939 -0.01403798],[-0.02121789  0.00439696],[-0.02823238 -0.01317711],[-0.01469537 -0.01834066],[-0.01391214 -0.01555148],[-0.01728851 -0.00115559],[-0.01479601 -0.01226812],[-0.00763733 -0.01554805],[-0.02438838 -0.01342237],[-0.01373906 -0.01089508],[-0.01651048 -0.00923936],[-0.01397038 -0.00111284],[-0.01993335 -0.01104028],[-0.01923999 -0.00592588],[-0.00725726 -0.01811866],[-0.00596513 -0.01353599],[-0.01140254 -0.01831228]
[-7.3622912e-05 -3.0338673e-02],[ 0.00609954 -0.00871522],[-0.00126151 -0.01024503],[ 0.00059444 -0.02561134],[ 0.00199545 -0.03079564],[ 0.00220533 -0.0136545 ],[-0.00617987 -0.00460026],[ 0.00929791 -0.02427571],[-0.0005147  -0.02318447],[ 0.00857774 -0.00326094],[-0.00675437 -0.00947987],[-0.00511098 -0.01395975],[-0.01200797 -0.01120958],[-0.00113929 -0.01049334],[-0.00378928 -0.01699099],[-0.00550758 -0.01442692],[-0.00011149 -0.01450535],[-0.00422034 -0.01518248],[-0.0058637 -0.0117762],[-0.00471893 -0.01388429],[-0.00399747 -0.01349216],[ 0.00255754 -0.01988554],[-0.0011645  -0.00828634],[ 0.00087117 -0.01707097],[ 0.01098431 -0.01891525],[ 0.00410169 -0.01952408],[-0.01241523 -0.01191059],[ 0.00088453 -0.02451232],[-0.01216188 -0.01456164],[-0.00583531 -0.00816906],[ 0.00377757 -0.02509018],[ 0.00528178 -0.01241018],[-0.00593609 -0.01104442],[-0.00967095 -0.01129904],[ 0.00538609 -0.01768265],[ 0.00572902 -0.02520005],[-0.00787468 -0.01731945],[-0.00778002 -0.01931036],[-0.00458331 -0.00908337],[-0.00244636 -0.01900288],[-0.00149896 -0.02025978],[ 0.00055109 -0.01498225],[-0.0099022  -0.01168299],[ 0.00524996 -0.01437331],[-0.0048315 -0.024699 ],[ 0.0020344 -0.0068165],[-0.00823208 -0.01807722],[-0.00245503 -0.01843484],[ 0.00846028 -0.01638248],[ 0.00905082 -0.01587326],[-0.00639233 -0.01473888],[-0.00642144 -0.01378904],[-0.00433906 -0.01805779],[-0.00259258 -0.01484605],[-0.01300544 -0.00921034],[ 0.00183309 -0.02515234],[-0.00655636 -0.0232086 ],[-0.01006988 -0.00674839],[-0.00963623 -0.02666542],[ 0.00142678 -0.02007305],[-0.00743659 -0.03448839],[-0.0072128  -0.01167641],[-0.00221754 -0.01621653],[ 0.00991317 -0.01197286],[ 0.00401504 -0.01580127],[ 0.00787657 -0.00869722],[-0.00986141 -0.02042942],[ 0.00065455 -0.00771005],[-0.01259122 -0.0223526 ],[ 0.00080489 -0.0150824 ],[-0.00469678 -0.01737561],[ 0.00124117 -0.01226786],[-0.00421399 -0.0075393 ],[-0.00890255 -0.01186039],[-0.00714325 -0.01127909],[ 0.00690689 -0.01801296],[-0.00541491 -0.00602531],[-0.00367175 -0.00528109],[-0.00521028 -0.00823524],[ 0.00487742 -0.02254414],[ 0.00241978 -0.01633224],[-0.00020385 -0.0251114 ],[ 0.00275247 -0.01230037],[-0.0083253  -0.00670712],[-0.00777267 -0.00685158],[-0.00609952 -0.00682041],[-0.00670739 -0.0101051 ],[-0.00404227 -0.01051492],[-0.00304595 -0.01766877],[ 0.00244061 -0.02074463],[-0.0053896  -0.02478688],[ 0.00296845 -0.02395448],[-0.01246063 -0.0044305 ],[-0.01447474 -0.01653297],[ 0.00634812 -0.01219066],[-0.00146418 -0.00370715],[ 0.0084888  -0.01887435],[ 0.01091349 -0.01432041],[-0.00245807 -0.00370461],[-0.00496842 -0.01403299],[-0.00393375 -0.01094334],[ 0.00392983 -0.01112496],[-0.00549801 -0.01434114],[-0.00248592 -0.01401942],[ 0.00539127 -0.01573215],[-0.00160514 -0.0119732 ],[ 0.00469054 -0.01816561],[-0.00395478 -0.0075068 ],[-0.00144419 -0.01271413],[-0.01939383 -0.01231317],[ 0.00172868 -0.03196679],[-0.00369827 -0.017956  ],[-0.00618053 -0.01778873],[-0.01078986 -0.01879714],[-0.00924981 -0.00800028],[-0.00335129 -0.01384349],[-0.00059656 -0.0048335 ],[-0.00213345 -0.00583438],[ 0.00121632 -0.00950961],[-0.00539443 -0.01438617],[ 0.00428715 -0.01563814],[ 0.00020562 -0.02877401],[ 0.00200088 -0.01560927],[ 0.00425634 -0.01158607],[-0.00630311 -0.00449447],[ 0.00030746 -0.01503794],[-0.00546445 -0.01325813],[-0.00286124 -0.01288553],[-0.00611847 -0.01016786],[-0.00485274 -0.01311002],[-0.00726688 -0.01821863],[-0.00807125 -0.0018083 ],[ 0.00272244 -0.0197292 ],[ 0.0011528  -0.00953091],[-0.00972025 -0.01105997],[-0.00045953 -0.01874134],[-0.00069244 -0.01264553],[-0.00316793 -0.01578068],[-0.00560692 -0.01565898],[ 0.00298648 -0.01608624],[ 0.00491958 -0.02670201],[-0.01271851 -0.01598995],[ 0.00032142 -0.02050994]
[ 0.03617489 -0.02652348],[ 0.03793745 -0.027347  ],[ 0.02579825 -0.01440511],[ 0.02973687 -0.02919178],[ 0.03315328 -0.0282181 ],[ 0.03283745 -0.02184562],[ 0.02287978 -0.02191401],[ 0.03025281 -0.02468383],[ 0.03916619 -0.03172359],[ 0.03798929 -0.02171132],[ 0.02664394 -0.03884359],[ 0.0258414  -0.02116057],[ 0.02577173 -0.02356595],[ 0.03281147 -0.02274138],[ 0.0211516  -0.02209273],[ 0.01981028 -0.02750508],[ 0.03767044 -0.02301813],[ 0.02659976 -0.02399391],[ 0.02260114 -0.01357649],[ 0.02188257 -0.02549928],[ 0.03649719 -0.01996265],[ 0.02152472 -0.02713008],[ 0.0277276  -0.01875106],[ 0.03307268 -0.02573476],[ 0.03684209 -0.03212038],[ 0.03404548 -0.0329235 ],[ 0.01478362 -0.02531277],[ 0.03036274 -0.01891304],[ 0.02371002 -0.03027616],[ 0.02520571 -0.02088964],[ 0.03097991 -0.02482224],[ 0.02006441 -0.02015528],[ 0.02378821 -0.01746694],[ 0.02937629 -0.01533858],[ 0.03753604 -0.02646095],[ 0.02767113 -0.03226844],[ 0.03332867 -0.02769783],[ 0.02494154 -0.01520989],[ 0.03355107 -0.02762505],[ 0.02860358 -0.02722497],[ 0.03151663 -0.02289496],[ 0.03130459 -0.022222  ],[ 0.02935215 -0.02326013],[ 0.03253797 -0.02273772],[ 0.03665192 -0.02567264],[ 0.04187707 -0.02031238],[ 0.02872582 -0.02717729],[ 0.03026096 -0.01261825],[ 0.03157553 -0.0223629 ],[ 0.0342822  -0.02052286],[ 0.02548159 -0.01784994],[ 0.02546351 -0.01414961],[ 0.02580642 -0.03450646],[ 0.02628059 -0.02312624],[ 0.02326923 -0.02609184],[ 0.03143147 -0.01858089],[ 0.01875825 -0.02443211],[ 0.01049097 -0.01882248],[ 0.01922358 -0.01786571],[ 0.02812668 -0.02513793],[ 0.03293732 -0.0318889 ],[ 0.02474597 -0.02369672],[ 0.03849915 -0.02433322],[ 0.03558899 -0.01972347],[ 0.02619885 -0.02387328],[ 0.0300144  -0.02932084],[ 0.02727362 -0.02834653],[ 0.0339392  -0.01578937],[ 0.03753112 -0.02377918],[ 0.03000881 -0.02435644],[ 0.02353892 -0.02062639],[ 0.03138709 -0.02845576],[ 0.02643327 -0.02731395],[ 0.02395598 -0.0212023 ],[ 0.02556715 -0.0220506 ],[ 0.03140334 -0.02874833],[ 0.0288309  -0.02117951],[ 0.0306813  -0.01936417],[ 0.02593356 -0.02349652],[ 0.04600804 -0.029363  ],[ 0.02782117 -0.02759998],[ 0.03194132 -0.03307622],[ 0.03014405 -0.01994015],[ 0.02932927 -0.01472186],[ 0.02883829 -0.01607846],[ 0.025837   -0.02575526],[ 0.02922946 -0.02417523],[ 0.02222307 -0.01710085],[ 0.02504577 -0.02896322],[ 0.02230661 -0.02151209],[ 0.02415767 -0.03553021],[ 0.03473196 -0.02523874],[ 0.01727042 -0.0233375 ],[ 0.01899572 -0.01856261],[ 0.03535258 -0.02672954],[ 0.0204502  -0.02853165],[ 0.02971253 -0.03705335],[ 0.02986068 -0.03130193],[ 0.02767885 -0.01807984],[ 0.01687892 -0.0188256 ],[ 0.02660284 -0.02586257],[ 0.02938107 -0.02638209],[ 0.02838474 -0.02452374],[ 0.02902861 -0.02345038],[ 0.02985197 -0.02408819],[ 0.03126201 -0.03135708],[ 0.03943331 -0.03053618],[ 0.02978842 -0.02120505],[ 0.02423979 -0.01513349],[ 0.01729504 -0.02119329],[ 0.03871038 -0.04220933],[ 0.02851902 -0.02470083],[ 0.02501998 -0.02580213],[ 0.01874788 -0.02384723],[ 0.02355558 -0.02441648],[ 0.03538005 -0.0219066 ],[ 0.0256694  -0.02706201],[ 0.02266323 -0.01475764],[ 0.03035084 -0.02095488],[ 0.0275826  -0.02218187],[ 0.03447236 -0.02791554],[ 0.01993858 -0.03498193],[ 0.03124039 -0.02454568],[ 0.02985618 -0.02328181],[ 0.02419734 -0.02215997],[ 0.02605145 -0.02164873],[ 0.01930419 -0.02297646],[ 0.0282403 -0.0194247],[ 0.0295889  -0.02761495],[ 0.02490156 -0.02071698],[ 0.02729868 -0.02565874],[ 0.0266903  -0.02005038],[ 0.02285323 -0.01994433],[ 0.02708022 -0.02026298],[ 0.02752825 -0.02436532],[ 0.03741986 -0.02610722],[ 0.03409327 -0.01971019],[ 0.01933686 -0.02509209],[ 0.02503069 -0.02255803],[ 0.02957914 -0.02457088],[ 0.03612698 -0.0322745 ],[ 0.03382384 -0.02644368],[ 0.03102209 -0.0220301 ]
[-0.02687027  0.00599628],[-0.02867926  0.01119208],[-0.04215442  0.02680365],[-0.04108043  0.01238731],[-0.03161661 -0.0012332 ],[-0.03461917  0.02262801],[-0.04657011  0.0228977 ],[-0.03148347  0.01488499],[-0.0331862  0.0041666],[-0.02844346  0.0177111 ],[-0.03721968  0.01641551],[-0.03289507  0.01468308],[-0.0425722   0.01251347],[-0.0310242   0.01371589],[-0.0316861   0.02093482],[-0.03773414  0.02104276],[-0.02442748  0.01425928],[-0.0343192   0.01048667],[-0.03336972  0.0291082 ],[-0.04084228  0.01982235],[-0.04405439  0.01475795],[-0.04563442  0.0097979 ],[-0.04524603  0.01985128],[-0.02953769  0.02051446],[-0.02278745  0.00839417],[-0.02851243  0.012779  ],[-0.04280176  0.02293004],[-0.03662773  0.01647603],[-0.03806866  0.01373807],[-0.02776948  0.02031587],[-0.02870406  0.01218057],[-0.04230773  0.0119362 ],[-0.04599167  0.0125853 ],[-0.03978816  0.02140915],[-0.02498125  0.01745366],[-0.02873278  0.00579171],[-0.03124672  0.0098166 ],[-0.04190109  0.02287845],[-0.04489136  0.01726574],[-0.03837176  0.00919175],[-0.02411773  0.0156338 ],[-0.03958467  0.01486833],[-0.04410454  0.01601002],[-0.03687342  0.01383898],[-0.02711947  0.01145464],[-0.03137769  0.0124609 ],[-0.04103147  0.01418357],[-0.03531092  0.019591  ],[-0.02568169  0.02678462],[-0.0383368  0.0050475],[-0.03915264  0.01301374],[-0.04034916  0.02828395],[-0.03247376  0.01080828],[-0.04322731  0.01294933],[-0.0451844   0.01496713],[-0.03593246  0.01512027],[-0.04802652  0.02090465],[-0.04789422  0.02115458],[-0.04642775  0.01823319],[-0.03953417  0.01743419],[-0.03569365  0.00357438],[-0.04020133  0.01412567],[-0.03342175  0.00496148],[-0.02990135  0.01191315],[-0.02783067  0.01641953],[-0.03472793  0.0053066 ],[-0.03656732  0.0114628 ],[-0.02876544  0.0231305 ],[-0.03244915  0.02112962],[-0.0378857   0.02188226],[-0.04217552  0.02548289],[-0.0398083   0.01591845],[-0.03952281  0.01363531],[-0.04622507  0.0129516 ],[-0.03114928  0.00898612],[-0.02446866  0.01146277],[-0.02703634  0.01419723],[-0.03142576  0.02048765],[-0.04081013  0.01750356],[-0.02001883 -0.00064694],[-0.04051276  0.01584671],[-0.02627577  0.01020246],[-0.04553142  0.02307126],[-0.03113721  0.02604958],[-0.03995774  0.01223747],[-0.03865609  0.00940508],[-0.03675267  0.01401655],[-0.03155506  0.0171268 ],[-0.0262974  -0.00037272],[-0.04321944  0.0159713 ],[-0.03137649  0.01264589],[-0.03087173  0.01238497],[-0.04618469  0.01903131],[-0.03828181  0.017417  ],[-0.03222593  0.01629264],[-0.04454916  0.01144761],[-0.03615378  0.00823899],[-0.03357811  0.01074508],[-0.04032414  0.02126863],[-0.0415276   0.01256177],[-0.04773786  0.00890559],[-0.03507988  0.01255909],[-0.04258338  0.01391749],[-0.04096764  0.01783635],[-0.03635544  0.02269678],[-0.02969718  0.01869411],[-0.02408728  0.01048694],[-0.0360366   0.01379101],[-0.04080856  0.01923334],[-0.04357278  0.01616222],[-0.02256705  0.00701739],[-0.03535699  0.01993246],[-0.04689468  0.01525623],[-0.04383539  0.01924445],[-0.04412709  0.02400631],[-0.02782753  0.02157968],[-0.0378687   0.01631308],[-0.04046176  0.01530595],[-0.02769308  0.01492126],[-0.04669907  0.0235022 ],[-0.0308698  0.0118196],[-0.04311562 -0.00084795],[-0.02132941  0.01737856],[-0.02678135  0.02163964],[-0.0376347   0.01427842],[-0.0382776   0.01904293],[-0.0455761   0.01238117],[-0.04208142  0.01738903],[-0.03625599  0.01423829],[-0.03805128  0.00647774],[-0.03295996  0.00847681],[-0.03559636  0.0205215 ],[-0.04500742  0.01910774],[-0.03749952  0.01706862],[-0.02923202  0.01440332],[-0.02720026  0.00847225],[-0.01959763  0.01143456],[-0.04014254  0.01942398],[-0.02974758  0.01018081],[-0.04463936  0.02166562],[-0.03538083  0.01434773],[-0.03930336  0.00706597],[-0.03996069  0.0072624 ]
[ 0.03421297 -0.02781192],[ 0.04046073 -0.02207233],[ 0.02296775 -0.0172754 ],[ 0.02918408 -0.0211691 ],[ 0.02499875 -0.03416285],[ 0.03187721 -0.00825833],[ 0.01425194 -0.02180539],[ 0.02382793 -0.01356285],[ 0.03311937 -0.03616187],[ 0.03432588 -0.01598411],[ 0.02443194 -0.01897747],[ 0.02127471 -0.02108568],[ 0.01782459 -0.0090564 ],[ 0.02476529 -0.02293512],[ 0.02176621 -0.02039196],[ 0.02224331 -0.01755877],[ 0.03025184 -0.01972431],[ 0.0200184  -0.02533615],[ 0.02414351 -0.02026819],[ 0.02418664 -0.01971069],[ 0.02303009 -0.02564866],[ 0.02268662 -0.01809995],[ 0.0291193  -0.01423705],[ 0.03210168 -0.02545202],[ 0.03571831 -0.0209198 ],[ 0.03412525 -0.01900852],[ 0.0146306  -0.02613737],[ 0.02525309 -0.01815835],[ 0.02033141 -0.02765937],[ 0.02686545 -0.02779473],[ 0.02720617 -0.02190372],[ 0.01209526 -0.01385401],[ 0.01686954 -0.01879715],[ 0.0326651  -0.01801304],[ 0.02876114 -0.02247916],[ 0.03560383 -0.02369874],[ 0.04125907 -0.03634313],[ 0.01621826 -0.0226159 ],[ 0.02687938 -0.01839828],[ 0.03061943 -0.01828796],[ 0.03912156 -0.02989073],[ 0.02828789 -0.02197138],[ 0.01881847 -0.01887151],[ 0.03364793 -0.0190805 ],[ 0.04481928 -0.03774875],[ 0.03540318 -0.02754535],[ 0.03136182 -0.03221388],[ 0.0308048  -0.01610022],[ 0.03231871 -0.0150739 ],[ 0.02832991 -0.01722424],[ 0.02268514 -0.02957071],[ 0.02592386 -0.0160638 ],[ 0.02522551 -0.03207134],[ 0.0243114  -0.02033648],[ 0.01576641 -0.0151363 ],[ 0.01990828 -0.03199165],[ 0.01960439 -0.02358709],[ 0.01634922 -0.01552069],[ 0.0217257  -0.02323159],[ 0.02083605 -0.01992298],[ 0.03031895 -0.03811546],[ 0.02565893 -0.01530939],[ 0.02496458 -0.02913836],[ 0.04203684 -0.02511281],[ 0.03199877 -0.0280123 ],[ 0.0345577  -0.01894489],[ 0.03334934 -0.03825134],[ 0.02532028 -0.02849133],[ 0.02298308 -0.02627757],[ 0.02449888 -0.01663928],[ 0.0219718  -0.01868879],[ 0.02464065 -0.01843233],[ 0.02931874 -0.01817243],[ 0.02098289 -0.01782094],[ 0.02614179 -0.02291752],[ 0.03860193 -0.01690185],[ 0.03161191 -0.01842354],[ 0.03277937 -0.01586882],[ 0.02558886 -0.01402078],[ 0.03770069 -0.03493771],[ 0.02459934 -0.01944419],[ 0.02672317 -0.02829181],[ 0.02339542 -0.01715523],[ 0.03271933 -0.01436475],[ 0.00987479 -0.02604913],[ 0.02330547 -0.01026386],[ 0.02000184 -0.0158201 ],[ 0.02770407 -0.0178896 ],[ 0.01990857 -0.01310576],[ 0.02082475 -0.02093137],[ 0.02580635 -0.02224064],[ 0.02688994 -0.03048958],[ 0.02035531 -0.0198916 ],[ 0.03193816 -0.02570102],[ 0.02913106 -0.01859034],[ 0.02773456 -0.01822994],[ 0.02523789 -0.03592685],[ 0.02738629 -0.02490044],[ 0.02409331 -0.0173866 ],[ 0.01865337 -0.02257013],[ 0.02505509 -0.02182504],[ 0.03161148 -0.01455799],[ 0.02602653 -0.01997521],[ 0.02899921 -0.02396023],[ 0.0252005  -0.01701072],[ 0.03135565 -0.01876735],[ 0.03528219 -0.02421878],[ 0.02096192 -0.01669303],[ 0.02646016 -0.02625768],[ 0.02877427 -0.016873  ],[ 0.02859493 -0.03725351],[ 0.02804199 -0.02162263],[ 0.02240698 -0.02131508],[ 0.01964734 -0.01631229],[ 0.02690952 -0.01521609],[ 0.03840066 -0.02462565],[ 0.02380019 -0.02535656],[ 0.01358565 -0.02844334],[ 0.03609667 -0.02210069],[ 0.02671605 -0.01310106],[ 0.03394557 -0.02197137],[ 0.02420557 -0.04059364],[ 0.0280294  -0.01201928],[ 0.02930992 -0.0196082 ],[ 0.02484163 -0.02113771],[ 0.02106562 -0.01692557],[ 0.01933226 -0.01488034],[ 0.02710257 -0.01807959],[ 0.02586789 -0.02615583],[ 0.02793637 -0.01736328],[ 0.02134881 -0.02413751],[ 0.02406965 -0.01824049],[ 0.02689972 -0.01930913],[ 0.02891997 -0.01616839],[ 0.02906923 -0.01445013],[ 0.02651603 -0.02767839],[ 0.02658582 -0.0214927 ],[ 0.02456099 -0.02414316],[ 0.02514514 -0.01781632],[ 0.01861219 -0.01744023],[ 0.03784126 -0.01593966],[ 0.02208954 -0.01966661],[ 0.0274502 -0.0279619]
[ 0.02283753 -0.0302202 ],[ 0.0202846  -0.02351956],[ 0.00946528 -0.01890789],[ 0.01075338 -0.02251158],[ 0.0239733  -0.02161182],[ 0.01422364 -0.01753652],[ 0.01093356 -0.01682752],[ 0.01966027 -0.0183819 ],[ 0.02325745 -0.03665545],[ 0.02043593 -0.02617249],[ 0.01423086 -0.03176012],[ 0.00868069 -0.0221018 ],[ 0.00984993 -0.01464766],[ 0.01328149 -0.02181007],[ 0.01907013 -0.02493448],[ 0.01507549 -0.01731054],[ 0.02426137 -0.0252579 ],[ 0.01057835 -0.02334477],[ 0.01646925 -0.02255216],[ 0.01527383 -0.02666247],[ 0.02539678 -0.03053509],[ 0.01487808 -0.01857978],[ 0.01002247 -0.01993676],[ 0.00920741 -0.01641684],[ 0.02017261 -0.03116311],[ 0.02048808 -0.01576832],[ 0.00609726 -0.02336594],[ 0.01777653 -0.01886192],[ 0.0119205  -0.02090433],[ 0.011056   -0.02427282],[ 0.02020817 -0.03047857],[ 0.00929642 -0.02759103],[ 0.00905479 -0.01258011],[ 0.02333044 -0.02617287],[ 0.01758774 -0.02018747],[ 0.02585088 -0.02912333],[ 0.01259653 -0.03132609],[ 0.00401033 -0.01710493],[ 0.01681129 -0.01879398],[ 0.01199329 -0.02552394],[ 0.02307791 -0.02894444],[ 0.01836817 -0.01867716],[ 0.00680296 -0.01655343],[ 0.01578793 -0.02721156],[ 0.02662719 -0.03698825],[ 0.01911257 -0.02904965],[ 0.01831238 -0.02464609],[ 0.01334987 -0.01731042],[ 0.02136197 -0.03496411],[ 0.00842319 -0.02094776],[ 0.01934422 -0.03095597],[ 0.01933524 -0.02244743],[ 0.02730882 -0.03168809],[ 0.01106938 -0.01907995],[ 0.00462226 -0.02051126],[ 0.01171745 -0.02272907],[ 0.01463987 -0.0184779 ],[ 0.00535824 -0.02610047],[ 0.02002426 -0.0162008 ],[ 0.008538   -0.01947403],[ 0.0030553  -0.03603305],[ 0.01476107 -0.01601323],[ 0.02877293 -0.02710042],[ 0.02246881 -0.03313826],[ 0.02114859 -0.02373922],[ 0.01157026 -0.03169486],[ 0.01763202 -0.03507389],[ 0.00924432 -0.01155657],[ 0.01581267 -0.01948627],[ 0.01269051 -0.01566697],[ 0.01504417 -0.02265302],[ 0.0193088  -0.01539458],[ 0.01220551 -0.02202945],[ 0.00683221 -0.01713444],[ 0.01448631 -0.01758847],[ 0.01508968 -0.02769475],[ 0.0158843  -0.02269786],[ 0.01717896 -0.0191779 ],[ 0.01540736 -0.02622175],[ 0.02728816 -0.03540872],[ 0.0141183  -0.01461269],[ 0.01307384 -0.01613035],[ 0.01418609 -0.01547838],[ 0.01443927 -0.02294767],[ 0.02084281 -0.03070175],[ 0.01237109 -0.02351446],[ 0.01152897 -0.02341128],[ 0.01576995 -0.03172709],[ 0.00896156 -0.02627683],[ 0.01658912 -0.01889631],[ 0.01744903 -0.0275105 ],[ 0.01628529 -0.02833411],[ 0.00866499 -0.0214994 ],[ 0.01307486 -0.02608615],[ 0.0213936  -0.02908533],[ 0.02000109 -0.02781099],[ 0.01533346 -0.03280925],[ 0.01760258 -0.03323036],[ 0.0162949 -0.0214863],[ 0.00946252 -0.02294591],[ 0.01092625 -0.02564649],[ 0.02079393 -0.02523838],[ 0.01228275 -0.02451623],[ 0.02035535 -0.02534731],[ 0.01881832 -0.02106846],[ 0.02109062 -0.02191731],[ 0.02701739 -0.03000897],[ 0.01295737 -0.02822584],[ 0.00764464 -0.02380306],[ 0.01068814 -0.0199841 ],[ 0.01973555 -0.03704003],[ 0.02146848 -0.01641672],[ 0.0077737 -0.0130351],[ 0.00296695 -0.017769  ],[ 0.0116348  -0.01495714],[ 0.02302804 -0.03351685],[ 0.01427853 -0.0272112 ],[ 0.01182718 -0.03054358],[ 0.02311684 -0.02652923],[ 0.01459279 -0.01106037],[ 0.02440586 -0.03307313],[ 0.01249719 -0.03168554],[ 0.02184206 -0.02884383],[ 0.02174732 -0.02571892],[ 0.00584812 -0.01136393],[ 0.01467223 -0.01559202],[ 0.01177382 -0.01753863],[ 0.01270501 -0.02241967],[ 0.01850802 -0.02668452],[ 0.02074147 -0.02172204],[ 0.01988323 -0.03073388],[ 0.0196436  -0.01949686],[ 0.01212984 -0.02670999],[ 0.02544147 -0.01903335],[ 0.01398716 -0.02002142],[ 0.01255499 -0.03089972],[ 0.01126614 -0.01460746],[ 0.00042164 -0.0186527 ],[ 0.01378879 -0.02746453],[ 0.00810936 -0.01550501],[ 0.02773455 -0.02404252],[ 0.01857875 -0.0215243 ],[ 0.01709322 -0.02387935]
[ 0.05579974 -0.04260296],[ 0.06911804 -0.04901228],[ 0.05124331 -0.03703931],[ 0.05521709 -0.03158453],[ 0.04464363 -0.04340999],[ 0.05617971 -0.03784321],[ 0.04895315 -0.03528104],[ 0.05322787 -0.03950431],[ 0.05548062 -0.05210212],[ 0.06446643 -0.04059219],[ 0.04795639 -0.03867072],[ 0.04464637 -0.03391997],[ 0.03846507 -0.03800794],[ 0.04902802 -0.03872142],[ 0.04851914 -0.03615154],[ 0.04775203 -0.03381893],[ 0.05065998 -0.0361544 ],[ 0.04475676 -0.03557951],[ 0.04712582 -0.04481091],[ 0.04439856 -0.04331468],[ 0.05068899 -0.04628359],[ 0.0512352  -0.03511995],[ 0.05090572 -0.03656614],[ 0.05992765 -0.04301712],[ 0.05821245 -0.04352466],[ 0.05157578 -0.03712552],[ 0.04402971 -0.03540562],[ 0.04807538 -0.0370239 ],[ 0.04365914 -0.03531221],[ 0.04741577 -0.04026565],[ 0.05531848 -0.04464833],[ 0.04454802 -0.04676759],[ 0.04052782 -0.03031173],[ 0.05087596 -0.04270069],[ 0.0436632  -0.03090992],[ 0.05072784 -0.04787572],[ 0.06119079 -0.04832178],[ 0.04494483 -0.03171721],[ 0.05067018 -0.0294491 ],[ 0.04715466 -0.04412548],[ 0.06076041 -0.03556459],[ 0.04094861 -0.04185238],[ 0.04145248 -0.03630703],[ 0.05049135 -0.04806317],[ 0.05321999 -0.04473555],[ 0.0405573  -0.04525989],[ 0.04751302 -0.044025  ],[ 0.04750962 -0.03798044],[ 0.06343772 -0.04880644],[ 0.04544578 -0.03589746],[ 0.05290638 -0.03635241],[ 0.05060786 -0.04296684],[ 0.05520493 -0.04761945],[ 0.0426886  -0.03912239],[ 0.03974802 -0.03605863],[ 0.05395823 -0.0359865 ],[ 0.04354509 -0.03735643],[ 0.04019151 -0.04054921],[ 0.04348331 -0.0331218 ],[ 0.05005205 -0.03047302],[ 0.0551332  -0.04878926],[ 0.04543325 -0.03241919],[ 0.05172317 -0.03720853],[ 0.0609502  -0.04149341],[ 0.05209312 -0.04845363],[ 0.05341151 -0.04440107],[ 0.0476714  -0.03704783],[ 0.04986265 -0.02276643],[ 0.04957083 -0.03856282],[ 0.04789989 -0.0345245 ],[ 0.04426716 -0.03760159],[ 0.0501729  -0.04472669],[ 0.04754462 -0.0453469 ],[ 0.04303913 -0.03896881],[ 0.04881094 -0.04086784],[ 0.04785284 -0.0417846 ],[ 0.05469353 -0.0414023 ],[ 0.04733709 -0.04649124],[ 0.04868121 -0.03811508],[ 0.05240184 -0.05124537],[ 0.04800231 -0.03187534],[ 0.05070879 -0.03127029],[ 0.04877906 -0.04375521],[ 0.050931   -0.04271679],[ 0.03852967 -0.02774527],[ 0.04782633 -0.03110564],[ 0.04557852 -0.04177672],[ 0.04506191 -0.0397677 ],[ 0.05112074 -0.04192902],[ 0.04672269 -0.03931352],[ 0.04673321 -0.04144322],[ 0.05122579 -0.03939624],[ 0.04349451 -0.0346659 ],[ 0.04629809 -0.0346823 ],[ 0.05720051 -0.03530833],[ 0.04910592 -0.04451326],[ 0.05136782 -0.04121182],[ 0.04628185 -0.03896935],[ 0.05063616 -0.04913951],[ 0.04770478 -0.0374221 ],[ 0.04366023 -0.04012549],[ 0.05539161 -0.03284982],[ 0.04468898 -0.04057822],[ 0.05307298 -0.04218905],[ 0.0486896  -0.04060182],[ 0.04878327 -0.04294312],[ 0.06035615 -0.04939589],[ 0.05155125 -0.04011119],[ 0.04790993 -0.04785115],[ 0.05156632 -0.03751354],[ 0.04911564 -0.04971537],[ 0.0462978  -0.04224797],[ 0.04134456 -0.03279671],[ 0.04124178 -0.03891753],[ 0.0480305  -0.03379921],[ 0.06759889 -0.04853517],[ 0.04672861 -0.04672625],[ 0.0512443  -0.04811243],[ 0.05573929 -0.04209388],[ 0.04746075 -0.03687974],[ 0.05471545 -0.04232805],[ 0.05098006 -0.05037214],[ 0.05483472 -0.03685307],[ 0.05953667 -0.0413163 ],[ 0.03839638 -0.0373535 ],[ 0.05047347 -0.03157261],[ 0.04632825 -0.0321955 ],[ 0.04732437 -0.03713642],[ 0.0474346  -0.03336267],[ 0.04772178 -0.03769172],[ 0.05259366 -0.04541716],[ 0.0548771  -0.03715092],[ 0.04891906 -0.03884613],[ 0.04715358 -0.0370851 ],[ 0.04853804 -0.03668351],[ 0.04729015 -0.04421187],[ 0.05384149 -0.03591263],[ 0.0440427  -0.04238593],[ 0.05124566 -0.04066382],[ 0.0454063 -0.0325223],[ 0.0486532  -0.04033845],[ 0.04546015 -0.02809124],[ 0.05451953 -0.03044266]
[ 0.00137724 -0.01828481],[ 0.00981106 -0.01513458],[-0.00041482 -0.00675434],[-0.00065652 -0.00124146],[-0.00825118 -0.02137393],[ 0.00377559 -0.01630286],[-0.00580715 -0.01569015],[-0.00182535 -0.00782017],[ 0.00551026 -0.01882989],[ 0.0116477  -0.01069887],[-0.00625527 -0.01765928],[-0.00247409 -0.00739446],[-0.00136484 -0.00544378],[ 0.00100637 -0.01275296],[-0.00386544 -0.0086032 ],[-0.0135465  -0.00165251],[ 0.00777233 -0.01084526],[-0.00196029 -0.0105801 ],[ 0.0047943  -0.01308415],[-0.00993325 -0.01008184],[ 0.00120721 -0.00812321],[-0.00152965 -0.00778543],[ 0.00152235 -0.01273936],[ 0.00320595 -0.02316964],[ 0.00961988 -0.01982636],[-0.00069644 -0.01190986],[-0.00698032 -0.01313598],[-0.00137465 -0.01130821],[-0.01004251 -0.00878693],[ 0.0029458  -0.01902726],[ 0.00133099 -0.01530371],[-0.00601205 -0.01214193],[-0.0035928   0.00151487],[ 0.00219718 -0.01608204],[ 0.00222699 -0.00367875],[ 0.00890156 -0.01677806],[ 0.01453435 -0.0239137 ],[-0.00291638 -0.00764843],[ 0.00602967 -0.00348466],[ 0.00434233 -0.01551573],[ 0.00282502 -0.01382609],[-0.00762451 -0.01150433],[-0.00500538 -0.00775179],[ 0.00748538 -0.01606164],[ 0.01352858 -0.02883537],[ 0.00474796 -0.01048948],[-0.00221378 -0.02476285],[ 0.0012807  -0.00905789],[ 0.01232175 -0.01631152],[ 0.00573771 -0.0157392 ],[ 0.00278311 -0.01219433],[-0.00213644 -0.00765025],[ 0.00152176 -0.02568411],[-0.00126545 -0.01581229],[-0.00664953 -0.00638629],[-0.00064559 -0.01236687],[-0.00824034 -0.00901014],[-0.00194785 -0.00718572],[-0.0004333 -0.0108902],[-0.00572881 -0.00394715],[ 0.00276076 -0.02084984],[-0.00259314 -0.00808607],[ 0.00025649 -0.01519258],[ 0.00765494 -0.01319384],[ 0.00259513 -0.01749879],[-0.00188368 -0.0084163 ],[ 0.01509853 -0.02769372],[ 0.00305133 -0.00749507],[ 0.00105347 -0.01557368],[-0.00421168 -0.01095843],[ 0.00066343 -0.0070268 ],[ 0.00463793 -0.00490908],[-0.00096646 -0.01618244],[-0.00350593 -0.01040855],[-0.00326255 -0.01254157],[ 0.00885451 -0.01776526],[ 0.00275826 -0.01373319],[ 0.00278815 -0.01009803],[-0.00216489 -0.00944677],[ 0.00708702 -0.02240769],[-0.008447   -0.00415768],[ 0.00496768 -0.00742153],[ 0.0016417  -0.01358927],[ 0.00165069 -0.01990293],[-0.00858488 -0.01437407],[ 0.0027882  -0.00219535],[-0.00519213 -0.01655342],[-0.00132382 -0.01086777],[-0.01534905 -0.0058194 ],[-0.00772644 -0.00671198],[-0.00628255 -0.01400043],[ 0.00348819 -0.01570554],[-0.00236917 -0.00945025],[-0.00022567 -0.01717569],[ 0.00898448 -0.00454024],[-0.00035498 -0.01957923],[ 0.00202344 -0.01708313],[ 0.0035674  -0.00487709],[ 0.00263002 -0.01774341],[-0.00199233 -0.018204  ],[-1.9248575e-05 -2.0944798e-02],[ 0.00239335 -0.01034252],[-0.00037761 -0.01474791],[ 0.00875182 -0.02187093],[-0.00160762 -0.00818333],[ 0.00179758 -0.01368541],[ 0.00147383 -0.02690694],[ 0.00357125 -0.00971273],[-0.01419464 -0.01357036],[ 0.00083186 -0.00762239],[ 0.00540163 -0.02004953],[ 0.00011418 -0.01506618],[-0.0039559  -0.00820647],[-0.00497839 -0.00753436],[ 0.0012005  -0.00849571],[ 0.01667524 -0.01935581],[-0.00225069 -0.02172735],[-0.00497905 -0.01537171],[ 0.00728635 -0.00941908],[-0.00207647 -0.00893826],[ 0.01049272 -0.00947182],[ 0.00191032 -0.01936889],[ 0.00457478 -0.00631512],[ 0.00428479 -0.01787261],[-0.00906744 -0.00805859],[-0.00427718 -0.00574213],[ 0.00347291 -0.00979945],[ 0.00041834 -0.00819033],[-0.0021056  -0.00715793],[ 0.00120427 -0.00581458],[ 0.00304087 -0.01881053],[ 0.01038821 -0.01867216],[ 0.00325321 -0.01478882],[-9.814277e-05 -8.445475e-03],[-9.0766698e-05 -1.1404194e-02],[ 0.00997343 -0.01761206],[-0.00734603 -0.00877394],[ 0.00074853 -0.0194601 ],[ 0.00446548 -0.00721287],[-0.00767687 -0.00883644],[ 0.00637448 -0.00956043],[-0.00025661 -0.00168724],[-0.00190827 -0.00608748]
[-0.01160708 -0.00859774],[-0.01637535 -0.00650668],[-0.01553194 -0.00916622],[-0.02901921 -0.00332833],[-0.02670592 -0.0156803 ],[-0.01930028 -0.00674915],[-0.0168069  -0.00940026],[-0.01998308 -0.01350231],[-0.00704216 -0.02137606],[-0.01694947 -0.0098133 ],[-0.02558595 -0.00361362],[-0.0274536  -0.01093378],[-0.02810539  0.00192207],[-0.02658519 -0.01184917],[-0.02040938 -0.0106918 ],[-0.03400639  0.00090335],[-0.01286658 -0.01324391],[-0.02293191 -0.00374562],[-0.01816291 -0.00913804],[-0.0254108  -0.01641911],[-0.02447995 -0.01635719],[-0.02659651 -0.00259731],[-0.02010849 -0.01022729],[-0.02076805 -0.00889792],[-0.02034987 -0.01286383],[-0.03270587 -0.00888918],[-0.02543448 -0.01324945],[-0.02251416 -0.00915391],[-0.02680409 -0.00855454],[-0.01844372 -0.00942852],[-0.0173391  -0.01651435],[-0.0192675  -0.00911148],[-0.03005172 -0.00438597],[-0.0264684  -0.00729323],[-0.01965033 -0.00757885],[-0.01522787 -0.01500912],[-0.01707029 -0.0210924 ],[-0.03041404 -0.00614822],[-0.02867458  0.00458671],[-0.01987505 -0.01389819],[-0.01146664 -0.02672904],[-0.0367282  -0.01275525],[-0.02927186  0.00100382],[-0.01752347 -0.02681281],[-0.01301164 -0.02553867],[-0.00978237 -0.00943312],[-0.01915881 -0.01842676],[-0.02120369 -0.00490404],[-0.01349929 -0.01592713],[-0.01638597 -0.02027946],[-0.02124004 -0.02158687],[-0.01732464 -0.0099742 ],[-0.01489315 -0.0207287 ],[-0.02770893 -0.01041081],[-0.03242012 -0.00126221],[-0.01570395 -0.01515381],[-0.02745116 -0.0057203 ],[-0.0310839  -0.00639497],[-0.02578953 -0.01784575],[-0.02562535 -0.01002198],[-0.03172327 -0.02033427],[-0.02615768  0.0027047 ],[-0.01946526 -0.01767968],[-0.00949777 -0.0170983 ],[-0.0098509   0.00075956],[-0.02194721 -0.01408349],[-0.01256657 -0.03187635],[-0.01146302  0.00718227],[-0.02222985 -0.00613364],[-0.01783704 -0.00801819],[-0.02281864 -0.01357633],[-0.01917579 -0.00287579],[-0.02016389 -0.00406772],[-0.0222817  -0.00553835],[-0.01740102 -0.01559456],[-0.01243278 -0.01361933],[-0.0189846  -0.00517133],[-0.02319906 -0.00725068],[-0.02682474 -0.00545853],[-0.01752622 -0.012579  ],[-0.02031434 -0.0136782 ],[-0.01674739 -0.00480019],[-0.02558286 -0.00347106],[-0.00693955 -0.02392888],[-0.0171881 -0.0119252],[-0.01630025 -0.00495176],[-0.02860267 -0.00659538],[-0.01750758 -0.01139485],[-0.02927085 -0.01572835],[-0.02438299 -0.0076732 ],[-0.0218363  -0.01557894],[-0.02495764 -0.01211406],[-0.03390436 -0.00284845],[-0.0231708  -0.00311008],[-0.01341828 -0.00737244],[-0.02267976 -0.00769664],[-0.02621725 -0.01444824],[-0.01608536 -0.0106194 ],[-0.02377186 -0.002824  ],[-0.02220062 -0.01346945],[-0.03304398 -0.01116796],[-0.02157409 -0.01030906],[-0.02228972 -0.00977596],[-0.01299391 -0.01228505],[-0.02052891 -0.00923871],[-0.01276112 -0.00664099],[-0.01354835 -0.0185202 ],[-0.0169858  -0.00683102],[-0.01835952 -0.01984779],[-0.03211755 -0.00636275],[-0.00800588 -0.01023084],[-0.01807388 -0.00672329],[-0.03069852 -0.00440776],[-0.03346463 -0.00968283],[-0.01818539 -0.00296741],[-0.02270308 -0.01733934],[-0.01938115 -0.01589208],[-0.02673286 -0.00689504],[-0.01899286 -0.01338155],[-0.02978179 -0.00395696],[-0.01684206 -0.0052047 ],[-0.02610974 -0.01958042],[-0.01290924 -0.01092477],[-0.01794555 -0.01915483],[-0.02807054 -0.0021214 ],[-0.02001563 -0.00433794],[-0.02392947 -0.00682521],[-0.02020519 -0.00731478],[-0.02471411 -0.00772981],[-0.02822022 -0.0038888 ],[-0.02008649 -0.0151483 ],[-0.01295872 -0.00458273],[-0.01838788 -0.01723794],[-0.00875476 -0.0008631 ],[-0.02215518 -0.0082012 ],[-0.01966594 -0.01302728],[-0.01685493 -0.01502072],[-0.02563513 -0.00240128],[-0.02271429 -0.00747348],[-0.0285683  -0.00277138],[-0.00612972 -0.00524606],[-0.03979346 -0.00478497],[-0.02624895 -0.01097654]
[ 0.00477851 -0.01190937],[ 0.01188181 -0.01297238],[-0.00175665 -0.01007179],[-0.00226305 -0.00356543],[-0.00011008 -0.01286884],[ 0.01682038 -0.00738591],[-0.0047884  -0.00890918],[0.00808522 0.00025147],[ 0.01385976 -0.01411518],[ 0.01271305 -0.01778398],[-0.00057968 -0.00474489],[-0.00227275 -0.00529898],[-0.002577   -0.01001025],[ 0.00934304 -0.00697726],[-0.00397007 -0.01840108],[-0.00043499 -0.00472616],[ 0.01020833 -0.01381245],[-0.00167763 -0.00688938],[-0.00495474 -0.01456362],[-0.00776942 -0.01476623],[-0.00039931 -0.01480033],[ 0.00268984 -0.01422006],[ 0.00490388 -0.01326627],[ 0.00426088 -0.01489744],[ 0.00430834 -0.01132865],[-0.0047462  -0.01091717],[-0.00384974 -0.01060261],[-0.00217524 -0.00847406],[ 0.00212213 -0.00790575],[-0.00065493 -0.00822444],[ 0.00778908 -0.00994343],[ 0.00618985 -0.00776809],[-0.00849277  0.00367331],[ 0.00078047 -0.00087967],[-0.00239479  0.0028114 ],[ 0.01086182 -0.01906287],[ 0.00991347 -0.01709817],[-0.00402719 -0.00821155],[ 0.00509549 -0.0075811 ],[ 0.00082841 -0.00563797],[ 0.0029184 -0.0120437],[-0.00165716 -0.00866121],[0.00154538 0.00485637],[ 0.0157457  -0.02140497],[ 0.01429824 -0.01603323],[ 0.00222426 -0.00808131],[ 0.00390518 -0.00257371],[-0.00715534 -0.0055083 ],[ 0.00332543 -0.01786715],[-0.00331644 -0.01296287],[ 0.0034387  -0.01131827],[ 0.0013031  -0.00858058],[ 0.00171204 -0.02193874],[-0.00597777 -0.00674079],[-0.00389737 -0.01465544],[-0.00118854 -0.01231538],[-0.0094367  -0.00984393],[-0.01104869 -0.00060999],[-0.0041991  -0.01250914],[ 0.00660006 -0.01561465],[ 0.00272099 -0.02080577],[-0.00218117 -0.00440416],[-0.00244104 -0.00925983],[ 0.01499199 -0.00683513],[ 0.00357716 -0.00740496],[-1.4588237e-05 -7.6861605e-03],[ 0.00463277 -0.03259955],[0.00941759 0.00353769],[-0.00220405 -0.00484811],[-0.00280062 -0.01251709],[ 0.00343016 -0.0121745 ],[ 0.00269995 -0.01260752],[0.00373043 0.00394455],[-0.00010386 -0.00170112],[-0.00344238 -0.00873834],[ 0.00584688 -0.01523076],[ 0.00327699 -0.01596591],[-0.00133658 -0.00662915],[-0.00015527 -0.0132152 ],[ 0.01018766 -0.005085  ],[-0.00235626 -0.00695736],[ 0.01165496 -0.00519598],[ 0.00954428 -0.01618231],[ 0.00471507 -0.00811855],[ 0.00421099 -0.00140662],[ 0.00305001 -0.00226649],[ 0.00169461 -0.00349363],[-0.00083158 -0.00479839],[-0.00251725 -0.00251663],[-0.0051508  -0.01146146],[ 0.003243   -0.00468352],[ 0.00426808 -0.0152497 ],[-0.00389233  0.00073849],[ 0.00264453 -0.0048839 ],[ 0.00430216 -0.01241763],[ 0.00637205 -0.011037  ],[-0.00185303 -0.01340369],[-0.0057514  -0.00040809],[0.00335531 0.00400075],[-0.00609237 -0.00621343],[-0.0025043  -0.00800163],[-0.00223387 -0.00659014],[ 0.00093729 -0.00583658],[ 0.00991038 -0.01268661],[ 0.00234128 -0.01753182],[ 0.00270084 -0.00516058],[ 0.00818235 -0.01565783],[ 0.00877379 -0.00178805],[ 0.00484445 -0.01002469],[ 0.0005643  -0.00191468],[-0.0019011  -0.00885822],[ 0.00129595 -0.014496  ],[-0.00710376 -0.00914214],[-0.00711051  0.00207483],[-0.00073047 -0.01440941],[ 0.00412724 -0.00791793],[ 0.00040198 -0.01642388],[ 0.00059618 -0.00165079],[ 0.00804756 -0.01348983],[-0.00774744 -0.01033393],[ 0.00164761 -0.00683966],[-0.00160366 -0.01007345],[ 0.00853458 -0.01323712],[ 0.00721974 -0.00739646],[-0.00816014  0.00250209],[-0.00054695 -0.00624934],[ 0.00626794 -0.00518559],[ 0.00067083 -0.00617981],[ 0.00156482 -0.00724987],[ 0.0073129  -0.00617281],[ 0.00555429 -0.01312593],[ 0.00557642 -0.01216761],[ 0.00970311 -0.00632606],[0.00285418 0.00088666],[ 0.00299466 -0.00722586],[ 0.00416308 -0.00465839],[ 0.001121   -0.00899381],[ 0.00531887 -0.00884348],[ 0.00656931 -0.00644804],[-0.00102006 -0.010415  ],[ 0.00454367 -0.00272841],[-0.00269637  0.00512061],[ 0.00183203 -0.00743172]
[ 0.00012023 -0.01311673],[ 0.00833368 -0.00933207],[ 0.00794136 -0.0030231 ],[-0.0010968 -0.0017527],[ 0.00304328 -0.00951461],[ 0.00895605 -0.01538406],[-0.00065269 -0.00503555],[ 0.00895051 -0.00931091],[ 0.0028022  -0.00893063],[ 0.0126399 -0.0197123],[-0.00142965 -0.01570022],[-0.00258183 -0.00101633],[ 0.00450349 -0.00847169],[ 0.00831054 -0.00660396],[ 0.00430263 -0.00637765],[0.00088326 0.00561064],[ 0.01237329 -0.01039526],[ 0.00241972 -0.00553591],[ 0.00573496 -0.00641295],[ 0.00656204 -0.00204273],[ 0.00902088 -0.00784316],[ 0.00039327 -0.00793505],[-0.00857108 -0.0099057 ],[ 0.00981825 -0.02007163],[ 0.00363662 -0.01591078],[ 0.00360015 -0.00315919],[ 0.01111757 -0.01708256],[ 0.00019702 -0.0115778 ],[-0.00188597  0.00094265],[ 0.00114965 -0.01070539],[ 0.00862011 -0.00332575],[ 0.00573011 -0.0028398 ],[0.00072754 0.00016695],[ 0.01110468 -0.0087099 ],[ 0.00301392 -0.00034501],[ 0.0062503  -0.01566594],[ 0.01854922 -0.02000595],[ 0.00493917 -0.00702688],[ 0.00040727 -0.00309132],[-0.00454461 -0.00889607],[ 0.00564185 -0.01148952],[ 0.00718277 -0.00477179],[ 0.00241073 -0.01062318],[ 0.01185556 -0.02239892],[ 0.00585592 -0.01343113],[-0.00529562 -0.00886585],[ 0.00937894 -0.00994754],[0.00018699 0.00122349],[ 0.01057019 -0.00846337],[ 0.00288402 -0.00392301],[ 0.01102353 -0.00863402],[0.00353599 0.00075085],[ 0.00502983 -0.01082801],[-0.00080391 -0.00679423],[ 0.00168743 -0.01017891],[ 0.00995667 -0.00758588],[ 0.00804229 -0.01906894],[-0.00750341 -0.00138503],[-0.00322515 -0.00634266],[-0.00355894 -0.00696166],[ 0.00658521 -0.01351361],[ 0.00451954 -0.00567643],[ 0.00586492 -0.00843472],[ 0.01421612 -0.01499119],[ 0.00490976 -0.01239153],[ 0.00573031 -0.00704131],[ 0.01030112 -0.02758374],[ 0.00348964 -0.00074605],[ 0.00763168 -0.00880785],[-0.00071858 -0.00580024],[ 0.00385567 -0.00437165],[ 0.00551603 -0.01083546],[ 0.00025627 -0.0031387 ],[-0.00108783 -0.00889855],[-0.00010738 -0.00266205],[ 0.00586253 -0.01947665],[ 0.00681563 -0.01022546],[ 0.0008764  -0.01007887],[ 9.9670142e-05 -1.4815506e-02],[ 0.00910965 -0.00976005],[-0.00367028 -0.00108475],[0.01160023 0.00788439],[-0.00088682 -0.01284433],[-0.00019208 -0.01261332],[ 0.00926002 -0.01358975],[-0.00295531 -0.00950264],[ 0.0046051  -0.00363425],[ 0.00215486 -0.00337959],[ 0.00034263 -0.01675615],[ 0.00416309 -0.01067586],[ 0.00735054 -0.01968649],[ 0.00874284 -0.01645448],[-0.00195371 -0.00356772],[ 0.00608967 -0.00352141],[ 0.01049582 -0.01126628],[ 0.00414416 -0.00472577],[ 0.00048386 -0.00876686],[0.00900273 0.00315408],[ 0.00408088 -0.00648263],[-0.00011635 -0.0155165 ],[ 0.00240806 -0.01311556],[ 0.00176529 -0.00877172],[-5.7276338e-05 -5.7889223e-03],[ 0.00317306 -0.00982134],[ 0.00054617 -0.01244159],[-0.00247388 -0.00259195],[ 0.00673018 -0.01189757],[-0.00455165 -0.00255984],[-0.00618968 -0.02214226],[ 0.00602346 -0.01427328],[-0.00132827 -0.0184794 ],[ 0.0007157  -0.00072369],[-0.00012098 -0.00301915],[-0.00396955 -0.00329228],[ 0.00510361 -0.01049038],[ 0.02558467 -0.0221937 ],[ 0.00468812 -0.0134292 ],[ 0.0060459  -0.01151628],[ 0.01328671 -0.01112258],[-0.006309   -0.00843027],[ 0.004305   -0.00371958],[ 0.00320824 -0.01081872],[ 0.00479775 -0.00569846],[ 0.01366948 -0.0105016 ],[-0.00522348 -0.01572137],[-0.00046778 -0.00265853],[ 0.00700233 -0.0115785 ],[ 0.00123977 -0.00570028],[0.0034648  0.00206035],[ 0.00248473 -0.00321559],[ 0.00593554 -0.0120427 ],[ 0.00843997 -0.02556397],[ 0.00492275 -0.01376849],[ 0.00538238 -0.00032923],[-0.0015088  -0.00375459],[ 0.00831553 -0.0026851 ],[ 0.00220332 -0.00679427],[ 0.00509887 -0.0046104 ],[ 0.00950814 -0.00680253],[-0.00474992 -0.00128058],[-0.00192    -0.00846425],[0.00257125 0.00154863],[ 0.00495859 -0.00119664]
[ 0.01394909 -0.02018045],[ 0.02046551 -0.02227454],[ 0.01111912 -0.01967635],[ 0.00461845 -0.01727779],[ 0.01279019 -0.02549035],[ 0.01211473 -0.0208433 ],[ 0.00723975 -0.01887554],[ 0.01552663 -0.02078672],[ 0.00910105 -0.02977026],[ 0.01245057 -0.01965884],[ 0.00654812 -0.01382428],[ 0.00037585 -0.0209397 ],[ 0.00908118 -0.01811058],[ 0.00942734 -0.0166595 ],[-0.00089929 -0.01477133],[ 0.00405088 -0.00086371],[ 0.01576375 -0.02162781],[ 0.00348079 -0.01149548],[ 0.0067634  -0.01426619],[ 0.00059157 -0.0213297 ],[ 0.00692214 -0.02729635],[ 0.00062381 -0.01067656],[ 0.01098119 -0.0328922 ],[ 0.01645659 -0.02700123],[ 0.01236493 -0.01987346],[ 0.00273456 -0.01577126],[ 0.00426242 -0.01567864],[ 0.00419456 -0.02242375],[-0.00204623 -0.01355303],[ 0.00570972 -0.01498638],[ 0.01293641 -0.01404294],[ 0.0084239  -0.02227864],[ 0.00409452 -0.01594936],[ 0.0092585  -0.01678864],[ 0.00551075 -0.02005669],[ 0.01192869 -0.0154102 ],[ 0.02175382 -0.03945561],[ 0.01426031 -0.02889794],[ 0.0071653  -0.01748622],[ 0.00493962 -0.01000165],[ 0.02044163 -0.02775008],[ 0.00747937 -0.01815373],[ 0.00249997 -0.02024641],[ 0.01670267 -0.02439884],[ 0.0156562  -0.02684416],[ 0.00619924 -0.01753437],[ 0.00973396 -0.01756588],[ 0.0050335  -0.01952255],[ 0.01638433 -0.02003519],[ 0.0103949  -0.01118772],[ 0.00717699 -0.02490762],[ 0.01138481 -0.01955041],[ 0.00640475 -0.01317092],[ 0.00656412 -0.01836748],[ 0.00663574 -0.0097236 ],[ 0.00755666 -0.01557931],[ 0.01075015 -0.02474234],[ 0.01304448 -0.01414743],[ 0.00347733 -0.01640978],[-0.00310082 -0.01189802],[ 0.01087521 -0.02923287],[ 0.01229027 -0.00469339],[ 0.00961792 -0.01177529],[ 0.02660555 -0.03405266],[ 0.00762952 -0.01005229],[ 0.00144461 -0.01054718],[ 0.02242341 -0.03702021],[ 0.01155714 -0.015613  ],[ 0.00755232 -0.01467347],[ 0.00737032 -0.01461542],[ 0.00482757 -0.01981374],[ 0.00214737 -0.01974647],[ 0.00809306 -0.0127462 ],[ 0.0049598  -0.01916063],[ 0.00864811 -0.02292461],[ 0.01190532 -0.02216763],[ 0.00658877 -0.01211055],[ 0.00725474 -0.011804  ],[ 0.00847934 -0.01312317],[ 0.01535383 -0.0177175 ],[ 0.00176445 -0.02018608],[ 0.01091393 -0.00995711],[ 0.00212179 -0.01729748],[ 0.01017591 -0.0253854 ],[ 7.045269e-05 -1.766153e-02],[ 0.00805704 -0.01282429],[ 0.00299711 -0.01361863],[ 0.00484173 -0.01933904],[ 0.00592938 -0.01961284],[ 0.00602287 -0.02625231],[ 0.01165806 -0.01786318],[ 0.0062303  -0.01958217],[ 0.01629078 -0.01343386],[ 0.00164625 -0.01491192],[ 0.02220741 -0.01644734],[ 0.00667877 -0.01028715],[ 0.0019904  -0.02289212],[ 0.00578024 -0.02143167],[ 0.00990702 -0.01780817],[ 0.01240131 -0.02572197],[ 0.0019369  -0.01652189],[ 0.00612049 -0.0123818 ],[ 0.01049457 -0.01884611],[ 0.01138544 -0.02040324],[ 0.01487895 -0.00997441],[ 0.00583223 -0.01059046],[ 0.01017701 -0.02338846],[ 0.00642455 -0.0144844 ],[ 0.00750952 -0.02907342],[ 0.01048633 -0.01570109],[ 0.01634745 -0.02225099],[ 0.0090916  -0.01571446],[ 0.00412797 -0.01528338],[ 0.00654313 -0.01595968],[ 0.01331791 -0.0064037 ],[ 0.02828907 -0.02982352],[-0.00046897 -0.02598004],[ 0.01048487 -0.02146649],[ 0.01701345 -0.02807948],[ 0.00772906 -0.01562084],[ 0.01008349 -0.02358167],[ 0.00618308 -0.03665208],[ 0.01092559 -0.01928639],[ 0.01404219 -0.02405011],[ 0.00329901 -0.02250536],[ 0.00534406 -0.0186202 ],[ 0.00089362 -0.01469094],[ 0.00353537 -0.02116649],[ 0.00632753 -0.01542139],[ 0.01045265 -0.0288385 ],[ 0.00520621 -0.02573004],[ 0.01527682 -0.01929834],[ 0.01068302 -0.01761716],[ 0.00753521 -0.00845282],[ 0.00554346 -0.01511841],[ 0.00871504 -0.02057773],[ 0.01680784 -0.02259419],[ 0.02390645 -0.02728093],[ 0.01190555 -0.01781816],[ 0.00016895 -0.013302  ],[ 0.00710434 -0.01634123],[ 0.00990862 -0.01421284],[ 0.00906709 -0.01274483]
[ 0.01065847 -0.02756266],[ 0.01114513 -0.01924749],[ 0.0055871  -0.02275766],[-0.00426827 -0.01593786],[-0.00043365 -0.01635282],[ 0.01661387 -0.03143273],[-0.00187414 -0.00977281],[ 0.0092559  -0.02835828],[ 0.00128926 -0.02663018],[ 0.00166376 -0.02262381],[ 0.00690557 -0.01606008],[ 0.00425636 -0.02423224],[ 0.00796372 -0.01703461],[ 0.00957684 -0.01379005],[-0.00333788 -0.0197397 ],[ 0.00452538 -0.00575706],[ 0.00638634 -0.02595679],[ 0.00344668 -0.01164036],[ 0.0043402  -0.01458682],[-0.00099545 -0.01618561],[ 0.01012976 -0.02634192],[ 0.00738408 -0.01454741],[ 0.00295007 -0.01813036],[-0.00204471 -0.03268344],[ 0.00095586 -0.02261515],[-0.00289072 -0.02244264],[-0.00110992 -0.01431415],[ 0.00588735 -0.02409275],[ 0.0046641  -0.01516862],[ 0.00457059 -0.01562888],[-0.00388312 -0.01775579],[ 0.00357862 -0.02321364],[ 0.00588413 -0.01302515],[ 0.00119831 -0.01482538],[-0.00066598 -0.01939946],[ 0.01197066 -0.01647792],[ 0.00432119 -0.02341315],[ 0.00422543 -0.01678473],[ 0.0002542  -0.01605271],[-0.00466527 -0.01544197],[-0.00206893 -0.01861149],[ 0.00019344 -0.02217675],[-0.00287627 -0.01515545],[ 0.01082533 -0.02139412],[ 0.00876435 -0.02812808],[ 0.00175448 -0.01513057],[ 0.00614719 -0.02232803],[ 0.00178558 -0.01467063],[ 0.01629822 -0.02917675],[-0.00330032 -0.02035207],[ 0.00104423 -0.02418764],[ 0.0034632  -0.02087043],[-0.00320041 -0.01161745],[-0.00165129 -0.01737989],[-0.00103296 -0.01893809],[ 0.00501201 -0.01601681],[-0.00045321 -0.01801879],[ 0.00429463 -0.02003262],[ 0.00779283 -0.01805608],[-0.00504518 -0.01442804],[ 0.0228072  -0.03202475],[ 0.00826272 -0.01859024],[ 0.00932647 -0.02178275],[ 0.00993473 -0.03366598],[ 0.00514327 -0.00948077],[ 0.00564488 -0.01283483],[ 0.01250406 -0.04155672],[ 0.01326325 -0.01859429],[-0.00231902 -0.02042265],[-0.00562901 -0.02108526],[ 0.00716799 -0.02257606],[ 0.00265729 -0.01281685],[-0.00024885 -0.01100238],[-0.00120497 -0.02342277],[-0.00057199 -0.01687325],[ 0.01044662 -0.02157567],[ 0.00561782 -0.01601169],[-0.00043791 -0.0171808 ],[ 0.00323338 -0.0241676 ],[ 0.0135814  -0.01513079],[-0.00940803 -0.01688537],[-0.00453322 -0.01696973],[ 0.0029168  -0.01463941],[-0.00303424 -0.02098151],[ 0.00596048 -0.02249507],[ 0.00405869 -0.01172743],[ 2.4437904e-05 -1.7578904e-02],[ 0.00285846 -0.01725554],[ 0.00556294 -0.00668343],[-0.0006781  -0.02177579],[ 0.00930138 -0.02450722],[ 0.00988922 -0.01679193],[ 0.00718323 -0.01938512],[ 2.2906810e-05 -1.9756917e-02],[ 0.00730589 -0.02081179],[ 0.00403508 -0.01370379],[-0.00357633 -0.02125235],[-0.00510918 -0.01083352],[ 0.00609573 -0.01554613],[ 0.00577838 -0.02217144],[ 0.00329992 -0.01705163],[-0.00132972 -0.00862608],[ 0.00745711 -0.02108179],[ 0.00993536 -0.01680113],[ 0.00097438 -0.01402934],[-0.00712996 -0.0176155 ],[ 0.00048497 -0.01866296],[ 0.00601715 -0.01648033],[ 0.00747527 -0.02258332],[ 0.0008725  -0.01827601],[ 0.00843167 -0.02328662],[ 0.0080635  -0.01237183],[-0.00436097 -0.02366901],[ 0.00540314 -0.01730699],[ 0.00301855 -0.01579144],[ 0.01466367 -0.0201101 ],[ 0.00737533 -0.01880848],[ 0.00149018 -0.01970831],[ 0.01440027 -0.01763836],[-0.00071838 -0.01777807],[ 0.00536322 -0.02660727],[ 0.00391669 -0.0280323 ],[-0.00069821 -0.02581416],[ 0.00723817 -0.01797101],[-0.00507837 -0.01419312],[ 0.00130975 -0.01719833],[ 0.0025104  -0.01715289],[-0.00202233 -0.0174056 ],[ 0.00138199 -0.01308572],[ 0.00920649 -0.01441068],[ 0.00642914 -0.02283003],[ 0.00853876 -0.01962041],[ 0.00610767 -0.0210087 ],[-5.074963e-05 -1.889174e-02],[ 0.00305989 -0.01384086],[ 0.00642997 -0.01744974],[-0.00638778 -0.0233302 ],[ 0.01647468 -0.03412858],[ 0.00722584 -0.01330589],[-0.0040761  -0.01991579],[ 0.00480884 -0.02750998],[ 8.6762011e-06 -1.1478566e-02],[ 0.00596077 -0.0251976 ]
[ 0.00078884 -0.03182711],[ 0.00065715 -0.01681937],[-0.00415553 -0.01774286],[-0.00785668 -0.01172397],[-0.00848783 -0.01187172],[-0.00549827 -0.02830328],[ 0.00545499 -0.01250138],[-0.00526284 -0.02316198],[-0.00471186 -0.0264179 ],[-0.00048117 -0.01789099],[-0.01094854 -0.01399352],[-0.0085323  -0.01871093],[-0.00135722 -0.0163344 ],[-0.00333289 -0.01339246],[-0.00072416 -0.01910924],[-0.00342048 -0.01380321],[ 0.00107931 -0.02923341],[-0.00547564 -0.02207775],[-0.0025408  -0.01687893],[-0.00771312 -0.01419413],[ 0.00616529 -0.0228253 ],[ 0.00282343 -0.01784169],[-0.00125436 -0.01242276],[-0.00074312 -0.01549326],[-0.00532304 -0.02636256],[-0.00892676 -0.01710126],[-0.00710601 -0.01287868],[-0.00697444 -0.02280839],[-0.00250321 -0.01647114],[-0.001367   -0.01235761],[ 0.0040057  -0.01538961],[-0.00727861 -0.01702422],[-0.00283895 -0.02123515],[ 0.00063866 -0.01987498],[-0.00702219 -0.01871403],[-0.00267017 -0.01096405],[ 0.00096342 -0.03306673],[-0.00677566 -0.01466051],[-0.00698408 -0.01670981],[-0.00988313 -0.01445754],[ 0.00066666 -0.0196701 ],[-0.00504151 -0.02439111],[-0.00528197 -0.00699465],[ 0.00060512 -0.02028113],[-0.00183231 -0.02661857],[-0.01170549 -0.02024325],[-0.00500998 -0.01045912],[-0.00554665 -0.01487313],[ 0.00686865 -0.02607906],[-0.00627808 -0.01059928],[-0.00306769 -0.01883677],[-0.00426179 -0.01602702],[-0.00728335 -0.01895519],[-0.00998314 -0.02231651],[-0.00582292 -0.0206231 ],[-0.00230215 -0.01605751],[-9.9305063e-05 -2.3990272e-02],[-0.00987259 -0.01715495],[-0.0083243 -0.0150025],[-0.00929864 -0.01152072],[-0.00129674 -0.03280009],[-0.00414833 -0.01501967],[ 0.0008017  -0.02303398],[-0.00139357 -0.02991405],[ 0.00124993 -0.00957525],[-0.01071076 -0.01247364],[-0.00282374 -0.03843875],[-0.00015815 -0.0136596 ],[-0.00866193 -0.02305501],[-0.00454553 -0.02037487],[-0.00571116 -0.01871176],[-0.00719158 -0.0189501 ],[-0.01124782 -0.01603506],[-0.00443437 -0.02484243],[-0.00969328 -0.0135177 ],[ 0.00444914 -0.01846393],[-2.1524727e-05 -2.4731688e-02],[-0.01044966 -0.01956113],[-0.00850884 -0.01996883],[ 0.00385554 -0.01738953],[-0.01177954 -0.0193969 ],[-0.01134111 -0.00463678],[-0.00693683 -0.01257887],[-0.00519358 -0.02889877],[-0.00076122 -0.0175604 ],[-0.00534345 -0.01525503],[-0.00521946 -0.01849559],[-0.00466724 -0.0161074 ],[ 0.00571699 -0.02174227],[-0.00567633 -0.02399941],[-0.00032324 -0.02759618],[ 0.00184463 -0.02056025],[-0.00617845 -0.01535306],[-0.00061307 -0.01280849],[-0.0034174  -0.01662685],[-0.00595722 -0.0121241 ],[-0.01096093 -0.02539472],[-0.01231339 -0.01137995],[-0.00339564 -0.01854063],[-0.00392471 -0.02706744],[-0.01161582 -0.01709074],[-0.01000522 -0.00529072],[-0.00361535 -0.01997694],[ 0.00194955 -0.02405344],[-0.00540366 -0.0167621 ],[-0.007058  -0.0201182],[-0.00195459 -0.01188247],[-0.00027451 -0.01830536],[-0.00208637 -0.02750153],[-0.01026612 -0.02064127],[-0.00644245 -0.03008538],[-0.00484278 -0.0099545 ],[-0.01073957 -0.01722628],[-0.00641654 -0.01460193],[-0.00290774 -0.01785478],[ 0.00969858 -0.03487345],[-0.00633975 -0.02047278],[ 2.4508685e-05 -2.5673464e-02],[ 0.00540775 -0.01807487],[-0.00646574 -0.01892065],[ 0.00098379 -0.01547339],[-0.00162581 -0.01716242],[-0.00880537 -0.01624496],[-0.00654731 -0.0239912 ],[-0.01110469 -0.02259501],[-0.00859132 -0.01825633],[-0.00525127 -0.02302196],[-0.00912232 -0.01365007],[-0.00798433 -0.01308761],[-0.01552773 -0.00818995],[-0.00118016 -0.01668283],[ 0.00665625 -0.02110913],[-0.00602887 -0.01036193],[ 0.0011502  -0.02404228],[-0.01141726 -0.01952429],[-0.00545607 -0.01135072],[-0.00832666 -0.01690792],[-0.00032697 -0.01989657],[-0.0010067  -0.01952181],[-0.01192869 -0.01643504],[-0.00452322 -0.02148691],[-0.0187658  -0.01247295],[-0.00336719 -0.01745905]
[-0.00517694 -0.02110651],[-0.00636065 -0.01245202],[-0.00593184 -0.01067539],[-0.00802712 -0.00812323],[-0.00951577 -0.00936953],[-0.00088768 -0.02331889],[-0.00799145 -0.00204105],[-0.00513292 -0.01750278],[-0.00866535 -0.01488412],[ 0.00540021 -0.01273154],[-0.0144554  -0.00972707],[-0.00897933 -0.01244006],[-0.01102061 -0.01890488],[-0.00908097 -0.01626508],[-0.00753807 -0.01035769],[-6.9857202e-03  5.8636069e-06],[-0.00779776 -0.02003305],[-0.01027904 -0.01807647],[-0.01109081 -0.0119211 ],[-0.01886871 -0.00503552],[ 0.00201317 -0.01907617],[-0.00359985 -0.01467977],[-0.00310778 -0.02343991],[-0.00201139  0.00053635],[-0.01208284 -0.0219595 ],[-0.01542279 -0.01392033],[-0.00234268 -0.01200561],[-0.01073874 -0.01929212],[-0.00433987 -0.00439262],[-0.01348875 -0.01029853],[-0.00981268 -0.01967221],[ 0.00149385 -0.01703891],[-0.01169139 -0.01439884],[-0.01241101 -0.02411557],[-0.01594488 -0.01347975],[-0.00244574 -0.0115796 ],[-0.00245846 -0.02520227],[-0.01770466 -0.00813654],[-0.00816233 -0.00933363],[-0.01141692 -0.01054816],[-0.01389187 -0.0094808 ],[-0.0065052  -0.01237435],[-0.00159287 -0.01285063],[ 0.00607005 -0.00791909],[-0.00829779 -0.01973551],[-0.00941724 -0.00471247],[-0.00706396 -0.01299448],[-0.00875422 -0.01140283],[-0.01062265 -0.00745825],[-0.009947   -0.00088494],[-0.01609185 -0.01391095],[-0.01404063 -0.01210992],[-0.0150488  -0.00677685],[-0.0145314  -0.02474509],[-0.01208981 -0.00875274],[-0.0118     -0.00958021],[-0.0094788  -0.00850848],[-0.00964683 -0.00573226],[-0.01004344 -0.02415795],[-0.0066621   0.00133058],[-0.00173525 -0.02765457],[-0.01017594 -0.01430807],[-0.00869061 -0.01154746],[-0.00818304 -0.01021092],[-0.00641736 -0.01432242],[-0.01431943 -0.00979106],[ 1.4573336e-05 -3.3084318e-02],[ 0.0003624  -0.01624012],[-0.00622291 -0.01752014],[-0.01603925 -0.02773737],[-0.01130507 -0.0173039 ],[-0.00483098 -0.00442037],[-0.01411595 -0.00459572],[-0.00745298 -0.01486106],[-0.00450258 -0.00809394],[-0.00072381 -0.00872876],[-0.01042803 -0.01713894],[-0.01118767 -0.01112484],[-0.01107729 -0.0052029 ],[-0.00554911 -0.02101422],[-0.01688695 -0.01683971],[-0.00642735 -0.0075687 ],[-0.01247251 -0.00780548],[ 0.00926912 -0.0252717 ],[-0.005187   -0.00783482],[-0.01007133 -0.00536302],[-0.00743874 -0.01385284],[-0.00957988 -0.00995763],[-0.01382218 -0.01910205],[-0.01406431 -0.01619902],[-0.00364531 -0.00869158],[-0.0117633  -0.02032267],[-0.00242217 -0.00775125],[-0.01405729 -0.01248675],[-0.00490976 -0.00818292],[-0.01066264 -0.01413873],[-0.01003179 -0.01239888],[-0.01401932 -0.00940708],[-0.00534707 -0.01082409],[-0.00602221 -0.01000863],[-0.00849079 -0.01236961],[-0.00653213 -0.00197988],[-0.00493129 -0.0197906 ],[-0.00874322 -0.02262588],[-0.01573689 -0.00640924],[-0.0048823  -0.01508421],[-0.0120149  -0.00677151],[-0.00051035 -0.01745851],[-0.01236142 -0.01602394],[-0.01347869 -0.01439106],[-0.00923901 -0.02854347],[-0.00984634 -0.01343499],[-0.01527775 -0.01451688],[-0.00813636 -0.01258212],[-0.00811882 -0.01003434],[-0.01033097 -0.01968877],[-0.01297058 -0.01640338],[-0.00947886 -0.01798626],[-0.00534644 -0.01788806],[-0.00833761 -0.00240085],[-0.00995431 -0.0168993 ],[-0.00163711 -0.01211045],[-0.01164259 -0.01655508],[-0.01022469 -0.01234699],[-0.0117235  -0.01324414],[-0.0101246  -0.02068709],[-0.00962852 -0.01693394],[-0.01480896 -0.00430687],[-0.00382081 -0.0067089 ],[-0.00713545 -0.0088376 ],[-0.0061236  -0.01460617],[ 0.00042157 -0.01304859],[-0.00360856 -0.00302709],[-0.00744335 -0.01412831],[-0.01627904 -0.01334015],[-0.00596754 -0.00718457],[-0.01165332 -0.0168453 ],[ 0.00520406 -0.02353702],[ 0.00090223 -0.01513021],[-0.01138521 -0.0112964 ],[-0.00999841 -0.00953132],[-0.00755974 -0.01130273],[-0.01176785 -0.01391415]
[-0.02906895  0.00737545],[-0.0225701   0.02535194],[-0.02787251  0.02669144],[-0.0331357   0.01918741],[-0.01902724  0.0258141 ],[-0.02012468  0.0143246 ],[-0.02485247  0.02803065],[-0.02031742  0.01907437],[-0.02863653  0.01702735],[-0.02014792  0.01643086],[-0.02833025  0.02436459],[-0.020719    0.01866465],[-0.03116873  0.01982228],[-0.01658944  0.0215644 ],[-0.02356246  0.02270295],[-0.03343817  0.03979006],[-0.01972575  0.00811359],[-0.0267318   0.02222366],[-0.02904515  0.03068725],[-0.02908354  0.02858418],[-0.02387689  0.01591603],[-0.02075472  0.02323091],[-0.02381438  0.02510276],[-0.02687321  0.01414812],[-0.03335423  0.00872209],[-0.03706997  0.02683654],[-0.01973754  0.02378649],[-0.02937524  0.00661663],[-0.02666456  0.02811889],[-0.02792467  0.02383472],[-0.03084849  0.01868259],[-0.0280125   0.01808513],[-0.02157278  0.02380867],[-0.02860089  0.01899527],[-0.01904818  0.01951014],[-0.02192697  0.01823663],[-0.01736801  0.00737846],[-0.02912426  0.02401926],[-0.02660559  0.02462333],[-0.03954941  0.0300642 ],[-0.03160546  0.01574145],[-0.02398298  0.02313545],[-0.0287299   0.02299181],[-0.02260129  0.02619559],[-0.02748305  0.00883086],[-0.04002415  0.03009659],[-0.02588861  0.01637603],[-0.03196809  0.02089381],[-0.02860084  0.0179675 ],[-0.02107467  0.01951979],[-0.03376458  0.02155779],[-0.0239643   0.01881354],[-0.0355826   0.02128337],[-0.0281056   0.01561382],[-0.03456173  0.028147  ],[-0.02101238  0.02129851],[-0.01530396  0.02065759],[-0.02009426  0.02320585],[-0.0324127   0.01049925],[-0.0299214   0.02867696],[-0.01666142  0.00091044],[-0.02629907  0.0156579 ],[-0.0192572   0.02126104],[-0.02157846  0.01006704],[-0.02318925  0.01681492],[-0.03469005  0.02354641],[-0.01944601  0.01486446],[-0.01743147  0.01510399],[-0.02663797  0.01580082],[-0.02165521  0.00294775],[-0.02044889  0.0189938 ],[-0.02790406  0.03141709],[-0.03146684  0.02163772],[-0.02997473  0.0221646 ],[-0.03257559  0.03091072],[-0.02074676  0.0246104 ],[-0.03212977  0.02622977],[-0.0312651   0.02791523],[-0.03292978  0.0112039 ],[-0.02579942  0.01790496],[-0.02874311  0.01218341],[-0.02743987  0.02284586],[-0.03434197  0.02582054],[-0.0195333   0.01425533],[-0.01344372  0.02318241],[-0.02709989  0.02207275],[-0.02456507  0.02670387],[-0.02722439  0.02118805],[-0.04235663  0.01820822],[-0.02483769  0.01694174],[-0.01847211  0.00749578],[-0.01536471  0.01325559],[-0.02104377  0.02804032],[-0.01896925  0.01693169],[-0.01948562  0.02140629],[-0.03052621  0.02312982],[-0.03262825  0.01676976],[-0.02472373  0.02935722],[-0.03015759  0.02612873],[-0.02549738  0.01844408],[-0.02255548  0.02140051],[-0.02067636  0.03315552],[-0.01746862  0.01868208],[-0.02440591  0.01345452],[-0.02701292  0.01722256],[-0.03258874  0.01945108],[-0.02913385  0.01709591],[-0.02503321  0.01182619],[-0.02450554  0.00804693],[-0.03760138  0.01044407],[-0.02727876  0.01155011],[-0.02977218  0.02698407],[-0.028288   0.0171046],[-0.02952013  0.02201552],[-0.0229681  0.0229749],[-0.02682681  0.00705606],[-0.0207863   0.02717473],[-0.02399278  0.01518969],[-0.02205822  0.0183751 ],[-0.03365114  0.02518331],[-0.03471991  0.02033558],[-0.02586105  0.01695471],[-0.02793672  0.0176596 ],[-0.03207255  0.02137521],[-0.02498823  0.02672514],[-0.02495034  0.01755697],[-0.02848857  0.01240851],[-0.02876782  0.03373948],[-0.02119595  0.0264581 ],[-0.03126225  0.03339735],[-0.02671441  0.02290427],[-0.01798505  0.02171877],[-0.02831122  0.02351117],[-0.01783662  0.02037225],[-0.02791827  0.01425732],[-0.02249224  0.03105487],[-0.02164846  0.01822642],[-0.01001978  0.00147415],[-0.02083879  0.02802806],[-0.02853044  0.02144441],[-0.02346717  0.01439123],[-0.02678331  0.02555611],[-0.03045347  0.0193203 ]
[-0.00364412 -0.00994493],[-0.00749837 -0.00075284],[-0.00819951 -0.00140493],[-0.01300928  0.00103211],[-0.00513513  0.00503415],[-0.00133864 -0.00290688],[-0.00072143  0.00235943],[-0.0015078  -0.00476607],[-0.01202268 -0.00453889],[-0.02161433 -0.00646557],[-0.00935772  0.00730291],[-0.01384267 -0.0159373 ],[-0.01640359  0.00022934],[-0.00789868  0.00332732],[-0.02146746 -0.00700127],[-0.016015    0.00240766],[-0.00749784 -0.01028077],[-0.01434747  0.00627774],[-0.02050092  0.00090333],[-0.01307738 -0.00142511],[-0.01208053  0.00134701],[-0.01105023 -0.00360221],[-0.00373492 -0.00568538],[-0.00320119 -0.00481029],[-0.01129933  0.00137503],[-0.00886358 -0.01552435],[-0.01310713  0.00078971],[-0.01120051  0.00068802],[-0.00660509  0.00027745],[-0.01268584  0.00642544],[-0.01220202  0.01045515],[-0.00568557  0.00065062],[-0.00017574  0.00159984],[-0.01018733  0.00408481],[-0.00923983  0.00222776],[-0.00015246 -0.00075272],[ 0.00022887 -0.0166282 ],[-0.01225537  0.00952158],[-0.0115191  -0.00516382],[-0.01306567  0.00574622],[-0.01433786  0.00010497],[-0.01270832  0.00064113],[-0.01360061  0.00312162],[-0.00759317 -0.00261131],[-0.00927642 -0.00152503],[-1.8619787e-02  2.3446977e-05],[-0.01825887  0.00528962],[-0.0106242   0.00341953],[-0.02177024 -0.00554832],[-0.00322645  0.00663839],[-0.01609144 -0.00031425],[-0.008871    0.00165484],[-0.01179919 -0.00643681],[-0.00546096  0.00317511],[-0.0133171  -0.00046121],[-0.00594022  0.00666174],[-0.00974379  0.00086583],[-0.00525484 -0.00171485],[-0.00692119  0.00191518],[-0.01095752  0.00143417],[-0.00403871 -0.02416466],[-0.01130356 -0.00257601],[-0.00971681 -0.00313951],[-0.01560686  0.00192679],[-0.00950313  0.00689389],[-0.01587741 -0.00307955],[ 0.00363464 -0.02158449],[-0.00294657 -0.00332483],[-0.01325443 -0.00504222],[-0.00980662 -0.01454958],[-0.00700352  0.00503136],[-0.01027236  0.00030899],[-0.01339704 -0.00399222],[-0.00955384  0.00149719],[-0.01318872 -0.00302794],[-0.00329671 -0.00287668],[-0.01180559 -0.00248646],[-0.0283385   0.00486015],[-0.01649345  0.00182714],[-0.01269883  0.00073037],[-0.01676311 -0.01098111],[-0.00700623  0.00280234],[-0.01596522  0.00186564],[-0.00147476 -0.01217217],[-0.00865192  0.00619358],[-0.00492764  0.00535813],[-0.01042441 -0.00456229],[-0.01576484 -0.00409197],[ 0.00099507 -0.00241775],[-0.0094589  -0.00931281],[ 0.00112866 -0.01129913],[-0.00190556 -0.00606724],[-0.00638781  0.0015695 ],[-0.00829754 -0.00447001],[-0.0170756   0.00234078],[-0.01365845  0.00302288],[-0.00880934 -0.00420401],[-0.01641041  0.0095586 ],[-0.01250928  0.01192378],[-0.01360357 -0.00073383],[-0.01189803 -0.00847279],[-0.01568658  0.01083846],[ 0.00325567 -0.00433242],[-0.0020292  -0.00090416],[-0.0122991   0.00389428],[-0.01388999 -0.001081  ],[-0.01413853  0.00347198],[ 0.00010271 -0.0147148 ],[-0.0046039  -0.01130895],[-0.01621816 -0.00364068],[-0.00717852 -0.01042298],[-0.00399942 -0.00078189],[-0.01284946 -0.00600779],[-0.00865944  0.00375246],[-0.01024637 -0.00263583],[-0.0146591  -0.00524953],[-0.00223319 -0.00478368],[-0.01635804 -0.00166043],[-0.00823379 -0.0054841 ],[-0.01490815 -0.00015599],[-0.02047782  0.00264235],[-0.02869974  0.00429641],[-0.01053914  0.00040806],[-0.01775159  0.00314122],[-0.00385275  0.00818336],[-0.01424406 -0.00571106],[-0.01637321  0.00546939],[-0.01486307 -0.00442631],[-0.00689458  0.00046008],[-0.01237563 -0.00842528],[-0.01395817  0.00578546],[-0.01071723  0.00987225],[-0.00994242  0.00900925],[-0.01471427 -0.00358526],[-0.00914263  0.00101115],[-0.00953038  0.01329201],[ 0.00211292 -0.00392676],[-0.00019266 -0.01767268],[-0.01146337 -0.00531488],[-0.00809566  0.00016094],[-0.01278213  0.00230956],[-0.01102424  0.00486897],[-0.01316991 -0.00544059]
[-0.02373156 -0.01451126],[-0.01579275 -0.01204789],[-0.01531843 -0.00980156],[-0.02055481 -0.00366689],[-0.02254673 -0.00437445],[-0.00573013 -0.01792351],[-0.03061529  0.00310802],[-0.01166556 -0.01724032],[-0.02125002 -0.00800166],[-0.01753423 -0.00670159],[-0.0221846   0.00562244],[-0.01841274 -0.00963007],[-0.0227547  -0.00822262],[-0.0171225  -0.00627932],[-0.02026312 -0.01191302],[-0.02477065 -0.00756809],[-0.02096164 -0.0192175 ],[-0.01938718 -0.00122263],[-0.01584101 -0.00697845],[-0.01636344  0.00164859],[-0.02373963 -0.00836715],[-0.00772012  0.00230592],[-0.01967723 -0.00025549],[-0.01526929 -0.00116393],[-0.02392089 -0.00765149],[-0.01817571 -0.01418358],[-0.01000099 -0.01251339],[-0.01766779  0.00069134],[-0.01629068 -0.00010242],[-0.02012909 -0.0092356 ],[-0.02464315 -0.01336534],[-0.02437613 -0.00034164],[-0.0189388  -0.00591296],[-0.02085553 -0.00452477],[-0.02652983 -0.0023366 ],[-0.00882895 -0.00929742],[-0.01367511 -0.01769447],[-0.01911495  0.00465937],[-0.03029259 -0.00223982],[-0.03034753 -0.00122687],[-0.02583852 -0.00162859],[-0.01662625  0.00010602],[-0.01858718 -0.00913635],[-0.0147164  -0.01180413],[-0.0198223  -0.01212173],[-0.02216162 -0.00888977],[-0.02028873 -0.0072709 ],[-0.01993905 -0.00148555],[-0.01692199 -0.01004297],[-0.02057547  0.00227522],[-0.02548935 -0.01197449],[-0.02340396 -0.0047753 ],[-0.02463587 -0.00343291],[-0.01930359 -0.00385638],[-0.0207923  -0.01319614],[-0.01727455 -0.01052654],[-0.00574522 -0.00203333],[-0.02401352 -0.00704338],[-0.01434947 -0.00575102],[-0.02420793 -0.00059409],[-0.00855725 -0.02254883],[-0.01998015 -0.0146941 ],[-0.01740579 -0.00537507],[-0.01030572 -0.00186458],[-0.01415749 -0.00885242],[-0.01734747 -0.00310787],[-0.00959889 -0.01858067],[-0.01389554 -0.01278951],[-0.02177617 -0.00811259],[-0.0276682  -0.01895137],[-0.01253539 -0.0054959 ],[-0.01995302 -0.00588947],[-0.02497796 -0.00621969],[-0.02658869 -0.01286891],[-0.02354334 -0.00657305],[-0.01105801 -0.0120374 ],[-0.01762413 -0.00880279],[-0.02326346 -0.00846217],[-0.02211965 -0.00790541],[-0.01815451 -0.02216624],[-0.02215666 -0.0079449 ],[-0.01250918 -0.00332273],[-0.02137625  0.00106844],[-0.02051405 -0.01861134],[-0.02000649  0.00122996],[-0.02126671 -0.00529201],[-0.0230812  -0.01029049],[-0.02700962 -0.00176614],[-0.01481938 -0.00067172],[-0.02161552 -0.01284181],[-0.01102634 -0.01928564],[-0.01964607 -0.01002221],[-0.02116014 -0.00370683],[-0.01983728 -0.00497533],[-0.0237932   0.00283985],[-0.02148327 -0.01025076],[-0.02230645 -0.00579482],[-0.02797275 -0.0002288 ],[-0.0211076  -0.00084171],[-0.02175105 -0.00739311],[-0.01878718 -0.00860229],[-0.02210457  0.00478693],[-0.01338383 -0.01026831],[-0.0151984  -0.01360866],[-0.02358372 -0.00806859],[-0.02812233 -0.01285435],[-0.01774877 -0.00902369],[-0.01768871 -0.0147292 ],[-0.02034574 -0.02221651],[-0.01355116 -0.00940898],[-0.02467736 -0.02033683],[-0.0213874   0.00382411],[-0.0233962  -0.01145639],[-0.02684921 -0.01129603],[-0.0246946  -0.01803283],[-0.02207469 -0.0081267 ],[-0.010871   -0.01293531],[-0.03329612 -0.00903857],[-0.01521963 -0.01713736],[-0.025236   -0.00062918],[-0.02538649 -0.00409127],[-0.01942732 -0.0068894 ],[-0.0176416 -0.0095825],[-0.01952562 -0.00103025],[-0.01910223 -0.0133906 ],[-0.01855544 -0.01035762],[-0.01377806 -0.00982699],[-0.0240885  -0.00902721],[-0.01161874 -0.00112778],[-0.01750644 -0.0072449 ],[-0.01231734  0.00025374],[-0.02014897 -0.00460399],[-0.01201011 -0.0023302 ],[-0.02455195 -0.00922952],[-0.01542502 -0.00970583],[-0.0177299  -0.00576757],[-0.0052796  -0.01654366],[-0.01952593 -0.0238034 ],[-0.01067656 -0.01411327],[-0.01961586 -0.00990593],[-0.02510527  0.00452127],[-0.01889494 -0.00279316],[-0.02345331 -0.01278338]
[-0.01820949  0.01306028],[-0.01396354  0.00452226],[-0.02244075  0.00917272],[-0.02432106  0.01062359],[-0.01639524  0.01065688],[-0.01502466 -0.00194651],[-0.02004845  0.01059902],[-0.02160657  0.00630645],[-0.0242559   0.01068616],[-0.01903597  0.01064223],[-0.02153774  0.02086826],[-0.01550882  0.01021715],[-0.02323449  0.01545793],[-0.01929408  0.01496082],[-0.02064713  0.00681212],[-0.02134842  0.01177281],[-0.01182768 -0.00525124],[-0.02570396  0.01188476],[-0.01813763  0.01113241],[-0.02490242  0.01179988],[-0.02432109  0.00214331],[-0.02084531  0.01879057],[-0.02582017  0.01615828],[-0.01936623  0.01068609],[-0.02924426  0.01081336],[-0.01866531  0.01223738],[-0.01684053  0.00875894],[-0.01751519  0.00810303],[-0.02193451  0.01531266],[-0.02073149  0.0022187 ],[-0.02810108  0.01301786],[-0.0224286   0.01227631],[-0.01735059  0.0142718 ],[-0.01414884  0.00533773],[-0.02163733  0.01098175],[-0.01435072  0.02603877],[-0.01145155  0.00261034],[-0.02123351  0.00435506],[-0.02337169  0.01648063],[-0.02869887  0.01933897],[-0.02174793  0.01062158],[-0.01644501  0.02366146],[-0.03169022  0.01734343],[-0.02085838  0.0027731 ],[-0.02097579  0.00368688],[-0.02548889  0.01155473],[-0.02839341  0.01344928],[-0.01825018  0.0155165 ],[-0.01973115  0.01426963],[-0.03096566  0.02818523],[-0.02754781  0.01229192],[-0.02540828  0.01885172],[-0.02699748  0.01366468],[-0.01646404  0.01402346],[-0.02651691  0.00826847],[-0.02443333  0.01267556],[-0.00650248  0.00882372],[-0.01451748  0.00547921],[-0.02119846  0.02002543],[-0.02940741  0.02119039],[-0.02040685 -0.01443117],[-0.02359691  0.00680078],[-0.01796295  0.02601354],[-0.01139219  0.007241  ],[-0.01833374  0.00579295],[-0.0240195   0.00957422],[-0.00606911  0.00439983],[-0.01778105  0.00217532],[-0.02075232  0.00261409],[-0.017071    0.00797989],[-0.01927034  0.01656206],[-0.0272994   0.01366363],[-0.02285059  0.01161078],[-0.02559065  0.0072482 ],[-0.02886856  0.0143666 ],[-0.0097124  0.0101033],[-0.02028271  0.01210436],[-0.01796586  0.01178946],[-0.02246665  0.00759082],[-0.02088115  0.00423384],[-0.01490908  0.01126669],[-0.01415526  0.01361421],[-0.02544907  0.01763713],[-0.00929302 -0.00356376],[-0.02068972  0.01494201],[-0.02370813  0.01017883],[-0.02662884  0.0119569 ],[-0.01468072  0.00396607],[-0.02307026  0.01089833],[-0.01433032 -0.00436091],[-0.01828515  0.0042174 ],[-0.01574215  0.00661972],[-0.02095745  0.00671811],[-0.00852672  0.01368159],[-0.02365456  0.02024338],[-0.02688718  0.02423449],[-0.01633369  0.00399149],[-0.02760075  0.01733033],[-0.02281529  0.005617  ],[-0.01683571  0.0149781 ],[-0.02625384  0.0106742 ],[-0.01953539  0.01077548],[-0.01750061  0.00744127],[-0.01057237  0.00116463],[-0.01553985  0.01274531],[-0.02208121  0.00901503],[-0.01863956  0.00912384],[-0.01677906 -0.00742029],[-2.2413928e-02  1.5430152e-05],[-0.02204912  0.0136965 ],[-0.02200042 -0.00078752],[-0.01739753  0.01186378],[-0.01662026  0.01408836],[-0.01892965  0.01153298],[-0.01804679  0.00925571],[-0.01871363  0.00535594],[-0.01305202  0.01705799],[-0.02972835  0.00380276],[-0.01839913 -0.00039934],[-0.02284158  0.02281412],[-0.02316861  0.01104967],[-0.0250246  0.0179161],[-0.01512779  0.01065017],[-0.01920144  0.01184061],[-0.0134775   0.00621998],[-0.01764354  0.01271819],[-0.0153141   0.01322726],[-0.02287688  0.01144644],[-0.01159097  0.01479389],[-0.02555391  0.01785971],[-0.01608819  0.0128112 ],[-0.01561736  0.006544  ],[-0.0245386  0.0257649],[-0.01985098  0.01404066],[-0.02314297  0.01328176],[-0.02827135  0.01143493],[-0.00274959  0.00460517],[-0.01605434 -0.00773307],[-0.01718362  0.00891633],[-0.01856156  0.01471072],[-0.02556685  0.01955576],[-0.01895455  0.01376631],[-0.01558938  0.01314731]
[-0.0771857   0.03770989],[-0.07487069  0.02706134],[-0.07086767  0.0239019 ],[-0.07730297  0.02879754],[-0.06975263  0.04347624],[-0.07213498  0.01979606],[-0.06759058  0.03349694],[-0.06490635  0.01564487],[-0.08563353  0.03471544],[-0.08258821  0.0366113 ],[-0.07014133  0.0448992 ],[-0.06952044  0.02429454],[-0.08828319  0.03550239],[-0.08171769  0.04268258],[-0.07328596  0.02315307],[-0.0728659   0.02824199],[-0.07274178  0.0259037 ],[-0.08884716  0.03820886],[-0.08234473  0.03804494],[-0.08170731  0.03444047],[-0.07259265  0.02925348],[-0.06301434  0.03582686],[-0.08255675  0.03320764],[-0.06997002  0.02965529],[-0.0851313   0.04528855],[-0.07332962  0.03264023],[-0.07374825  0.03600581],[-0.07209791  0.03683276],[-0.07147166  0.03827779],[-0.08387192  0.03887995],[-0.08286627  0.04133338],[-0.06803473  0.03943878],[-0.07064649  0.03855674],[-0.07944165  0.03264096],[-0.08369612  0.04006962],[-0.06244659  0.03820898],[-0.07853135  0.02330479],[-0.0953986   0.03134234],[-0.08024098  0.03874697],[-0.07552104  0.03910954],[-0.08791903  0.0377861 ],[-0.07148491  0.040227  ],[-0.07086266  0.02865881],[-0.06514241  0.0291649 ],[-0.07899698  0.02949236],[-0.08240478  0.04191835],[-0.08922698  0.03225508],[-0.07741147  0.03599946],[-0.07455318  0.03047131],[-0.08137999  0.04566953],[-0.08567537  0.04437107],[-0.07699515  0.02589757],[-0.0708536   0.03845259],[-0.0788734   0.04019438],[-0.08686762  0.03036936],[-0.07942711  0.04471945],[-0.0742154   0.04338323],[-0.06916153  0.03308517],[-0.07048707  0.03788114],[-0.07750507  0.04276717],[-0.06861746  0.00306537],[-0.08080833  0.02569555],[-0.07302856  0.03950761],[-0.05953402  0.02822503],[-0.07836696  0.03438451],[-0.06493882  0.02555958],[-0.06202096  0.03026971],[-0.06771988  0.0247682 ],[-0.06527731  0.02166629],[-0.08094992  0.03705177],[-0.06727829  0.03636112],[-0.07509017  0.03142224],[-0.08167204  0.03380887],[-0.08698604  0.03111298],[-0.08059515  0.03073773],[-0.06772931  0.04048361],[-0.08166339  0.03789192],[-0.08324818  0.0331274 ],[-0.07949426  0.03477687],[-0.07799023  0.02709705],[-0.08128318  0.03796053],[-0.07079581  0.03907097],[-0.0749939   0.04035494],[-0.05911358  0.01555698],[-0.08118185  0.04160547],[-0.08072352  0.03459417],[-0.0825721   0.02943242],[-0.07046991  0.02395506],[-0.07407937  0.03646395],[-0.06647403  0.02693904],[-0.07072029  0.02899133],[-0.0830162   0.03356755],[-0.07462232  0.03781701],[-0.0666228  0.0363537],[-0.08733469  0.04357409],[-0.07915053  0.03076902],[-0.08169696  0.03123346],[-0.08110537  0.03621679],[-0.08403746  0.03292396],[-0.07258631  0.04208495],[-0.07059657  0.03678216],[-0.07763556  0.04411569],[-0.06529401  0.03562815],[-0.07000177  0.03575566],[-0.0745343   0.03339241],[-0.07074118  0.03512666],[-0.07266231  0.03895959],[-0.05139861  0.00832215],[-0.07050682  0.02989535],[-0.08408802  0.03437413],[-0.08389386  0.0226768 ],[-0.06913601  0.04004371],[-0.06942158  0.03314534],[-0.0838438   0.03528568],[-0.0718008   0.02832792],[-0.07845926  0.02178381],[-0.07655519  0.02981802],[-0.08143423  0.0258481 ],[-0.07198054  0.02409881],[-0.07060899  0.05121233],[-0.07847772  0.03525668],[-0.08627383  0.03727823],[-0.06986832  0.03819868],[-0.08997044  0.03702465],[-0.07594407  0.03804873],[-0.07157242  0.03597809],[-0.0765402   0.04098614],[-0.08270417  0.0326933 ],[-0.07072549  0.03213722],[-0.07427445  0.03225145],[-0.07785886  0.04180058],[-0.06784183  0.0348004 ],[-0.08011089  0.04221209],[-0.07323816  0.02793478],[-0.07603756  0.03452754],[-0.07330777  0.03091467],[-0.06161283  0.03655671],[-0.06704103  0.01941486],[-0.07010611  0.02909949],[-0.07730769  0.0374283 ],[-0.07746209  0.03916728],[-0.07204922  0.03176224],[-0.07433931  0.03195328]
[-0.01347863  0.02066687],[-0.0107904   0.02000954],[-0.00353921  0.01829579],[-0.01306491  0.02842618],[0.00196669 0.02535273],[-0.00315204  0.01211771],[-0.00834573  0.02817621],[-0.01749018  0.00741299],[-0.01545865  0.01937982],[-0.01124948  0.02314597],[-0.01675372  0.03130317],[-0.01039243  0.03190943],[-0.02588209  0.02125835],[-0.0138732   0.02223907],[-0.01719029  0.01820441],[-0.02494673  0.02807499],[-0.01215921  0.01749461],[-0.01512826  0.02820261],[-0.02050687  0.02636048],[-0.0123001   0.02177775],[-0.02379948  0.02612701],[-0.00538043  0.02722619],[-0.02712511  0.02672059],[-0.01728198  0.02773597],[-0.03056652  0.03652013],[-0.00912456  0.03067964],[-0.00930038  0.02528434],[-0.0086746   0.02280518],[-0.01163942  0.0331311 ],[-0.0175008   0.02528644],[-0.01311111  0.01987946],[-0.01398728  0.02642331],[-0.01301579  0.03196402],[-0.01379823  0.0240908 ],[-0.020141    0.02688698],[-0.00814734  0.02661881],[-0.02272646  0.01982258],[-0.01801196  0.02169676],[-0.01918361  0.02385348],[-0.03104866  0.02967075],[-0.02193523  0.02819045],[-0.01896964  0.02539787],[-0.01911352  0.0224593 ],[-0.00936056  0.0279277 ],[-0.00847397  0.01711082],[-0.02424338  0.03181806],[-0.02966097  0.02895678],[-0.01757706  0.03384392],[-0.00914885  0.02551607],[-0.00864705  0.03411834],[-0.01016934  0.03415188],[-0.01514467  0.02325153],[-0.01488724  0.02603474],[-0.01643032  0.0310904 ],[-0.01924066  0.0229377 ],[-0.01159972  0.02910589],[-0.00222444  0.01817977],[-0.00838344  0.02681436],[-0.0069355   0.01832988],[-0.01659307  0.02789289],[-0.01218669  0.00309927],[-0.02189932  0.02529085],[-0.00918252  0.02209322],[-0.01291776  0.02284443],[-0.00261403  0.02324507],[-0.01360953  0.01650943],[-0.0021653   0.02032269],[-0.01909719  0.02422532],[-0.01080935  0.02882312],[-0.01748737  0.02681486],[-0.01171829  0.02973804],[-0.02507345  0.02761372],[-0.03296576  0.02790029],[-0.02703249  0.02531457],[-0.03697288  0.02722396],[-0.00040895  0.02653647],[-0.01910652  0.02697594],[-0.0240585   0.02819652],[-0.01015518  0.0234719 ],[-0.00864897  0.01857824],[-0.02566359  0.02979757],[-0.01423023  0.02846971],[-0.00761072  0.03063782],[-0.01823742  0.01212905],[-0.01211446  0.03921147],[-0.01357004  0.0220499 ],[-0.02781557  0.01861059],[-0.0135918   0.01127472],[-0.0090457   0.02095609],[-0.01634692  0.02444088],[-0.01261345  0.01471337],[-0.01468675  0.02168544],[-0.00760961  0.02971155],[-0.00778688  0.02930465],[-0.02437935  0.03644058],[-0.03339035  0.02624079],[-0.01759368  0.02042475],[-0.02093074  0.02899566],[-0.01955273  0.0159025 ],[-0.01522109  0.03594237],[-0.01782391  0.02916899],[-0.00580438  0.02472639],[-0.01062576  0.02326248],[-0.01130488  0.01258587],[-0.01421002  0.00723185],[-0.03451665  0.02432372],[-0.01745334  0.02145249],[-0.01211557  0.02095322],[-0.00449632  0.01932219],[-0.02496887  0.02388089],[-0.02067814  0.02248696],[-0.01075796  0.01986637],[-0.01409552  0.02684551],[-0.02447465  0.02958599],[-0.02224958  0.01738663],[-0.00624465  0.02937505],[-0.00766749  0.02729645],[-0.02144913  0.0255421 ],[-0.01041861  0.02161734],[-0.01406378  0.02934913],[-0.01595702  0.02838349],[-0.01062958  0.02577359],[-0.00677083  0.02670157],[-0.01068748  0.01958951],[-0.01480711  0.02725914],[-0.01399631  0.02899619],[-0.01803953  0.02496119],[-0.02051888  0.01822643],[-0.00723329  0.03102884],[-0.02785636  0.03138534],[-0.01393131  0.02707525],[-0.01182841  0.02741373],[-0.02257054  0.02623041],[-0.01980582  0.01685002],[-0.01165511  0.02825874],[-0.01641936  0.02039233],[-0.00495078  0.01665648],[-0.01883863  0.00839337],[-0.01279468  0.02576949],[-0.01209966  0.0253207 ],[-0.01745201  0.02484137],[-0.03024782  0.02856208],[-0.0090446   0.02485509]
[-0.02596114  0.00290634],[-0.01373257  0.00332928],[-0.01686085 -0.00070127],[-0.02183392  0.00945576],[-0.0112169   0.00994948],[-0.01378597 -0.00377829],[-0.01824668  0.00485741],[-0.02285897 -0.00309541],[-0.01706143  0.01112112],[-0.01120609  0.01204778],[-0.01800831  0.0107267 ],[-0.03016028  0.01552086],[-0.03199958  0.00839642],[-0.027354    0.01139089],[-0.02088785  0.00956148],[-0.02338769  0.00544182],[-0.02349185  0.00757321],[-0.01266934  0.01039977],[-0.01755136  0.00705452],[-0.0218124   0.01964408],[-0.02889978  0.00373712],[-0.01868045  0.01244025],[-0.03274837  0.00725774],[-0.01618967  0.01095119],[-0.03036206  0.02346157],[-0.02677112  0.01336638],[-0.02553045  0.01048537],[-0.01290575  0.01634006],[-0.01583688  0.02317455],[-0.01241741  0.00762544],[-0.02678793  0.01417625],[-0.0048398   0.01129498],[-0.01796235  0.00666625],[-0.0276634   0.01268848],[-0.02332188  0.01626101],[-0.02155701  0.01511896],[-0.01994058  0.01034765],[-0.02757206  0.00819   ],[-0.02558618  0.01251762],[-0.03527536  0.01377876],[-0.02846471  0.00861103],[-0.03056371  0.0141155 ],[-0.02313212  0.00767647],[-0.01725948 -0.00126309],[-0.01991777  0.00945147],[-0.02934106  0.01085855],[-0.03345422  0.00865376],[-0.01932741  0.02142464],[-0.02098479  0.01030941],[-0.02591163  0.02645107],[-0.02464011  0.013979  ],[-0.03150181  0.01256754],[-0.02788804  0.01260068],[-0.01802417  0.01652442],[-0.01794885  0.00499235],[-0.01541574  0.01605721],[-0.01966078  0.00739669],[-0.01416379  0.01835658],[-0.01965679  0.00924528],[-0.02215073  0.01906759],[-0.01977049 -0.0088803 ],[-0.02269159  0.00396467],[-0.01433621  0.01434068],[-0.01549786  0.01415733],[-0.00778047  0.00294111],[-0.01812474  0.00778436],[-0.01074708 -0.00127702],[-0.01945584  0.00896211],[-0.0151187   0.00410824],[-0.02559843  0.01324091],[-0.01528281  0.02229373],[-0.0220147  -0.00106641],[-0.02798036  0.02098244],[-0.02358825  0.0128607 ],[-0.02709692  0.00778271],[-0.01123785  0.01177423],[-0.0183495   0.00466076],[-0.02294385  0.00508264],[-0.0270688  0.0059569],[-0.01977904  0.01116548],[-0.02670237  0.01726144],[-0.01314857  0.02730907],[-0.0065695   0.01176365],[-0.01007105 -0.01327783],[-0.01867836  0.02174758],[-0.0204581   0.01811518],[-0.02825449  0.00245993],[-0.02222271  0.00392006],[-0.03051955  0.00125194],[-0.00142072  0.0022515 ],[-0.02119312  0.00876806],[-0.03347281  0.01385932],[-0.01508694  0.01982071],[-0.01257735  0.01825591],[-0.03016568  0.0220041 ],[-0.03550456  0.01085486],[-0.02047059  0.00661731],[-0.02871064  0.01435053],[-0.02525228  0.00417297],[-0.01850906  0.01030716],[-0.01728306  0.01042562],[-0.02314654  0.00867989],[-0.0105227   0.00085367],[-0.01615268 -0.0014683 ],[-0.01818429  0.01116686],[-0.02354271  0.00783412],[-0.02947146  0.00916526],[-0.01227231 -0.00023665],[-0.01571813  0.00650664],[-0.03132893  0.01794871],[-0.01997242  0.00922744],[-0.02099637  0.00488332],[-0.0171061   0.00764784],[-0.0242942   0.01647179],[-2.0099435e-02 -1.7095357e-05],[-0.02847461  0.01700564],[-0.01384497  0.00394659],[-0.03258781  0.00380903],[-0.02665437  0.00522548],[-0.03025922  0.01931225],[-0.02852113  0.01656377],[-0.03994032  0.01795498],[-0.01192631  0.02424196],[-0.02110372  0.01061262],[-0.00909583  0.00992431],[-0.0213897   0.01590515],[-0.02434722  0.01308565],[-0.0269992   0.00555955],[-0.02186798  0.01065642],[-0.02817838  0.00854376],[-0.02026907  0.00577306],[-0.01832572  0.00298831],[-0.02547788  0.00993972],[-0.0196493   0.00965589],[-0.01246904  0.01501138],[-0.02026114  0.00918647],[-0.00848936  0.01204225],[-0.02588685  0.00555534],[-0.01996431  0.00947044],[-0.00754526  0.01250806],[-0.01234017  0.00827228],[-0.01388906  0.00902737],[-0.02116969  0.01068146]
[-0.01316487  0.01051079],[-0.01242236  0.00665187],[-5.406644e-03  6.393716e-05],[-0.00849772  0.0128121 ],[-0.00884793  0.00930259],[-0.01397861 -0.00881637],[-0.00840773  0.01020698],[-0.00532305 -0.00062048],[0.00977515 0.00128897],[-0.00167895  0.01213574],[-0.00234837  0.00757802],[-0.00279122  0.01188288],[-0.01606567  0.00694875],[-0.00236106  0.00552624],[-0.00771039  0.00992069],[-0.00807783  0.00624643],[-0.00414445 -0.0024781 ],[0.00152462 0.01389669],[-0.00421993  0.01778032],[-0.00470194  0.01104497],[-0.00927207  0.00795038],[2.0332634e-05 4.6077296e-03],[0.00197534 0.00448662],[-0.00110556  0.0116248 ],[-0.01727487  0.02269962],[-0.01510967  0.01451699],[0.00565286 0.00635473],[0.00031715 0.01379735],[0.00363674 0.01676639],[-0.00187311  0.01640674],[0.00146111 0.00647927],[0.00792246 0.01147906],[-0.0101075   0.00574874],[-0.01590553  0.01880956],[-0.00579271  0.01061185],[0.00807472 0.00242075],[-0.00953436  0.00856171],[-0.00770599  0.00200776],[-0.01185747  0.01190774],[-0.01402096  0.00317816],[-0.00056118  0.01250468],[-0.00792775  0.01194596],[-0.00249561  0.00809872],[-0.00579427  0.00443139],[1.9110739e-05 7.1406104e-03],[0.00172281 0.01572061],[-0.01312508  0.00861653],[-0.00417731  0.01322942],[-0.00176117  0.01596416],[0.00564096 0.00673964],[-0.00671873  0.01348501],[-0.00554494  0.00964752],[-0.00505343  0.01778217],[-0.00720095  0.00777596],[-0.00971239  0.00882776],[0.0020872  0.01524073],[0.00205821 0.00935941],[-0.00668586  0.02156334],[-0.00115941  0.00656407],[0.00130224 0.00682181],[-0.00248927 -0.00815463],[-0.0154647   0.01668266],[0.00282784 0.00862535],[0.00303747 0.00603982],[-0.00763988  0.01016114],[-0.00454292  0.01654174],[0.00532143 0.00280072],[-0.00440612  0.00660321],[-0.00271983  0.00637406],[-0.00356294  0.00822762],[-0.00360491  0.01006318],[-0.01069482  0.01198594],[-0.01680256  0.02184919],[-0.00906495  0.00631942],[-0.00902581  0.0177716 ],[0.00025326 0.009433  ],[-0.00511486  0.01334825],[-0.01027077  0.00773755],[-0.01027423  0.01517621],[-0.00689062  0.00903201],[-0.00404448  0.00897129],[0.00101599 0.00331323],[-0.00145818  0.01041198],[ 0.01105155 -0.00922234],[-0.0098148   0.01829333],[-0.00190588  0.00420487],[-0.00740151  0.00658793],[0.01049252 0.0064603 ],[-0.01102419  0.01150845],[0.00627946 0.01176983],[0.00220922 0.00685294],[-0.01248059  0.01769306],[-0.00231173  0.0207495 ],[-0.00044741  0.00808733],[-0.00333882  0.01467396],[-0.00912322  0.00810796],[-0.01666424  0.00833699],[-0.01234391  0.01271214],[-0.00965432  0.01192231],[-0.00495065  0.02481635],[-0.0076262   0.01391557],[-0.00205414  0.00803471],[0.00370587 0.00554902],[ 0.00366723 -0.00223061],[-0.00223118  0.00464391],[-0.00826158  0.01178309],[-0.0048603  0.0099579],[ 0.01245583 -0.00150102],[-0.00116882  0.00304899],[-0.00835836  0.02032635],[0.00318901 0.00430728],[-0.00433733  0.00582499],[-0.0025332   0.00625028],[-0.0100782  0.0129135],[-0.01067432  0.00511415],[-0.0146015   0.01773563],[0.00076133 0.01252829],[-0.01027884  0.01826113],[-0.0111093   0.00742985],[-0.01413947  0.01132669],[-0.01603771  0.01911204],[-0.0034719   0.01994178],[0.00324153 0.01196878],[-0.00188902  0.00178545],[-0.00959261  0.01811054],[-0.0013475   0.00302646],[0.00157438 0.00695767],[-0.00537083  0.00721901],[0.00466383 0.00881865],[-0.00842614  0.0098688 ],[-0.00162454  0.00441117],[-0.00468777  0.00476059],[-0.0015632   0.01303019],[-0.00605898  0.00658551],[-0.00177506  0.01560392],[ 1.0669734e-03 -9.8142773e-05],[0.00410313 0.00075789],[-0.00369177  0.00709393],[-0.00178558  0.0063751 ],[-0.00186786  0.00370248],[-0.00302291  0.011574  ],[0.00647868 0.01193067],[-0.00787158 -0.00099253]
[ 0.01823138 -0.001472  ],[0.01082239 0.0023412 ],[ 0.01286993 -0.00624394],[0.01187866 0.00498624],[ 0.01837012 -0.00102621],[ 0.0128697  -0.00400123],[ 0.0125057  -0.01065698],[ 0.00484466 -0.00311243],[0.02075128 0.00188402],[0.00873565 0.00104114],[ 0.01663544 -0.00269064],[0.0057335  0.00681343],[0.0015559  0.00694955],[0.01579867 0.00299758],[0.01054739 0.00125726],[0.00514292 0.00382922],[ 0.01526847 -0.00560939],[0.01725551 0.00816438],[0.00535616 0.00893645],[0.01268988 0.00299676],[-0.00097672  0.01041545],[0.01184091 0.00576669],[0.01465932 0.00060656],[ 0.00877649 -0.00136818],[-0.00484012  0.0142765 ],[0.0112507  0.00525666],[0.01131675 0.00939861],[ 0.01848437 -0.00363968],[1.0491064e-02 1.3560057e-05],[0.00938514 0.00162982],[ 0.0118321  -0.00070506],[0.02288154 0.00062954],[ 0.00808199 -0.00406273],[0.01188225 0.01084413],[0.00286993 0.00285653],[0.01565572 0.00633566],[0.01870799 0.00759468],[ 0.00836989 -0.00229122],[ 0.0097704  -0.00477328],[0.00498676 0.00711506],[0.00970027 0.0109257 ],[ 0.00672326 -0.00649844],[-6.384030e-05  8.946016e-03],[ 0.009009  -0.0110148],[0.01542863 0.00128986],[0.00988605 0.00670774],[0.00506744 0.00362219],[0.00451746 0.00369622],[0.01197659 0.01919319],[0.01806316 0.00113877],[0.01003157 0.01165956],[0.00853028 0.00237034],[0.01040855 0.00352897],[0.00697758 0.00310417],[0.00681145 0.00319121],[0.00851019 0.01142717],[ 0.0187734  -0.00132718],[0.01173389 0.00127234],[ 0.02390734 -0.00066298],[ 0.01084212 -0.00189472],[ 0.00309785 -0.01932004],[0.00204339 0.00761802],[0.0163771  0.00414651],[0.01513905 0.00729749],[0.01624168 0.00258335],[ 0.02500311 -0.00750827],[ 0.02771403 -0.00069993],[0.01128108 0.00584365],[ 0.01354659 -0.00337599],[0.00680873 0.00484609],[0.01130102 0.0100936 ],[ 0.00653932 -0.00175846],[0.00330838 0.00725631],[0.00760662 0.01149756],[0.00487256 0.00631893],[0.02575862 0.00525764],[0.00718212 0.01149351],[0.00486084 0.00848007],[0.00162711 0.00572987],[0.01358975 0.01334037],[0.01010296 0.00283194],[ 0.01616809 -0.00514564],[ 1.8393274e-02 -9.2327595e-05],[ 0.02074575 -0.01077343],[0.00797627 0.0089534 ],[ 0.01225938 -0.00905157],[0.00476061 0.00599539],[ 0.01993175 -0.0070835 ],[ 0.02379493 -0.00488647],[ 0.02082958 -0.00035272],[0.01797844 0.00425699],[0.00624507 0.00307944],[0.01379197 0.01029424],[0.01799171 0.0084502 ],[0.00127067 0.01236726],[-0.00075059  0.00357149],[ 0.01126664 -0.00546882],[0.01054355 0.00926911],[0.00415472 0.00700468],[0.00989031 0.01271957],[0.00973761 0.00220488],[0.01610174 0.00098724],[0.01179921 0.00206737],[ 0.01961244 -0.00129316],[ 0.01906826 -0.00320678],[0.01031475 0.00392494],[0.00356859 0.01025229],[ 0.02302701 -0.01356204],[ 0.01613413 -0.00125012],[0.00914432 0.0039047 ],[0.00851995 0.00710072],[ 0.01485185 -0.00395563],[0.0115515  0.00543045],[0.01000397 0.01065677],[0.00769445 0.01042509],[0.01396194 0.00263322],[0.01476766 0.00030643],[0.00380432 0.00454382],[0.01019962 0.01254405],[0.00382867 0.00426345],[0.00606438 0.00637686],[0.00353603 0.01190694],[0.02023119 0.00481012],[0.01911526 0.01410209],[0.01697127 0.01260875],[0.01047797 0.00347732],[0.01135401 0.00786639],[ 0.01366992 -0.00250582],[0.01780533 0.0018502 ],[0.01249852 0.00501013],[ 0.01724941 -0.00127068],[ 0.00724273 -0.00113537],[0.00454302 0.01115671],[0.02004346 0.00455797],[0.0117152  0.01005475],[0.01282171 0.00740376],[ 0.02295422 -0.00010706],[0.0130854  0.00580445],[ 0.01173942 -0.00164865],[0.01347684 0.00353492],[0.00929264 0.00928501],[0.00794282 0.00535475],[0.01708124 0.00619266]
[-0.06405337  0.03966688],[-0.06383437  0.03790364],[-0.06368823  0.02621584],[-0.06307235  0.04072519],[-0.04838439  0.04325037],[-0.0500209   0.03165046],[-0.06619949  0.02750483],[-0.06703701  0.03415388],[-0.05963198  0.04989728],[-0.06210487  0.04490042],[-0.06419427  0.04350375],[-0.06681349  0.04567113],[-0.07344591  0.04750425],[-0.05788077  0.04479731],[-0.06968722  0.03415139],[-0.06466441  0.03205504],[-0.06976335  0.03628524],[-0.06345671  0.05180489],[-0.07268505  0.0473408 ],[-0.05660216  0.03903406],[-0.06455372  0.05825659],[-0.06047548  0.04435909],[-0.07392566  0.04739414],[-0.06711928  0.04501783],[-0.06491287  0.05751973],[-0.06051641  0.04360764],[-0.06524724  0.04304709],[-0.05005904  0.05445832],[-0.06194601  0.03330629],[-0.06757105  0.05474148],[-0.06049271  0.04406483],[-0.044304    0.04945355],[-0.06706889  0.04336708],[-0.07448886  0.05446358],[-0.06712392  0.05849814],[-0.06920137  0.04567733],[-0.0556884   0.03623696],[-0.07406118  0.03820013],[-0.07362347  0.03248963],[-0.06652928  0.04537921],[-0.06053788  0.04818406],[-0.06903858  0.04724159],[-0.06294809  0.03388376],[-0.05420958  0.02766652],[-0.06228708  0.05317378],[-0.07474732  0.05106942],[-0.06288072  0.04405093],[-0.07763138  0.04338632],[-0.05282264  0.0488255 ],[-0.04316656  0.03739866],[-0.06548575  0.04444203],[-0.06888612  0.04310557],[-0.07012818  0.04335961],[-0.06788342  0.05308858],[-0.06593556  0.04195086],[-0.05338814  0.0432919 ],[-0.06005248  0.03713467],[-0.06692973  0.05407701],[-0.05518506  0.03832003],[-0.06060132  0.03780896],[-0.07036739  0.02326117],[-0.07553122  0.0445798 ],[-0.04819752  0.03888364],[-0.05453683  0.04736526],[-0.05680723  0.03884862],[-0.0526875   0.04085889],[-0.0510756   0.03464685],[-0.06021314  0.03596383],[-0.05495728  0.04212057],[-0.07294657  0.05013616],[-0.05995144  0.05215608],[-0.06324721  0.03440508],[-0.06936321  0.05230355],[-0.07698552  0.05499598],[-0.07408904  0.04417391],[-0.05322274  0.03828927],[-0.06513502  0.04971055],[-0.07627638  0.06090207],[-0.0739231   0.05204513],[-0.06346289  0.05276968],[-0.07723635  0.04551103],[-0.05327661  0.04167716],[-0.05524126  0.03876019],[-0.06650256  0.03626123],[-0.07276871  0.04874714],[-0.07115141  0.03782886],[-0.07391026  0.04073884],[-0.06165159  0.04034324],[-0.06271037  0.03622656],[-0.04341913  0.04553605],[-0.06180168  0.05030688],[-0.07339742  0.04445551],[-0.05762839  0.0503029 ],[-0.05527383  0.0409517 ],[-0.0705865   0.05323583],[-0.07348958  0.04111582],[-0.06373696  0.04111319],[-0.06512047  0.04963928],[-0.06982499  0.05914973],[-0.07183545  0.04790498],[-0.07678358  0.04947222],[-0.06868511  0.03982177],[-0.05350501  0.03967603],[-0.05262154  0.03695031],[-0.05600782  0.04864368],[-0.07003634  0.04833198],[-0.06266296  0.05244047],[-0.06797419  0.02925613],[-0.06463763  0.03325292],[-0.06701347  0.03475968],[-0.0773646  0.0455581],[-0.05323258  0.0419336 ],[-0.07431979  0.0450969 ],[-0.07576276  0.06055388],[-0.06792009  0.04535515],[-0.06232194  0.04235864],[-0.05360004  0.0307911 ],[-0.06869902  0.05742773],[-0.06454438  0.04664343],[-0.071975    0.03946432],[-0.06917556  0.04941108],[-0.07119148  0.05293047],[-0.04932354  0.05565833],[-0.05614419  0.0522244 ],[-0.06022131  0.04655702],[-0.07205097  0.04803727],[-0.06071895  0.0431327 ],[-0.06573337  0.02953395],[-0.04987998  0.03672355],[-0.06533218  0.03339874],[-0.06595573  0.04485296],[-0.07028988  0.04461946],[-0.0616291   0.03811405],[-0.06409292  0.03937935],[-0.06257106  0.04590636],[-0.0689292   0.04466728],[-0.06656239  0.03948932],[-0.06131347  0.04903462],[-0.06427121  0.03777114],[-0.07219658  0.04938006],[-0.06533228  0.04849598],[-0.06671495  0.0507098 ],[-0.06508245  0.0431357 ]
[ 0.03971472 -0.00540571],[ 0.03695329 -0.01852287],[ 0.04000038 -0.02441737],[ 0.03621562 -0.0091756 ],[ 0.05161183 -0.01228134],[ 0.02937201 -0.02725339],[ 0.02412592 -0.01117126],[ 0.02868232 -0.01768172],[ 0.04291152 -0.01689316],[ 0.03045887 -0.00206716],[ 0.0385153  -0.02038941],[ 0.02975078 -0.00485054],[ 0.02692665 -0.00610312],[ 0.03208555 -0.00664771],[ 0.02011102 -0.01719069],[ 0.0270348  -0.01334706],[ 0.03350707 -0.01325167],[ 0.03680247 -0.01055948],[ 0.03286226 -0.00648127],[ 0.03404774 -0.01970365],[ 0.0316777  -0.00961214],[ 0.0307239  -0.00830254],[ 0.02609041 -0.00193781],[ 0.02915896 -0.00884844],[ 0.02211764 -0.01104703],[ 0.0287473  -0.01002645],[ 0.02899582 -0.00544893],[ 0.03709366 -0.01059191],[ 0.03166206 -0.0096568 ],[ 0.03341719 -0.01078546],[ 0.03442247 -0.01406854],[ 0.03748165 -0.01863108],[ 0.02771518 -0.01112881],[ 0.02652538 -0.00285133],[ 0.02977247 -0.01417566],[ 0.03288788 -0.01188844],[ 0.03374717 -0.01452243],[ 0.03413209 -0.01825585],[ 0.02958393 -0.02153447],[ 0.02587767 -0.02205613],[ 0.03386718 -0.00137813],[ 0.02835807 -0.01503956],[ 0.02787038 -0.01167127],[ 0.03514382 -0.0205287 ],[ 0.03481964 -0.00972089],[ 0.02809693 -0.00664439],[ 0.03029961 -0.01310567],[ 0.03188906 -0.00718598],[0.03592068 0.00179648],[ 0.03352827 -0.00782311],[ 0.03108194 -0.01020266],[ 0.02744675 -0.00706621],[ 0.02895709 -0.01176047],[ 0.02741078 -0.01283715],[ 0.02361419 -0.00912529],[ 0.02972443 -0.0083833 ],[ 0.04340617 -0.01465741],[ 0.02894634 -0.01940354],[ 0.02802815 -0.01658427],[ 0.02747103 -0.00648995],[ 0.0377199  -0.01809138],[ 0.0271313  -0.00753779],[ 0.03721733 -0.00839741],[ 0.03705583 -0.01469413],[ 0.03758901 -0.01160016],[ 0.03687132 -0.01180298],[ 0.03843486 -0.01076162],[ 0.03118485 -0.00681657],[ 0.03531964 -0.01072297],[ 0.0301813  -0.00684381],[ 0.02609907 -0.00829634],[ 0.02804672 -0.0072647 ],[ 0.02594444 -0.00442677],[ 0.0295135 -0.004547 ],[ 0.03108589 -0.00898471],[ 0.03675119 -0.01364343],[0.02458038 0.00346051],[ 0.02830162 -0.01278818],[ 0.02502306 -0.00096922],[ 0.03519347 -0.0115415 ],[ 0.02438875 -0.00798194],[ 0.04453373 -0.02312289],[ 0.03219547 -0.01465004],[ 0.03052004 -0.01425312],[ 0.02885394 -0.0121448 ],[ 0.03229462 -0.01471002],[ 0.02152262 -0.01023534],[ 0.03520589 -0.01783214],[ 0.03582888 -0.01108133],[ 0.0315251 -0.0077462],[ 0.03728918 -0.00745922],[ 0.01473639 -0.01131521],[ 0.02827259 -0.01378568],[ 0.03588461 -0.01666904],[ 0.03334769 -0.00614799],[ 0.02390078 -0.00554252],[ 0.02630462 -0.01292104],[ 0.03225776 -0.01725954],[ 0.03123133 -0.01161962],[ 0.02259791 -0.00716192],[ 0.02193122 -0.00718386],[ 0.03565937 -0.00488203],[ 0.02920186 -0.00884797],[ 0.03623728 -0.010187  ],[ 0.03877716 -0.01461094],[ 0.02675197 -0.01476202],[ 0.03003739 -0.00668096],[ 0.02021568 -0.01442946],[ 0.03788816 -0.02925795],[ 0.03531757 -0.00553209],[ 0.03040471 -0.01075985],[ 0.03325379 -0.00840362],[ 3.1858455e-02 -1.8842518e-05],[ 0.03092024 -0.01614348],[ 0.02797582 -0.01037299],[ 0.02859421 -0.01400327],[ 0.03284325 -0.01052991],[ 0.02510912 -0.00334974],[ 0.03097716 -0.00745641],[ 0.03402791 -0.01193934],[ 0.02958894 -0.00928724],[ 0.03373608 -0.00636199],[ 0.03788237 -0.00830649],[ 0.0394222  -0.01135492],[ 0.02752972 -0.0158544 ],[ 0.03149346 -0.01315826],[ 0.02963591 -0.00611128],[ 0.03173987 -0.01872038],[ 0.03526382 -0.01277925],[ 0.0338774  -0.02157734],[ 0.03576458 -0.01529902],[0.02497486 0.00015687],[ 0.02955639 -0.01359509],[ 0.02855234 -0.00927342],[ 0.03691586 -0.00734021],[ 0.03690348 -0.01931567],[ 0.04343513 -0.01795308],[ 0.03540976 -0.01085418],[ 0.02689414 -0.02105883],[ 0.02613286 -0.00945825],[ 0.02998971 -0.00640253],[ 0.03751803 -0.01432813],[ 0.03420875 -0.01376818]
[0.02119628 0.00105389],[0.01928826 0.00514   ],[ 0.02099278 -0.00374215],[0.00928076 0.00442216],[0.01851037 0.00097417],[ 0.00254225 -0.00289635],[ 0.01296813 -0.0053038 ],[ 0.00961375 -0.00102558],[0.02025421 0.0003062 ],[0.00914386 0.00361986],[ 0.02582498 -0.01312757],[0.01185385 0.00217855],[0.00979096 0.00958991],[0.00954015 0.01318899],[0.01316763 0.0023326 ],[0.01079147 0.00085432],[0.0158789  0.00469651],[0.01755351 0.01261776],[0.0108353  0.01134007],[ 0.01201963 -0.0022461 ],[0.00608458 0.002259  ],[0.01180476 0.01020687],[ 0.01924143 -0.00317946],[0.01356609 0.00162872],[0.00863    0.00676699],[ 0.0059624  -0.00231215],[0.00511004 0.01226408],[ 2.0136556e-02 -3.2726675e-05],[0.01779336 0.00167575],[ 0.0219867  -0.00063825],[0.01008616 0.00642803],[ 0.02104101 -0.00465039],[ 0.01738691 -0.00214652],[0.00527999 0.00783568],[ 0.01017011 -0.00272024],[0.01484624 0.00617078],[0.02284219 0.00381533],[ 0.01260293 -0.00028025],[ 0.01815485 -0.00365886],[ 0.01330691 -0.01368765],[0.01040337 0.00921886],[ 0.01313454 -0.00045992],[0.00913601 0.00161615],[ 0.01094144 -0.01224224],[0.016296   0.00614932],[0.01135557 0.00333972],[0.00316919 0.00150458],[ 0.012381   -0.00373847],[ 2.1190379e-02 -7.6718628e-05],[0.01926208 0.00268293],[ 0.0060127  -0.00330364],[0.00917678 0.00072879],[0.01014212 0.00553352],[0.01229616 0.00097184],[0.00783866 0.00435013],[0.01013433 0.01214141],[0.00762244 0.00382844],[ 0.01264334 -0.00592677],[0.02089995 0.00159599],[0.01188846 0.00138801],[ 0.01341115 -0.01246981],[0.0069461  0.00058266],[0.02308441 0.00907469],[0.02615376 0.0008915 ],[0.01914863 0.00238849],[ 0.02025052 -0.00179018],[ 0.02211025 -0.01158696],[0.00953618 0.00498839],[ 0.01364769 -0.00276154],[0.01209718 0.00837817],[0.01341656 0.01380531],[ 0.00732503 -0.00055509],[0.00197841 0.00496052],[0.00862581 0.00251609],[0.01115081 0.00213626],[ 0.02085597 -0.00363703],[0.01249453 0.00252402],[0.00669454 0.00460573],[0.00461057 0.00697249],[0.02126731 0.00238791],[0.00728658 0.00491643],[ 0.01914007 -0.00944823],[ 0.01984499 -0.00086216],[0.01201002 0.00308355],[0.0078917  0.00240422],[ 0.01696038 -0.00450417],[0.00913235 0.00054902],[0.02017709 0.00520743],[ 0.01484253 -0.004644  ],[ 0.02773588 -0.01110147],[0.01721328 0.00444125],[0.01076419 0.00370733],[0.00685043 0.00232306],[0.00911462 0.00508686],[0.00993512 0.00148046],[0.00159314 0.00018118],[ 0.00994757 -0.00049144],[0.00885412 0.00823235],[0.00822193 0.00654373],[0.01077372 0.00280161],[ 1.4389152e-02 -2.7578324e-05],[ 0.01391988 -0.00049311],[0.01780752 0.01063025],[0.02419626 0.00807485],[0.02781541 0.00677985],[0.01034981 0.00721373],[0.00714059 0.00292747],[ 0.02139993 -0.00223387],[ 0.01711282 -0.00824285],[0.00324247 0.01443977],[0.01710734 0.00803243],[0.01232314 0.00505762],[0.00892176 0.0050223 ],[0.0091272  0.00124855],[0.00348069 0.00832085],[0.02102748 0.00135562],[0.0114282  0.00110468],[0.00942279 0.00180272],[0.01477669 0.01241829],[0.0130867  0.00368119],[0.0047436  0.00192554],[0.00506529 0.00508341],[0.02039965 0.00780819],[0.02305003 0.00593795],[0.00964077 0.00193662],[0.00668347 0.0004941 ],[0.00867428 0.00894943],[ 0.00988309 -0.00438031],[ 0.01368562 -0.00629632],[ 0.01516706 -0.00828595],[ 0.01403514 -0.00047759],[ 0.01549296 -0.00048626],[ 0.01630495 -0.00062101],[ 0.01496404 -0.00294794],[ 0.00816055 -0.00011576],[0.01056907 0.00108985],[ 0.02224548 -0.00070004],[0.01077942 0.00709508],[ 0.01404722 -0.00054247],[0.012965   0.00390664],[0.01671119 0.00131173],[ 0.02048288 -0.00694125],[0.01529459 0.00032325]
[ 0.05499952 -0.02725909],[ 0.0418306  -0.02308067],[ 0.04954439 -0.03834697],[ 0.05353851 -0.02210767],[ 0.04036932 -0.01792072],[ 0.03539883 -0.03589837],[ 0.05071601 -0.03333091],[ 0.04196741 -0.03472482],[ 0.04806122 -0.0336014 ],[ 0.04783049 -0.02425263],[ 0.05217868 -0.03804965],[ 0.04213534 -0.02883613],[ 0.05127545 -0.02166829],[ 0.04699688 -0.02886115],[ 0.04250493 -0.03003972],[ 0.04665112 -0.02957773],[ 0.04299165 -0.02954818],[ 0.04760839 -0.02167415],[ 0.05012157 -0.01938687],[ 0.04545464 -0.02753964],[ 0.05693082 -0.0271389 ],[ 0.05783641 -0.03586004],[ 0.04990017 -0.02906884],[ 0.05223995 -0.01887126],[ 0.04806524 -0.03040417],[ 0.04517602 -0.03102816],[ 0.04589048 -0.03027662],[ 0.04724009 -0.02407803],[ 0.04849365 -0.02710686],[ 0.05674488 -0.01999876],[ 0.04697261 -0.02933227],[ 0.05869012 -0.02282798],[ 0.04565823 -0.04179268],[ 0.04405283 -0.02660301],[ 0.04902089 -0.02134163],[ 0.04199274 -0.03092044],[ 0.05777986 -0.02546906],[ 0.04089237 -0.02656219],[ 0.04495533 -0.02972966],[ 0.04723981 -0.04211887],[ 0.0501119  -0.02114446],[ 0.04114688 -0.04150941],[ 0.05689233 -0.03882056],[ 0.05983457 -0.03497522],[ 0.04966775 -0.02562923],[ 0.05585071 -0.02475223],[ 0.04264314 -0.02549721],[ 0.05271329 -0.031824  ],[ 0.05196339 -0.02330993],[ 0.05917019 -0.02625991],[ 0.04537865 -0.02883075],[ 0.0488347  -0.01577751],[ 0.04221872 -0.03555833],[ 0.0463422  -0.03146103],[ 0.04310384 -0.02913279],[ 0.04903921 -0.02322239],[ 0.04862093 -0.02774428],[ 0.04392075 -0.02187824],[ 0.05532776 -0.02094954],[ 0.050365   -0.03106325],[ 0.04861598 -0.04149762],[ 0.04420258 -0.01179454],[ 0.05110752 -0.03013976],[ 0.05623196 -0.01805594],[ 0.0484736  -0.02293103],[ 0.05330331 -0.03875066],[ 0.05396762 -0.02812872],[ 0.04208822 -0.0214873 ],[ 0.04943404 -0.0295489 ],[ 0.04468908 -0.03257301],[ 0.04303384 -0.02405996],[ 0.04370571 -0.02774266],[ 0.04580212 -0.02565775],[ 0.04973839 -0.02805934],[ 0.04414368 -0.02654077],[ 0.05022518 -0.02828546],[ 0.04357868 -0.01432895],[ 0.04551086 -0.03568776],[ 0.03972316 -0.01760757],[ 0.05891171 -0.02241172],[ 0.04040273 -0.03441424],[ 0.04931774 -0.04057002],[ 0.05210937 -0.02498499],[ 0.05389987 -0.03108231],[ 0.04114051 -0.02800623],[ 0.05069997 -0.02865313],[ 0.04470307 -0.03053487],[ 0.06682847 -0.02374177],[ 0.05499253 -0.04625953],[ 0.05207356 -0.03264347],[ 0.05367685 -0.02109128],[ 0.03763964 -0.02957367],[ 0.04917568 -0.02309691],[ 0.05114981 -0.03698901],[ 0.04545454 -0.03465108],[ 0.04216392 -0.02373455],[ 0.04547403 -0.02257889],[ 0.05018187 -0.01524846],[ 0.04690799 -0.02009315],[ 0.03974511 -0.01982438],[ 0.04500807 -0.02917725],[ 0.04433116 -0.02479312],[ 0.05475481 -0.02281598],[ 0.04926638 -0.02901841],[ 0.05109674 -0.03535484],[ 0.04794777 -0.02111699],[ 0.05340994 -0.01596047],[ 0.06350692 -0.02556196],[ 0.04230207 -0.0411499 ],[ 0.04454926 -0.03280541],[ 0.04952265 -0.02085915],[ 0.04787316 -0.02117161],[ 0.04199862 -0.01980126],[ 0.04537486 -0.02576166],[ 0.04068016 -0.02332565],[ 0.0562939  -0.03046403],[ 0.0478706  -0.03337777],[ 0.04229926 -0.01084976],[ 0.04860749 -0.02386705],[ 0.05098834 -0.02572833],[ 0.04753816 -0.01631477],[ 0.04504576 -0.02290412],[ 0.04435434 -0.02498657],[ 0.05350441 -0.02367466],[ 0.0384675  -0.02313026],[ 0.04272352 -0.02871062],[ 0.04501528 -0.02797174],[ 0.04803328 -0.03007851],[ 0.0447678  -0.03350671],[ 0.05198628 -0.03455789],[ 0.04916411 -0.02945925],[ 0.04620422 -0.01912978],[ 0.04885315 -0.03707372],[ 0.05189446 -0.02974819],[ 0.04750646 -0.02706733],[ 0.04545154 -0.02869393],[ 0.04679121 -0.03448984],[ 0.0507962  -0.01610081],[ 0.04573005 -0.03831714],[ 0.04775678 -0.03990153],[ 0.04556823 -0.01981642],[ 0.03740681 -0.02443879],[ 0.04883387 -0.04627319]
[ 0.01509865 -0.01476539],[ 0.01481155 -0.01079522],[ 0.01081271 -0.01684289],[0.01147586 0.00068852],[ 0.02478139 -0.00714728],[ 0.01267441 -0.00703755],[ 0.00910822 -0.01369924],[ 0.00427188 -0.00367384],[ 0.00779791 -0.00794974],[0.0118946 0.0073745],[ 0.01136829 -0.00796832],[ 0.00057925 -0.00221183],[0.00603318 0.00625831],[ 0.00528686 -0.0048552 ],[ 0.00975845 -0.00336194],[ 0.00781406 -0.00472053],[ 0.01237961 -0.00903538],[ 0.01496459 -0.00941228],[ 0.00370605 -0.0022595 ],[ 0.00982369 -0.00227759],[ 0.00921638 -0.01378554],[0.0084069  0.00031931],[ 0.00639449 -0.01218065],[ 0.01273391 -0.00088905],[ 0.0023796  -0.00289299],[ 0.00860619 -0.01016507],[ 0.00478077 -0.00505348],[ 0.01279743 -0.0057372 ],[ 0.00630837 -0.00090992],[ 0.00723026 -0.00616628],[ 0.00695921 -0.0130695 ],[ 0.0131954  -0.00765329],[ 0.00483037 -0.01548933],[ 0.00103726 -0.00228281],[0.00244938 0.00097512],[-0.00328472 -0.00460205],[ 0.01360887 -0.00331133],[ 0.00998882 -0.00621216],[ 0.00854713 -0.00879418],[ 0.00454799 -0.00464453],[ 0.0070796  -0.00346814],[ 0.00913506 -0.0074956 ],[ 0.011377   -0.00815814],[ 0.01198779 -0.01077302],[ 0.01261315 -0.00901014],[0.00660554 0.00333493],[ 0.00437882 -0.00612982],[ 0.00891185 -0.00876084],[0.01064924 0.00173904],[ 0.01334602 -0.0159236 ],[ 0.00072429 -0.00886296],[-0.0026637   0.00037254],[ 0.00548369 -0.0097626 ],[ 0.00434687 -0.00446954],[ 0.00172709 -0.00064099],[ 0.00248466 -0.00355125],[ 0.0006922  -0.00745914],[ 0.00389607 -0.00441817],[ 0.01172656 -0.00719632],[ 0.01605309 -0.00472515],[ 0.00867468 -0.01535337],[ 0.0053501  -0.00370295],[0.00707744 0.00085298],[ 0.01258992 -0.00141676],[0.02504384 0.00244653],[ 0.01300516 -0.0071644 ],[ 0.01859829 -0.00201906],[ 0.01040346 -0.0010905 ],[ 0.01222409 -0.01062692],[-0.00039466 -0.0042216 ],[ 0.00220093 -0.00373064],[ 0.00408512 -0.00939602],[ 4.014060e-03 -6.211549e-05],[0.01041279 0.0020125 ],[ 0.0057657  -0.00144806],[ 0.01476161 -0.01288086],[ 3.1162277e-03 -2.5063753e-05],[ 0.00260547 -0.00474332],[-0.00289821 -0.00350256],[ 0.00285751 -0.00504922],[ 0.0018659 -0.0074772],[ 0.01842534 -0.012781  ],[ 0.01509113 -0.00272173],[ 0.02016784 -0.01501721],[ 0.00395249 -0.00152413],[ 0.00732424 -0.00676091],[0.003525   0.00103214],[ 0.01909757 -0.02615109],[ 0.00925229 -0.01541872],[ 0.00042135 -0.01053372],[0.01018497 0.0028057 ],[ 0.00054995 -0.01575598],[ 0.00685863 -0.00134823],[ 0.01041785 -0.01119508],[ 0.00938252 -0.00652051],[-0.00254961 -0.01003736],[ 0.00167572 -0.00342704],[ 0.0086873  -0.00240601],[ 0.00247879 -0.00520716],[-0.0011679   0.00194829],[ 0.00237568 -0.00360299],[ 0.0124852  -0.01096364],[-0.00366149 -0.00596311],[ 0.00618129 -0.0107317 ],[ 0.01263064 -0.01097146],[ 0.01047944 -0.00922206],[-0.00380538  0.00931941],[ 0.02021153 -0.0094    ],[ 0.007362   -0.02313307],[ 0.01518325 -0.00957789],[0.00829889 0.00516294],[ 0.00635328 -0.00086682],[ 0.00191772 -0.00448583],[0.00328747 0.00096703],[0.0010635  0.00561918],[ 0.01125611 -0.00584322],[ 0.00866168 -0.01602712],[ 0.00442418 -0.0097771 ],[0.00204424 0.00149571],[ 0.0067249 -0.0025597],[ 0.01367422 -0.00274321],[0.00397339 0.00308182],[ 0.00951975 -0.00725994],[0.02184162 0.00061214],[ 0.00723436 -0.0046377 ],[-0.00234554 -0.00427484],[0.00491938 0.00335075],[ 0.00838259 -0.00233621],[ 0.01352346 -0.01301309],[ 0.00685269 -0.0004547 ],[ 0.0096639  -0.01645275],[0.00537922 0.00674121],[ 0.00354305 -0.01463485],[0.02311409 0.0017136 ],[0.01114379 0.001772  ],[-0.00472109 -0.00186248],[0.00506906 0.00090261],[0.00462477 0.0069354 ],[ 0.00912755 -0.01336442],[ 0.01408433 -0.00851049],[ 0.01478055 -0.00632034],[ 0.00363436 -0.01611634],[ 0.01510821 -0.01107847]
[-0.01772544  0.00062931],[-0.01133636  0.00612183],[-0.01945038 -0.00170169],[-0.01812192  0.00760405],[-0.01192221  0.00968252],[-0.02471549  0.00779231],[-0.02684356  0.00897391],[-0.01270796  0.01128495],[-0.01587967  0.00239732],[-0.02782611  0.00879317],[-0.01329514 -0.00604164],[-0.02598213  0.00494193],[-0.02259417  0.00768299],[-0.02686223  0.01015152],[-0.02193888  0.00942018],[-0.02617351  0.0152114 ],[-0.02410101  0.00763101],[-0.02578842  0.00341588],[-0.02371636  0.0174868 ],[-0.02581161  0.01659233],[-0.02714782  0.00844072],[-0.028521    0.00400094],[-0.01142976  0.00191229],[-0.01717109  0.00450663],[-0.02272063  0.00755811],[-0.02834802  0.00045012],[-0.02619713  0.00682889],[-0.01832769  0.01160105],[-0.02421348  0.00891925],[-0.01473828  0.00696018],[-0.02132728  0.01012833],[-0.01325375  0.00944782],[-0.02748487  0.00469014],[-0.0354111   0.01791062],[-0.01871295  0.01404095],[-0.02189614  0.001691  ],[-0.01215666  0.00466925],[-0.0229622   0.00218144],[-0.02696057  0.00654643],[-0.01791843 -0.00824082],[-0.02472457  0.00206617],[-0.02147935  0.00761968],[-0.01335387  0.00460679],[-0.02150222 -0.00552774],[-0.01752545  0.00516092],[-0.02663765  0.01594777],[-0.02792526  0.00312863],[-0.01471819  0.00590296],[-0.0178418   0.00369248],[-0.01001026  0.00201903],[-0.02676094  0.00223078],[-0.03230145  0.01697531],[-0.02301505 -0.00654162],[-0.01903682  0.01218823],[-0.02889744  0.01033172],[-0.0273445   0.01331996],[-0.03803473  0.01109482],[-0.03026936  0.00442475],[-0.02234975  0.00588447],[-0.02406489  0.00449771],[-0.01284008 -0.00464138],[-0.02700322  0.01432052],[-0.01600626  0.01010181],[-0.02086669  0.00091789],[-0.01444369  0.00086379],[-0.01564778  0.00441101],[-0.02606734 -0.00780969],[-0.02295179  0.00224459],[-0.02374203 -0.0015531 ],[-0.02122792  0.00808956],[-0.02504428  0.01156029],[-0.02265327  0.00813909],[-0.0342138   0.01272421],[-0.02595384  0.00390094],[-0.02132604  0.00647528],[-0.02116011 -0.00292783],[-0.02374401  0.01200286],[-0.03393717  0.01232728],[-0.04020947  0.01351479],[-0.0233622   0.00263296],[-0.02321566  0.00536459],[-0.0088064  -0.00016111],[-0.0162788  0.0134849],[-0.01941178 -0.00218022],[-0.02999116  0.00251957],[-0.02480203  0.00519738],[-0.01309453  0.01067214],[-0.01196549 -0.0016594 ],[-0.02049496  0.00281984],[-0.00787669 -0.00884352],[-0.0213222   0.01129849],[-0.02891677 -0.00195808],[-0.02765607  0.00185341],[-0.01814666  0.00173026],[-0.02142651  0.00021498],[-0.03159653 -0.00672263],[-0.0342076   0.00849551],[-0.02949361  0.01715081],[-0.02509313  0.01460877],[-0.03051639  0.0142919 ],[-0.03394807 -0.00083366],[-0.01909883  0.00162365],[-0.01839325  0.00771559],[-0.02091178  0.00499307],[-0.01459581  0.00510698],[-0.01325197  0.011402  ],[-0.02727422  0.00823933],[-0.02063425 -0.00382014],[-0.01694339 -0.0184155 ],[-0.03636149  0.01200362],[-0.02336813  0.0095374 ],[-0.01899016  0.01320927],[-0.02935768  0.01100776],[-0.03475381  0.00686143],[-0.02234486  0.01709352],[-0.02594053  0.00516751],[-0.0199521   0.00815461],[-0.02755751 -0.00162277],[-0.02211451  0.011751  ],[-0.01809403  0.01363457],[-0.02787729  0.00514667],[-0.02801942  0.01259753],[-0.0256038   0.01086184],[-0.01902845  0.0045603 ],[-0.02440032  0.00450037],[-0.03408979  0.00897549],[-0.01793388  0.01531538],[-0.0222801   0.00468134],[-0.0244961  -0.00026345],[-0.01921991  0.00347238],[-0.01904887  0.00321456],[-0.02377342  0.01705829],[-0.02369599 -0.00183528],[-2.6303459e-02  6.9245696e-05],[-0.02500388  0.01003762],[-0.03014687  0.0147405 ],[-0.00895231  0.00501248],[-0.02383465  0.01913312],[-0.02215931  0.00195393],[-0.00723969 -0.00399417],[-0.01683122 -0.00020905],[-0.0159049   0.00442027],[-0.0155238  -0.00668809]
[-0.01187439  0.00183459],[-0.00617325  0.00987465],[-0.00681277 -0.00230187],[-0.01117491  0.01579892],[-0.00243001  0.00753327],[-0.01648808  0.00984856],[-0.01666711  0.01148644],[-0.0070259   0.00660965],[-0.00864743  0.00326872],[-0.02112819  0.01100297],[-0.00095386  0.00225773],[-0.01796103 -0.00417823],[-0.00907189  0.00912407],[-0.00792271  0.00386944],[-0.02141724  0.01132343],[-0.01745046  0.00710921],[-0.01735384 -0.00296263],[-0.01844342  0.01006946],[-0.02736423  0.01751089],[-0.01170985  0.00304505],[-0.01611431  0.00534452],[-0.01351315  0.00465412],[ 0.00598344 -0.00370371],[-0.00351822  0.00459802],[-0.00559824  0.00424104],[-0.01510759 -0.00064112],[-0.01011816  0.00026133],[-0.00570122  0.00156017],[-0.01115279  0.00580877],[-0.01250041  0.01223   ],[-0.01507103  0.00425708],[-0.02111818  0.00972977],[-0.0104716  0.0011262],[-0.01723189  0.01571384],[-0.01636152  0.02135517],[-0.01004815 -0.00520623],[-0.01389227  0.01467545],[-0.02607594  0.0091598 ],[-0.01188002  0.00828049],[-0.01083804 -0.00479697],[-0.01447696  0.00951282],[-0.00979874 -0.00357283],[-0.01730066  0.01173829],[-0.00895349  0.00441214],[-0.01224875  0.00560417],[-0.00816666  0.00893206],[-0.01548439  0.00367279],[-0.01165342  0.00201535],[-0.01974081  0.00935965],[ 0.00561875 -0.00812043],[-0.0168387   0.00625818],[-0.022421    0.00905554],[-0.01451377 -0.00441714],[-0.01213091  0.00713265],[-0.02313276  0.01477175],[-0.01429203  0.0030097 ],[-0.01174146  0.00902007],[-0.02033436  0.00292452],[-0.01087667  0.00215603],[-0.01155426  0.00560518],[-0.00417987 -0.00541944],[-0.02119925  0.01221301],[-0.00474181  0.00288386],[-0.01079566 -0.00280138],[-0.00437985  0.00860637],[-0.00554517  0.00339611],[-0.00355353  0.00843814],[-0.00380879 -0.00126472],[-0.01658593 -0.00184097],[-0.0140379   0.00859603],[-0.01061409  0.0075419 ],[-0.01381533  0.0120123 ],[-0.02201524  0.01022883],[-0.01196642  0.00825042],[-0.00968724  0.00301621],[-0.00595471 -0.00250952],[-0.01893575  0.0197382 ],[-0.02424637  0.00677342],[-0.02809409  0.01375412],[-0.0186724   0.00889207],[-0.0081363  0.0070674],[-0.00277708 -0.01173517],[-0.00392671  0.0014942 ],[-0.00539216  0.00208175],[-0.01795436  0.00932201],[-0.01208806  0.00283691],[-0.01052142  0.01202337],[ 0.00637492 -0.00067873],[-0.0061623   0.00814919],[ 0.0038403  -0.00207501],[-0.00926222  0.00710522],[-0.01063225 -0.00785444],[-0.01230992  0.00203775],[-0.01477166 -0.00297026],[-0.00824948 -0.00245928],[-0.01862806  0.00768471],[-0.00412347  0.00868389],[-0.00356571  0.00481726],[-0.01883333  0.01884603],[-0.01928869 -0.00199468],[-0.0202573  -0.00485759],[0.00980287 0.00219935],[-0.01704466  0.00970376],[-0.00060024  0.00863181],[-0.0054332  -0.00102552],[-0.01264641  0.00739831],[-0.01126693  0.01077651],[-0.001134    0.00640154],[-0.0098028  -0.01495446],[-0.01055961  0.00268059],[-0.01306455  0.0172516 ],[-0.01746536  0.0096237 ],[-0.01771541  0.01377046],[-0.01958117  0.00304909],[-0.01972777  0.01824483],[-0.01142014  0.00220298],[-0.01675398 -0.00038144],[-0.0155574   0.01771164],[-0.01864376  0.01057325],[-0.00614419  0.01211745],[-0.02258882  0.01227126],[-0.02626099  0.00738347],[-0.01592027  0.01229131],[-0.01366669  0.00825447],[-0.018902   0.0068327],[-0.02007881  0.00698547],[-0.0103064   0.00978455],[-0.00482222 -0.00297169],[-0.0149595 -0.0006646],[-0.00488412 -0.00551822],[-0.01495903 -0.0038151 ],[-0.00947615  0.01662557],[-0.01408564  0.00762434],[-0.00934262  0.00327017],[-0.01794451  0.01062868],[-0.01783301  0.01723693],[-0.00733146  0.00844823],[-0.01624453  0.00750098],[-0.02351008 -0.00650788],[-0.01440182 -0.00391058],[-0.00899127 -0.00205983],[-0.00566391  0.0020466 ],[-0.00286748 -0.00300904]
[-0.0015546   0.01236296],[-0.00436836  0.02257778],[-0.00643633  0.01345614],[-0.00969022  0.01549056],[-0.00703503  0.01409379],[-0.00960926  0.01703279],[-0.00683032  0.01041158],[-0.00578519  0.01358739],[-0.01602117  0.00824475],[-0.00687949  0.01745568],[-0.005005    0.01316256],[-0.01832188  0.00356902],[-0.01387926  0.01532052],[-0.01569334  0.01160426],[-0.01702666  0.01689846],[-0.02266443  0.01697282],[-0.00894628  0.00308632],[-0.00633249  0.01161496],[-0.01354045  0.01684946],[-0.01084924  0.01528282],[-0.00804197  0.01182158],[-0.01680299  0.01438919],[-0.00338693  0.01041535],[-0.01382718  0.00846232],[0.00151528 0.01543304],[-0.01201973  0.00058936],[-0.01254939  0.00820432],[0.0009726  0.00900056],[-0.02028947  0.01589207],[-0.01005407  0.01109401],[-0.01732176  0.00881694],[-0.01770667  0.01545031],[-0.00663291  0.00337246],[-0.01750148  0.01558726],[-0.01151838  0.02017204],[-0.01036805  0.01069979],[0.00210843 0.01486457],[-0.01617187  0.0144565 ],[-0.01272201  0.01228211],[-0.0133282   0.00512397],[-0.01271946  0.01889042],[-0.01307432  0.01343185],[-0.01037671  0.01275867],[ 0.00056953 -0.00237624],[-0.01570361  0.01198868],[-0.00456842  0.01027866],[-0.00746406  0.00652889],[-0.01067343  0.00846237],[0.00094363 0.00887785],[0.00635702 0.00307908],[-0.01324163  0.00818936],[-0.02015682  0.01594248],[-0.00448817  0.01298656],[-0.00404835  0.02122683],[-0.02459626  0.01854636],[-0.00990331  0.00866426],[-0.00153312  0.00536911],[-0.02145017  0.01078191],[-0.00430734  0.01222765],[-0.01535593  0.00853343],[-0.01769287 -0.00563263],[-0.01731138  0.01495135],[-0.00714588  0.01673314],[-0.00282561  0.00299017],[0.00253211 0.01586306],[0.00021774 0.01463429],[-0.00166949  0.00852204],[-0.00302446  0.01152626],[-0.01629089  0.00394472],[-0.01171359  0.00894154],[-0.01290071  0.00994926],[-0.01607463  0.01655108],[-0.00780377  0.00820743],[-0.01039925  0.01050032],[-0.01353227  0.00541567],[ 0.00106649 -0.00399163],[-0.02389386  0.01761933],[-0.01369141  0.00652466],[-0.02305131  0.01259933],[-0.01603346  0.01680203],[-0.00872616  0.00551891],[-0.00511257 -0.00383859],[-0.00233292  0.01227727],[-0.01560612  0.00556651],[-0.00751231  0.00478227],[-0.01571816  0.01763969],[-0.0054985   0.01349307],[-0.00952101  0.00366718],[-0.01248027  0.00328192],[-0.00369862  0.0005741 ],[-0.01455341  0.01022263],[-0.01783524  0.01053272],[-0.01602399  0.0082345 ],[-0.02123205  0.00235726],[-0.01184265  0.01080831],[-0.01635154  0.01404811],[-0.01712492  0.01573916],[-0.01072982  0.02158558],[-0.00846012  0.0148188 ],[-0.01632401  0.01017823],[-0.01774011  0.00868748],[-0.00840751  0.01471779],[-0.0158895   0.01436695],[0.00141663 0.01519232],[-0.00338046  0.014727  ],[-0.00523722  0.01558512],[-0.01577727  0.01164903],[-0.01155885  0.00498554],[-0.01409013 -0.00132028],[-0.0044878  -0.00134803],[-0.00587758  0.02439651],[-0.00360329  0.0231108 ],[-0.02559852  0.02009442],[-0.01606187  0.0024953 ],[-0.0159473   0.02395801],[-0.01962005  0.01919547],[-0.00846288  0.01074934],[-0.01541981  0.02146366],[-0.00801341  0.01789856],[-0.0101063   0.01154117],[-0.00646424  0.00642338],[-0.00429356  0.011595  ],[-0.00783928  0.01735549],[0.00397296 0.01646644],[-0.0125255   0.00844729],[-0.01870982  0.01036708],[-0.01281202  0.01377683],[-0.00908865  0.00521513],[-0.0081718   0.00470733],[-0.00246537  0.00439688],[-0.00378427  0.00410749],[-0.01033071  0.02241792],[-0.01066612  0.01069927],[-0.01211472  0.009491  ],[-0.01724437  0.01302878],[-0.02170732  0.0167589 ],[-0.00974473  0.01307566],[-0.01281217  0.01069456],[-0.01575012  0.00328228],[-0.00452453 -0.00452084],[-0.01311313  0.00819083],[-0.01021962  0.00857174],[-0.00069949 -0.00064021]
[ 0.00814003 -0.00799642],[ 0.01024382 -0.00632858],[-0.00103839 -0.00826882],[0.00905213 0.00094047],[-5.3639337e-04 -6.0964376e-05],[-0.00087447 -0.00830574],[0.00355946 0.00383385],[ 0.0060562  -0.00135976],[ 0.00033322 -0.00549291],[0.00396849 0.00825252],[0.01448245 0.00122903],[ 0.00121402 -0.00477039],[ 0.00063329 -0.00643178],[ 0.00370003 -0.00082226],[0.00030388 0.00144564],[-0.00032917  0.0027382 ],[ 0.0062331  -0.00553265],[ 0.00823484 -0.00891981],[0.00795281 0.00036055],[ 5.5413693e-05 -1.3749599e-03],[ 0.00359637 -0.00075096],[ 0.00384226 -0.00310408],[ 0.00308574 -0.00034794],[0.00590595 0.00572721],[ 0.01496518 -0.01657643],[ 0.00083051 -0.00417375],[ 0.00159832 -0.00242203],[ 0.01198514 -0.00592735],[-0.00229429  0.00269343],[ 0.00602391 -0.00125039],[ 0.01599934 -0.00588059],[-0.00238566  0.00146024],[ 0.00187428 -0.00319706],[0.00116573 0.0030836 ],[0.0082619  0.00550129],[0.00243083 0.00555047],[0.00321921 0.00261637],[ 0.01234698 -0.00627887],[-0.00148116  0.00560665],[ 0.00768051 -0.00774165],[-0.00457286 -0.00681097],[0.00778841 0.00603353],[0.0045297  0.00939351],[ 0.00575275 -0.0124968 ],[-0.00414599 -0.00426473],[ 0.01067065 -0.00347918],[ 0.00504866 -0.00722583],[ 0.00877997 -0.00057641],[ 0.0028051  -0.00025009],[ 0.00941753 -0.00998114],[-0.00345997 -0.00647593],[-0.00760251  0.00780685],[ 0.01296481 -0.00584319],[0.01100952 0.00520084],[-0.00255154  0.00027766],[0.00193606 0.00572618],[ 0.01050571 -0.005137  ],[ 0.00265763 -0.0099102 ],[ 0.00361269 -0.00089225],[-0.00307537  0.00434335],[ 0.01294528 -0.01049907],[-0.00585597  0.00434287],[0.00490319 0.00483417],[ 0.01353081 -0.00944367],[ 0.00874167 -0.00528811],[0.01195039 0.00131973],[0.00348667 0.00129933],[ 0.01526109 -0.00773583],[ 0.00915749 -0.00836146],[0.0071439  0.00670324],[ 0.00393228 -0.00531453],[0.00236939 0.0077537 ],[ 0.00464127 -0.00095189],[-0.00143337 -0.00460043],[ 0.01128746 -0.00417526],[ 0.0089151  -0.00817988],[0.00092892 0.0043172 ],[ 0.01137427 -0.00793737],[0.00198884 0.00107117],[ 0.0052144 -0.0049782],[0.00379813 0.00056397],[ 0.01729996 -0.00568622],[ 0.01088501 -0.00184654],[ 0.00215744 -0.00775219],[ 0.00676904 -0.00811372],[0.00286475 0.00895974],[0.0047054  0.00269976],[ 0.02181294 -0.01556332],[ 0.0165618  -0.00036766],[ 0.01951003 -0.01362011],[0.00715099 0.00087767],[ 0.00348535 -0.00213427],[ 0.00645737 -0.0106281 ],[ 0.01079837 -0.00416375],[ 0.00795167 -0.00816743],[0.00340122 0.00528926],[ 0.00234349 -0.00186795],[0.01031089 0.00100166],[-9.6000731e-06 -3.1769164e-03],[ 0.00378279 -0.00298221],[ 0.00543285 -0.00671394],[-0.0002407  -0.00457665],[ 0.00219014 -0.00158356],[0.00823568 0.00238973],[ 0.00138389 -0.00737773],[ 0.01050141 -0.00737776],[ 0.01125284 -0.00494369],[ 0.01001119 -0.00697232],[-0.00015585 -0.01598696],[ 0.0087855  -0.00950667],[-0.00220584  0.00451534],[0.01024705 0.00504076],[-0.006084    0.00220049],[ 0.00887197 -0.00823464],[0.00073387 0.002598  ],[ 0.00329095 -0.00710198],[ 0.0046803  -0.00864495],[ 0.00225301 -0.00082249],[-0.00206246 -0.00937564],[0.00745961 0.00046406],[ 0.0067537  -0.00242224],[ 0.00512184 -0.00490971],[0.00594588 0.0089811 ],[ 0.00979555 -0.00414445],[ 0.00184696 -0.01331825],[0.0084134  0.00640243],[0.01299374 0.00039329],[ 0.00915655 -0.01190599],[ 0.00686285 -0.01080418],[0.00888806 0.00434528],[ 0.00911284 -0.00678781],[0.00738223 0.00427237],[ 0.01152913 -0.00607898],[ 0.00138527 -0.00973067],[ 0.00400286 -0.00093225],[0.00446848 0.00462491],[ 0.01083102 -0.00764791],[ 0.01288179 -0.00781951],[ 0.00483814 -0.01064856],[ 0.01429785 -0.01753587],[ 0.0019011  -0.00898361],[-0.00079593 -0.00658444],[ 0.00802658 -0.02297555]
[ 0.00276605 -0.00747596],[0.00908394 0.00335847],[0.01101435 0.0023829 ],[-0.00629335  0.00687555],[0.0096643  0.00201131],[-0.00215505 -0.00177184],[0.00161821 0.00453831],[0.00382602 0.00391329],[-0.01668898 -0.00051291],[0.00124395 0.00535521],[0.00662447 0.00826062],[ 0.00551051 -0.0017331 ],[ 0.01114036 -0.00552628],[-0.00551097  0.01043952],[-0.01006567  0.00247927],[-0.00790961  0.00465799],[0.0045958  0.00193471],[-0.00098117 -0.0038154 ],[-0.00610613  0.00137433],[-0.01190913 -0.00432164],[ 0.0001462  -0.00914852],[-0.00059836 -0.00191351],[2.752129e-03 4.246831e-07],[-0.00208607  0.00266557],[0.00698675 0.0014605 ],[-0.00265561 -0.00295871],[-0.0049517   0.00258488],[ 0.00115735 -0.00797846],[-0.00364017  0.0077261 ],[-0.00125531  0.00246634],[ 0.00589625 -0.00577977],[-0.00638106 -0.00092589],[-0.00419587  0.00066955],[-0.00244655  0.00014142],[0.00035367 0.00740337],[0.00215954 0.00133648],[-0.01535384  0.00141359],[-0.0038765  -0.00904021],[0.00190761 0.00863685],[ 0.01114898 -0.01241474],[-0.00655648  0.00430358],[-0.00602879  0.00298497],[0.00155965 0.00567729],[-0.00011135 -0.01230628],[-0.00312806 -0.00099172],[ 0.00665255 -0.00011937],[-0.00366909 -0.00392808],[0.00027538 0.00623434],[-0.00936597  0.00418146],[ 0.00120105 -0.0086897 ],[-0.00461276 -0.00314951],[-0.00678632 -0.00435784],[ 0.00901151 -0.0021611 ],[0.00224375 0.00301812],[-0.00966104 -0.00232941],[-0.0120056   0.00405468],[-0.01008666  0.00322873],[ 0.00063754 -0.00458213],[-0.00598188 -0.00392241],[-0.00200769  0.01091074],[ 0.0131716  -0.01260706],[-0.00380157  0.0047317 ],[-0.00714858  0.00188941],[ 0.00553823 -0.00203817],[ 0.00821285 -0.00236587],[0.00121817 0.00112791],[-0.01064219  0.00272018],[ 7.170066e-05 -2.142515e-03],[ 0.00175082 -0.00677255],[0.00460561 0.00923694],[-0.00628654 -0.00289223],[-0.00648388  0.00516481],[-0.00289514  0.00292927],[-0.00470337 -0.00278572],[-0.00246796  0.0036104 ],[ 0.00758609 -0.00173085],[-0.00094011  0.00267463],[-0.00446568  0.00434786],[ 0.00187533 -0.00291136],[-3.1078607e-03 -4.5020133e-05],[0.00461884 0.00907904],[ 0.00811284 -0.01616999],[-0.00242366 -0.00312192],[ 0.00016146 -0.00369978],[-0.00128031 -0.00082069],[-0.01071857  0.00809046],[-0.00610323  0.00229895],[ 0.01026971 -0.01715015],[0.00333257 0.00518852],[-0.00449891 -0.02438593],[-0.00281603 -0.00194588],[-0.0009697  -0.00573368],[-0.00431392 -0.00901195],[-0.02001151 -0.00118091],[ 0.00488627 -0.00653148],[0.00021328 0.00359637],[ 0.00600798 -0.00443771],[ 0.00829007 -0.0081023 ],[-0.00242344 -0.00907394],[ 0.00531514 -0.0071385 ],[-0.00455089 -0.00408553],[-0.00130627 -0.00228986],[-0.01688746  0.00112731],[0.0015866  0.00533191],[0.00221093 0.00445217],[0.00038719 0.00248644],[-0.00315448 -0.00071337],[ 0.00542325 -0.00254622],[-0.0002368  -0.00132866],[-0.00024312 -0.00104924],[-0.00443086  0.00245735],[-0.0015352  -0.00498582],[ 0.00038402 -0.00596336],[-0.00993969 -0.00160279],[-0.00606399  0.00290824],[0.00816428 0.00046635],[-0.00868232 -0.01212898],[-0.00889334 -0.00471118],[-0.00222695  0.00935741],[ 0.00405541 -0.0005376 ],[ 0.00314699 -0.00672967],[-0.00168983 -0.00838895],[7.4956566e-05 2.8336793e-03],[-0.00524226 -0.00096613],[-0.00438118 -0.01014637],[6.3288957e-05 3.3846796e-03],[-0.00635265  0.0058723 ],[-0.00499606 -0.00448234],[ 0.00233253 -0.01384052],[ 3.6321580e-06 -3.8768202e-03],[-0.01167253 -0.00711281],[ 0.00587542 -0.00239754],[-0.00290101  0.00549547],[-0.00302722 -0.01013234],[-0.0032879   0.00826331],[-0.01015516  0.00227917],[ 0.00466762 -0.00411592],[ 0.00090536 -0.00565961],[0.0035933  0.00015053],[ 0.00578914 -0.00739321],[ 0.00731416 -0.01140059],[ 0.00383723 -0.00682833],[ 0.01016616 -0.00709264]
[ 0.00054033 -0.00404683],[0.00049181 0.00763877],[0.00310158 0.0154409 ],[-0.00653408  0.00684855],[0.00312158 0.00087296],[-0.01162775  0.00465818],[-0.00037864  0.00891884],[0.00582641 0.00862711],[-0.01429512  0.00453417],[-6.264821e-05  9.546429e-05],[-0.00156654  0.00702102],[-0.00272956  0.00367158],[ 0.00276317 -0.00253151],[-0.00991635  0.00520941],[-0.01501016  0.00697161],[-0.01196902  0.01678843],[0.00496159 0.00846159],[-0.00187358 -0.00010737],[-0.00460004  0.01261908],[-0.01020093  0.00533956],[-0.00806506  0.00028372],[-0.00351122 -0.00032631],[-0.00327485  0.0056962 ],[-0.00459161  0.0069628 ],[ 0.01402237 -0.00623456],[-0.00928498  0.00711517],[-0.01382688  0.00175817],[-0.00211782 -0.00443596],[-0.00441082  0.0041152 ],[0.00301568 0.0046208 ],[ 0.00156414 -0.00240688],[-2.6897527e-03 -7.0739537e-05],[-0.00998138  0.00665478],[-0.00216593 -0.00116943],[0.00332044 0.00566494],[-0.00684332  0.00534028],[-0.00683912  0.00405044],[-0.00944198 -0.0056178 ],[-0.00627838  0.0132296 ],[-0.00015169 -0.00750415],[-0.00680809 -0.00097027],[-0.01326576  0.00245657],[-0.0039181   0.00949867],[ 0.00220051 -0.00154762],[-0.01611108  0.01399591],[0.00011436 0.0058619 ],[-0.00418579 -0.00459371],[-0.00296065  0.00663373],[-0.0056316   0.00382541],[-0.00496003 -0.00821349],[-0.00498608  0.00020953],[-0.00736399  0.00275508],[0.00496479 0.00490704],[0.00143162 0.00695691],[-0.01138656  0.00264965],[-0.00548433  0.01086752],[-0.01165372 -0.00577768],[-0.00517823  0.00097147],[-0.00752794  0.00469546],[-0.0053674  0.0068872],[ 0.00347369 -0.01392698],[-0.0063834   0.00512883],[-0.00505209  0.00492778],[0.00760042 0.00123786],[0.00543798 0.00520246],[-0.00332722 -0.00334347],[-0.01089609  0.00340423],[-0.00128837  0.00408861],[-0.00460307  0.00493523],[7.8707933e-05 5.6999177e-03],[-0.00301066  0.00574129],[-0.00788885  0.01371013],[-0.00820701  0.00366894],[-0.00933057 -0.00387135],[-0.00644647  0.00242785],[0.00832124 0.00648148],[-0.00732737  0.00808258],[0.00394375 0.00502726],[-0.01104518  0.00140531],[0.00024651 0.00265548],[-0.00773406  0.00371134],[ 0.00423908 -0.00843528],[-0.00423977  0.00224343],[ 0.00187273 -0.01040369],[0.0064032  0.00514343],[-0.00694716  0.01618249],[-0.00395103 -0.00257684],[ 0.00080711 -0.00585359],[ 0.00011507 -0.00174938],[-0.00198324 -0.01336763],[-0.00721298  0.01634811],[-0.00283348  0.00229859],[-0.00617776  0.00381257],[-0.01260931  0.00325484],[-0.00766524  0.00343665],[-0.00122079  0.01103721],[-0.00705866  0.0002873 ],[-0.00417271  0.00374914],[-0.00692425  0.00292932],[0.00206342 0.00488858],[-0.00572787  0.00473471],[0.00233339 0.00778295],[-0.00570849  0.01152411],[-0.00805758  0.00516538],[-0.01134829  0.00773978],[-0.00658808  0.00570078],[ 0.00640772 -0.0024661 ],[0.0040564 0.0142248],[-0.00231411  0.0056446 ],[-0.00599722 -0.00710719],[0.00444649 0.00922532],[-0.00733835 -0.00020151],[-0.0072662  0.0087199],[-0.00877023  0.00190476],[-0.00450375  0.00899342],[-0.00432226  0.00445838],[-0.00993194  0.00570382],[-0.0066786  -0.00236331],[-0.00593072  0.00070921],[-0.00340029  0.00471743],[-0.00456893  0.00101105],[-0.00552337 -0.00856402],[-0.00853881  0.00804435],[-0.00898947 -0.00018392],[-0.01529359  0.00084333],[-0.0088307   0.00843589],[-0.01386656  0.00225044],[-0.01402804  0.00029809],[-0.00921981 -0.00546068],[ 0.00127406 -0.00912401],[-0.01055337 -0.00590293],[0.00805368 0.00433773],[-0.0013028   0.00424831],[-0.00695162 -0.00841433],[-0.00967291  0.00123505],[-0.00763734  0.0055901 ],[-0.00432958 -0.00122783],[-0.00315116  0.00063121],[0.00018381 0.00266218],[ 0.00046045 -0.00421359],[-0.00014082 -0.00211253],[-0.00244328  0.00360094],[-0.00497971 -0.01656959]
[-0.02134695  0.00044854],[-0.02391521  0.01525721],[-0.02982632  0.01143465],[-0.02782912  0.02102006],[-0.01541402  0.01459735],[-0.02555772  0.00387425],[-0.02996435  0.02321145],[-0.02169429  0.01468826],[-0.02653457  0.02527235],[-0.01702084  0.01720392],[-0.01547619  0.02288626],[-0.02935147  0.02460172],[-0.01118353  0.00101659],[-0.02245214  0.01615137],[-0.03227133  0.02210066],[-0.02324394  0.02068941],[-0.01845945  0.0149    ],[-0.02395378  0.00427   ],[-0.02346442  0.01973162],[-0.02898584  0.01346938],[-0.01938557  0.01828499],[-0.01287408  0.003541  ],[-0.01912437  0.00810382],[-0.02361771  0.03065229],[-0.00629731  0.00277134],[-0.02248247  0.02111133],[-0.02451705  0.00828793],[-0.02461163  0.01378126],[-0.02182895  0.02222754],[-0.01708855  0.02498933],[-0.02053016  0.01814204],[-0.03048357  0.0167562 ],[-0.0271548   0.01675938],[-0.02504027  0.02000719],[-0.01958577  0.02344704],[-0.02286602  0.02068148],[-0.0256837   0.02027974],[-0.02751438  0.0148786 ],[-0.02430217  0.0211466 ],[-0.02261283  0.01675799],[-0.02295299  0.01012134],[-0.02756224  0.02370699],[-0.02404667  0.0180208 ],[-0.01791663  0.01954173],[-0.0308      0.02037502],[-0.01693074  0.01300721],[-0.02267695  0.01127935],[-0.02286398  0.02790646],[-0.02358936  0.01414799],[-0.01278766  0.00254529],[-0.03214438  0.01755486],[-0.02719294  0.01479784],[-0.0155446   0.01662179],[-0.01613256  0.02202033],[-0.02690063  0.02085079],[-0.02577811  0.02461773],[-0.03037642  0.01309755],[-0.02326009  0.01925407],[-0.02127622  0.01588157],[-0.01865155  0.02263854],[-0.01407212 -0.0030967 ],[-0.02595262  0.02544259],[-0.02085669  0.01955009],[-0.0224006   0.01366273],[-0.01297792  0.02498693],[-0.01891159  0.012935  ],[-0.03504599  0.02333492],[-0.00937086  0.01072589],[-0.02024272  0.02068667],[-0.01665539  0.01407135],[-0.03112036  0.01526645],[-0.02391092  0.02085957],[-0.01892556  0.01946718],[-0.02140893  0.0118008 ],[-0.02127422  0.0085858 ],[-0.0123676   0.01484969],[-0.02194297  0.0209524 ],[-0.0275578   0.01018465],[-0.02361761  0.01589727],[-0.02228378  0.02561359],[-0.02010947  0.01766685],[-0.01893763  0.01686187],[-0.02380799  0.01952568],[-0.01239084  0.00822789],[-0.01215806  0.02077989],[-0.03101381  0.02475376],[-0.02504474  0.01168376],[-0.00912737 -0.00985162],[-0.02458171  0.01107109],[-0.00870324  0.00559897],[-0.02076732  0.02735949],[-0.02472962  0.01471858],[-0.02514088  0.01816154],[-0.03828871  0.01307685],[-0.0176555  0.0101034],[-0.02119971  0.03159145],[-0.01135954  0.01480492],[-0.00843009  0.01023305],[-0.02457161  0.00884356],[-0.02927952  0.01715861],[-0.02848269  0.01719275],[-0.01557028  0.01353236],[-0.03121761  0.01453384],[-0.03152058  0.01649702],[-0.02616646  0.01959262],[-0.02204533  0.0158001 ],[-0.01449399  0.02213624],[-0.00856464  0.02142695],[-0.03322441  0.02224762],[-0.02320164  0.01202559],[-0.01227187  0.02039919],[-0.02617972  0.01398566],[-0.03095055  0.02110164],[-0.02491897  0.02292912],[-0.02429709  0.02141444],[-0.02788959  0.02794653],[-0.02605025  0.01642006],[-0.02479885  0.02084251],[-0.03332643  0.01890911],[-0.02332591  0.0147491 ],[-0.02078215  0.01671427],[-0.02642892  0.01458529],[-0.02968954  0.0224621 ],[-0.02887378  0.0116485 ],[-0.03083644  0.01868795],[-0.01721258  0.02006022],[-0.02500483  0.01305499],[-0.0305053   0.00669502],[-0.02472739  0.00523089],[-0.01907977  0.01126953],[-0.02528001  0.00839205],[-0.01308538  0.01998109],[-0.02020198  0.01748783],[-0.01263598  0.01491462],[-0.02332126  0.02537746],[-0.01905582  0.01879302],[-0.02582347  0.01659622],[-0.0243279   0.01524987],[-0.01968661  0.00968622],[-0.00357922  0.00358429],[-0.0193623   0.00944225],[-0.02183374  0.02152741],[-0.0177935   0.00790999]
[-0.03236529  0.01695339],[-0.03113867  0.04307111],[-0.03243368  0.03081349],[-0.03993091  0.03697652],[-0.03466503  0.03489144],[-0.05102403  0.02885953],[-0.04425071  0.0378298 ],[-0.03626572  0.04027406],[-0.03607347  0.02966387],[-0.03530779  0.03472292],[-0.03249175  0.03996754],[-0.04163112  0.03705758],[-0.03608905  0.02498667],[-0.03764341  0.03124765],[-0.04146656  0.04230577],[-0.04289875  0.04192357],[-0.03113234  0.03496423],[-0.02962821  0.02350842],[-0.03233972  0.03904822],[-0.04288729  0.02902871],[-0.04094813  0.03256113],[-0.02755885  0.02228571],[-0.04375123  0.03615747],[-0.04786471  0.04048952],[-0.02702966  0.03382061],[-0.04699865  0.03690737],[-0.04118657  0.02964433],[-0.03765433  0.03750589],[-0.04028637  0.04308049],[-0.03589424  0.03795484],[-0.02392972  0.02960233],[-0.04822133  0.03484786],[-0.04404957  0.04529244],[-0.0422327   0.03597531],[-0.03006027  0.03479867],[-0.03195333  0.03662708],[-0.04289532  0.04089703],[-0.03229466  0.02317599],[-0.03792015  0.0414003 ],[-0.04206602  0.0375057 ],[-0.03898187  0.0355218 ],[-0.04641372  0.04570712],[-0.03690284  0.03727415],[-0.03065561  0.02916072],[-0.03555295  0.03821533],[-0.02319622  0.03214059],[-0.04312909  0.02886705],[-0.03737219  0.04298313],[-0.02418567  0.02992929],[-0.01569512  0.03151283],[-0.0433049   0.03942319],[-0.0483635   0.03693073],[-0.0373693  0.0407261],[-0.0322409   0.03964143],[-0.04290856  0.03621835],[-0.04153233  0.03346932],[-0.04166336  0.02953744],[-0.03537204  0.04124691],[-0.03485839  0.04093695],[-0.03423132  0.0353976 ],[-0.03311508  0.02060214],[-0.03587652  0.03526928],[-0.03695547  0.03040837],[-0.04178595  0.02912793],[-0.02871924  0.03262228],[-0.0357921  0.0461237],[-0.04342249  0.03160701],[-0.03079834  0.02982198],[-0.04143409  0.03501239],[-0.02500659  0.03980461],[-0.04010794  0.03901888],[-0.0386261   0.03472339],[-0.03447621  0.04601756],[-0.03210755  0.03890455],[-0.03472019  0.03111476],[-0.03039309  0.0311361 ],[-0.04040843  0.03075293],[-0.04633158  0.03301217],[-0.04437871  0.03158549],[-0.04355754  0.03740777],[-0.02980652  0.03515285],[-0.03623793  0.03753716],[-0.03726647  0.03758053],[-0.04155523  0.02772202],[-0.03690467  0.03226728],[-0.04120641  0.04487023],[-0.0412204   0.02719589],[-0.02138787  0.01362582],[-0.04328331  0.03359811],[-0.02849793  0.01629747],[-0.03894493  0.0455972 ],[-0.04029851  0.03143536],[-0.03697151  0.0350399 ],[-0.04443115  0.03014067],[-0.03143063  0.03894269],[-0.03827445  0.03979431],[-0.04531907  0.02945971],[-0.04529017  0.03445415],[-0.03824042  0.03207933],[-0.02945793  0.03044461],[-0.04113477  0.03431506],[-0.04257807  0.04193544],[-0.04486512  0.03177654],[-0.0456052   0.03774972],[-0.03947239  0.02629721],[-0.04081438  0.03752591],[-0.04043177  0.02978546],[-0.03287134  0.03763367],[-0.04341318  0.04021642],[-0.04200816  0.03585844],[-0.02264756  0.02777828],[-0.03716221  0.03452627],[-0.03549632  0.0284788 ],[-0.04530729  0.04429879],[-0.04184579  0.04098157],[-0.04803159  0.03735141],[-0.04210612  0.03851521],[-0.03742588  0.03580091],[-0.02926598  0.03188423],[-0.04404048  0.04156914],[-0.03307182  0.03142446],[-0.04266349  0.02609967],[-0.04310319  0.03562746],[-0.04143832  0.04139743],[-0.04085292  0.04038646],[-0.0353511   0.03004117],[-0.04426161  0.03402457],[-0.04616117  0.03693696],[-0.04018099  0.02867238],[-0.03515675  0.03606597],[-0.03586669  0.02323207],[-0.02714937  0.03265259],[-0.04103914  0.03213927],[-0.03238251  0.03088511],[-0.04028394  0.04264931],[-0.03408457  0.03387422],[-0.04111283  0.04027148],[-0.03883297  0.03223327],[-0.03365351  0.03850636],[-0.01245361  0.01993911],[-0.03391987  0.03163483],[-0.03466751  0.02857922],[-0.03356998  0.03499245]
[-0.01621753 -0.01171156],[-0.01291329  0.00810291],[-0.02053856 -0.00150826],[-0.02070403  0.00486281],[-0.02206983  0.00389769],[-0.01772279  0.00792794],[-0.02318702  0.01233255],[-0.01029962  0.01235075],[-0.01440992  0.00695093],[-0.02910107  0.01316097],[-0.0142692   0.00500774],[-0.01602767  0.0076339 ],[-0.00091769 -0.00213004],[-0.01140232  0.0019861 ],[-0.02181122  0.01415826],[-0.01815438  0.00927194],[-0.01439289  0.00255494],[-0.01468579  0.00507416],[-0.00530041  0.01462161],[-0.0188442 -0.0003472],[-0.01905708  0.0094678 ],[-0.00704239  0.00138824],[-0.00618529  0.00829087],[-0.02608525  0.01964987],[ 0.00045798 -0.00734989],[-0.02671899  0.01251727],[-0.02355652  0.00684188],[-0.01861284  0.01181916],[-0.01289572  0.00059599],[-0.0117094   0.01930024],[-0.01160279  0.00820585],[-0.02429343  0.00312415],[-0.01941674  0.01158299],[-0.00680885  0.00843166],[0.00221095 0.00484459],[-0.02049648  0.00445952],[-0.01853857  0.01212705],[-0.00874368  0.00841501],[-0.01904273  0.01075197],[-0.00737073  0.00315715],[-0.01729693  0.01053508],[-0.01610526  0.00982749],[-0.0260238   0.01639099],[-0.01652622  0.00073991],[-0.02108325  0.01442659],[-0.00447406  0.002104  ],[-0.01960847 -0.00013267],[-0.0192549   0.00989033],[-0.01834243  0.0085381 ],[-0.00240543 -0.00045052],[-0.02153037  0.00633008],[-0.01683327  0.00381325],[-0.00592152  0.00770459],[-0.00876083  0.00319404],[-0.01899515  0.01185485],[-0.02615757  0.00534871],[-0.02311699  0.01285322],[-0.01671298  0.01036508],[-0.02609102  0.00795494],[-0.02054295  0.01026196],[-0.00062895 -0.00959078],[-0.01239414  0.01421409],[-0.00941861  0.00373235],[-0.02340153  0.00364633],[-0.00935612  0.00424594],[-0.00998641  0.01393885],[-0.02009298  0.01189729],[-1.47744715e-02 -7.75717199e-05],[-0.02520803  0.01468755],[-0.00711043  0.00527295],[-0.01197187  0.01138497],[-0.00999181  0.00849499],[-0.01177469  0.01907726],[-0.01912316  0.0153873 ],[-0.01170513  0.00397872],[-0.0030988   0.00338192],[-0.01053004  0.0140218 ],[-0.01785993  0.01554596],[-0.01955699  0.01498815],[-0.01836235  0.01014686],[-0.00509168  0.01020576],[-0.01018452 -0.00168463],[-0.01269673  0.01271606],[-0.01360784 -0.01004609],[-0.01104876  0.00990764],[-0.01299509  0.002801  ],[-0.01148908  0.00429203],[ 0.00305293 -0.01453476],[-0.00476243  0.01296975],[-0.00567644  0.00025815],[0.0003758  0.02011941],[-0.010607    0.00436657],[-0.01097088  0.00853318],[-0.01151694  0.00563096],[-0.01217513  0.00762342],[-0.00980127  0.00566414],[-0.00740904  0.00328093],[0.00214252 0.00346772],[-0.01038786  0.01410899],[-0.00252292  0.0072812 ],[-0.01641037  0.0111957 ],[-0.01798145  0.00944116],[-0.01661165  0.00077207],[-0.01063215  0.00854946],[-0.01841825  0.00463638],[-0.00795044  0.01082895],[-0.01099015 -0.00151545],[-0.00849532  0.00079525],[-0.01270937  0.00800174],[-0.02013975  0.01146468],[-0.00651878  0.00149234],[-0.01117334 -0.00279078],[-0.02099073  0.00470186],[-0.01149261  0.01367563],[-0.00972045  0.013168  ],[-0.01577373  0.00743546],[-0.02105696  0.01175217],[-0.0141894  -0.00185149],[-0.02276216  0.00124942],[-0.01145941  0.00335892],[-0.01214829  0.00607052],[-0.00965473 -0.00418358],[-0.02017748  0.00624968],[-0.03082978  0.01354913],[-0.01707482  0.00701425],[-0.01269744  0.00494016],[-0.00865446  0.00431445],[-0.0140793   0.01196907],[-0.01285997  0.0005257 ],[-0.01050335 -0.00010352],[-0.02305837 -0.00426529],[-0.00816565 -0.00634657],[-0.00847019  0.00225383],[-0.01042707  0.0036346 ],[-0.02135424  0.0047447 ],[-0.01252766  0.01739906],[-0.02139907  0.00943661],[-0.00783473 -0.00177709],[-0.00760907  0.001059  ],[-0.01163381 -0.00472142],[-0.0236765  0.0035148],[-0.01675367  0.00218134],[-0.01227972  0.0055632 ]
[-0.0146637  -0.00401599],[-0.02373973  0.01939758],[-0.03321232  0.00497537],[-0.0344938   0.01225022],[-0.0248288   0.01200815],[-0.02455581  0.00977119],[-0.0311126   0.01714637],[-0.01950855  0.01858424],[-0.03406922  0.02149146],[-0.02752528  0.01716952],[-0.02386387  0.0134059 ],[-0.01741579  0.01454985],[-0.00595102  0.0072543 ],[-0.02296636  0.01614638],[-0.03309716  0.00995598],[-0.02734648  0.01397552],[-0.0130071   0.00262468],[-1.608061e-02 -6.624684e-05],[-0.03597011  0.01872785],[-0.04116081  0.01314521],[-0.02000144  0.02434074],[-0.01178724  0.00311849],[-0.02216166  0.02132647],[-0.0302476   0.02282471],[-0.00918951  0.00586772],[-0.02815259  0.01507568],[-0.02642499  0.00879719],[-0.03348611  0.0182705 ],[-0.02506235  0.01058526],[-0.03344304  0.02489578],[-0.02246561  0.00724283],[-0.02801687  0.01096393],[-0.03472797  0.01318348],[-0.02334822  0.01582412],[-0.01627469  0.01359069],[-0.03017617  0.00974225],[-0.0212793   0.01365504],[-0.02318736  0.02214778],[-0.03158768  0.01377383],[-0.01958907  0.00983891],[-0.024275    0.01852687],[-0.02816324  0.01292577],[-0.03180422  0.01532954],[-0.01547209  0.0169405 ],[-0.04143844  0.02418277],[-0.01909171  0.0107551 ],[-0.02966261  0.01323327],[-0.02708081  0.00941403],[-0.01954731  0.00943534],[-0.01637077  0.00311436],[-0.02817727  0.01359082],[-0.02325516  0.00690581],[-0.01960111  0.01445562],[-0.02317622  0.00889938],[-0.02901973  0.01524066],[-0.02541509  0.00790424],[-0.03545325  0.02370834],[-0.03027365  0.00689264],[-0.03195368  0.01042044],[-0.02331916  0.01491399],[-0.01526481 -0.0049731 ],[-0.02221972  0.01755378],[-0.02834237  0.01594497],[-0.02430605  0.00787355],[-0.02481041  0.00920461],[-0.02930432  0.02005829],[-0.04201967  0.02078616],[-0.02088948  0.00572184],[-0.03085748  0.01734074],[-0.02099946  0.00397617],[-0.02748748  0.0167603 ],[-0.02239523  0.01742477],[-0.0169768  0.0145358],[-0.02628819  0.01568937],[-0.02478622  0.00715348],[-0.01142292  0.00755104],[-0.02955868  0.01279467],[-0.03150854  0.01937211],[-0.0293713   0.01296125],[-0.03426006  0.02641137],[-0.01831767  0.00126121],[-0.02190754  0.00963055],[-0.03176849  0.01842795],[-0.0110549  0.0064217],[-0.02559035  0.01665115],[-0.03851732  0.01553456],[-0.02646915  0.01427224],[-0.03091529 -0.01062475],[-0.03512099  0.0077613 ],[-0.01754977  0.00355042],[-0.01554005  0.0145278 ],[-0.03517295  0.00962037],[-0.03070002  0.00731844],[-0.04289934  0.01502395],[-0.02537662  0.01444647],[-0.01642023  0.01741919],[-0.01281386  0.0096554 ],[-0.01049393  0.00537777],[-0.02216384  0.00999973],[-0.02624136  0.01225842],[-0.03933894  0.02537645],[-0.02244522  0.01959321],[-0.02426855  0.00624065],[-0.02468435  0.01119454],[-0.02992326  0.02179808],[-0.02582407  0.01784272],[-0.01179387  0.00834283],[-0.02754749  0.00864634],[-0.03733838  0.01597185],[-1.2170222e-02  1.3679266e-05],[-0.01262116  0.00832025],[-0.03112357  0.01169013],[-0.03126314  0.01694807],[-0.03190065  0.01914317],[-0.02256889  0.02424742],[-0.03427669  0.01224393],[-0.03457282  0.01215672],[-0.02930281  0.01315879],[-0.03263857  0.01787506],[-0.01864061  0.00385604],[-0.02371828  0.0088955 ],[-0.02985407  0.00906185],[-0.03541108  0.01391339],[-0.03514611  0.02389527],[-0.02931176  0.01823556],[-0.01878435  0.00906167],[-0.02008617  0.00303253],[-0.02571726  0.01527463],[-0.03332525  0.01247419],[-0.01094331 -0.00235597],[-0.03127653  0.00243333],[-0.02031268  0.01540725],[-0.02895486  0.02187882],[-0.01756743  0.01790615],[-0.02526853  0.024848  ],[-0.02759937  0.01619933],[-0.03073921  0.02144071],[-0.02176943  0.00614856],[-0.02141971  0.00699957],[-0.0201051   0.00810272],[-0.01913549  0.01136461],[-0.0258571   0.01296481],[-0.01947413  0.01424047]
[-0.02592524  0.02995435],[-0.03958135  0.03877605],[-0.03274808  0.03400008],[-0.03870355  0.0364624 ],[-0.03663225  0.04181726],[-0.03964004  0.03371693],[-0.03084881  0.04905624],[-0.03954074  0.04634664],[-0.0380822   0.04194459],[-0.03476426  0.03748269],[-0.03461976  0.04395974],[-0.03113915  0.03121119],[-0.02007699  0.03393237],[-0.03708679  0.03987361],[-0.04619379  0.02687049],[-0.04256424  0.03705134],[-0.03295022  0.03277192],[-0.02139628  0.02636616],[-0.02746801  0.04257926],[-0.04250532  0.03383616],[-0.04317493  0.04964273],[-0.03578796  0.02959281],[-0.0334518   0.04948974],[-0.03631311  0.05154599],[-0.01444349  0.03288089],[-0.038032    0.03735305],[-0.0483283   0.05058997],[-0.0311215   0.03733643],[-0.0346152   0.03422306],[-0.03171176  0.04012218],[-0.02553823  0.03998888],[-0.04168852  0.02598181],[-0.03746933  0.04245154],[-0.02672717  0.03959641],[-0.02452764  0.0327749 ],[-0.03798837  0.04325594],[-0.02748655  0.03928333],[-0.04162826  0.05049986],[-0.03830203  0.0430558 ],[-0.03948524  0.03143468],[-0.03925101  0.04406356],[-0.02894021  0.03722958],[-0.0332825   0.04453138],[-0.02677687  0.04320484],[-0.05013695  0.04898041],[-0.02763247  0.02732355],[-0.04606616  0.03831593],[-0.03518299  0.03965195],[-0.03742346  0.04046671],[-0.02290626  0.04097567],[-0.04686343  0.04423725],[-0.04186056  0.03866151],[-0.03011152  0.04227912],[-0.02731673  0.03070648],[-0.04381091  0.04333968],[-0.04045124  0.03683177],[-0.04459222  0.04346778],[-0.04097424  0.03571507],[-0.05337939  0.03748637],[-0.03468303  0.03941855],[-0.02599732  0.01538476],[-0.03139679  0.0395636 ],[-0.04497705  0.03581151],[-0.04015917  0.03602822],[-0.02837656  0.03995143],[-0.03423171  0.03765006],[-0.04977112  0.04492443],[-0.02420076  0.02759722],[-0.02651176  0.03712141],[-0.02959197  0.03552865],[-0.0476314  0.0459105],[-0.03318708  0.04747531],[-0.03199916  0.04204346],[-0.0439937   0.04632215],[-0.03386418  0.04432852],[-0.01382737  0.03093845],[-0.03688591  0.03873397],[-0.03165612  0.03619783],[-0.0386921   0.05110175],[-0.03072713  0.04024003],[-0.03626224  0.03681832],[-0.02718001  0.03723472],[-0.04077773  0.04846774],[-0.03483669  0.02740295],[-0.02558636  0.02959226],[-0.04459072  0.03853266],[-0.03306635  0.0393397 ],[-0.02927617  0.02910363],[-0.03583777  0.04384003],[-0.03193801  0.02971335],[-0.0385556   0.04587976],[-0.03563104  0.04181277],[-0.03997619  0.03800982],[-0.03760025  0.03471147],[-0.03370534  0.04884905],[-0.04186217  0.04017487],[-0.04376514  0.0289325 ],[-0.03416611  0.03334057],[-0.02857362  0.04363392],[-0.02900592  0.02848098],[-0.04663312  0.04865033],[-0.03412475  0.04500121],[-0.03860452  0.04087316],[-0.04012205  0.04429276],[-0.04531515  0.03655234],[-0.02911026  0.04003623],[-0.03445385  0.03604873],[-0.03994208  0.04238226],[-0.04060676  0.04321852],[-0.03200796  0.03604726],[-0.02383382  0.02756029],[-0.03583659  0.04115005],[-0.03772356  0.04133497],[-0.03817732  0.03242981],[-0.03178781  0.0391176 ],[-0.05332085  0.04416502],[-0.03456058  0.03784657],[-0.04724805  0.0535684 ],[-0.03836317  0.03807585],[-0.03195292  0.03345671],[-0.02987579  0.03625002],[-0.03723476  0.04246775],[-0.0394993   0.03939857],[-0.05301634  0.04559477],[-0.03696346  0.03249452],[-0.03048301  0.03987256],[-0.03608164  0.03295772],[-0.04407702  0.04529547],[-0.0384374   0.04095121],[-0.04274849  0.03667544],[-0.03247081  0.03354739],[-0.03074575  0.0450156 ],[-0.03783961  0.03741138],[-0.04416049  0.0364096 ],[-0.04015622  0.04494505],[-0.02972899  0.04342366],[-0.03247748  0.041375  ],[-0.0384743   0.03093133],[-0.03942002  0.03881226],[-0.02818783  0.03749723],[-0.03640655  0.04021723],[-0.03775765  0.03023179],[-0.0314317   0.02897753]
[-0.0875985   0.05196142],[-0.10087702  0.06145048],[-0.10199721  0.0586679 ],[-0.10780072  0.05880558],[-0.09567052  0.06278852],[-0.10550247  0.05786492],[-0.10144107  0.05705535],[-0.09861495  0.05624884],[-0.10581653  0.06635744],[-0.10168229  0.062487  ],[-0.07741889  0.06343032],[-0.09903756  0.06024047],[-0.08341093  0.04713398],[-0.09813488  0.06294742],[-0.10539958  0.05038304],[-0.09192593  0.05421569],[-0.1015543   0.05840226],[-0.09869631  0.04899106],[-0.09401131  0.05954842],[-0.09872653  0.05722892],[-0.10913149  0.06806277],[-0.08298965  0.05345206],[-0.10085134  0.06616876],[-0.0965426   0.07399732],[-0.08639775  0.05345831],[-0.10599582  0.06355438],[-0.10445574  0.06600253],[-0.11231022  0.0676636 ],[-0.08582506  0.05233776],[-0.09252205  0.05574784],[-0.08468066  0.05774591],[-0.08451771  0.04423804],[-0.10682251  0.06099599],[-0.08978146  0.06172957],[-0.09070771  0.05332657],[-0.10395169  0.0656654 ],[-0.08753522  0.05500795],[-0.10306101  0.07226208],[-0.10615076  0.05728164],[-0.09372199  0.05461508],[-0.10830866  0.07434842],[-0.09086717  0.06078529],[-0.09535645  0.05942024],[-0.09203562  0.05271999],[-0.10818259  0.06493758],[-0.09400217  0.04950655],[-0.11975802  0.06728415],[-0.10008511  0.0611308 ],[-0.10048743  0.05261252],[-0.07958139  0.05441587],[-0.1134834   0.06866936],[-0.11315605  0.06514759],[-0.09196267  0.05707777],[-0.08956922  0.05804446],[-0.10316961  0.06239005],[-0.10660499  0.05836472],[-0.11174631  0.06879541],[-0.10083497  0.06594728],[-0.11440745  0.06437384],[-0.09209403  0.06435622],[-0.08086726  0.03429703],[-0.09445666  0.05928728],[-0.08787465  0.05056304],[-0.09588189  0.05148178],[-0.08985057  0.04974648],[-0.10698161  0.0571615 ],[-0.10930249  0.05459644],[-0.08520363  0.04999551],[-0.09926747  0.06057806],[-0.09166536  0.05067036],[-0.10564484  0.06596394],[-0.09618646  0.05950579],[-0.09433344  0.069897  ],[-0.10683967  0.06467471],[-0.09548476  0.05877759],[-0.08061364  0.04339954],[-0.09551212  0.05828469],[-0.08697665  0.04926574],[-0.0947378   0.06993221],[-0.09350698  0.05796853],[-0.09509756  0.06471802],[-0.09681225  0.06024074],[-0.09688707  0.06333781],[-0.103677  0.039264],[-0.09022449  0.06001298],[-0.09988952  0.05978568],[-0.09874853  0.05738532],[-0.08602849  0.04400388],[-0.10473453  0.06009357],[-0.09121618  0.04426533],[-0.10129072  0.06644624],[-0.0859492   0.04415033],[-0.10589731  0.05825134],[-0.11288692  0.06092472],[-0.09664352  0.06485476],[-0.10313468  0.05855533],[-0.07850359  0.0503803 ],[-0.07246286  0.0488405 ],[-0.08760936  0.05722641],[-0.08188602  0.05629457],[-0.1107427   0.06389064],[-0.09649001  0.06392057],[-0.10177432  0.06417006],[-0.1099664   0.06983727],[-0.09660032  0.0557474 ],[-0.09170116  0.06142709],[-0.09428342  0.04838537],[-0.10170728  0.06750255],[-0.1018295   0.06058071],[-0.10721634  0.06892861],[-0.09793788  0.04548495],[-0.10539658  0.06340581],[-0.10740083  0.06167011],[-0.10361615  0.06481881],[-0.09624657  0.05789624],[-0.09731779  0.06253482],[-0.10441937  0.05713162],[-0.10809092  0.05650298],[-0.09520257  0.05133754],[-0.09520224  0.05927778],[-0.09178381  0.05839379],[-0.11338989  0.05702294],[-0.10915868  0.05464218],[-0.11870477  0.07440279],[-0.10163194  0.05890685],[-0.08650065  0.05793176],[-0.10303658  0.05935373],[-0.1007836   0.05797449],[-0.10901782  0.06064151],[-0.10215206  0.06103218],[-0.10248193  0.05784333],[-0.07560752  0.04695833],[-0.09571575  0.05848417],[-0.10039419  0.05412774],[-0.10331066  0.0606274 ],[-0.09630543  0.0635281 ],[-0.09765849  0.06642445],[-0.1035044   0.05834264],[-0.09153247  0.06022842],[-0.08231143  0.05706614],[-0.08992098  0.05812037],[-0.09704323  0.05568916],[-0.09888068  0.05334105]
[ 0.00391216 -0.00432832],[-0.00023066  0.00824967],[ 0.01178596 -0.00188917],[8.7283552e-06 2.4923123e-03],[ 0.00704212 -0.00331869],[-0.00343262 -0.00071884],[ 0.00063872 -0.00012291],[ 0.00924462 -0.00739072],[-0.00235195 -0.0153267 ],[-0.00011433 -0.00347555],[ 0.00059485 -0.0007191 ],[ 0.0060317  -0.00147573],[ 0.01695347 -0.00764652],[0.00253535 0.00393627],[-0.00635101 -0.00609808],[ 0.00336803 -0.01487261],[ 0.00696289 -0.00616689],[ 0.00194282 -0.01768123],[ 0.00174607 -0.00990759],[-0.00541778  0.00043013],[ 0.00815516 -0.00155922],[ 0.01791136 -0.00716969],[ 0.00386387 -0.00224213],[-0.00051481 -0.00327639],[ 0.00934561 -0.01353111],[-0.0008762  -0.00697171],[ 0.0062422  -0.00097353],[-0.00894257 -0.00034863],[-0.00277622  0.00365384],[ 0.00452877 -0.01475393],[ 0.00820411 -0.00111952],[ 0.01237472 -0.00425773],[-0.00014257  0.00266384],[ 0.00718652 -0.00670877],[ 0.01355161 -0.00339827],[ 0.00082433 -0.00545167],[ 0.00027436 -0.01070056],[0.00721243 0.00012054],[-0.00289484  0.00282522],[ 0.01044923 -0.00513982],[0.00467399 0.00360058],[-0.00055175 -0.00292554],[ 0.00594767 -0.01654616],[ 0.0044135  -0.00321625],[ 0.00843865 -0.00059555],[0.00969851 0.00162572],[-0.00051786  0.00613603],[ 0.00933522 -0.00244825],[ 0.01221806 -0.00291581],[ 0.00786188 -0.00506838],[-0.00206462  0.0033809 ],[ 0.01141205 -0.0006371 ],[-0.00107046 -0.00499113],[ 0.00291582 -0.0027044 ],[ 0.00261531 -0.00760871],[ 0.00195216 -0.00624931],[-0.00192293  0.00577498],[0.00333884 0.00334634],[ 0.00146558 -0.00222321],[0.00201468 0.00219803],[ 0.00520456 -0.02597764],[ 0.00792748 -0.00561054],[-0.00710742 -0.0040051 ],[ 0.00960796 -0.00138235],[ 0.01007097 -0.00589965],[-0.00474607 -0.00282919],[-0.01173564  0.00599433],[ 0.0014492  -0.00627523],[-0.00341243  0.0017609 ],[ 0.01137954 -0.01242087],[ 0.00361654 -0.00352446],[ 0.00421551 -0.00763332],[ 0.00377175 -0.00439434],[ 0.00461755 -0.00439816],[-0.0070411  -0.00733389],[ 0.00383855 -0.01598619],[-0.00038224 -0.00133296],[ 0.00222109 -0.01583087],[ 0.00026741 -0.0062855 ],[ 0.00742471 -0.00382321],[ 0.00528627 -0.00438105],[0.00333163 0.00420766],[ 0.00064325 -0.00352154],[ 0.00616599 -0.01557183],[ 0.00615674 -0.00873932],[-0.00320933 -0.0070792 ],[ 0.00277269 -0.01379207],[ 0.01712396 -0.00827161],[-0.00690511 -0.00616951],[ 0.00199191 -0.01302341],[ 0.01018936 -0.00582689],[-0.00191567 -0.01641195],[ 0.00369603 -0.00065615],[ 0.0007204  -0.00499266],[ 0.00560106 -0.00853753],[ 0.00223921 -0.00167088],[ 0.01612585 -0.00558419],[ 0.02455392 -0.01328376],[ 0.00908198 -0.00906981],[ 0.01005216 -0.00151073],[0.0027816  0.00368033],[ 0.00495746 -0.0041768 ],[0.00819485 0.00036559],[-0.00157222  0.0004293 ],[-0.01045994 -0.00837845],[ 0.00826969 -0.01217664],[ 0.01002962 -0.01047861],[0.01534073 0.00310925],[-0.00125273 -0.0089466 ],[ 0.00090164 -0.02088222],[ 0.01303306 -0.01320448],[ 0.00020764 -0.00242897],[-8.762628e-05 -9.288013e-03],[-0.00249168 -0.0015725 ],[ 0.00689636 -0.00410188],[ 0.01257247 -0.00582325],[-0.00186156 -0.00200493],[ 0.00709144 -0.00795095],[-0.00118256 -0.0029529 ],[ 0.00611777 -0.00014771],[0.01065619 0.00211124],[ 0.00345598 -0.00637406],[-0.00505051 -0.00408366],[0.00395904 0.00167114],[-0.00026367 -0.00230755],[ 0.00584731 -0.00580569],[ 0.00742561 -0.0010038 ],[-0.00241594  0.00499526],[-0.00436657 -0.00028104],[0.00375505 0.00216438],[-0.00423476 -0.00573895],[ 0.01230536 -0.01115988],[-0.00275421 -0.00320098],[-0.00265979 -0.00459265],[ 4.0676445e-05 -2.6788116e-03],[ 0.00189747 -0.00940844],[0.0009423  0.00506797],[0.00200323 0.0011152 ],[ 0.00717894 -0.00330023],[ 0.01367361 -0.00124224],[0.0101193  0.00261736],[ 0.00777929 -0.00514556],[-0.00273895 -0.00608827]
[-0.00345789 -0.01297816],[-0.01299572 -0.00317779],[-0.00606726 -0.00840564],[-0.01095853 -0.00737352],[-0.00076768 -0.01100289],[-0.0031811  -0.00051379],[-0.00620836  0.00068358],[-0.00253835 -0.00925905],[ 0.0028494 -0.0058829],[-2.2718422e-03 -9.1366470e-05],[-0.00802561  0.00513252],[-0.01102538 -0.00154206],[ 0.00508198 -0.01838545],[-0.00525139  0.00541717],[-0.00626384 -0.0071787 ],[ 0.00218612 -0.00309052],[ 0.00461766 -0.01116281],[ 0.0092381  -0.01624346],[ 0.00380774 -0.01316147],[-0.00076543  0.0050948 ],[-0.0068009 -0.0026402],[ 0.0031098 -0.0060982],[-0.00252402 -0.00924567],[ 0.00182413 -0.00141361],[ 0.00104087 -0.01717384],[-0.00492512 -0.00882861],[-0.00923229 -0.00496471],[-0.01053433  0.00088359],[ 0.0014999  -0.00641676],[-0.00018704 -0.00845866],[-0.00153399 -0.00104093],[ 0.00277951 -0.00523233],[-0.00257817 -0.00282842],[-0.00571264 -0.01154199],[ 0.0085362 -0.0076347],[-0.00696665 -0.0104681 ],[-0.00556279 -0.01167224],[-0.00196262 -0.00126965],[-0.00862473 -0.00850306],[-0.00091098 -0.00640609],[-0.00281601 -0.01202986],[ 0.00582959 -0.00922868],[-0.00502699 -0.01174396],[-0.00746978  0.00750903],[-0.00038783 -0.01142836],[-0.00346759 -0.00025076],[-0.00577156  0.00315642],[-0.00089108 -0.00064908],[ 0.00585153 -0.00710464],[-0.00854746 -0.01698748],[-0.01241027  0.00500841],[-0.00082503 -0.00388749],[ 0.00455836 -0.00070353],[-0.00115329 -0.01073137],[-0.00205391  0.00456158],[-0.00436246 -0.00755209],[-0.01379945  0.00190861],[-0.01074618  0.00157462],[-0.00812418  0.00027392],[ 0.00043381 -0.01144669],[ 0.01742702 -0.0224912 ],[ 0.00177632 -0.00273297],[-0.00867339 -0.00616632],[-0.00059234  0.00313965],[-0.00128114 -0.00626706],[-1.2464821e-05 -8.1939250e-04],[-0.01983377  0.00707655],[ 0.002825   -0.01150854],[ 2.9545277e-05 -3.1626374e-03],[ 0.00195849 -0.01423861],[-0.00435268 -0.00387197],[-0.00367019 -0.00833035],[-0.00531568  0.00176975],[-0.00752397 -0.00409597],[-0.00742173 -0.0014944 ],[ 0.0118757 -0.0072954],[-0.00181278  0.00619694],[ 0.00223333 -0.02282871],[-0.00450492 -0.00191021],[ 0.00407921 -0.00012391],[-0.00057408 -0.00778203],[ 0.0017518  -0.00844568],[2.1472573e-05 3.5918802e-03],[ 0.00795153 -0.01340651],[ 0.00406579 -0.01044481],[-0.00251001 -0.00810355],[-0.00380168 -0.00360834],[ 0.00166078 -0.01708557],[-0.00576724  0.00219405],[ 0.00118062 -0.00632197],[-4.3108463e-03  1.1906028e-05],[-0.00635622 -0.00499323],[-0.00676108  0.01274408],[-0.00173156 -0.00619842],[ 0.00118629 -0.00948164],[-0.00303851 -0.00866764],[-0.00727271 -0.00563812],[ 0.00554386 -0.01415639],[-0.00509677 -0.00670051],[-0.00012687 -0.00546001],[-8.8395104e-03 -1.8056482e-05],[-0.00055686 -0.00591902],[-0.00032629 -0.00506666],[-0.01175005 -0.00172047],[-0.01329662 -0.00275178],[-0.00317421 -0.01435524],[-0.00103517 -0.00551559],[-0.00128228 -0.00375742],[-0.00873297  0.00303708],[-0.00757071 -0.00755854],[ 0.00133492 -0.02543605],[-0.00395226  0.00523891],[-0.00413959 -0.00149828],[-0.00933245 -0.00701344],[-0.0001559 -0.0011752],[-0.00096008  0.01075249],[-0.00161259 -0.00729959],[-0.00824373 -0.00257033],[-0.00719083 -0.00127612],[ 0.00053615 -0.00286365],[ 0.00059051 -0.00138274],[ 0.00386254 -0.00802146],[-0.01566661 -0.00699899],[-0.01273216 -0.00395665],[-4.1555613e-05 -5.3599067e-03],[ 0.00148471 -0.00634598],[-0.0030186   0.00029988],[-0.00799933  0.00656634],[-0.01045164  0.00566644],[-0.00732444 -0.00263233],[-0.00931112 -0.00346835],[ 0.00296668 -0.00406659],[-0.00984978 -0.0056295 ],[-0.00074333 -0.00157603],[0.0039775  0.00359192],[ 0.00030345 -0.00018298],[-0.00487767 -0.00035734],[0.00120581 0.00794506],[ 0.00173186 -0.00526563],[ 0.00364169 -0.00317331],[ 0.00284469 -0.00693253],[ 0.00033637 -0.00463181],[-0.00475211 -0.00446801]
[ 0.01204855 -0.0207978 ],[ 0.0039404  -0.00106866],[ 0.01279457 -0.00410585],[ 0.00615333 -0.00406341],[ 0.0042143  -0.00879539],[ 0.00728788 -0.00089588],[ 0.00396176 -0.00846575],[ 0.01627724 -0.00327209],[ 0.01123519 -0.00014329],[ 0.0025035  -0.00679497],[0.00456385 0.00793955],[-0.00100848  0.00360833],[ 0.01596213 -0.01350796],[0.00466642 0.00019446],[0.00120337 0.0030643 ],[0.00698624 0.00042526],[ 0.00750629 -0.00149146],[ 0.01651083 -0.01953371],[ 0.0173784  -0.01171624],[ 0.00013992 -0.00365602],[-0.00761744  0.00641723],[1.3699153e-02 4.0307641e-05],[ 0.00659135 -0.00429239],[0.00652389 0.00523984],[ 0.00320474 -0.01283719],[-0.00218904 -0.0121586 ],[ 0.00764038 -0.01115561],[-0.00333611  0.00104322],[ 0.01214845 -0.01577081],[ 0.00587229 -0.00971388],[ 0.01168453 -0.00185278],[ 0.00579894 -0.0065262 ],[ 0.00348026 -0.00336818],[ 0.00267573 -0.00056062],[ 0.00591003 -0.00698316],[ 0.00326856 -0.001431  ],[ 0.01281524 -0.01288998],[ 0.0032388  -0.00243135],[ 0.00431587 -0.01222025],[ 0.00905055 -0.00599179],[ 0.00787774 -0.00944143],[0.00788658 0.00092938],[ 0.00812804 -0.0070687 ],[0.00239622 0.00659145],[ 0.01382869 -0.00824215],[0.00947601 0.00158174],[-0.00443944  0.00575929],[ 0.01129659 -0.00162452],[ 0.02013921 -0.0046692 ],[ 0.01342783 -0.00719095],[0.00677486 0.00886231],[-0.00274273  0.00184045],[ 0.00331204 -0.01032357],[ 0.00301644 -0.00108553],[ 0.01007829 -0.00018241],[ 0.00155576 -0.00712703],[-0.0060392  -0.00401651],[0.004272  0.0037482],[ 0.0013028  -0.00305737],[ 0.00590638 -0.00504668],[ 0.01091212 -0.02403905],[ 0.0056555  -0.00327491],[ 2.8833747e-06 -1.9736066e-03],[ 0.0006761  -0.01259468],[ 0.00538861 -0.01129967],[ 0.0068356  -0.00381145],[ 0.00170569 -0.00594039],[ 0.00926108 -0.00742099],[ 0.00188598 -0.00194516],[ 0.00762705 -0.00298963],[0.00880194 0.00474361],[ 0.00392174 -0.00865045],[0.00845792 0.00268319],[ 0.00699275 -0.00183227],[ 0.00387429 -0.00143969],[ 0.01549344 -0.01525334],[ 0.01426173 -0.00582195],[ 0.00262147 -0.01307787],[0.00049332 0.00376054],[-0.00063837 -0.01089223],[ 0.00168147 -0.00613607],[0.00283545 0.00405192],[ 5.7913903e-03 -9.6533448e-05],[ 0.00854291 -0.01298543],[ 0.00403664 -0.00426469],[ 0.00967714 -0.00674286],[ 0.00895351 -0.00058141],[ 0.00299893 -0.01863015],[-0.0012359  -0.00056292],[ 0.01457981 -0.01254948],[ 0.00830165 -0.00850809],[ 0.00876758 -0.00548742],[0.00359615 0.00476922],[-0.001317  -0.0010656],[ 0.00890547 -0.00526679],[-0.00044813 -0.00676898],[ 0.00706629 -0.00729775],[ 0.01463381 -0.01866651],[ 0.01913286 -0.00516421],[ 0.00371018 -0.01014568],[-0.00507648  0.00052763],[ 0.0129786  -0.00402482],[ 0.00737028 -0.00326794],[ 0.0061307  -0.00167195],[-0.00406624  0.00458346],[ 0.0148128  -0.01656278],[ 0.00288451 -0.0054395 ],[0.01022391 0.0007419 ],[0.00405503 0.00459894],[-0.00021115  0.00634449],[ 0.00633159 -0.02264113],[0.00561836 0.00249591],[ 0.009332   -0.00455741],[0.000685   0.00964926],[ 0.00917798 -0.00143011],[0.00026701 0.00530067],[-0.00390624  0.00055438],[-0.00210011 -0.00599551],[0.0015145  0.00101955],[0.00460593 0.00077309],[ 0.00324935 -0.00442837],[-0.00128602 -0.01328887],[-0.00829709 -0.00326414],[-0.00271283  0.00230083],[0.00819005 0.00022599],[0.01175255 0.0014804 ],[0.00737283 0.00341366],[ 0.00178379 -0.01209368],[-0.00029238  0.005186  ],[0.01026981 0.00177484],[ 0.00788597 -0.00194847],[0.00883674 0.00213004],[-0.00693113  0.00374452],[ 0.02114241 -0.00542285],[ 0.01021769 -0.00052847],[ 0.00386382 -0.00376548],[0.00954716 0.00531703],[0.00512576 0.00283753],[ 0.00358768 -0.00976248],[ 0.01059517 -0.00107853],[ 0.01315188 -0.00904146],[ 0.00950771 -0.00038223],[ 0.0041454  -0.00645337]
[ 0.0374023  -0.03112863],[ 0.02694803 -0.01518248],[ 0.03224577 -0.01759743],[ 0.03330592 -0.01906108],[ 0.02643817 -0.0210637 ],[ 0.02910339 -0.00766706],[ 0.02678897 -0.02505178],[ 0.02701089 -0.01362978],[ 0.04732938 -0.0338068 ],[ 0.01614673 -0.02954371],[ 0.02228101 -0.0146188 ],[ 0.03329999 -0.02563267],[ 0.03271174 -0.02571888],[ 0.02943834 -0.02580499],[ 0.02412017 -0.02416263],[ 0.02738968 -0.02477822],[ 0.01453862 -0.01911787],[ 0.02514765 -0.02785492],[ 0.02792699 -0.02601819],[ 0.02531618 -0.01479604],[ 0.02781071 -0.01990806],[ 0.02990186 -0.02398063],[ 0.03189508 -0.0332509 ],[ 0.03148311 -0.02164798],[ 0.03293411 -0.02799503],[ 0.0209294  -0.01733059],[ 0.03785415 -0.02652626],[ 0.02421048 -0.01292466],[ 0.03193909 -0.02115155],[ 0.02430987 -0.02845534],[ 0.03184277 -0.01355096],[ 0.03068091 -0.02460659],[ 0.03153337 -0.01874242],[ 0.0326405  -0.02241497],[ 0.02970127 -0.02508028],[ 0.03166242 -0.02498618],[ 0.02710593 -0.02926394],[ 0.02519886 -0.02364767],[ 0.02924036 -0.02193997],[ 0.03076866 -0.03068373],[ 0.02772643 -0.02098354],[ 0.02696851 -0.02559836],[ 0.02638726 -0.01877898],[ 0.02065315 -0.01606194],[ 0.03988871 -0.02373505],[ 0.02127256 -0.02121775],[ 0.0203449  -0.02186643],[ 0.03477153 -0.01727292],[ 0.0448813  -0.02389599],[ 0.03216496 -0.01880512],[ 0.02958571 -0.02882482],[ 0.03096553 -0.01507061],[ 0.02463099 -0.02650821],[ 0.02705612 -0.01781556],[ 0.02423215 -0.02332679],[ 0.02222841 -0.02676752],[ 0.02104918 -0.02165897],[ 0.02846449 -0.01519893],[ 0.02189039 -0.02822528],[ 0.02434018 -0.02205592],[ 0.03718131 -0.03565973],[ 0.0324331  -0.02176055],[ 0.02590551 -0.02572099],[ 0.02976134 -0.02682581],[ 0.02679887 -0.02199451],[ 0.03055591 -0.02965964],[ 0.02782132 -0.02470605],[ 0.03177172 -0.02352148],[ 0.02234244 -0.01634475],[ 0.02795483 -0.02720087],[ 0.02780023 -0.02327236],[ 0.02722928 -0.02439624],[ 0.02389047 -0.01694946],[ 0.02787268 -0.01973474],[ 0.02751772 -0.03480985],[ 0.03214813 -0.02801788],[ 0.02766983 -0.00936192],[ 0.04402911 -0.03089557],[ 0.0278062 -0.0167795],[ 0.03280029 -0.02451379],[ 0.02113365 -0.02265769],[ 0.02818528 -0.02570261],[ 0.03324642 -0.01608637],[ 0.02031508 -0.0203674 ],[ 0.03020617 -0.03119655],[ 0.02514931 -0.03167997],[ 0.03355378 -0.02822908],[ 0.03334211 -0.01404458],[ 0.02589724 -0.01851599],[ 0.0294024  -0.02360991],[ 0.03355097 -0.02357727],[ 0.03023018 -0.0218461 ],[ 0.0291946  -0.02214157],[ 0.03157908 -0.02768427],[ 0.03105374 -0.02003852],[ 0.02619795 -0.02173064],[ 0.02803037 -0.02228856],[ 0.04277306 -0.03586892],[ 0.03852735 -0.01891373],[ 0.03252175 -0.02923574],[ 0.02695052 -0.01776581],[ 0.02836592 -0.017919  ],[ 0.02945439 -0.02854281],[ 0.0370827  -0.02075466],[ 0.01965991 -0.01708158],[ 0.02982211 -0.02779897],[ 0.02151095 -0.01583977],[ 0.02678037 -0.02595068],[ 0.02779239 -0.02384156],[ 0.02440048 -0.02470805],[ 0.02895511 -0.03551172],[ 0.03341681 -0.02106837],[ 0.02728134 -0.01850442],[ 0.02552148 -0.02031442],[ 0.03138443 -0.01715919],[ 0.02842927 -0.0240801 ],[ 0.03340261 -0.01417528],[ 0.0283093  -0.01990196],[ 0.0222846  -0.02306969],[ 0.03301114 -0.01394881],[ 0.03052218 -0.02327497],[ 0.02693409 -0.02567026],[ 0.02255077 -0.01175092],[ 0.0174627  -0.02376981],[ 0.03322586 -0.02036647],[ 0.03128844 -0.02642808],[ 0.02573716 -0.01898282],[ 0.02966808 -0.02174692],[ 0.02753598 -0.01689109],[ 0.03044022 -0.01046607],[ 0.02908427 -0.02429333],[ 0.03570062 -0.0226895 ],[ 0.01746368 -0.01707069],[ 0.01596322 -0.01853572],[ 0.02771479 -0.01746222],[ 0.03292222 -0.02491468],[ 0.02875948 -0.01326043],[ 0.02749441 -0.02095702],[ 0.01851883 -0.02214443],[ 0.02543    -0.02205191],[ 0.02740577 -0.02574932],[ 0.02887657 -0.02189129],[ 0.02714362 -0.01600019]
[-0.01812706 -0.00234117],[-0.03511003  0.02818894],[-0.03163967  0.03379721],[-0.02787249  0.02126171],[-0.02408663  0.01266133],[-0.02434853  0.01718824],[-0.02376846  0.01060016],[-0.02092528  0.01488114],[-0.02352058  0.01687815],[-0.03299672  0.01599468],[-0.02988206  0.02007693],[-0.01413429  0.01091439],[-0.02425294  0.00313372],[-0.02992621  0.013397  ],[-0.02996653  0.01581826],[-0.02379015  0.01067937],[-0.02414753  0.01139087],[-0.00937764  0.00316345],[-0.02149212  0.00608321],[-0.02825229  0.01746902],[-0.02032698  0.02079451],[-0.02774018  0.02122602],[-0.02519923  0.01238938],[-0.0187993   0.02136648],[-0.02613832  0.01447444],[-0.0298054   0.00954727],[-0.02275631  0.00893876],[-0.02743744  0.01459616],[-0.01348624  0.01589278],[-0.02598742  0.01721498],[-0.0157651   0.01794416],[-0.02318681  0.02472569],[-0.01849072  0.01576022],[-0.02247581  0.01988492],[-0.01374294  0.00266155],[-0.02310799  0.01692902],[-0.0188376  0.0074411],[-0.02045316  0.02147434],[-0.02657058  0.01174094],[-0.02662019  0.00732658],[-0.0161874   0.01570292],[-0.0265436   0.02129526],[-0.0283196   0.01650155],[-0.03511184  0.02113208],[-0.0257915   0.00442046],[-0.02250407  0.02287643],[-0.03042188  0.01829557],[-0.0191391   0.01492795],[-0.018294    0.01420963],[-0.02629797  0.00534529],[-0.02449476  0.00811415],[-0.02345943  0.00451038],[-0.0262724   0.01949613],[-0.02421481  0.01456735],[-0.02318161  0.02255582],[-0.02746868  0.01372012],[-0.02615002  0.01908451],[-0.03047392  0.01140389],[-0.03937131  0.01549958],[-0.03088011  0.01602049],[-0.02272542  0.00463215],[-0.02474282  0.02237134],[-0.02554645  0.01005172],[-0.01998102  0.00330775],[-0.02577117  0.01346697],[-0.02017988  0.00872027],[-0.02699407  0.01078672],[-0.01594321  0.01189412],[-0.03045371  0.02406134],[-0.0212211   0.00774786],[-0.02152807  0.02433985],[-0.02210262  0.0114641 ],[-0.02645165  0.01168804],[-0.03287756  0.00836004],[-0.02870611  0.00416655],[-0.02066326  0.00511047],[-0.03128823  0.02162614],[-0.01408906 -0.00501256],[-0.02439062  0.02136812],[-0.02219387  0.01879608],[-0.02535889  0.01215371],[-0.01525774  0.01443606],[-0.01643414  0.01255722],[-0.02939403  0.01167847],[-0.01357113  0.01369253],[-0.01480822  0.01569946],[-0.02188165  0.01478158],[-0.02307129  0.00934698],[-0.0265756   0.01782823],[-0.02007046  0.01305546],[-0.01454305  0.00457637],[-0.02049911  0.01381142],[-0.02621474  0.01252928],[-0.02219847  0.00604324],[-0.02449748  0.0074898 ],[-0.03089986  0.02157366],[-0.02939014  0.01479622],[-0.01386536  0.00541848],[-0.02079753  0.00200918],[-0.02711374  0.02155541],[-0.02162587  0.02351769],[-0.01805139  0.01629633],[-0.0118981   0.01619492],[-0.01580397  0.0280255 ],[-0.03903685  0.02000597],[-0.02297028  0.01768804],[-0.02581923  0.01949534],[-0.02635704  0.01251585],[-0.03712085  0.02509965],[-0.02230816  0.00112616],[-1.9824672e-02 -6.4820051e-06],[-0.01828017  0.023216  ],[-0.03150755  0.02286057],[-0.02500913  0.01168454],[-0.02205141  0.02288924],[-0.01692903  0.02207193],[-0.03216479  0.019225  ],[-0.02372039  0.01166381],[-0.02429198  0.01053626],[-0.02346282  0.00913909],[-0.02823297  0.01808248],[-0.01587257  0.00455192],[-0.02731029  0.02624645],[-0.02637777  0.01672415],[-0.02863084  0.01903395],[-0.02167283  0.00954407],[-0.02462748  0.00875703],[-0.01892664  0.01684743],[-0.02833517  0.02179677],[-0.03008427  0.01393067],[-0.02474389  0.01669477],[-0.02201606  0.01737325],[-0.03395247  0.01836679],[-0.01832559  0.01559171],[-0.01987392  0.01344743],[-0.02596745  0.01008147],[-0.0258754   0.02988236],[-0.02731556  0.02284415],[-0.02449446  0.0058247 ],[-0.029622    0.00920045],[-0.02589603  0.01135474],[-0.02492539  0.01695502],[-0.02445664  0.02189278]
[ 0.05323353 -0.04189125],[ 0.0463149  -0.03633891],[ 0.04713689 -0.03181818],[ 0.05158579 -0.03682097],[ 0.04571268 -0.03597065],[ 0.05353452 -0.03534688],[ 0.05273628 -0.03378105],[ 0.04342328 -0.03449873],[ 0.06172712 -0.04269213],[ 0.04964275 -0.0391919 ],[ 0.03695839 -0.03282394],[ 0.05520626 -0.04905578],[ 0.0531188 -0.0457719],[ 0.04402448 -0.0437072 ],[ 0.04867925 -0.03709207],[ 0.04389502 -0.03451015],[ 0.03980219 -0.03472826],[ 0.06857342 -0.04705945],[ 0.05416818 -0.0374986 ],[ 0.04185728 -0.03925366],[ 0.04537315 -0.03687188],[ 0.04985231 -0.0419054 ],[ 0.04738135 -0.03775709],[ 0.04938618 -0.03533256],[ 0.05503583 -0.03761291],[ 0.05760643 -0.04398637],[ 0.05976225 -0.04146303],[ 0.04737791 -0.04109582],[ 0.05172372 -0.03438901],[ 0.05480612 -0.0363388 ],[ 0.05471935 -0.03383835],[ 0.05159362 -0.03383403],[ 0.054358   -0.03834746],[ 0.05257646 -0.03893111],[ 0.05370624 -0.04315911],[ 0.05181303 -0.03940864],[ 0.05472995 -0.03908352],[ 0.050806   -0.03257659],[ 0.045948   -0.04215493],[ 0.04300769 -0.04383063],[ 0.04326401 -0.04030875],[ 0.05097054 -0.03448208],[ 0.05109225 -0.04391587],[ 0.04037188 -0.03068417],[ 0.06295532 -0.04991204],[ 0.05328476 -0.0350109 ],[ 0.04795088 -0.03531086],[ 0.04890474 -0.03693122],[ 0.05008663 -0.03125962],[ 0.04483447 -0.03494908],[ 0.05129372 -0.04056197],[ 0.0521877 -0.0385715],[ 0.04069944 -0.03888725],[ 0.04857615 -0.035886  ],[ 0.05652961 -0.04560049],[ 0.04629566 -0.03323828],[ 0.04752927 -0.0364012 ],[ 0.05289007 -0.04446554],[ 0.05311431 -0.04230737],[ 0.04821251 -0.03166355],[ 0.04911    -0.04589745],[ 0.04463709 -0.03235701],[ 0.04343835 -0.03763506],[ 0.05445997 -0.03962441],[ 0.04745597 -0.03602036],[ 0.04867253 -0.03281935],[ 0.04204448 -0.03677294],[ 0.04749811 -0.03251569],[ 0.04902017 -0.034563  ],[ 0.04977591 -0.03189858],[ 0.05566568 -0.03851451],[ 0.04862756 -0.03685741],[ 0.05481765 -0.03836663],[ 0.04978088 -0.03986958],[ 0.05197758 -0.04453348],[ 0.05184543 -0.04164143],[ 0.04645564 -0.03224476],[ 0.06249598 -0.04867793],[ 0.05156869 -0.03749742],[ 0.050607   -0.04100682],[ 0.04370382 -0.03634086],[ 0.0497714  -0.03641154],[ 0.0567283  -0.04216528],[ 0.04983985 -0.03963665],[ 0.05193449 -0.03830605],[ 0.04891886 -0.04312287],[ 0.05187842 -0.04605789],[ 0.05290444 -0.04004673],[ 0.0434323  -0.04407364],[ 0.05661555 -0.03750305],[ 0.05859679 -0.04987921],[ 0.04761863 -0.03823113],[ 0.04627784 -0.03506205],[ 0.05299652 -0.04195672],[ 0.04807116 -0.0357397 ],[ 0.04536815 -0.03484248],[ 0.03772444 -0.04134248],[ 0.05828668 -0.04582797],[ 0.05924217 -0.04597278],[ 0.04303936 -0.03899622],[ 0.05661773 -0.03224613],[ 0.04951629 -0.03394652],[ 0.06062596 -0.037331  ],[ 0.04749054 -0.03471432],[ 0.0414861 -0.031408 ],[ 0.04606696 -0.03863073],[ 0.05012644 -0.0322137 ],[ 0.04831677 -0.04074048],[ 0.04799181 -0.0285262 ],[ 0.05624185 -0.04675639],[ 0.04715319 -0.04680346],[ 0.04941653 -0.04113508],[ 0.05050495 -0.03877894],[ 0.05151805 -0.04237826],[ 0.05374881 -0.03267563],[ 0.05058407 -0.03160204],[ 0.04191913 -0.03856815],[ 0.04876021 -0.03998415],[ 0.04396142 -0.03866722],[ 0.0484589  -0.04549583],[ 0.04668475 -0.03794843],[ 0.05366808 -0.04245052],[ 0.04507296 -0.03071054],[ 0.04677861 -0.03446952],[ 0.0488267  -0.03933371],[ 0.05369432 -0.02917291],[ 0.04648305 -0.03951351],[ 0.04591411 -0.03940289],[ 0.04638273 -0.0371894 ],[ 0.04698327 -0.03602272],[ 0.05091807 -0.03941403],[ 0.0448027  -0.03472265],[ 0.03871401 -0.02894224],[ 0.04899629 -0.04552551],[ 0.05352859 -0.04546935],[ 0.04725936 -0.04201887],[ 0.04906431 -0.03358649],[ 0.05038653 -0.04139246],[ 0.04784738 -0.04725746],[ 0.05115479 -0.03829796],[ 0.05337481 -0.03613438],[ 0.04562886 -0.03129333],[ 0.05153434 -0.03779658]
[ 0.04365655 -0.0424128 ],[ 0.03300988 -0.03631783],[ 0.03368722 -0.0274946 ],[ 0.04068683 -0.03035424],[ 0.03987784 -0.03290822],[ 0.03991642 -0.02759759],[ 0.03853179 -0.03425536],[ 0.0287888  -0.02706594],[ 0.04844654 -0.04294489],[ 0.03880135 -0.03339919],[ 0.03192175 -0.03425793],[ 0.04992042 -0.04526421],[ 0.04004795 -0.03657965],[ 0.03594303 -0.0357921 ],[ 0.04095826 -0.04064019],[ 0.03312248 -0.02902776],[ 0.03542721 -0.03522182],[ 0.05249612 -0.03559096],[ 0.04734627 -0.04012023],[ 0.04093175 -0.03247488],[ 0.02916439 -0.03133265],[ 0.02829175 -0.03021394],[ 0.03911127 -0.03689741],[ 0.04374236 -0.03093405],[ 0.04906953 -0.03446725],[ 0.04145149 -0.0309624 ],[ 0.03650125 -0.03083841],[ 0.03728561 -0.03130082],[ 0.05589938 -0.03939064],[ 0.04074843 -0.03003009],[ 0.04326642 -0.02990659],[ 0.03991661 -0.03990684],[ 0.04085337 -0.03042445],[ 0.04735953 -0.04081929],[ 0.0324865  -0.03133305],[ 0.04163488 -0.03181387],[ 0.04586782 -0.04198929],[ 0.04840539 -0.03678729],[ 0.04363638 -0.03372069],[ 0.04934741 -0.04637294],[ 0.03943495 -0.03590867],[ 0.04421355 -0.0397902 ],[ 0.03702266 -0.03491173],[ 0.02565169 -0.03039133],[ 0.04988831 -0.04291416],[ 0.03277741 -0.0346474 ],[ 0.04102765 -0.03471436],[ 0.04059316 -0.03275384],[ 0.04701047 -0.02534341],[ 0.02976027 -0.02893295],[ 0.03547247 -0.03545124],[ 0.03791576 -0.02975461],[ 0.02337997 -0.03537613],[ 0.04127796 -0.02779824],[ 0.04814679 -0.03524957],[ 0.03873867 -0.03134274],[ 0.03512733 -0.02892827],[ 0.03725795 -0.03592352],[ 0.03347462 -0.03487725],[ 0.03410178 -0.02927546],[ 0.04878893 -0.04093271],[ 0.03682585 -0.02687901],[ 0.03934072 -0.03090075],[ 0.04150533 -0.02610424],[ 0.03753309 -0.03342203],[ 0.04340503 -0.0371706 ],[ 0.03706668 -0.03071294],[ 0.04069771 -0.02372386],[ 0.03231877 -0.03099282],[ 0.04006571 -0.02674646],[ 0.04489274 -0.02703252],[ 0.03948979 -0.03040919],[ 0.03720944 -0.03029413],[ 0.03485715 -0.03230325],[ 0.03508406 -0.03067569],[ 0.04949433 -0.03777587],[ 0.04063622 -0.02750846],[ 0.05297899 -0.04404224],[ 0.04419343 -0.02851449],[ 0.04375742 -0.0362713 ],[ 0.02511968 -0.02990648],[ 0.04308337 -0.04011782],[ 0.04168044 -0.02908712],[ 0.03597613 -0.03345542],[ 0.04738868 -0.03558747],[ 0.04450713 -0.03620159],[ 0.0408899  -0.03648523],[ 0.03833561 -0.03685544],[ 0.0533352  -0.03428821],[ 0.04047296 -0.03387019],[ 0.03601329 -0.04239539],[ 0.03740403 -0.04159585],[ 0.03622097 -0.02698288],[ 0.03624746 -0.03216574],[ 0.04512345 -0.03547174],[ 0.03896626 -0.03088706],[ 0.03060164 -0.03651432],[ 0.0427895  -0.04172119],[ 0.04869626 -0.04813111],[ 0.03935038 -0.03693119],[ 0.03904942 -0.03611926],[ 0.03580754 -0.02265601],[ 0.04135195 -0.02817415],[ 0.0409729  -0.03060818],[ 0.03003926 -0.02962388],[ 0.03193512 -0.03183347],[ 0.0339079  -0.02540441],[ 0.03782045 -0.04028953],[ 0.02896421 -0.03222772],[ 0.04223434 -0.03785097],[ 0.03865363 -0.04117196],[ 0.04605048 -0.03024121],[ 0.04072486 -0.0385223 ],[ 0.03425093 -0.03008084],[ 0.04085165 -0.03560514],[ 0.03725553 -0.03724022],[ 0.03805254 -0.03564347],[ 0.03507013 -0.03823272],[ 0.04219736 -0.03105889],[ 0.03785282 -0.03224554],[ 0.03946891 -0.03518727],[ 0.03697427 -0.03780933],[ 0.03134265 -0.02940837],[ 0.03705325 -0.02644258],[ 0.03242821 -0.03231279],[ 0.04427773 -0.02584407],[ 0.03117002 -0.03323122],[ 0.03941564 -0.03421595],[ 0.03542858 -0.03233388],[ 0.02910901 -0.03185173],[ 0.0332383  -0.02454139],[ 0.04074175 -0.03643338],[ 0.03209115 -0.02771367],[ 0.04546339 -0.03366782],[ 0.04322235 -0.02917152],[ 0.03572226 -0.03182024],[ 0.04185937 -0.03459124],[ 0.03833139 -0.03917588],[ 0.03481196 -0.03440157],[ 0.04526347 -0.03047001],[ 0.04195604 -0.03389835],[ 0.03977279 -0.03230331],[ 0.03970038 -0.03729838]
[ 0.05614017 -0.03889669],[ 0.05160306 -0.0365169 ],[ 0.06471229 -0.0230138 ],[ 0.06294931 -0.03602002],[ 0.06148907 -0.03808423],[ 0.0562918  -0.03572681],[ 0.06632961 -0.03536197],[ 0.07268288 -0.04265881],[ 0.0586726  -0.04031862],[ 0.05654814 -0.0364792 ],[ 0.04873938 -0.03477699],[ 0.05475155 -0.04227315],[ 0.05057493 -0.03513818],[ 0.05875986 -0.03548503],[ 0.05327792 -0.03802434],[ 0.05430694 -0.0316984 ],[ 0.05271884 -0.03546343],[ 0.05796724 -0.03505571],[ 0.06872296 -0.04322805],[ 0.05902698 -0.03364693],[ 0.05303005 -0.04054798],[ 0.04877447 -0.03197474],[ 0.05333788 -0.03934353],[ 0.05802406 -0.03037732],[ 0.05870048 -0.04097757],[ 0.05090699 -0.0327426 ],[ 0.06772228 -0.04057941],[ 0.05643685 -0.02932856],[ 0.079256   -0.04083843],[ 0.05910446 -0.03376662],[ 0.06488992 -0.03478471],[ 0.06398442 -0.04179871],[ 0.06124797 -0.03474845],[ 0.0686473  -0.03891204],[ 0.05709289 -0.03339503],[ 0.05617022 -0.03079053],[ 0.06499038 -0.04435666],[ 0.05809652 -0.0329109 ],[ 0.05751146 -0.03567302],[ 0.05717415 -0.03352769],[ 0.06039852 -0.03709728],[ 0.05223933 -0.03073531],[ 0.05459635 -0.04079603],[ 0.0419403  -0.02660391],[ 0.0641176  -0.04221169],[ 0.0562725  -0.03071649],[ 0.05992563 -0.03439593],[ 0.05855789 -0.03172243],[ 0.05996108 -0.03829846],[ 0.0462554 -0.0337313],[ 0.06088808 -0.04148572],[ 0.06164267 -0.03879023],[ 0.04259139 -0.03497671],[ 0.06411962 -0.02009141],[ 0.06883112 -0.03702756],[ 0.05857099 -0.03249621],[ 0.05290806 -0.03375265],[ 0.06279066 -0.03322729],[ 0.04468189 -0.0310211 ],[ 0.06055921 -0.03207462],[ 0.06116708 -0.03679682],[ 0.05239164 -0.02750014],[ 0.06039594 -0.03923621],[ 0.06426667 -0.0345415 ],[ 0.06041048 -0.03505937],[ 0.05925156 -0.04287383],[ 0.05926331 -0.03790776],[ 0.05572589 -0.0322538 ],[ 0.04741817 -0.0270684 ],[ 0.05630098 -0.0253632 ],[ 0.06170932 -0.0268542 ],[ 0.05770672 -0.02691775],[ 0.06372923 -0.03241155],[ 0.05627761 -0.03597065],[ 0.06307319 -0.04231072],[ 0.05548156 -0.03965794],[ 0.05442587 -0.0337071 ],[ 0.06935836 -0.04547103],[ 0.06000514 -0.03539487],[ 0.04747422 -0.03912124],[ 0.05848652 -0.03065785],[ 0.05567577 -0.02827872],[ 0.05698471 -0.03297104],[ 0.05184286 -0.04342164],[ 0.06430411 -0.034223  ],[ 0.06614946 -0.03912264],[ 0.05891271 -0.03712226],[ 0.06291677 -0.03641836],[ 0.05825614 -0.03979849],[ 0.05850791 -0.03653811],[ 0.07056093 -0.04484389],[ 0.06365155 -0.03826831],[ 0.05638731 -0.03177032],[ 0.06770094 -0.03767542],[ 0.0624305 -0.0378824],[ 0.06290177 -0.03378744],[ 0.05968772 -0.03189968],[ 0.06091958 -0.04275563],[ 0.06613539 -0.04412804],[ 0.05486953 -0.02634642],[ 0.05938702 -0.03036598],[ 0.05889473 -0.02836025],[ 0.0588829  -0.03159099],[ 0.0590746  -0.03982253],[ 0.04120598 -0.03252351],[ 0.05805982 -0.03660925],[ 0.05823676 -0.03174587],[ 0.05598022 -0.0323563 ],[ 0.05470843 -0.03408066],[ 0.05697462 -0.04385062],[ 0.054975  -0.0386253],[ 0.05337414 -0.03962909],[ 0.05809962 -0.04027086],[ 0.05889311 -0.03373483],[ 0.05955563 -0.03333712],[ 0.05493606 -0.03504784],[ 0.04882552 -0.03759221],[ 0.05864684 -0.04497788],[ 0.06146239 -0.02964952],[ 0.0518361  -0.03607353],[ 0.05966251 -0.03905429],[ 0.06078035 -0.04215724],[ 0.05670541 -0.03148934],[ 0.0564748  -0.03287368],[ 0.05904294 -0.03143399],[ 0.06176521 -0.03282126],[ 0.05309667 -0.02768895],[ 0.05778466 -0.03493631],[ 0.05304952 -0.0341477 ],[ 0.06260441 -0.03604701],[ 0.05740566 -0.03296911],[ 0.0587775  -0.03661344],[ 0.05390269 -0.03617309],[ 0.07342793 -0.03321111],[ 0.04736477 -0.03977621],[ 0.05730469 -0.04072549],[ 0.05931995 -0.03706203],[ 0.05560017 -0.03027906],[ 0.05597009 -0.0428101 ],[ 0.06107285 -0.03110624],[ 0.05995645 -0.0363733 ],[ 0.05924992 -0.03005565],[ 0.05505162 -0.04098818]
[ 0.00835307 -0.01723685],[ 0.00187304 -0.01183395],[ 0.00698473 -0.005739  ],[ 0.0088508  -0.00840149],[ 0.00426205 -0.01054213],[ 0.00507219 -0.00943886],[-0.0107514   0.00329008],[ 0.00707184 -0.01816264],[ 0.01380493 -0.02112754],[ 0.00057648 -0.01015842],[-0.00109567 -0.00984863],[ 0.02006089 -0.02528639],[-0.00934083 -0.02020215],[ 0.00679529 -0.01327526],[ 0.00437004 -0.01986333],[ 0.00786701 -0.01225672],[-0.00157452 -0.00745845],[ 0.00881659 -0.02027607],[-0.00205199 -0.0093134 ],[ 0.00618888 -0.01425105],[ 0.00221406 -0.00887829],[ 0.00141636 -0.00521464],[ 0.00326075 -0.01097237],[ 1.7430633e-05 -5.9931688e-03],[ 0.00510254 -0.02326795],[ 0.00928297 -0.00511147],[ 0.0122129  -0.02591308],[ 0.00844471 -0.00858857],[ 0.01378447 -0.01841726],[ 0.00277382 -0.01414297],[ 0.00321493 -0.00364121],[ 0.0011762  -0.01601518],[ 0.00760058 -0.01154269],[ 0.00725472 -0.01429037],[ 0.00236561 -0.01282917],[ 0.00967342 -0.01118701],[ 0.00042472 -0.01039239],[-0.00130916 -0.01186505],[-0.00070816 -0.01475849],[-0.00503393 -0.01151814],[ 0.00391757 -0.01844989],[ 0.00414811 -0.0050763 ],[ 0.00078492 -0.0149951 ],[-0.01116166 -0.00075325],[ 0.00970338 -0.01740438],[-0.00023272 -0.01267591],[ 0.00122629 -0.01177778],[ 0.01116863 -0.00622473],[ 0.01454402 -0.00795049],[-0.00413057 -0.0061314 ],[ 0.00676543 -0.02103251],[ 0.00501368 -0.00765911],[-0.01134345 -0.00973834],[ 0.0053785  -0.00577924],[ 0.01330752 -0.01104493],[ 0.00431137 -0.00922744],[-0.00162838 -0.00395624],[ 0.00269516 -0.01411343],[ 0.00790264 -0.0062735 ],[ 0.00071332 -0.00753152],[ 0.01202781 -0.0160084 ],[-0.00219699 -0.00128945],[ 0.00556544 -0.01525149],[ 0.00541284 -0.00565004],[ 0.00381865 -0.01297221],[ 0.00646697 -0.01373911],[ 0.00540723 -0.00809151],[ 0.0031527  -0.00480681],[-0.00065775 -0.0070826 ],[-0.00444319 -0.00490865],[ 0.00808029 -0.01186763],[ 0.00689426 -0.01310303],[ 0.0034921  -0.01193399],[ 0.00448349 -0.01791844],[ 0.01453799 -0.02514561],[ 0.00803825 -0.01539507],[0.00623215 0.00115369],[ 0.01336092 -0.02598237],[ 0.00578995 -0.01594294],[ 0.0069946 -0.0139415],[ 0.00788469 -0.00736684],[ 0.01238832 -0.00753592],[ 0.00718578 -0.013081  ],[ 0.00898026 -0.01309415],[ 0.0052974  -0.01289215],[ 0.00258452 -0.01907468],[ 3.9484352e-05 -1.7176293e-02],[ 0.00534572 -0.01234714],[ 0.00310013 -0.01440063],[ 0.00652074 -0.00639638],[ 0.00702471 -0.01708207],[-0.00427091 -0.01467998],[ 0.00091089 -0.00629622],[ 0.01294951 -0.01922795],[ 0.01262429 -0.0115322 ],[ 0.00717122 -0.00330594],[ 0.00323989 -0.01238152],[ 0.01162484 -0.02682617],[ 0.00358054 -0.01847089],[0.00486576 0.00168114],[ 0.00220576 -0.0068898 ],[ 0.00764627 -0.00527073],[ 0.00274748 -0.00671532],[ 0.00531465 -0.01129591],[-0.0034679  -0.00254921],[-0.00498457 -0.01566562],[ 0.00350814 -0.0067408 ],[ 0.00259256 -0.0086202 ],[-0.00632642 -0.01186129],[ 0.00868453 -0.02399166],[ 0.00370575 -0.01718031],[ 0.00601465 -0.0122651 ],[ 0.00587496 -0.01586504],[ 0.003547   -0.01014582],[ 0.00703654 -0.00313757],[ 0.00450695 -0.00698271],[ 0.00543294 -0.01793231],[ 0.00303872 -0.01915373],[ 0.00821145 -0.00720562],[-0.0012183  -0.00839088],[ 0.0094224  -0.00911401],[ 0.00402513 -0.01186361],[ 0.0061027  -0.00324774],[ 0.00107672 -0.01528402],[ 0.00252433 -0.00571638],[ 0.00242526 -0.01345363],[-0.00115317 -0.00478995],[-0.0018251  -0.00444142],[ 0.00604006 -0.01562173],[ 0.00310688 -0.00990467],[-0.00825109 -0.00104867],[ 0.00207811 -0.0064968 ],[-0.00283869 -0.0120765 ],[ 0.00179153 -0.01324463],[ 0.00187867 -0.01357219],[ 0.00441038 -0.00601133],[ 0.00141119 -0.00513377],[ 0.00456206 -0.00476656],[ 0.00585906 -0.01891003],[ 0.00910139 -0.01320493],[ 0.0011476  -0.01126008],[ 0.00187313 -0.00180684],[-0.00226285 -0.00820658]
[-0.00426199 -0.02253361],[ 0.00142811 -0.01356385],[-0.0060548  -0.00802575],[ 0.00126081 -0.00784617],[ 0.00137472 -0.02089185],[ 0.00080262 -0.01342107],[-0.0031774  -0.00986499],[-0.00303463 -0.02229438],[ 0.01256969 -0.02259061],[-0.00240191 -0.01745353],[-0.00812672 -0.01414926],[ 0.0075437  -0.02457873],[-0.01291262 -0.01724273],[-0.00293977 -0.02101796],[ 0.00439153 -0.02289829],[-0.00520444 -0.01516668],[ 0.00151177 -0.01467661],[ 0.00953321 -0.01966317],[ 0.01255422 -0.02421664],[-0.00066803 -0.01941426],[-0.00697551 -0.00910731],[-0.0104717  -0.01184222],[-0.00938024 -0.01990922],[-0.0056295  -0.01212313],[-0.00468786 -0.02426459],[-0.00454817 -0.01682237],[ 0.00420913 -0.03312808],[-0.00333058 -0.01375738],[ 0.01454682 -0.02327888],[-0.00098788 -0.01691953],[ 0.00131021 -0.01771511],[-0.00970986 -0.01510811],[ 0.0003894  -0.01319806],[-3.6887825e-05 -2.3927828e-02],[-0.00042092 -0.01629616],[-0.00272264 -0.01305939],[-0.00136668 -0.01503018],[ 4.3198466e-05 -1.3530705e-02],[-0.00838375 -0.02023613],[-0.0062589  -0.01942915],[-0.00211869 -0.01581912],[-0.01240612 -0.0048062 ],[-0.00426261 -0.02019697],[-0.01078097 -0.01007849],[ 0.01532441 -0.02262783],[ 0.00063118 -0.01394884],[-0.00227248 -0.01297313],[ 0.00498086 -0.01334392],[ 0.0111421  -0.01106318],[-0.00126598 -0.00282829],[-0.00264652 -0.00683934],[-0.00559455 -0.01525675],[-0.0103475  -0.01539636],[-0.00269857 -0.01227209],[ 0.01108054 -0.02119908],[ 0.00177768 -0.0188354 ],[-0.003231   -0.01145846],[-0.00253227 -0.01115227],[ 0.00030396 -0.00939687],[-0.00518722 -0.01961227],[ 0.00808325 -0.02030182],[-0.00843117 -0.01153561],[ 0.00826186 -0.02013384],[-0.0053635  -0.01324313],[-0.00145098 -0.01087103],[ 0.00361813 -0.01808846],[-0.00590462 -0.01369824],[-0.00253226 -0.01314545],[-0.0130947  -0.01169863],[-0.00522589 -0.00454266],[ 0.00400147 -0.00554068],[-0.00083314 -0.02550881],[-0.00135812 -0.01355358],[-0.00080873 -0.00664867],[ 0.0010969  -0.02180305],[ 0.00142387 -0.02067335],[ 0.00862164 -0.01604975],[ 0.00162961 -0.0236605 ],[-0.00825454 -0.01319727],[-0.00149373 -0.01142189],[ 0.00519813 -0.01554602],[ 0.00384828 -0.01364799],[-0.00353944 -0.0130836 ],[-0.00378668 -0.0281409 ],[-0.00095165 -0.01615047],[ 0.00971076 -0.02266934],[-0.00263312 -0.02137236],[-0.00136472 -0.01898544],[ 0.00042653 -0.01625049],[ 0.00411702 -0.00834793],[-0.0044161  -0.02210512],[ 0.00073209 -0.01527933],[ 0.00144631 -0.01417972],[ 0.01256657 -0.02492384],[ 0.00667548 -0.01656175],[-0.00493532 -0.01415706],[-0.01335282 -0.02848833],[-0.00512066 -0.03088459],[-0.00080097 -0.02054414],[-0.00600424 -0.01597308],[-0.00527008 -0.00982552],[ 0.00081298 -0.01016812],[ 0.00013731 -0.01365814],[ 0.00198836 -0.01860429],[-0.00885683 -0.01032671],[-0.00248699 -0.01523477],[-0.01309338 -0.01765538],[-0.00205693 -0.01575944],[-0.00848811 -0.01215031],[ 0.00105273 -0.02442352],[-0.00166098 -0.01533229],[ 0.0030867  -0.01761165],[ 0.00218498 -0.01428407],[-0.0020385  -0.00976631],[-0.00574816 -0.02175261],[-0.00096197 -0.00728922],[-0.00104889 -0.01214026],[ 0.00025426 -0.02085772],[ 0.00325989 -0.01258561],[-0.00575554 -0.01539771],[-0.00672701 -0.01866053],[ 0.00040902 -0.02552539],[ 0.00037346 -0.01329648],[-0.00657165 -0.00525858],[-0.0037123  -0.01105664],[-0.00454148 -0.01219303],[-0.01075344 -0.00781026],[-0.00499671 -0.01370099],[-0.00498058 -0.01252007],[-0.01224983 -0.02825329],[-0.00727046 -0.00898239],[-0.00439254 -0.01571686],[-0.01144293 -0.01600393],[ 0.01033725 -0.02274462],[-0.00011879 -0.01272639],[-0.00428799 -0.00815232],[ 0.00068682 -0.00991843],[ 0.00257076 -0.01090109],[ 0.0014339  -0.02324256],[ 0.00285079 -0.01103401],[-0.0076065  -0.01643069],[-0.00683835 -0.01010611],[ 0.0031337  -0.00800598]
[ 0.00415275 -0.0128184 ],[ 0.00720103 -0.00309698],[ 0.00869828 -0.01540801],[ 0.01409196 -0.01761744],[ 0.01112621 -0.01285861],[0.00414905 0.00167698],[ 0.00065718 -0.00708303],[ 0.01477291 -0.0150613 ],[ 0.01396453 -0.03143095],[-0.00243709 -0.00523182],[ 0.00224982 -0.01562995],[ 0.01293887 -0.02577308],[ 0.00378015 -0.00959447],[ 0.00677329 -0.02352196],[ 0.00862507 -0.01738796],[ 0.00479807 -0.00842869],[ 0.00813887 -0.0028838 ],[ 0.01472933 -0.02050859],[ 0.01313437 -0.01818797],[ 0.00386807 -0.01619786],[-0.00366475 -0.01636331],[-0.00412688 -0.0112587 ],[ 0.00157807 -0.0094289 ],[ 0.00797565 -0.0110417 ],[ 0.01252399 -0.01744278],[-0.00522603 -0.00387159],[ 0.02168477 -0.01793614],[ 0.00892508 -0.0021078 ],[ 0.01709764 -0.02563422],[ 0.01009172 -0.01134875],[ 0.00419926 -0.01231696],[ 0.00945371 -0.02599553],[ 0.00188339 -0.01256858],[ 0.00945754 -0.018386  ],[ 0.0019802  -0.00586546],[-0.00214841 -0.01342462],[ 0.00951304 -0.0021121 ],[ 0.00784777 -0.00968791],[ 0.00333774 -0.01464867],[ 0.01066922 -0.01230948],[ 0.0085712  -0.00745333],[ 0.01320384 -0.01343428],[ 0.00126435 -0.00869301],[-9.1142952e-05 -7.5676963e-03],[ 0.01312546 -0.01264321],[ 0.00218076 -0.0134271 ],[ 0.00252164 -0.0103995 ],[ 0.00702364 -0.01364528],[ 0.00559261 -0.01275119],[ 0.00684784 -0.00285809],[ 0.01381078 -0.01498558],[ 0.0020878  -0.00990076],[-0.00361479 -0.01389459],[ 0.00157589 -0.00750832],[ 0.01379551 -0.01456337],[ 0.00469768 -0.01763523],[ 0.00386234 -0.00465671],[ 0.01091105 -0.00421016],[ 0.00643484 -0.01270189],[ 0.00851531 -0.01754595],[ 0.00752424 -0.01451638],[ 0.00018678 -0.00790074],[ 0.01297058 -0.01426069],[ 0.00615986 -0.01184718],[ 0.00547224 -0.0073253 ],[ 0.00313387 -0.00460994],[ 0.00778289 -0.00711661],[-0.00526924 -0.00500426],[-0.00346529 -0.00193118],[-0.00106209 -0.00417278],[ 0.02002061 -0.00486613],[ 0.00646609 -0.01544438],[0.01112478 0.00179296],[ 0.00544605 -0.00166946],[ 0.01688968 -0.02723197],[ 0.00746616 -0.02172483],[ 0.01136456 -0.01308019],[ 0.01772308 -0.01429321],[ 0.00536096 -0.00505289],[-0.00453313 -0.010067  ],[ 0.00588232 -0.0108547 ],[ 0.01040839 -0.01216763],[ 0.00985283 -0.01109768],[ 0.00781255 -0.02147127],[ 0.00866849 -0.01530088],[ 0.0188383  -0.02343734],[ 0.00368438 -0.015402  ],[-0.00048808 -0.00970023],[ 0.00182313 -0.01268559],[ 0.01205084 -0.00260338],[ 0.01898272 -0.01623956],[ 0.00496583 -0.00605382],[ 0.00749958 -0.00494816],[ 0.0132726  -0.01268249],[ 0.01871353 -0.00140332],[ 0.00888505 -0.01488159],[ 0.00336704 -0.01724773],[ 0.00799705 -0.02212794],[ 0.00899101 -0.01077379],[0.00420772 0.00206075],[ 0.00835978 -0.00835166],[ 0.00276561 -0.00880959],[ 0.00467999 -0.01118659],[ 0.00582589 -0.01454816],[ 0.00049451 -0.01356417],[ 0.00122639 -0.01666006],[-0.00344769 -0.00898536],[-0.00528003 -0.00842614],[ 0.01169236 -0.00926338],[ 0.00335031 -0.01751447],[ 0.00817379 -0.0013946 ],[ 0.00997289 -0.02003125],[ 0.01169777 -0.01744585],[ 0.0085159  -0.00947632],[ 0.00679273 -0.01375575],[-0.00010373 -0.00613016],[ 0.00968297 -0.0107113 ],[ 0.01046366 -0.01838864],[ 0.01179879 -0.01174511],[ 0.00162096 -0.01254492],[ 0.01019854 -0.02261734],[ 0.00473442 -0.01543525],[ 0.00191233 -0.00423484],[ 0.0050569  -0.00638759],[ 0.00778507 -0.00604752],[ 0.00079475 -0.0028776 ],[-0.00023305 -0.00948157],[ 0.0068703 -0.019542 ],[ 0.00292369 -0.00858421],[ 0.00576352 -0.00817746],[ 0.00464984 -0.01423075],[ 0.00285401 -0.01105663],[ 0.00340021 -0.00792375],[ 0.01899377 -0.019513  ],[ 0.00131178 -0.00778219],[ 0.00862296 -0.00998275],[ 0.00614741 -0.00763272],[ 0.02045613 -0.01859569],[ 0.00159702 -0.0162259 ],[ 0.00528841 -0.00107584],[ 0.00206422 -0.00522545],[-0.00060764 -0.0059129 ],[-9.742007e-05 -9.013340e-03]
