[-0.72025675  1.1941705 ],[ 2.650235  -2.4408138],[-2.9680598  3.4733045],[-2.8063872  3.1556756],[-0.1707286  0.610066 ],[ 0.7043003  -0.32395276],[-3.5932791  4.2053638],[-2.478234   3.0807278],[-3.2581444  3.7015195],[-4.081623  4.781248],[-1.6216226  2.2901027],[-2.3121588  2.9542274],[-4.087312   4.4767866],[-1.0583929  1.631041 ],[-4.463679  5.055306],[-3.8282027  4.437597 ],[ 5.292521  -5.1914754],[-0.32965508  0.7627694 ],[-3.2777917  3.844813 ],[-0.2834799   0.67005646],[-4.2444124  4.679309 ],[-3.2860963  3.8513715],[-0.91371727  1.3474197 ],[-0.9823144  1.3061491],[-1.5273467  1.8487582],[-2.613622  3.227387],[ 0.972125   -0.75866795],[-0.21396461  0.4610137 ],[ 1.442769  -1.1604465],[-3.3382032  3.705182 ],[-2.2743537  2.7372048],[ 2.5891857 -2.4653776],[-2.461142   2.9510865],[-1.5294967  1.9406694],[ 0.48312363 -0.2891623 ],[-4.502719  5.128337],[-1.3689815  1.6988363],[0.07781176 0.3480122 ],[-1.6926326  2.4868286],[-2.1445742  2.8235686],[ 1.737019  -1.4642353],[-2.2737715  2.7389846],[-3.953695  4.576148],[-0.5747279  1.0347946],[ 1.3191314 -1.0972689],[-1.9084369  2.478972 ],[ 2.8126037 -2.5422497],[-2.3475819  2.8359075],[-4.0653853  4.619219 ],[-2.9884765  3.387578 ],[-2.3725297  2.7655988],[-0.72075605  1.2154197 ],[-1.787333   2.4386106],[-2.881109   3.5245523],[-5.0107045  5.5861497],[-3.935351  4.442942],[ 0.7752458  -0.51957244],[-0.993133   1.6435633],[ 0.43756282 -0.17901224],[-2.2667785  2.8087337],[-1.1912906  1.6741899],[-1.7540175  2.173421 ],[ 0.88584065 -0.58490485],[-2.6015213  3.0944035],[-5.4117436  5.920536 ],[-1.0785443  1.4653251],[ 0.64482486 -0.3259736 ],[-5.2254696  5.7987237],[-0.8510541  1.251789 ],[-1.2705994  1.7778708],[-4.106849   4.6968307],[-3.9080014  4.394155 ],[-1.9523497  2.4403248],[-1.7600704  2.2323236],[ 3.3278165 -3.2698033],[-1.7947098  2.0635147],[-5.4221983  5.892014 ],[-4.47656    4.9309316],[0.16703334 0.13920686],[-2.5209906  2.9298897],[-1.0761018  1.6544238],[-0.13407253  0.4051741 ],[-0.23203087  0.5480481 ],[-0.9159313  1.2961496],[-0.59226555  0.9926834 ],[-0.5167401  0.9920889],[-0.09478852  0.42107305],[0.13069738 0.3483834 ],[-2.174142   2.4519286],[-1.2872168  1.761082 ],[ 1.1339827  -0.94462943],[-1.6404494  1.9330763],[-3.3217063  3.9249148],[-1.4313946  2.0003614],[0.04306844 0.29347554],[ 1.3655729 -0.9529373],[-4.285394  4.838289],[-4.3718443  4.9381623],[ 1.3503907 -1.0735077],[-0.8324961  1.2198273],[-0.6732594  1.1384279],[-0.13820861  0.46518275],[ 1.9081224 -1.6782305],[-3.7913544  4.27125  ],[-3.132433   3.7268314],[-4.7611794  5.173585 ],[ 3.3104944 -3.089842 ],[-0.7425337  1.0225137],[-0.02863904  0.48796192],[ 0.38680506 -0.12760368],[-3.0533051  3.304185 ],[-4.3173656  4.835143 ],[0.06003121 0.29764524],[-2.1770291  2.7617888],[-2.8622088  3.267881 ],[ 0.9374701  -0.63437265],[-1.7221667  2.0786247],[-0.7066125  1.007436 ],[0.00590117 0.42456186],[ 0.41057077 -0.03225857],[-4.133424  4.74381 ],[-1.9685299  2.4681497],[-3.898379   4.4026833],[ 0.59206384 -0.2306551 ],[0.2140598  0.21182656],[-2.7127798  3.200104 ],[ 1.7979556 -1.5382245],[-2.592759   3.3514822],[-1.3715093  1.8106555],[-1.5284262  2.0576365],[-0.8906842  1.2310828],[-0.8160074  1.4775909],[-1.3164665  1.7517359],[ 1.0975564 -0.9013208],[ 2.1824536 -1.8525097],[-1.3823658  1.9305801],[-0.23826835  0.55167645],[-2.6508482  3.275524 ],[-3.9157832  4.559567 ],[-1.2303159  1.7225474],[-3.030233   3.7288015],[0.03788756 0.37871218],[-0.9598786  1.3524151]
[ 1.5689096 -1.4425113],[ 1.4300643 -1.1159211],[ 2.4385586 -2.2774668],[ 2.0219805 -1.7216874],[ 1.618388  -1.2852889],[-0.80381024  1.235349  ],[-0.17420779  0.73867524],[-0.93006724  1.3526201 ],[ 0.5719933  -0.17384174],[-3.1602898  3.6059241],[ 0.68764776 -0.32701784],[-0.09893174  0.59125906],[ 1.3252392 -1.1233805],[-4.379448  4.783393],[ 2.1499627 -1.8600974],[ 3.1431284 -2.971978 ],[-2.2854054  2.697162 ],[-1.742365   2.2790484],[-0.68871987  1.0684129 ],[ 3.5566802 -3.5082996],[ 3.2817132 -2.9976544],[ 1.5829924 -1.3300668],[ 3.6854954 -3.446419 ],[ 1.51922  -1.264017],[0.1438008  0.14100009],[-2.1733375  2.4694307],[ 0.589626   -0.30042732],[ 3.0960267 -2.8472285],[ 3.2591727 -3.0932772],[ 0.8473712 -0.5082323],[ 0.75849473 -0.42186013],[-2.4623373  3.103323 ],[-0.07893726  0.46486488],[ 4.5056405 -4.316661 ],[ 1.8628173 -1.6624084],[-1.7821152  2.0661929],[0.30800405 0.02220444],[ 5.085742  -4.9358897],[-1.1746813  1.6133975],[-1.608935  2.160645],[-1.9481635  2.2737777],[ 1.5211673 -1.2673967],[0.34916314 0.00462648],[-3.8777745  4.086232 ],[ 2.0928679 -1.8100222],[0.08838106 0.28613162],[-4.1335096  4.3857236],[ 2.3760684 -2.25887  ],[-1.8262354  2.1896489],[-2.0563738  2.2470455],[ 5.7198267 -5.5578346],[ 4.1563563 -4.053411 ],[ 0.501295   -0.17861533],[-0.1427536  0.6066776],[ 1.467318  -1.1410662],[ 3.2787452 -3.0040238],[-2.7708845  3.2697911],[0.2135258  0.21680388],[ 1.3765931  -0.92616624],[ 2.7401283 -2.4968233],[-3.8835464  4.26827  ],[ 1.4851935 -1.2931076],[ 4.139243  -3.9980376],[-0.18576522  0.47743115],[ 2.1854208 -1.9115022],[ 1.8808026 -1.7152911],[ 1.9928519 -1.8428116],[ 1.2801598 -0.9318802],[ 1.4633604 -1.1632158],[ 3.6407847 -3.4972255],[-1.0650368  1.3105518],[-2.3733573  2.69824  ],[0.22953476 0.22523579],[ 2.5045695 -2.073037 ],[ 2.3312736 -2.0049596],[-0.54073447  0.8735212 ],[ 3.6417348 -3.373132 ],[ 1.2119212 -0.8126659],[ 4.4174023 -4.23111  ],[ 1.9928535 -1.7015628],[ 2.5696476 -2.235088 ],[ 3.3310704 -3.0872893],[ 3.923188  -3.7071493],[ 5.3516536 -5.1645026],[ 1.9323633 -1.7409608],[ 1.268644  -0.9350711],[-2.0841806  2.5562506],[ 1.0612645  -0.77062887],[-0.41156793  0.6178743 ],[ 1.2695055  -0.97428805],[ 0.9573661  -0.62577397],[ 5.796342  -5.7139378],[-1.6235217  2.0171797],[ 1.1174055  -0.83713627],[0.17670359 0.18354943],[ 2.540841  -2.3147175],[-2.3959973  2.7027194],[-2.6885931  3.026271 ],[ 5.1004314 -4.915535 ],[-0.21743822  0.6137112 ],[ 4.3271546 -4.0252857],[ 4.0267982 -3.8003712],[ 1.0548056 -0.7434108],[ 1.8890126 -1.6140164],[ 0.7547881 -0.559275 ],[ 0.94714504 -0.6125679 ],[ 5.0012136 -4.9692154],[ 3.6848037 -3.6062503],[-0.6354301  1.0702372],[ 2.2840376 -2.015758 ],[ 1.2785491 -1.0729299],[ 1.9746375 -1.7198896],[ 4.0078683 -3.8634274],[-0.09192125  0.44048005],[-1.5336082  1.8101932],[ 2.910131 -2.841255],[ 3.3323052 -3.0120673],[0.31223288 0.18176523],[ 1.8688235 -1.7629675],[ 0.9750592  -0.65104294],[0.2081833  0.08184282],[-0.9303204  1.2507122],[ 1.6478755 -1.4186496],[-2.85543    3.1370306],[0.11701423 0.42988625],[ 1.4359751 -1.181248 ],[ 1.0010519 -0.6468957],[-0.59509003  1.0011506 ],[ 1.289226  -1.0125566],[ 1.3562881 -1.0729544],[ 0.9477287 -0.7764511],[-5.326578   5.8057957],[ 1.0320274  -0.74000925],[-1.4423094  1.8580815],[ 2.0423307 -1.8061044],[0.12266293 0.21917853],[ 4.659389  -4.5228567],[-1.6813761  2.134159 ],[-0.67095137  1.0990108 ],[ 1.3628466 -0.9808397],[ 3.0141697 -2.6309621],[ 0.85788476 -0.6492338 ],[ 1.8525833 -1.6707494]
[-1.6569278  2.1062305],[ 2.0800357 -1.7906352],[-0.02536475  0.31004003],[ 1.1584996 -0.8856304],[-0.7005201  1.1398568],[ 1.1314622  -0.75835603],[-0.8607258  1.2099686],[ 0.40268835 -0.08380491],[ 2.9826899 -2.7496061],[-0.0369137   0.30999067],[-0.26548976  0.6944556 ],[ 1.9345368 -1.8393749],[-0.71538514  1.1775119 ],[ 4.0659823 -3.936747 ],[ 0.7954541  -0.49089077],[-0.95257884  1.3369306 ],[ 3.6330001 -3.4061298],[ 1.1898637 -1.0124396],[ 0.53067684 -0.30637   ],[ 5.060109 -4.967988],[ 4.056845 -3.861634],[ 0.61976707 -0.31451714],[ 3.9541256 -3.8209054],[-0.23098922  0.458761  ],[ 3.2617323 -3.0753   ],[ 0.99249184 -0.9254198 ],[ 2.4670331 -2.1657238],[ 1.4822245 -1.2330791],[ 1.399796  -1.1371317],[ 0.36164165 -0.13927695],[ 1.6249559 -1.4317894],[-4.705747   5.2240343],[-0.16259393  0.42227   ],[ 2.541079 -2.385183],[ 0.40500537 -0.02411746],[ 3.2226532 -3.0079176],[ 5.1136003 -4.956029 ],[ 1.2063546 -1.0441334],[-3.215673   3.6760325],[-1.1337823  1.5500118],[ 1.3447003 -1.0562706],[ 1.6057978 -1.2614948],[ 4.082342  -3.9574158],[ 6.0149956 -5.8977547],[ 3.8623674 -3.7252433],[ 3.7273712 -3.7138138],[ 2.3145773 -2.0573504],[ 1.7546427 -1.6355798],[ 3.2042153 -2.9700687],[ 2.934408  -2.6942983],[ 4.4017124 -4.231121 ],[-0.10467184  0.48325744],[0.3679741  0.00295862],[0.41577733 0.03179286],[-0.95472795  1.1762625 ],[ 3.6563277 -3.664625 ],[ 3.3619266 -3.2772014],[-4.6761136  5.157312 ],[0.00313704 0.36699763],[ 0.60944337 -0.4273397 ],[ 0.6266523  -0.39852342],[ 3.8186376 -3.674745 ],[ 0.73971194 -0.54932326],[ 1.2575947 -0.9917924],[ 3.448725 -3.192498],[ 1.9110591 -1.7821103],[-1.2879578  2.0220108],[0.19952357 0.14003202],[ 2.5623913 -2.4933262],[ 2.0033035 -1.7570301],[ 1.3563843 -1.0063376],[ 0.8173611 -0.4779966],[-2.2251441  2.4981153],[-2.3380675  2.6375334],[-0.08593358  0.36155146],[ 2.5877445 -2.4059894],[ 4.6167746 -4.5671344],[ 1.0123154  -0.66959685],[-0.48022637  0.752449  ],[ 2.3554327 -2.1152446],[-1.2559954  1.629481 ],[ 3.9620883 -3.8572097],[ 4.913278  -4.8011026],[ 5.2492146 -5.1575665],[ 1.2162985  -0.95337814],[-3.9401853  4.442761 ],[ 0.66795045 -0.37270772],[ 2.0626607 -1.8231665],[ 1.6446321 -1.3978524],[0.3154399  0.01325909],[ 2.9445446 -2.6950645],[ 0.6878925 -0.3900804],[-1.4105912  1.723713 ],[ 2.5276983 -2.2222013],[ 2.2371428 -1.9633801],[ 0.418122   -0.07571267],[-0.24813494  0.5256586 ],[-0.3898766  0.6864044],[ 4.377714  -4.3282113],[ 5.220717  -5.2084007],[-1.7366033  2.0767477],[ 3.7220066 -3.5431366],[ 1.1307048 -0.8903982],[ 4.4717298 -4.242453 ],[ 1.7161864 -1.4985149],[ 3.1623085 -3.1599298],[ 0.6833543  -0.36499366],[ 1.878959  -1.6921705],[-1.8314309  2.3145442],[-0.48586336  0.86483276],[ 3.815454  -3.7410977],[-0.35047808  0.59416133],[ 2.1142344 -1.8669412],[-0.4882572   0.72290593],[ 2.5718188 -2.4871795],[ 1.2677195 -1.1074994],[ 2.9154646 -2.7016957],[ 2.4059472 -2.1591244],[-0.47736582  0.9013916 ],[-2.462617   2.8439107],[ 3.6904511 -3.494297 ],[ 2.481838  -2.2085063],[ 1.4394578 -1.0314553],[-0.8730965  1.1183739],[-1.1330233  1.6275853],[ 1.7331414 -1.4852861],[0.02898348 0.39734343],[ 0.8053163  -0.49016267],[ 1.6419929 -1.3950751],[ 1.6324159 -1.2635747],[-5.8152084  6.1241565],[ 0.6978092  -0.45066273],[-1.0834748  1.3724715],[-1.8260052  2.1215248],[-2.1564877  2.7173502],[ 0.9522786  -0.71291566],[ 1.5995514 -1.2567376],[-4.373037   4.8918743],[-2.4350164  2.9155862],[ 1.8155713 -1.4049214],[-2.7106779  3.110454 ],[ 2.882711  -2.7039008],[ 0.9564713 -0.7398579]
[ 2.199121  -1.9373285],[0.00873388 0.3416767 ],[ 2.9667795 -2.6116097],[ 3.7147207 -3.4800704],[-3.3660297  3.7288172],[-0.8367272  1.1863889],[ 4.716696  -4.5349135],[-0.2424801  0.641498 ],[ 2.6114097 -2.3893938],[ 1.2748202  -0.89989924],[ 3.2532573 -3.1758912],[ 1.4853421 -1.505784 ],[ 0.94509935 -0.7839533 ],[ 5.28367  -5.217309],[ 2.7075202 -2.5500863],[ 3.2309077 -3.0283523],[ 2.2996418 -2.0194285],[-0.41050413  0.81515896],[-4.773667   5.2272263],[ 2.0163872 -1.7536155],[ 3.8059504 -3.6076808],[ 3.287238 -3.103233],[ 1.3604076 -1.1155245],[ 4.977772 -4.744407],[ 3.9887779 -3.7989933],[-2.176221  2.479173],[ 3.884576  -3.7561376],[ 2.5498602 -2.4147828],[ 5.559814 -5.502098],[ 0.74237585 -0.36057118],[-0.332695    0.71934325],[ 3.803485  -3.7497907],[ 3.5682552 -3.4378219],[-0.41744065  0.77086014],[ 0.93467146 -0.6332409 ],[ 3.6383736 -3.2714102],[ 3.3057878 -3.1012182],[ 2.3033054 -2.1283953],[-1.1146724  1.5849868],[ 3.2551315 -3.1713002],[ 4.6159425 -4.3387227],[ 2.13637   -1.9406732],[ 2.7968333 -2.6376023],[ 4.48543  -4.368862],[ 4.382343 -4.263234],[-1.9012711  2.150527 ],[-2.6650064  2.6901865],[ 0.70041996 -0.4071218 ],[ 2.6726077 -2.4533565],[ 4.5826445 -4.4711943],[-1.9383347  2.4112313],[ 1.3037031 -0.9997341],[ 1.2645993 -1.0974847],[0.07358412 0.35096416],[ 6.2451305 -6.1627545],[ 4.3999333 -4.264146 ],[ 4.9976954 -4.9972253],[ 0.41496077 -0.09612572],[-0.32311195  0.8117288 ],[ 4.8310943 -4.800623 ],[ 4.7953663 -4.6875615],[ 5.623011 -5.495763],[ 3.916931 -3.578714],[ 1.7510403 -1.4525646],[ 3.221221 -3.032105],[ 0.9334062  -0.71937734],[-5.688799   6.2103615],[ 3.039232  -2.8948984],[ 1.8674067 -1.792511 ],[ 2.6598763 -2.326897 ],[ 2.8467112 -2.6809938],[ 3.1341352 -2.7344966],[ 0.54525995 -0.1714328 ],[ 1.1749383  -0.93553114],[0.24614799 0.20159045],[0.08175581 0.24497825],[ 5.013164  -4.8247905],[ 0.66052586 -0.39314258],[ 5.645258 -5.504204],[ 2.5387192 -2.2155795],[ 3.6216726 -3.294498 ],[ 5.34379  -5.237023],[ 3.659045  -3.4957085],[0.15281987 0.24815294],[ 1.277433  -0.9579512],[-2.0747142  2.3317626],[ 0.47884315 -0.13263121],[ 1.5339979 -1.3475381],[ 2.092575  -1.8230641],[0.12544404 0.13712683],[ 2.230585 -2.022857],[ 0.5611342  -0.30402398],[-0.5640157  0.997869 ],[ 0.7525928  -0.43808383],[ 0.4288171  -0.20851591],[ 2.7701836 -2.6002088],[-0.7634271  1.0445461],[-0.9719555  1.2753357],[-1.3470403  1.5614154],[-3.429897   3.7657378],[-2.7860098  2.9842105],[ 2.8995326 -2.7323983],[ 0.94531417 -0.77183336],[ 0.36834282 -0.11871927],[ 2.445997  -2.1741652],[-0.8357064  1.0304552],[ 5.302301  -5.1260757],[-3.8924818  4.107224 ],[-2.0425832  2.5628803],[ 1.1785789 -0.8977998],[ 3.574033  -3.3120172],[ 4.576641  -4.2926674],[ 0.62107635 -0.4584815 ],[ 3.0135663 -2.7904768],[-1.9913712  2.1532743],[0.22763723 0.01408557],[ 2.8764331 -2.685397 ],[-2.2826867  2.5135949],[-1.1996877  1.7544659],[ 0.9454658 -0.7109901],[0.20654064 0.10919929],[ 0.5048417  -0.19709373],[ 5.696938 -5.573063],[ 0.3392082  -0.07762703],[-1.9658928  2.4480925],[ 2.1957717 -1.9065903],[0.24757767 0.11037635],[ 3.1705978 -3.112297 ],[ 2.8347113 -2.6093366],[ 2.125482  -1.8804241],[ 6.4469953 -6.3354783],[ 2.821461  -2.7089603],[ 5.234545 -5.015095],[ 3.7546818 -3.5727937],[-0.92107064  1.2718607 ],[ 4.6554723 -4.3990507],[ 2.4436533 -2.1998906],[-3.1495736  3.494307 ],[ 1.9818418 -1.7391044],[ 2.9436235 -2.6272933],[-4.378649   4.8331547],[ 0.5135209  -0.29203176],[ 3.067757 -2.843934]
[ 1.1185622 -0.8689054],[-3.1337776  3.619655 ],[ 0.7490881 -0.5346464],[-0.66299206  1.2328603 ],[ 4.490194 -4.385827],[ 2.2439559 -2.0497406],[ 1.6507481 -1.5399418],[-0.4816083  0.8895717],[ 2.1367471 -1.9024429],[ 3.6796687 -3.6584315],[-2.56448   3.241721],[ 0.36143988 -0.02910187],[-1.7960343  2.4029434],[ 1.3474356 -1.0790119],[-2.0356789  2.7191372],[-2.277472   2.9552062],[ 0.8877256  -0.50622386],[ 0.6881471  -0.45587644],[-2.9592276  3.473374 ],[ 3.9564316 -3.850721 ],[ 2.493368  -2.4274285],[ 0.5602404  -0.13193041],[0.3082     0.11972672],[0.16330943 0.27335402],[ 3.8864927 -3.7657552],[ 0.8094921 -0.5406912],[ 0.6101624 -0.4032407],[-0.9973605  1.4825867],[0.19124895 0.13261333],[-0.6154634  1.0258299],[ 0.44654897 -0.12726197],[-2.0502267  2.689977 ],[-3.45363    3.9810944],[ 1.3192711 -1.1679692],[ 0.9075806 -0.6586018],[ 0.3933366  -0.12898344],[ 3.4899573 -3.406976 ],[ 0.95499253 -0.8135737 ],[ 1.0659387 -0.7789394],[-1.967026   2.6339493],[ 1.7514337 -1.5658371],[ 1.0988266 -0.8189807],[ 1.17839   -0.9385902],[-3.985062   4.6600647],[ 1.4865417 -1.2503562],[ 1.0638754 -0.9364291],[ 5.72371   -5.7136106],[ 2.2020698 -2.2165747],[0.06118345 0.26396984],[ 4.289967 -4.205025],[ 0.67278934 -0.4563478 ],[0.13321601 0.31822985],[ 0.77683955 -0.5378984 ],[-0.59887284  1.0728524 ],[0.34160864 0.05505233],[ 1.8098841 -1.6716923],[-1.4551919  2.0890179],[-1.0196847  1.5827755],[-0.31347328  0.8260261 ],[ 0.9602783  -0.84400564],[ 3.8251488 -3.702289 ],[-0.7832461  1.2093154],[ 1.5301282 -1.2952876],[ 3.0170577 -2.9022775],[ 3.187293  -3.0894039],[ 0.57906395 -0.32616317],[-0.318703   0.8356561],[-0.0722284   0.57541233],[0.11524132 0.3522887 ],[-1.0081508  1.586932 ],[ 5.0797534 -5.072771 ],[-0.16013697  0.41403607],[0.19179747 0.10206016],[-1.6195986  2.111855 ],[-0.3477826  0.8421469],[ 4.4834323 -4.5243044],[ 1.3311837 -1.0748141],[ 0.956205   -0.66101706],[ 1.0918318  -0.87883013],[ 1.2468264  -0.90132415],[0.07003409 0.24532628],[0.04492439 0.3469803 ],[-0.53207    1.1224366],[ 1.2204771 -0.939248 ],[-1.133155   1.4080393],[ 1.8414433 -1.6115279],[-1.5901082  2.2768106],[ 1.3987603 -1.1658336],[ 2.3370347 -2.1840742],[ 1.9474926 -1.7265422],[-0.42375258  0.85318947],[-1.758784   2.0011947],[-0.07455929  0.4892759 ],[ 1.0599831  -0.86501724],[ 4.5071874 -4.439955 ],[ 1.2269646 -0.9756702],[-0.35751653  0.76425564],[-0.43571183  0.8548572 ],[ 1.6135542 -1.4412832],[ 0.89812535 -0.65108734],[ 5.237615  -5.1231437],[-1.012098   1.5667462],[-2.320148   2.9405653],[ 2.952446 -2.866965],[ 0.76808155 -0.45551258],[ 0.9875946  -0.76877385],[ 0.424876   -0.07521592],[ 3.7281618 -3.734397 ],[-2.115481   2.7719364],[ 0.515552   -0.24928656],[ 3.111805 -3.022496],[ 3.019236  -2.9657812],[-2.6949966  3.4812825],[ 1.8734642 -1.7608229],[ 1.686656  -1.5623655],[-0.46799377  0.9590139 ],[-1.8269844  2.3702986],[ 4.2954893 -4.4092803],[-3.6877446  4.460591 ],[-1.3529559  1.709218 ],[ 0.3140456  -0.01583066],[ 4.524857  -4.4850497],[ 1.3835391 -0.9778676],[ 6.5898113 -6.5962834],[-3.2694728  3.8182654],[ 2.1185524 -2.0209088],[ 1.1378384 -0.9022298],[-2.305582   3.0682104],[ 2.8472974 -2.8366034],[0.28913805 0.05826304],[ 2.9651508 -2.7921152],[-3.1801226  3.7292697],[ 1.7794694 -1.5988584],[ 3.423295  -3.3004456],[ 1.7367678 -1.5120422],[ 2.0546057 -2.0430796],[-0.5193029  1.0422411],[-0.22271767  0.7110038 ],[ 3.8400111 -3.861678 ],[-0.04084791  0.34892178],[-2.6188593  3.022728 ],[ 3.008479  -2.8492978],[0.0155868  0.30038914]
[-1.8777941  2.428111 ],[-0.52426964  0.81590825],[-4.936376   5.5096564],[-3.628805  4.170055],[ 1.5314453 -1.4054971],[-2.2794852  2.6090326],[-2.2803488  2.8360672],[-2.230012  2.627102],[-0.6228701  0.955791 ],[-4.5408096  4.9775853],[-0.30339563  0.67221445],[-1.1102782  1.600631 ],[-1.2417649  1.6649551],[-5.319784   5.8310714],[-0.9903912  1.5330843],[-0.14936832  0.6104139 ],[-3.0969296  3.469156 ],[-1.2007905  1.5310698],[ 0.9551488  -0.54001313],[-1.7730415  2.1403265],[-3.3821774  3.906764 ],[-0.40159953  0.73031753],[-5.074948  5.535738],[-4.191535   4.6438665],[-0.5360211   0.87599355],[-1.1558679  1.4602772],[-1.7602607  2.125753 ],[ 2.02618   -1.7238392],[-0.86568993  1.2582457 ],[-0.05802842  0.38752958],[-1.2106439  1.6351364],[-4.2309756  4.816314 ],[-3.4519005  3.7867997],[-6.050011   6.5448947],[-1.8816912  2.3264139],[-4.6837244  5.0235944],[-0.54307264  0.9153085 ],[-3.7758636  4.3911014],[-3.2361796  3.766689 ],[-2.5743961  3.0462115],[-1.1782837  1.6928513],[-0.60297656  0.9226852 ],[-1.860919  2.433796],[-4.669569  5.185757],[-0.23922014  0.5733828 ],[-4.964517   5.5121613],[ 2.6850388 -2.4541767],[-4.582225  5.068438],[-3.094572  3.40783 ],[ 4.2760725 -4.1660028],[ 0.49695647 -0.07803611],[-2.00104    2.4538329],[-2.8893812  3.322171 ],[-1.8938302  2.3912284],[-4.3035417  4.931053 ],[ 0.5033256  -0.13160479],[-3.0111208  3.4368267],[-3.8423972  4.324136 ],[-2.7270663  3.3876657],[-0.5452356  0.9153657],[-0.23018685  0.5794395 ],[-3.5506856  3.9880052],[-0.24348554  0.68954265],[ 0.604631  -0.3961991],[-0.79828054  1.1378658 ],[ 1.3075663 -0.9918417],[-3.0104535  3.4818783],[-4.3840017  4.8994045],[ 1.478813  -1.3597034],[-1.0909413  1.5439385],[ 1.5147171 -1.1732234],[ 0.589581   -0.20755684],[ 0.69637334 -0.34699115],[-0.6594033  1.1257141],[-0.45830604  0.8514553 ],[ 0.5623276  -0.18371576],[-0.73005587  1.1588402 ],[-1.8771514  2.2653286],[-0.41489726  0.77517897],[-2.407206   2.8211942],[-1.7587767  2.1176322],[-1.2523763  1.6379167],[-0.5271687  1.0360514],[-1.6180183  2.155193 ],[ 0.7943809 -0.5329831],[-1.3984784  1.8716426],[-4.50004   4.873575],[-1.3054025  1.7713937],[ 4.457305  -4.3251753],[ 0.42188728 -0.12668309],[-1.2823926  1.6478404],[-2.0507517  2.48256  ],[-4.137179   4.6315227],[-1.5079265  1.9245821],[ 1.0391194 -0.7478527],[-0.15600622  0.46196434],[-1.9375482  2.3314612],[-1.9064583  2.332044 ],[-0.6588886  1.1223035],[-1.6032513  2.04265  ],[ 4.7993608 -4.7078705],[-4.4687424  4.9819984],[-2.2311695  2.607888 ],[-3.1564639  3.679961 ],[-3.5670514  4.0230618],[ 1.1780707  -0.88821083],[-4.1838346  4.711962 ],[ 1.474119  -1.1111164],[-3.7166438  4.231044 ],[-0.62443155  0.9414275 ],[-0.17208749  0.43988875],[-2.8231363  3.2614686],[-1.8936769  2.570357 ],[-0.99558455  1.4857908 ],[-1.7843698  2.256505 ],[-2.1567087  2.6198328],[-0.62145865  1.0676062 ],[-3.2453296  3.889805 ],[-3.0857296  3.5091066],[0.29727888 0.06076605],[-4.382576  4.834127],[-4.73357   5.219504],[-0.3955196  0.8023053],[-0.29830015  0.681089  ],[-0.2700399  0.747914 ],[-2.1423953  2.7114518],[-2.175177   2.7017934],[-1.5235529  2.1627889],[-3.8626592  4.454413 ],[0.06184392 0.43879133],[ 0.8557182 -0.5636748],[-2.24002   2.672689],[-0.7493238  1.1794574],[0.23942558 0.03659794],[-2.5563066  3.00043  ],[-1.6804861  2.217134 ],[-3.3936646  3.8692915],[-1.8058081  2.2985852],[-1.5964459  2.1603792],[-0.755855   1.2379421],[-0.01502035  0.26828554],[0.25304338 0.04359245],[-0.864213   1.1435491]
[-1.4922571  1.8051041],[-0.4459928  0.6643666],[0.19190733 0.07661714],[-0.05911216  0.33373934],[-5.982472   6.5283155],[ 3.0563676 -2.794353 ],[-0.67131585  1.0157852 ],[0.06328631 0.1424287 ],[ 1.705407  -1.4578474],[ 3.2059672 -2.9715502],[0.1546514  0.16644788],[-3.6738532  4.1873612],[-1.4140948  1.686399 ],[0.0386948  0.38472906],[0.09252629 0.29928192],[0.21717906 0.12281986],[ 1.7150654 -1.4179903],[-0.30006382  0.5599654 ],[-0.00900256  0.18722373],[0.02938474 0.27560484],[ 0.77181387 -0.5387425 ],[-0.3279583   0.72224706],[ 4.6177745 -4.485733 ],[-2.8258219  3.1581752],[-2.7646823  3.0739443],[ 0.87657505 -0.6244101 ],[-1.8162506  2.0917435],[ 2.9612827 -2.9369218],[ 0.5711754  -0.22388119],[-0.06034045  0.2493689 ],[ 1.4696559 -1.2964638],[-1.6097851  1.9654588],[0.05462658 0.10767817],[ 1.7491318 -1.3794793],[ 1.0231143 -0.8062967],[ 2.9334311 -2.6945815],[-0.7849645  1.1481509],[ 1.1047044  -0.86316925],[ 3.0210493 -2.7480886],[-0.06912677  0.399846  ],[-0.820708   1.0734752],[ 1.0601513  -0.79064584],[-1.2557857  1.7293614],[ 2.3478968 -2.057387 ],[ 1.7765557 -1.5434359],[-3.6196768  3.9701567],[ 4.569023 -4.380798],[ 0.80164367 -0.5489166 ],[ 3.590761  -3.4658551],[ 1.1938354 -1.0500822],[-0.862382   1.2868803],[-2.4569588  2.8692899],[ 1.0939782 -0.9108907],[-1.2252078  1.664488 ],[-4.333825   4.7828946],[ 0.36391106 -0.1941205 ],[ 1.8172789 -1.5045668],[ 0.43356135 -0.0240126 ],[-1.2100691  1.5976101],[-0.11704817  0.4903455 ],[0.02760694 0.24252892],[0.0754614  0.14628175],[-1.5468972  1.9191645],[-1.9805427  2.1866782],[ 0.9881325  -0.81181324],[ 1.0807244 -0.8131368],[ 0.7476123  -0.43347588],[-1.1158429  1.572636 ],[-0.14165457  0.45305187],[-1.7391216  2.0471542],[ 3.835607  -3.6689863],[-0.96885353  1.2602588 ],[-4.991201   5.4318604],[-1.1150204  1.491586 ],[ 2.1781855 -1.9283806],[ 1.3753312 -1.0970261],[-3.6582682  4.001283 ],[-3.8158326  4.1790013],[-0.47962698  0.8172175 ],[ 0.4034627 -0.1529007],[ 1.1434791  -0.95547223],[ 0.47216448 -0.15343376],[-3.558442  4.004236],[-2.5266902  2.9327512],[ 0.6747891  -0.38553962],[ 1.8080741 -1.5660003],[ 3.5953374 -3.4132757],[ 0.55136156 -0.26646027],[ 1.6825451 -1.3967986],[ 0.44777644 -0.1908372 ],[ 2.3024638 -1.9849875],[-0.6191409  0.7935996],[0.01221919 0.34821543],[ 1.1701249  -0.87979674],[ 1.1728256  -0.91201735],[ 0.82095325 -0.5781499 ],[-2.4083798  2.7374957],[-2.4634483  2.7684295],[-1.8708403  2.2952032],[ 2.5796492 -2.4621012],[-4.888672   5.3575544],[ 4.4363713 -4.3152723],[0.24146833 0.02509543],[-4.231022   4.6126122],[ 0.9408642  -0.73039156],[ 3.805884  -3.6669202],[-1.6398423  2.0198054],[-2.4715226  2.7846034],[-0.8482321  1.09164  ],[ 0.4792317  -0.23547497],[ 0.4796119  -0.27002102],[-3.0489964  3.2659748],[ 1.2408934  -0.94843155],[-1.4389007  1.6356821],[-2.3859177  2.5406709],[ 1.4704876 -1.2465146],[-3.4664216  3.8168566],[-2.3560202  2.7003975],[ 0.31601262 -0.10770826],[-1.0987172  1.3623005],[-0.81187266  1.1157054 ],[ 0.8215975  -0.48081267],[ 0.5291317  -0.30785555],[-2.5536234  2.6925266],[-2.4323244  2.8072283],[-0.05376802  0.35129946],[-0.378099   0.7570736],[ 0.52793646 -0.17116964],[-2.510559  2.795787],[ 1.6947926 -1.4104605],[ 1.1167774  -0.79851943],[-2.678762   3.1262121],[-2.5204363  2.7474957],[ 1.0360204 -0.8114263],[ 0.8396321  -0.51400995],[ 0.38985175 -0.10018421],[ 0.39530075 -0.09309669],[-1.237887   1.5798653],[-2.5456924  2.9457407],[-0.6169588  1.0070323],[ 4.0649047 -3.961566 ],[ 2.1266499 -2.0036175],[ 2.3088768 -2.0608945]
[ 3.385604 -3.10348 ],[ 4.079768  -3.8589213],[ 1.5658108 -1.1929885],[ 1.7895107 -1.381469 ],[-1.2416812  1.5074488],[ 2.661029  -2.4134686],[ 3.053882 -2.868091],[ 4.344108 -4.105967],[ 2.8824022 -2.6236255],[ 4.8352585 -4.602637 ],[ 1.0528276 -0.7107893],[-2.5235143  2.809074 ],[ 0.6564633  -0.41555512],[ 0.78685075 -0.5492413 ],[ 1.3654954  -0.99491376],[ 2.3569498 -2.1093988],[ 4.299304  -4.1286035],[ 1.8918145 -1.6250838],[ 1.3939546 -1.1351215],[ 3.7274873 -3.4689367],[ 1.7940481 -1.4406768],[ 2.968207 -2.719502],[-0.9236389  1.1241775],[ 2.919458  -2.6368392],[ 2.0086443 -1.5772368],[0.23491642 0.02513368],[ 3.288682  -3.0800421],[ 1.0747497  -0.82975256],[ 4.030295  -3.8927608],[ 2.2048213 -1.9379013],[ 1.1982814  -0.87493926],[ 1.773651  -1.4239529],[ 3.0014653 -2.7674956],[ 1.2103642  -0.81931347],[ 3.4292827 -3.1851046],[0.305486   0.06469147],[ 1.8105308 -1.3880126],[-1.1670743  1.7076608],[ 2.0169823 -1.6243408],[ 0.32205737 -0.03248659],[ 3.7992427 -3.4878128],[ 2.0108232 -1.7798549],[ 4.074444 -3.902778],[-2.9846625  3.5648224],[ 2.021516  -1.6937934],[ 3.2104602 -2.7978687],[ 0.58293176 -0.33970362],[ 4.4942994 -4.1482925],[ 0.89337164 -0.5446661 ],[ 3.7840722 -3.7037907],[ 0.5608738  -0.24463263],[ 4.170424  -3.9953082],[ 3.912544  -3.7416942],[ 3.3875475 -3.1926577],[ 0.9717914 -0.6273461],[ 1.9320261 -1.5696119],[ 1.5290933 -1.2284726],[ 1.5381675 -1.177614 ],[-0.839894   1.2779194],[ 3.9892209 -3.8342278],[ 3.881955  -3.6107028],[ 5.020463  -4.8262367],[ 2.0131166 -1.6952717],[ 1.8158919 -1.4109917],[ 2.7005575 -2.3886106],[ 1.1549392 -0.7519365],[-1.0583225  1.245252 ],[-2.519766   2.8010855],[0.08423708 0.2563461 ],[ 3.5914862 -3.353639 ],[-4.6412225  4.945205 ],[ 0.29756114 -0.04938496],[ 0.9226001 -0.5290255],[ 0.4870893  -0.19829336],[ 3.7817593 -3.4554164],[ 1.4249706 -0.9979906],[ 4.646014  -4.3830266],[ 3.258097 -2.860468],[ 2.353631  -2.1234531],[ 3.8951836 -3.6172638],[ 4.321242  -4.2293053],[ 1.9896513 -1.6131195],[ 0.40238795 -0.10739285],[ 2.8899784 -2.563224 ],[ 4.6018934 -4.4423723],[ 3.6767402 -3.5038261],[ 1.7946367 -1.5665729],[ 1.8810012 -1.6075181],[ 0.5416804  -0.19494155],[ 6.3699474 -6.2758765],[ 3.5128145 -3.2552001],[ 6.1271453 -5.991887 ],[ 1.9678798 -1.6968834],[ 5.1202917 -4.954912 ],[0.29605046 0.02591269],[ 4.666622  -4.5033097],[ 1.1318016 -0.8267542],[ 1.5633566 -1.230659 ],[-2.0506814  2.3858178],[-0.47160724  0.8367188 ],[-0.5130209   0.89896697],[ 3.7924078 -3.5539575],[-0.96641666  1.2488732 ],[ 2.7024322 -2.3031328],[ 3.6481528 -3.4335122],[ 4.069908  -3.8577511],[ 4.255295 -3.968712],[ 5.041917  -4.8640385],[ 5.1026454 -4.955399 ],[ 2.79724   -2.6126432],[ 4.4615693 -4.1344876],[ 2.54006   -2.0830507],[-0.08363757  0.43505338],[ 3.1250114 -2.7559433],[ 4.2896667 -4.1460314],[ 1.0490998  -0.61776793],[ 3.9462066 -3.677376 ],[ 1.5651808 -1.247736 ],[ 5.125969  -4.8648486],[ 1.2802433 -1.0364832],[ 1.4763987 -1.2024952],[ 5.644224 -5.472216],[ 0.4878466 -0.1862145],[ 4.745235 -4.487059],[-0.10916562  0.3358917 ],[ 3.5100386 -3.3636625],[ 3.5574756 -3.360681 ],[ 4.2033362 -3.9569228],[ 3.3158543 -2.9862604],[-0.19398904  0.6351345 ],[ 2.7054503 -2.4145849],[ 1.6338419 -1.4257543],[ 3.03525  -2.744847],[ 2.643251  -2.3867583],[ 3.9258068 -3.7354817],[ 2.057416  -1.6061404],[ 4.514317  -4.2753205],[ 0.54717696 -0.23729205],[ 5.721379  -5.6759915],[ 2.1516788 -1.9321008],[0.2071759 0.1007231],[ 0.5612768  -0.28425512],[ 3.4643998 -3.2263632]
[ 5.208805  -5.0930324],[ 6.1761413 -6.103447 ],[ 6.3890038 -6.3077183],[ 6.290035  -6.2145443],[ 5.9488673 -5.8586936],[ 5.356508 -5.336332],[ 0.9752266 -0.5169496],[ 6.2326436 -6.1483064],[ 5.4204736 -5.326891 ],[ 6.2677054 -6.2579203],[ 4.953479 -4.887377],[ 3.1339054 -3.1148458],[ 4.6545177 -4.6894374],[ 4.3622174 -4.4156513],[ 2.6677678 -2.4671166],[ 4.1904354 -4.0922675],[ 3.9841018 -3.7908657],[ 3.7063653 -3.3921041],[ 5.175926 -5.077916],[ 3.6174397 -3.488777 ],[ 5.2003765 -5.16808  ],[ 5.1059833 -5.0795   ],[ 6.083672  -5.9477086],[ 6.3404117 -6.3179684],[ 6.003549 -6.05111 ],[ 2.6796064 -2.6325703],[ 5.141406 -5.076269],[ 4.5272083 -4.255105 ],[ 4.399804  -4.2902536],[ 5.4292274 -5.524315 ],[ 4.4702077 -4.3931465],[ 4.7757525 -4.6689105],[ 2.727279  -2.4552324],[ 5.6840944 -5.5905986],[ 4.222423 -4.046733],[ 6.311689  -6.1330976],[ 5.0717936 -4.9792857],[-4.158533   4.7522645],[ 2.618963 -2.439561],[ 0.85731196 -0.50784254],[ 6.060692 -6.036812],[ 4.3819094 -4.2790103],[ 3.976394 -4.036968],[ 5.5288167 -5.4001107],[ 4.670505 -4.550323],[ 6.5885563 -6.514234 ],[ 4.425578  -4.3632574],[ 5.1430645 -5.090301 ],[ 6.3782835 -6.3300066],[ 2.4625971 -2.2751129],[ 4.809725 -4.675321],[ 5.819587 -5.789375],[ 2.1136866 -1.9313059],[ 0.69380254 -0.27567714],[ 6.174327  -6.1827693],[ 5.272599 -5.217627],[ 5.8452406 -5.8008933],[ 5.2199044 -5.2821217],[ 4.63794   -4.4713917],[ 2.3040226 -2.196121 ],[ 3.9962592 -3.98955  ],[ 6.1581635 -6.130748 ],[ 2.9755769 -2.821752 ],[ 5.7656593 -5.7585998],[ 5.865738  -5.8707805],[ 3.5969532 -3.4796515],[ 5.504482  -5.3834224],[ 4.667271 -4.725362],[ 4.568086  -4.5144186],[ 2.7469044 -2.6107056],[ 6.4675326 -6.3842993],[ 6.1107836 -6.1504583],[ 5.84662  -5.805908],[ 6.5332184 -6.49223  ],[ 4.3278947 -4.178008 ],[ 5.8731956 -5.838231 ],[ 5.566684  -5.5551014],[ 6.1977816 -6.1381793],[ 5.3741074 -5.3794107],[ 5.7885675 -5.6801486],[ 1.9290038 -1.7009228],[ 3.3534179 -3.187027 ],[ 5.954123 -5.90851 ],[ 4.9402895 -4.7987967],[ 5.4051623 -5.330118 ],[ 2.4673562 -2.2830079],[ 5.662385 -5.585381],[ 4.6587954 -4.6244445],[ 2.925958  -2.7622056],[ 2.9938345 -2.9442105],[ 4.45274   -4.1969514],[ 5.43548   -5.3152013],[ 2.2371058 -2.0096066],[ 2.5029354 -2.3296552],[ 5.6764493 -5.632922 ],[ 2.029385  -1.8777577],[ 2.967507  -2.8059542],[ 2.9490836 -2.7738767],[ 6.3824553 -6.370062 ],[ 2.2973661 -2.0484679],[ 3.4609463 -3.2209702],[ 3.832877  -3.6401727],[ 5.433509  -5.2410283],[ 6.0872965 -6.0010705],[ 2.757884 -2.632794],[ 6.0658956 -5.9950294],[ 4.828078  -4.7206845],[ 5.59417   -5.4745746],[ 2.1712785 -1.775919 ],[ 4.381109 -4.233833],[ 4.9063864 -4.8024263],[ 5.859942 -5.785922],[ 2.9897323 -2.7559545],[ 6.1732574 -6.1264534],[ 6.27398   -6.2937775],[ 5.401813  -5.3620787],[ 6.463092 -6.530265],[ 5.5215206 -5.581595 ],[ 5.7752028 -5.7031746],[ 2.8924446 -2.775269 ],[-0.03956344  0.3720533 ],[ 4.559328  -4.3836765],[ 2.6666417 -2.4473422],[ 5.3264036 -5.2579465],[ 5.632509  -5.5773363],[-2.7616081  3.3087676],[ 3.077173 -2.949888],[ 2.4141223 -2.0518916],[ 6.4066477 -6.365117 ],[ 2.0066144 -1.5390127],[ 2.7733245 -2.6674767],[ 4.727248  -4.6751184],[ 5.805445 -5.782879],[ 4.2135053 -4.210339 ],[ 5.7799478 -5.7118454],[ 5.2307806 -5.1168284],[ 5.9829574 -5.9055023],[ 3.213872 -3.148184],[ 3.911962  -3.8813334],[ 4.078185  -4.0463657],[ 6.2617035 -6.173511 ],[ 4.6102986 -4.518439 ],[ 4.0907226 -3.9826274]
[-1.6121082  2.0213842],[-5.141115   5.5906796],[-4.466685   4.9840493],[-3.7267125  4.3183436],[-3.524836  4.176168],[-3.2217755  3.48463  ],[-5.4766355  5.932466 ],[-3.8796232  4.270238 ],[-1.9128271  2.3060305],[-4.524161   4.9936624],[-5.3563538  5.8636823],[-0.9921977  1.1794224],[-2.6588287  3.173223 ],[-4.899243  5.456689],[-4.5870104  5.18175  ],[-5.0160246  5.550923 ],[-2.7781785  2.9805756],[-4.4028177  4.792989 ],[-2.4782524  2.8472211],[-4.9201126  5.46337  ],[-1.6672037  2.180074 ],[-5.2132664  5.7616787],[-3.9196293  4.3569016],[-5.039302  5.617011],[-2.3532164  2.7616787],[-2.3009784  2.8461826],[-2.1618414  2.5334249],[-1.1022677  1.4737434],[-3.6833022  4.2122064],[-3.6227872  4.09472  ],[0.22847575 0.04956041],[-3.505193  4.063213],[ 3.9809952 -3.7838626],[-2.533771   2.9306102],[-1.8095897  2.314399 ],[-2.651036   3.0532074],[-1.5767905  1.9873592],[-0.7286218  1.3198256],[-4.06051    4.5306125],[-2.239017   2.8291004],[-3.981293  4.372735],[-1.1612103  1.5182669],[-5.9964128  6.575646 ],[-2.4885166  2.8648746],[-1.7855127  2.1174858],[-4.9498706  5.4259014],[-1.6527517  2.099735 ],[-0.36124775  0.6753585 ],[-4.403067  4.819714],[-1.2610704  1.7267127],[-3.538738   4.0567627],[-4.1319127  4.628138 ],[-3.8919966  4.3917937],[-3.6688628  4.22879  ],[-5.325711  5.884926],[-2.2284923  2.710886 ],[-5.4475703  5.9921246],[-3.4497526  3.8408763],[-1.4611429  1.9417254],[-5.0454974  5.5918403],[ 1.1161635 -0.8744645],[-5.194946   5.5979652],[-0.39273104  0.77983296],[-3.608278  4.055175],[-3.4340715  3.9547465],[ 0.6348677  -0.35453802],[-3.291354   3.6807766],[-3.3517883  3.8170624],[-4.8717976  5.434181 ],[-4.44271    5.0470896],[-3.4408212  4.0853395],[-2.2312958  2.628554 ],[-2.968908   3.5172195],[-3.2127936  3.6720676],[-4.3244133  4.8194003],[-4.459641  4.919473],[-4.3645005  5.0130353],[-4.8998103  5.4050426],[-4.8568654  5.343622 ],[-2.0148923  2.3719385],[-3.3117456  3.9165676],[ 0.42793626 -0.06028391],[-5.0050693  5.6232285],[-3.8868024  4.4691615],[ 5.128558  -5.0794177],[-4.2929654  4.7650194],[-4.20073    4.7233577],[-2.7669199  3.1277337],[-0.62270683  1.1212114 ],[-1.643831   1.9787213],[0.01202445 0.23383841],[ 0.5930721 -0.3486878],[-2.3426273  2.6064353],[-2.6102438  2.9479105],[-0.4888014  0.83049  ],[-4.7517276  5.228652 ],[ 2.0026171 -1.9452103],[ 1.943981  -1.8631988],[-4.00356    4.4688506],[ 2.4708402 -2.3012643],[ 6.247444 -6.163977],[-5.43432   5.941572],[-0.19246376  0.47768542],[-4.0077662  4.536075 ],[-3.9584744  4.4532695],[-3.2521152  3.731097 ],[-3.5587351  4.0322804],[-1.0744027  1.4353635],[-4.731334  5.116132],[-3.0528185  3.4167588],[-4.2335877  4.7102356],[ 4.6807747 -4.609276 ],[-4.986818  5.498913],[-2.3664336  2.802213 ],[-5.404493  5.846361],[-4.56377   5.030338],[-4.4468603  5.001199 ],[-4.835037  5.422692],[-5.27711   5.746779],[-1.609265   1.9290782],[ 1.8552378 -1.5868275],[-3.654211   4.0981736],[-3.2928956  3.7717607],[-4.544089   5.0774007],[-2.3298063  2.7726672],[-3.542923  3.924214],[-2.840328   3.3851414],[-5.1415877  5.654536 ],[-5.4608483  5.942409 ],[-1.1738409  1.7853367],[ 0.94860643 -0.5429667 ],[-4.4941616  5.0832415],[-4.259338   4.6997976],[-0.4949837   0.86114156],[-4.203843   4.5484815],[-4.896952   5.4136834],[-4.304728   4.7382727],[-2.3620539  2.764435 ],[-4.1617556  4.7434154],[-4.049461   4.6084175],[-2.0733464  2.5051377],[-4.200707  4.678518],[-1.0523653  1.3233508]
[-0.21081176  0.44653976],[-0.11801347  0.29954118],[-1.6117734  1.9422172],[-5.6962137  6.0931535],[-5.348711   5.8726673],[ 1.9891572 -1.739352 ],[ 3.0385847 -2.7738895],[ 0.45184562 -0.1834526 ],[0.1346987  0.14567998],[ 0.42636925 -0.16853872],[-0.5903176  0.8985133],[ 1.3425677 -0.9978543],[-0.53409857  0.6932821 ],[-1.5044684  1.8276837],[-0.58007073  0.7818664 ],[ 0.500647   -0.18893746],[ 5.126291 -4.954144],[ 1.7329859 -1.3865175],[ 2.5271716 -2.3431644],[-3.6509073  4.165877 ],[-0.16698435  0.5237459 ],[ 0.3385643  -0.04016036],[-1.4020882  1.5259371],[-4.683648   5.0503874],[-0.26899543  0.55967396],[ 0.33805534 -0.05782865],[ 2.5617821 -2.271929 ],[-2.9543478  3.2508867],[ 2.0987477 -2.0591052],[ 1.0569429  -0.79464835],[ 1.0116968 -0.7442167],[-1.8156083  2.183905 ],[-1.8330332  2.3079367],[-1.1047506  1.384777 ],[ 1.0488456 -0.7305349],[ 0.5587639  -0.31430146],[ 0.42035887 -0.11640601],[-1.8756157  2.4462337],[-0.22564027  0.41293624],[-4.9240627  5.291604 ],[ 2.1510277 -2.0299914],[0.21161696 0.00610901],[-2.471183   2.8048573],[-3.735536  4.209189],[ 1.394782  -1.1046065],[ 0.81230503 -0.458986  ],[-1.0998766  1.6235433],[-1.2782755  1.4507351],[ 1.9029607 -1.7093978],[-1.0375916  1.4210644],[-2.081816   2.5327249],[-3.2427726  3.5312252],[-3.2263649  3.6462657],[-0.64695567  0.8784148 ],[-0.13065185  0.37665296],[-1.0304718  1.3491657],[-2.0840192  2.3547134],[ 0.6593569  -0.43726242],[-4.0579205  4.4963565],[ 0.5677223  -0.29653993],[-2.7748895  3.0335317],[ 3.4342637 -3.1224544],[ 1.8841935 -1.6353887],[ 0.36373913 -0.00783358],[ 0.66876256 -0.44335377],[ 0.33361545 -0.14470576],[-0.00319779  0.20856687],[-0.5883037   0.84843916],[-1.2576863  1.4667099],[-0.12289156  0.3741924 ],[-5.22054   5.690861],[0.05117491 0.17929703],[-0.00852666  0.28415847],[0.01675686 0.20745406],[ 2.7968369 -2.5213075],[ 1.2122532 -0.8815242],[-2.3845885  2.8196318],[-1.4472413  1.7697134],[ 2.8315988 -2.5092   ],[-2.3838296  2.614452 ],[ 2.2903912 -2.0209863],[ 1.1331153 -0.9571137],[-3.6948845  4.1334305],[-5.7634926  6.1810784],[ 0.49439284 -0.19114241],[ 1.2421267 -1.0201983],[ 1.1649415  -0.86783844],[ 2.245999  -2.0223334],[ 1.2960232  -0.98136884],[ 2.4749553 -2.2705648],[ 2.7557151 -2.547908 ],[-1.192237   1.5658082],[ 0.85652286 -0.5304434 ],[ 2.7739968 -2.6119874],[ 0.77756584 -0.50482315],[-1.2437893  1.5566374],[-0.00283916  0.24142632],[-0.888221   1.1839548],[ 2.2159245 -1.9985358],[-4.421172   4.8362293],[-4.9313188  5.43771  ],[-0.20693085  0.6399805 ],[-0.83291006  1.0720565 ],[-2.8520367  3.1829436],[ 1.032091   -0.65095544],[0.00887527 0.20891312],[-3.663321   3.9990697],[ 4.511092 -4.347464],[ 3.1576278 -2.9642153],[ 2.5145035 -2.3358982],[-0.46786317  0.67892545],[-0.78673124  1.0696216 ],[-0.9920723  1.3816886],[-0.9395308  1.2865025],[ 3.793324  -3.5397465],[-0.03112258  0.22146928],[-2.6733758  3.0968065],[ 2.3343542 -2.1271904],[ 1.9727901 -1.6376787],[ 1.2074351 -1.0059936],[ 1.8824725 -1.4897414],[ 1.2901016  -0.93348515],[ 0.71015656 -0.4871357 ],[-0.65840185  1.022097  ],[ 0.32491916 -0.12156036],[-1.5322126  1.6414058],[-0.6210007   0.91906524],[-0.3676061   0.70291597],[ 0.39628488 -0.13102105],[-0.22184762  0.70078665],[ 1.067783   -0.88697076],[-1.6916074  1.9991952],[ 1.2358277 -1.040228 ],[ 1.2835984 -1.0390829],[ 3.6526878 -3.4805014],[ 0.40037155 -0.09986029],[ 1.9548954 -1.7486571],[ 0.5985714  -0.30210823],[-4.1344543  4.5269446],[-0.8998641  1.276114 ],[0.15268026 0.18173987],[ 0.55943537 -0.3757095 ],[ 3.9500475 -3.9143486]
[ 4.077975  -3.8662884],[ 1.3046049 -0.9937429],[ 1.554668 -1.224675],[ 2.6244273 -2.266024 ],[-3.1537719  3.319737 ],[ 0.85078084 -0.6958898 ],[ 1.8759259 -1.7506512],[ 1.9355162 -1.7070551],[ 2.5707958 -2.4287932],[ 3.1417768 -2.8946936],[-0.79456145  0.940164  ],[ 3.9544058 -3.6623032],[ 3.522499  -3.3665376],[-0.04349633  0.3157645 ],[ 1.0544698 -0.7376278],[ 0.55583656 -0.27075413],[-0.01736683  0.25947714],[ 1.4826342 -1.0875815],[ 1.6938437 -1.4497378],[ 1.3745166  -0.99607503],[-1.5767816  2.001718 ],[-0.26960653  0.50554186],[ 5.7474995 -5.7127123],[ 2.9099004 -2.6480289],[ 3.0701642 -2.873861 ],[ 2.2578013 -2.0390809],[0.19002743 0.12343066],[ 2.2872398 -2.0519962],[ 1.150855   -0.90287906],[ 2.5341272 -2.2360418],[ 4.255018 -4.136804],[-0.07227598  0.44885847],[ 1.2277379  -0.83578163],[ 1.3483979 -1.0749161],[ 3.4454842 -3.1792994],[ 1.3226136 -0.9542191],[ 1.1583275  -0.95755106],[-4.356695  4.748466],[ 4.462403  -4.3482447],[-0.48756924  0.7349146 ],[ 1.8017179 -1.5570506],[ 0.93968546 -0.5963628 ],[-1.1805089  1.4069027],[-0.7239718  1.137012 ],[ 2.552739  -2.2891324],[ 2.1069884 -1.857025 ],[ 0.711992   -0.46404284],[ 5.520684  -5.3916874],[ 0.77080655 -0.5344635 ],[ 1.3212305  -0.97441006],[-0.7253264   0.98245025],[ 2.1522105 -1.848025 ],[-0.04568779  0.31189594],[ 1.7456172 -1.4721972],[ 3.6041045 -3.3456628],[0.17469157 0.14131078],[ 1.4879062 -1.0495569],[ 0.34052408 -0.0536957 ],[ 2.1664176 -1.9534833],[-2.9005303  3.1409936],[ 3.4550898 -3.2523737],[ 4.520534 -4.432427],[-2.6117918  2.9847255],[ 2.9162931 -2.618462 ],[ 3.6056256 -3.461725 ],[ 3.852224  -3.6877887],[ 0.98845565 -0.6462029 ],[ 2.792073  -2.6443818],[ 2.105088  -1.7338383],[ 3.6025324 -3.4421535],[ 1.6517527 -1.1818576],[ 0.95142967 -0.62195003],[ 0.50078475 -0.1863018 ],[ 0.4531432  -0.22241965],[ 2.5562449 -2.3832874],[ 5.2969437 -5.1976757],[ 2.1116986 -1.9884076],[ 3.0041955 -2.6721003],[-0.8882948  1.1442403],[ 3.1567397 -2.934445 ],[ 3.2821786 -3.1343641],[ 1.2324083 -0.9079399],[ 0.9896267  -0.53868437],[ 4.892558  -4.6554494],[ 2.0995414 -1.9901102],[-1.5771503  2.0757082],[0.06661124 0.18613097],[-0.1832266   0.52334017],[ 4.8948636 -4.7025867],[ 2.4955895 -2.2984602],[ 3.2022257 -3.0251954],[ 4.6004596 -4.5428815],[ 5.014711  -4.9050994],[ 1.3252264 -1.0934951],[ 3.7784092 -3.7240102],[ 4.1589084 -4.045299 ],[ 3.725816  -3.6881905],[ 5.5111446 -5.493419 ],[ 2.829853 -2.662415],[-0.7334879  1.0568038],[-4.442396  4.767508],[-3.569349   3.9261634],[ 2.207724  -1.9549448],[ 4.77802   -4.5771604],[-0.39330974  0.7010922 ],[ 1.8670272 -1.5701226],[ 3.7989874 -3.5982194],[ 0.4775208  -0.17507711],[ 2.9330072 -2.6808698],[ 1.186756   -0.87693495],[ 4.484982  -4.2798934],[ 4.5662622 -4.480096 ],[-3.6039352  3.814601 ],[ 3.6206212 -3.5172956],[ 1.5520676 -1.2290919],[ 1.9745382 -1.6989026],[-4.3688354  4.6420684],[-4.1992917  4.568609 ],[ 3.222928  -3.0151837],[ 1.3567679 -1.1681429],[ 3.9767303 -3.7463303],[ 2.4507694 -2.2781951],[-4.8921533  5.3011184],[ 4.0116405 -3.837827 ],[ 0.76403254 -0.5169863 ],[ 2.607893  -2.2526994],[ 0.918583   -0.60682803],[-0.26692683  0.55151427],[-0.38059768  0.62006   ],[ 1.6461909 -1.5336065],[0.1706635  0.19102725],[-1.5224297  1.6509346],[ 1.1417093  -0.79506993],[ 2.8913207 -2.729239 ],[ 3.7659907 -3.7431462],[ 1.5289128 -1.2250949],[ 3.1772625 -2.9851804],[0.11591818 0.10826357],[-1.040541   1.5602682],[ 1.5723547 -1.2856386],[-3.175378   3.4513004],[ 2.5952444 -2.3460226],[ 1.5410895 -1.2954252]
[ 2.8795252 -2.6387453],[ 4.5913005 -4.439476 ],[-0.30503273  0.6681486 ],[ 3.456638  -3.2918632],[ 1.643213  -1.2164729],[ 6.148044 -6.109016],[ 4.193363 -4.008806],[ 4.850738 -4.706791],[ 2.3133924 -2.1278574],[ 0.57113355 -0.2670657 ],[ 1.0952867 -0.7416779],[ 3.797748 -3.543523],[ 0.52823704 -0.17475736],[-0.57487595  0.8104198 ],[ 1.7780844 -1.5271431],[ 2.3819168 -2.2044375],[ 2.7280128 -2.4360156],[ 2.6454835 -2.3361056],[ 0.49893522 -0.10148345],[0.3705306  0.07133609],[ 2.7884793 -2.5503051],[-3.2072642  3.5695758],[ 3.4439523 -3.2171109],[ 2.95627  -2.766123],[ 3.4882119 -3.3288796],[ 2.8180213 -2.6300654],[ 4.1547446 -4.046012 ],[0.43585348 0.02759222],[ 0.90579873 -0.64494926],[ 0.49690765 -0.0953007 ],[-0.52804744  0.99282634],[ 1.3402323 -1.0477334],[ 4.8527675 -4.746787 ],[-3.6424673  3.992031 ],[ 2.9244685 -2.7574732],[ 3.323657 -3.120894],[ 3.543418  -3.3840914],[ 4.088713  -3.8647006],[ 3.9589484 -3.8703988],[ 4.04174   -3.8158536],[ 3.2457278 -3.1455276],[-2.458362   2.7824285],[ 2.7848532 -2.5708315],[0.01715491 0.32391268],[ 2.718201  -2.4653685],[ 2.027679 -1.813427],[0.32824928 0.05974395],[ 3.556183  -3.4702163],[ 2.5535262 -2.2322645],[ 1.821698  -1.5593088],[ 3.8700507 -3.71288  ],[0.0797599  0.28718263],[ 0.7221152 -0.2975428],[-0.7191823  1.0690575],[0.25377104 0.03578149],[ 1.3651102 -0.9383324],[ 3.6773956 -3.4693365],[ 1.5645242 -1.283299 ],[ 1.553692  -1.1899104],[ 0.44634426 -0.09050408],[ 3.3335717 -3.2286649],[ 0.62803125 -0.30615333],[-0.40742788  0.80420405],[0.23221025 0.14514828],[ 1.9649956 -1.7838404],[ 2.7430224 -2.620472 ],[ 4.4144177 -4.3576202],[ 1.1754949 -0.7689487],[ 5.1959796 -5.0670376],[ 3.977044  -3.8150582],[ 1.6387141 -1.2641795],[ 1.6657777 -1.3299785],[ 0.93610036 -0.6103873 ],[ 2.927038  -2.6837842],[ 2.9518116 -2.7941895],[ 0.43367645 -0.03594367],[ 1.0105598  -0.65824753],[ 3.6211784 -3.4283304],[-1.7772193  2.2740269],[ 3.442417  -3.2199125],[ 2.6099846 -2.3582127],[ 2.0585597 -1.7903178],[ 4.008193  -3.9099066],[ 4.529801  -4.3542075],[ 0.7735433 -0.3655595],[ 1.0181419  -0.81756204],[ 1.2391362  -0.87416965],[ 1.3388708 -1.0190948],[ 3.3152804 -3.1999612],[ 5.5581703 -5.5359044],[ 1.8798497 -1.5589176],[-0.24830672  0.7656427 ],[ 2.0050879 -1.7341403],[ 4.084704  -3.9107246],[ 1.5918581 -1.3027321],[ 2.7992063 -2.4720619],[ 2.818229  -2.7445755],[ 2.6661928 -2.5536923],[ 1.0317414 -0.5908548],[ 3.4898593 -3.278248 ],[ 5.4471774 -5.273842 ],[ 4.396555  -4.3009963],[ 4.822326 -4.671314],[ 3.9535034 -3.7247043],[ 1.7546796 -1.5230424],[ 1.9039812 -1.6804963],[-0.04214886  0.5983988 ],[ 1.1707438 -0.7365987],[ 4.222807  -4.0952168],[ 4.5152373 -4.3292584],[ 1.0957232  -0.77391934],[ 0.34733874 -0.00362293],[ 3.30161   -3.0744646],[ 0.9298364  -0.51594704],[0.3772171  0.02030725],[ 4.4341297 -4.3486595],[ 4.1854205 -4.0383363],[ 0.4342322  -0.20306796],[ 4.6170945 -4.4809194],[ 0.90924436 -0.49010158],[ 3.3783336 -3.1819327],[ 3.9134557 -3.7965238],[ 1.9101478 -1.7850959],[ 1.6750284 -1.3298868],[ 0.35478443 -0.00774252],[-2.1028266  2.3905337],[ 2.2729504 -2.0343688],[ 1.5572143 -1.2038114],[ 4.0755725 -3.915933 ],[-1.865673  2.521862],[0.06876787 0.37918165],[ 2.7440615 -2.6055682],[ 1.2122653 -0.9042618],[ 2.7201471 -2.5563107],[ 4.4743266 -4.344564 ],[ 4.292747 -4.230557],[ 1.9893727 -1.7649177],[ 2.6105638 -2.385526 ],[-5.2682996  5.781322 ],[ 1.7494113 -1.5194954],[ 0.60074395 -0.18381056],[ 2.1150792 -1.808418 ],[ 4.265928  -4.1610613]
[ 4.1178975 -4.010887 ],[ 1.0268269 -0.7797622],[ 6.093734 -6.047759],[ 5.3696218 -5.27748  ],[ 5.1638694 -5.170649 ],[-0.11664391  0.3261716 ],[ 2.724484  -2.6673055],[ 4.8318567 -4.8373866],[ 1.4332155 -1.2055321],[ 3.374068  -3.3586469],[ 2.8229542 -2.6666496],[ 4.2922397 -3.995532 ],[ 0.78388834 -0.5458104 ],[ 4.03069   -3.8674154],[ 3.9336264 -3.8121264],[ 2.0159333 -2.00756  ],[ 2.7748113 -2.5371006],[ 5.4768987 -5.3416185],[ 3.3368475 -3.2788727],[ 4.0571847 -3.9305966],[ 2.3709369 -2.3818328],[ 4.754491  -4.6868825],[ 3.7943666 -3.7550433],[ 2.4404085 -2.2936718],[ 5.5112057 -5.448889 ],[ 1.5962875 -1.4427639],[ 1.6762774 -1.5086285],[ 5.064957  -4.8572826],[ 0.692252  -0.5412501],[ 3.5874712 -3.471822 ],[ 4.9590797 -4.7913175],[-0.19042018  0.6194528 ],[ 3.4906576 -3.2947977],[ 5.415381  -5.3382053],[0.31496492 0.02197261],[ 1.7219702 -1.5262375],[ 1.6696787 -1.5551347],[ 2.4670413 -2.178603 ],[-0.22876656  0.58624953],[ 4.166015 -3.973799],[ 4.8402934 -4.737945 ],[ 4.171906  -3.9495087],[ 1.1795574 -0.8557992],[ 0.17975783 -0.04586106],[ 2.5642304 -2.346448 ],[-3.9363067  4.3130794],[ 5.135647  -5.0913596],[ 5.260291  -5.0990057],[ 3.95521   -3.9399633],[ 2.832292  -2.7445345],[-1.0305785  1.4500841],[ 5.387881  -5.3417296],[-0.18449958  0.37731472],[ 0.99351853 -0.6603535 ],[-0.8718576  1.1435145],[ 3.8951735 -3.7104683],[ 4.6000657 -4.3915844],[ 4.407069  -4.4365067],[ 4.611904  -4.4982986],[ 3.0037973 -2.7926247],[ 5.154411  -5.0350566],[ 0.74039423 -0.50319725],[ 4.8383284 -4.587209 ],[-5.443977  5.98752 ],[ 3.027331 -3.105649],[ 4.350673 -4.191839],[ 1.0766116 -0.9233751],[ 0.22291787 -0.053133  ],[ 3.0893035 -2.8472772],[-3.4099026  3.9129155],[ 5.162979 -5.108049],[ 4.6876287 -4.649526 ],[ 0.750599  -0.5353891],[ 4.604612  -4.5442696],[ 2.6500864 -2.4956172],[ 3.5057242 -3.4530294],[-0.67440075  1.2388465 ],[ 1.4208972 -1.1516299],[ 4.508705  -4.3780365],[ 4.275276  -4.1091957],[ 1.9835805 -1.7624027],[ 2.6078985 -2.4119735],[ 3.9402525 -3.821443 ],[ 2.4236538 -2.3224921],[ 1.5510325 -1.3276762],[-0.5232313  0.8712035],[-0.68836206  0.9858532 ],[ 3.1377947 -2.978738 ],[ 2.3454492 -2.1151595],[ 1.6318618 -1.5366588],[ 2.7694595 -2.577785 ],[ 1.2986081 -1.050638 ],[ 3.4297004 -3.4868455],[0.08473127 0.25234407],[ 3.9534237 -3.9601562],[-0.06483917  0.28676838],[ 1.8125297 -1.6663154],[ 1.8745455 -1.724977 ],[ 3.3062863 -3.2560213],[ 4.7191076 -4.634216 ],[ 5.200353  -4.9732556],[ 4.4658155 -4.4106383],[ 5.3654265 -5.306045 ],[0.18644919 0.02278104],[ 1.3906239 -1.1174818],[ 2.0966659 -1.9938614],[ 5.614041 -5.541238],[-0.0126419   0.42773932],[ 2.564506  -2.3987446],[ 5.513637  -5.4803805],[ 2.755493 -2.634485],[ 1.9719931 -1.8373026],[ 4.0368466 -3.8614092],[ 4.0247273 -3.9091759],[ 2.3588927 -2.1035657],[-1.9242439  2.215949 ],[ 5.004444  -4.9309525],[ 3.1564298 -3.0199668],[ 1.3331486 -1.1423701],[ 4.5042305 -4.4189777],[ 4.8791714 -4.7084017],[ 3.3989208 -3.3262315],[ 3.379215  -3.3932176],[ 1.2151097 -1.0082055],[ 2.4776971 -2.3738303],[ 5.777574  -5.5836325],[ 5.018331 -4.914414],[ 4.5470185 -4.6105323],[-0.04366259  0.20649451],[ 0.42215362 -0.02670293],[ 2.857461  -2.8010907],[ 2.1572053 -2.119491 ],[ 2.7562845 -2.6703017],[ 4.387656 -4.35354 ],[ 3.1311014 -3.0114846],[ 0.8161286 -0.6052838],[ 5.046035  -4.8667116],[ 3.6681027 -3.5622473],[ 3.4682193 -3.2832794],[-3.1463985  3.5622287],[ 4.4694066 -4.382665 ],[ 4.533195 -4.37795 ],[ 2.70126   -2.6079595]
[ 4.3340025 -4.182697 ],[ 3.4267397 -3.1213372],[ 2.4297113 -2.2432702],[ 3.7003143 -3.59013  ],[-0.64523214  0.9809511 ],[ 1.771087  -1.5068521],[-5.0373034  5.5836935],[ 2.7110953 -2.578453 ],[ 4.293323  -4.0673046],[0.2411502 0.0894132],[0.16316475 0.09430832],[ 1.8723072 -1.4799232],[ 3.766183  -3.5618112],[-2.9139035  3.163669 ],[-4.4061437  4.7848687],[-0.9460744  1.3263688],[ 0.86009806 -0.5792859 ],[ 5.1833076 -4.979692 ],[0.09492385 0.23027697],[-0.544898    0.93102044],[ 1.5277114 -1.2400242],[ 0.33267167 -0.02595128],[-2.6842093  3.0569897],[ 5.291706  -5.1670394],[ 1.3341361 -1.0695107],[ 2.4220524 -2.2415798],[-3.2583842  3.6443613],[ 5.504262 -5.417187],[-1.342246   1.6819788],[ 2.3144572 -1.9752614],[ 3.3295507 -3.2302294],[-3.9367564  4.3744955],[-2.0496037  2.628289 ],[ 3.1970832 -3.2142348],[-2.4152806  2.8805554],[-2.5508733  3.0446954],[ 3.0508735 -2.7382576],[ 3.5710151 -3.3370657],[0.13238062 0.14684299],[ 2.0685484 -1.7677444],[ 4.681689  -4.5635796],[ 4.846235 -4.659644],[-3.1277015  3.2618937],[0.0220792  0.25795394],[ 2.8500497 -2.6347792],[ 2.2120512 -1.8880788],[ 1.4636136 -1.2166786],[ 4.081314  -4.0037966],[ 4.0523953 -3.9199488],[ 3.5198963 -3.384141 ],[ 1.9755265 -1.6725663],[ 1.4883891 -1.1225281],[ 0.348862   -0.08133227],[ 1.621197  -1.2890334],[ 0.4356732  -0.19327101],[ 2.7595818 -2.6621015],[-1.4887267  1.6588341],[-1.33553    1.8568487],[ 1.9482793 -1.5805587],[ 4.603755 -4.447105],[ 4.1766295 -4.0961676],[0.07166053 0.2788663 ],[ 2.1080284 -1.7911965],[ 1.9604678 -1.521885 ],[ 2.5289373 -2.3104343],[ 4.0474567 -3.976116 ],[ 0.44599903 -0.18814331],[ 2.0857663 -1.6928779],[ 0.48442033 -0.17675063],[-2.0911818  2.452544 ],[ 3.7587965 -3.625871 ],[ 2.773707  -2.6369565],[ 3.328676  -3.1821303],[ 0.8898823  -0.57806194],[-1.3961295  1.7150539],[ 3.153282 -3.001422],[-2.2002206  2.705611 ],[ 2.3077345 -1.9727219],[ 1.616551  -1.2826768],[ 0.45913386 -0.08092244],[-4.594672  5.041634],[ 1.1961977  -0.87469304],[-3.3243434  3.6374848],[ 3.3173351 -3.05794  ],[0.12866297 0.27752295],[ 0.3431723  -0.14156681],[0.20570664 0.07391879],[0.23580974 0.01276338],[ 3.4979827 -3.3020728],[-1.8382179  2.2329998],[-2.2392988  2.6540682],[-3.7902014  4.2844186],[-3.4005535  3.8904543],[-0.02688115  0.38794017],[ 2.166776  -1.9541469],[0.04925844 0.12942082],[ 0.52404845 -0.17991772],[ 0.66683024 -0.354945  ],[ 1.1024725 -0.7409917],[ 5.1457715 -5.12618  ],[-0.6932465  1.0168505],[-3.062367   3.5806808],[ 2.6933694 -2.6861863],[ 4.1404243 -3.9511318],[ 3.7909787 -3.629324 ],[ 1.2777116  -0.89394146],[ 2.781559  -2.5672953],[-0.3808108   0.83728683],[-1.9461949  2.2350729],[-0.01780453  0.24408627],[ 0.6116566  -0.29299787],[ 3.9097822 -3.8598678],[ 0.9725273 -0.588622 ],[ 4.7581353 -4.6340303],[ 5.441213  -5.3040814],[ 1.9322839 -1.56579  ],[ 3.1457677 -2.8612716],[ 1.598807  -1.3078196],[-1.2699653  1.6897767],[ 0.9898798  -0.58349234],[ 3.9424105 -3.8834903],[ 1.5342506 -1.1179885],[-0.8421652  1.3824247],[ 1.7160916 -1.4699584],[ 4.823466 -4.74694 ],[ 6.034607 -5.936747],[-1.033549   1.4939399],[-1.005472  1.439503],[ 5.8108296 -5.611372 ],[-3.0117862  3.5906281],[ 1.208708   -0.94015986],[-0.78386253  0.9557114 ],[ 2.1479957 -1.9178555],[ 2.6124306 -2.5216572],[ 1.6394053 -1.3080583],[-2.2277472  2.7283187],[ 0.7196084 -0.5139539],[ 1.5689127 -1.3429137],[ 0.5036226 -0.2001031],[ 0.7244456  -0.33546817],[ 1.1944207  -0.87218165],[ 4.6657057 -4.587963 ],[ 1.9537156 -1.776969 ]
[-3.6596615  4.1659145],[ 1.862491  -1.7136348],[-0.40029567  0.6654198 ],[ 1.7556574 -1.5005996],[-0.59562206  0.8809649 ],[ 2.6811404 -2.5791833],[ 0.28765246 -0.05255486],[-0.7199064  0.9554129],[-0.0617899   0.23952618],[ 1.1571751 -0.967867 ],[ 0.25435495 -0.09452988],[ 1.8791256 -1.6662645],[ 3.487393 -3.499167],[ 3.7247484 -3.5731971],[ 2.6844428 -2.5324154],[ 0.3494245  -0.16350645],[ 0.3610126  -0.13884576],[-4.3401012  4.676691 ],[-1.6499034  1.9052165],[ 1.7493728 -1.5206989],[-1.1408374  1.6237173],[-0.28010184  0.41548687],[-3.3679883  3.6403883],[-0.75951    0.9867102],[-0.04410682  0.43406123],[-3.7709816  4.033368 ],[ 1.0187331  -0.69172055],[0.03482978 0.25467125],[-0.2785175   0.57259274],[ 2.9052296 -2.8458545],[ 1.8698033 -1.6991993],[ 3.5415344 -3.2121675],[ 1.6194314 -1.4717773],[ 2.8511434 -2.5972896],[ 0.70003474 -0.5664075 ],[-1.8619007  2.0218   ],[-1.6695725  2.2506852],[-0.7839906  1.0554261],[ 4.3159933 -4.29233  ],[ 1.9487361 -1.7870353],[-3.9113507  4.381148 ],[ 3.2830613 -3.0767572],[ 2.586756  -2.3098652],[ 1.2653561  -0.94196934],[-1.027332   1.4119531],[-1.4125671  1.5337483],[-3.8592377  4.425444 ],[-1.8994341  2.2675424],[-0.5626786  0.8295179],[-2.4038966  2.8144925],[-2.4699404  2.7203124],[ 2.4640348 -2.2691197],[ 1.7954971 -1.6011385],[ 2.2214346 -2.1229768],[ 3.8436563 -3.6999521],[ 1.0675138  -0.82277405],[ 4.3720555 -4.1597214],[ 0.5456698  -0.40445697],[ 0.36232615 -0.21198541],[ 3.0410662 -2.8772657],[-3.4325416  3.8339584],[ 3.9861982 -3.9265606],[ 2.4809573 -2.4023252],[ 4.470039 -4.32011 ],[ 0.50792825 -0.33414787],[ 0.7238968 -0.5851673],[ 0.7010731 -0.5288303],[-1.2797239  1.3625617],[ 3.5351028 -3.350849 ],[ 0.8950546  -0.64920896],[ 1.4565343 -1.296815 ],[ 1.6370729 -1.3961136],[ 3.2556763 -3.2592273],[ 3.0677032 -2.9446568],[-0.00914187  0.16942644],[-0.65511596  0.9907658 ],[-3.4804919  3.6239686],[ 3.4764898 -3.4237459],[ 3.4524457 -3.3513436],[ 1.2558033  -0.89610815],[ 3.9482312 -3.8325713],[ 0.43676415 -0.11725738],[ 1.6370898 -1.4314957],[-0.8116706  1.039832 ],[ 0.93998325 -0.671915  ],[ 3.5242703 -3.3635123],[-0.8631029  0.9400213],[0.21806197 0.02636591],[ 0.99635   -0.8454224],[ 0.67558134 -0.52210134],[ 0.9434717 -0.7267141],[ 1.6314467 -1.4915373],[ 0.33921218 -0.10369271],[ 1.5966398 -1.5453429],[-0.45607182  0.8716448 ],[ 3.7469604 -3.7164283],[-1.6337279  2.0845506],[-1.0735381  1.5232295],[ 3.1831048 -3.1159332],[-0.63423485  1.1099254 ],[ 5.1184664 -4.949147 ],[ 1.9310465 -1.7672703],[ 2.9846714 -3.0092344],[-3.3752842  3.5668616],[-1.7729669  2.0033457],[0.20105207 0.01180741],[-0.0969692  0.4287853],[-0.10173164  0.47570142],[ 0.50611347 -0.26300272],[ 3.8151712 -3.6610365],[ 0.515468   -0.23181143],[-0.64299905  0.93919444],[ 3.3651261 -3.2774675],[-0.68447757  1.161686  ],[ 0.65542763 -0.52919453],[-0.4911718   0.62538534],[ 4.481989  -4.3276577],[ 1.618858  -1.4075019],[0.09785223 0.15747166],[ 1.8036568 -1.7334967],[ 1.3189377 -1.0293522],[ 1.1200328  -0.93639994],[-1.44762    1.7348063],[ 2.4905157 -2.3978732],[ 1.4718434 -1.4324151],[ 1.4491197 -1.2504293],[ 2.2135353 -2.022341 ],[-2.3216321  2.7677271],[ 1.0343597  -0.90313804],[-4.6497416  5.220794 ],[-0.30223748  0.7805717 ],[ 4.0617113 -4.00656  ],[-1.3536416  1.5572815],[ 0.5131768 -0.2797273],[-0.04313577  0.1763013 ],[-1.5843681  2.0752845],[ 1.3353903 -1.1114435],[ 0.26561013 -0.0159192 ],[ 0.9867581  -0.92796296],[ 1.3818939 -1.1493114],[-0.7657896  1.0281278],[ 0.9934461 -0.7717743],[-1.4491019  1.8703842]
[ 4.456565 -4.321794],[ 5.870162  -5.8253646],[ 6.194284  -6.1418686],[ 6.2590194 -6.306626 ],[ 5.4588723 -5.3666615],[ 5.532417  -5.4170194],[ 6.2434335 -6.3238707],[ 5.8100276 -5.7204823],[ 6.1523075 -6.120605 ],[ 6.330346 -6.252011],[ 6.5770535 -6.463995 ],[ 5.4952593 -5.394853 ],[ 6.4641304 -6.3982363],[ 6.1955185 -6.007718 ],[ 6.71317   -6.6689196],[ 6.801451  -6.7302103],[ 4.1719413 -4.057602 ],[ 6.3522935 -6.2597766],[ 6.2145743 -6.0837073],[ 5.7229247 -5.515432 ],[ 5.973144  -6.0871496],[ 6.6424737 -6.5176277],[ 6.0075073 -5.95644  ],[ 6.2348533 -6.121325 ],[ 5.4173903 -5.4164596],[ 5.8594646 -5.656913 ],[ 6.546542  -6.5001836],[ 5.6326504 -5.532843 ],[ 4.226594 -4.032611],[ 5.378655  -5.2746196],[ 2.7731826 -2.6759496],[ 6.348782 -6.315424],[ 4.488162  -4.3600936],[ 5.296835 -5.300499],[ 4.650433  -4.7215905],[ 5.95275  -5.842937],[ 5.1577163 -4.9540224],[ 5.941553 -5.909354],[ 5.4018736 -5.3641706],[ 5.9672627 -5.9379463],[ 4.2349687 -4.0716352],[ 4.6293597 -4.390197 ],[ 5.6679764 -5.4298377],[ 6.6495924 -6.5867743],[ 5.252797  -5.1658654],[ 6.682884  -6.5910034],[ 5.981257  -6.0159454],[ 5.075007  -4.9899936],[ 6.225374 -6.248448],[ 4.24777 -4.06878],[ 6.2854395 -6.1916323],[ 6.2127533 -6.097634 ],[ 6.3360877 -6.191745 ],[ 6.0490866 -6.014353 ],[ 6.274489  -6.1855726],[ 5.046945 -4.947865],[ 5.8900986 -5.8203983],[0.0960548 0.519186 ],[ 6.021334  -5.9403987],[ 5.9325037 -5.8061047],[ 3.674188  -3.4373538],[ 4.862443 -4.846712],[ 5.451038  -5.3410296],[ 6.774496  -6.7563667],[ 6.1009636 -6.0973873],[ 5.3429523 -5.255257 ],[ 6.1470475 -6.122456 ],[ 6.4119153 -6.310775 ],[ 6.363999  -6.2782855],[ 6.2196326 -6.1768775],[ 5.5701265 -5.4894476],[ 4.4851336 -4.5040407],[ 6.1177187 -6.125883 ],[ 6.0886602 -6.109686 ],[ 4.4986076 -4.2813587],[ 5.053128  -5.0485086],[ 6.182401  -6.0851774],[ 6.1880617 -6.1472807],[ 4.530223  -4.3975325],[ 5.9842834 -5.944824 ],[ 5.6531143 -5.702977 ],[ 4.5905876 -4.4972343],[ 6.5042696 -6.451127 ],[ 6.132052 -6.119578],[ 3.4779987 -3.410455 ],[ 6.127228 -6.130557],[ 6.5919886 -6.501861 ],[ 3.3034253 -3.063466 ],[ 5.5968256 -5.472927 ],[ 5.132457 -5.001326],[ 4.0122046 -3.9068742],[ 2.2654138 -2.1667097],[ 4.2094884 -4.0239153],[ 4.4663544 -4.5666933],[ 5.0281377 -4.9193974],[ 3.5825698 -3.4758916],[ 6.1230636 -6.1360574],[ 5.8269196 -5.8524632],[ 5.8077006 -5.7054906],[ 1.4203943 -1.0227084],[ 3.0927958 -3.0385985],[ 5.242451 -5.166637],[ 5.3668666 -5.266271 ],[ 6.4139905 -6.3433337],[ 6.510538 -6.439869],[ 6.3376284 -6.3317137],[ 5.5012803 -5.4872584],[ 4.8904943 -4.867649 ],[ 6.192336  -6.1729527],[ 5.3117967 -5.1659694],[ 6.2026906 -6.138487 ],[ 5.637059 -5.566378],[ 6.4339247 -6.4088626],[ 6.4719014 -6.508363 ],[ 5.297192 -5.211274],[ 6.3137   -6.217397],[ 5.764019  -5.6865425],[ 6.5483217 -6.5399575],[ 5.9457297 -5.8717375],[ 5.0844088 -5.067088 ],[ 5.7406735 -5.7403   ],[ 5.675015 -5.672114],[ 6.4373484 -6.3163943],[ 5.727456 -5.72577 ],[ 4.932674 -5.004548],[ 4.954994  -4.8487163],[ 5.880182  -5.9127445],[ 6.032153 -5.990615],[ 6.2842183 -6.1733117],[ 4.7416058 -4.747686 ],[ 5.462203 -5.422624],[ 6.0710745 -5.943165 ],[ 5.958374 -5.850306],[ 5.6768312 -5.593624 ],[ 5.196986  -5.1035814],[ 3.8843863 -3.6918588],[ 5.082182 -5.20845 ],[ 3.9750776 -3.922074 ],[ 6.0605106 -5.9392595],[ 6.18786   -6.2080984],[ 6.2890167 -6.2070174],[ 5.2360406 -5.103955 ],[ 5.5037994 -5.38893  ]
[-2.4759476  3.0316648],[-2.454214   2.9658537],[-4.6991167  5.2928367],[-5.178235   5.7581882],[-5.054325  5.610256],[-0.95609576  1.4837381 ],[-5.276086  5.918666],[-2.9257133  3.4547172],[-3.961727   4.4898562],[-3.8774009  4.373138 ],[-1.4449419  1.8240021],[-2.2452488  2.785186 ],[-4.9526796  5.452908 ],[-1.9260005  2.3605106],[-3.6692293  4.215618 ],[-5.41917    5.9515977],[ 0.5808274  -0.20588139],[-4.860597   5.3781004],[-4.5615897  5.09279  ],[-2.4037812  2.9156897],[-4.5300927  5.2577114],[-3.259573   3.7265763],[-0.5595671  1.0259374],[-4.6512885  5.1880264],[-4.115224   4.7943377],[-4.631116  4.988219],[-4.5757713  5.086372 ],[-0.60829866  1.0021706 ],[ 2.1575844 -1.9332767],[-3.4972365  4.0769653],[-4.898705  5.514613],[-4.9992023  5.541057 ],[-4.593926  5.175373],[-5.8064346  6.4139843],[-4.682489   5.1932645],[-1.9830699  2.5934677],[-3.0901587  3.8927112],[-4.2559233  4.8787694],[-1.847071   2.5287488],[-3.7239234  4.381437 ],[-4.334929  4.922905],[-3.333876   3.7096684],[ 0.23037156 -0.00448214],[-4.4612837  5.0389366],[-3.081974   3.6163356],[-4.663192  5.157528],[-3.5245383  4.3256936],[-3.8146834  4.381683 ],[-5.2933183  5.8441663],[-1.2923733  1.7390285],[-0.9769359  1.4281985],[-2.4333704  2.9377413],[-2.0760374  2.5916398],[-3.2669928  3.8336415],[-4.396107   4.8420424],[-0.33970582  0.6878016 ],[-1.6043525  1.9780272],[-3.3621511  4.1008925],[ 2.7243369 -2.6925073],[0.1679781  0.11711318],[-2.8102427  3.4124007],[-2.9719925  3.5157247],[-1.8090776  2.3084435],[-4.930722   5.4677367],[-4.8146133  5.4015174],[-1.5968695  2.0909905],[-2.8490105  3.2367694],[-5.2667017  5.7828245],[-3.1324494  3.6791816],[-0.15110974  0.58788115],[-2.6084347  3.152798 ],[-3.3244374  4.0302296],[-4.7740808  5.4648867],[-4.125303  4.870874],[-0.8128003  1.203778 ],[-4.3476815  4.963328 ],[-4.4656005  4.870086 ],[-3.4133778  3.9933462],[-1.4129128  1.9605843],[-4.009318  4.535625],[-3.0397937  3.758384 ],[-1.1689295  1.6574949],[-3.4228075  3.8528676],[-3.5065832  4.053578 ],[-0.8459262  1.324724 ],[-2.0600858  2.7384007],[-4.0383134  4.3701806],[-0.7214606  1.1730806],[-0.6443112  1.0968379],[-2.5485032  3.0527444],[-1.5562521  2.026522 ],[-2.0283978  2.8185267],[-3.9001698  4.5814924],[-2.4921975  3.030714 ],[-3.9078662  4.6295414],[0.13954264 0.10224146],[-3.6814716  4.372717 ],[-3.532769   4.2301335],[-4.6186647  5.1931925],[-1.5224073  2.1888487],[-1.9929364  2.7582872],[-4.2891865  4.912062 ],[-3.7908547  4.430741 ],[0.26429546 0.09191447],[-4.173264   4.7012305],[-4.140571  4.679475],[-3.9603183  4.6085715],[-3.383165   4.1462016],[-4.7647247  5.411725 ],[-0.7207676  1.0608009],[-4.4420686  4.9807935],[-3.2107706  3.7897198],[-1.2469695  1.8975778],[-4.518788   5.2026057],[-3.5075054  4.0588818],[-4.379865  4.854062],[-4.6800404  5.1771603],[-5.3474703  5.912185 ],[-5.3502274  5.8629003],[-0.9214422  1.3881093],[-4.0062447  4.613942 ],[-4.213499   4.9160485],[-4.877698   5.4470387],[-4.560648  5.206498],[-4.2719884  4.97143  ],[-4.097423  4.707111],[-4.5844297  5.21463  ],[-3.3642895  4.040218 ],[-5.2310658  5.710168 ],[-1.7264001  2.347438 ],[-3.3673759  4.0590215],[-1.9429171  2.1345556],[-3.339313   3.7796104],[-4.323111   4.8542314],[-2.538539  3.034987],[-5.0713964  5.4906926],[-2.3990896  3.123447 ],[-4.458747  5.146044],[-5.5322423  5.9676976],[-4.672453  5.302345],[-4.2355833  4.778031 ],[-2.2322922  2.8271887],[-2.3428946  2.8184814]
[ 0.47154772 -0.13268372],[-0.4443327   0.72765166],[-0.59826213  1.1550772 ],[-1.7504514  2.2707233],[ 0.59899503 -0.23358291],[-1.2044743  1.7028859],[-4.8859363  5.3746815],[ 0.81567985 -0.49921942],[-0.61932147  1.0231143 ],[ 0.7920128 -0.4015132],[-2.366705  2.608392],[ 1.4967577 -1.2875353],[ 4.4073668 -4.2253733],[-0.7185634  0.9942175],[-0.5036237   0.84824216],[ 0.338333   -0.00783767],[-0.73523843  1.247951  ],[ 1.6655707 -1.4128978],[ 0.7141953 -0.350235 ],[ 1.481269  -1.2034836],[-5.19615    5.7258153],[ 1.2394094  -0.82220364],[ 1.0052189  -0.66485447],[ 1.8409768 -1.6147974],[-1.7078006  2.3265002],[ 6.153026  -6.0141263],[-2.4427197  2.727897 ],[-2.8867126  3.3053508],[ 0.45719445 -0.06632448],[ 0.3489207 -0.0092765],[0.17291333 0.28388014],[-1.1760111  1.4710283],[0.11759362 0.39513457],[-3.33366   3.898047],[-1.6559638  2.1912932],[-5.272069   5.7879543],[-3.4080603  3.8968556],[ 0.66391665 -0.21327594],[-5.13734    5.5228286],[-4.539287   4.9229045],[-0.10143435  0.5763742 ],[ 4.6496353 -4.497363 ],[ 4.6221642 -4.510806 ],[-4.5542164  5.072156 ],[ 0.9452856 -0.6712436],[ 1.0508118  -0.76110077],[-5.199617   5.7829905],[0.1242275 0.2179344],[0.36367083 0.05773327],[ 2.3427517 -2.1343913],[-0.05684165  0.36616454],[-0.81349474  1.1795354 ],[-2.9076302  3.1357582],[ 1.8623451 -1.7888818],[ 4.5349574 -4.4024787],[ 3.1077337 -2.9878962],[ 0.5110237  -0.23743853],[-5.572074   6.0634975],[-1.9395118  2.3917675],[ 1.2082326 -1.0438107],[-2.1105425  2.5952337],[-1.5741931  1.9405962],[ 0.8594504  -0.50820786],[-0.19243765  0.5399014 ],[ 1.3016758 -1.0893899],[ 0.5179296  -0.05062968],[ 3.9091709 -3.700625 ],[ 3.4898832 -3.2828162],[0.1525678  0.29870754],[-4.3581486  4.827174 ],[-0.41264695  0.88850754],[-0.6634561  1.2767642],[-5.1368856  5.731417 ],[-4.2806816  4.8758965],[ 1.2103217  -0.87438875],[ 3.0635216 -2.9843736],[ 2.2711952 -2.0022686],[0.14680202 0.15887642],[-3.4799888  3.81857  ],[ 1.4693235 -1.2642752],[-3.8930142  4.4510775],[ 0.68004817 -0.4166809 ],[ 4.7075953 -4.573641 ],[ 1.5515287 -1.3482534],[ 0.34831464 -0.09071574],[-5.8407145  6.296937 ],[ 2.8328586 -2.6063025],[ 0.42609543 -0.1774312 ],[-2.408501   2.9375594],[0.3552141  0.02695938],[ 1.0314649  -0.85179657],[-1.6861039  2.2323406],[-3.9634979  4.5260487],[ 0.44977435 -0.06756213],[-2.183928   2.7688298],[ 3.25012   -3.1161969],[-1.4221126  2.0859816],[-1.4973651  2.1415725],[-3.8897226  4.3841176],[0.01750764 0.45931026],[-2.952067  3.4392  ],[-3.4573414  3.9161747],[-5.199334   5.6402183],[-0.5199315   0.87963635],[-1.1772429  1.5449891],[ 1.1451648  -0.86748934],[ 1.3900385 -1.1792942],[-5.3753858  5.8504124],[-3.745477   4.3257065],[-0.6529212   0.97496116],[-0.2388854  0.5621995],[-0.85892606  1.3393409 ],[-4.5397377  4.9674306],[-4.33145    4.9686437],[ 1.0515802 -0.7581382],[-0.86348647  1.1203965 ],[ 1.7466117 -1.4711438],[ 5.4576597 -5.260433 ],[ 4.351198 -4.099676],[-2.5985327  3.111788 ],[ 0.9526635 -0.6846327],[-0.5753364  1.124172 ],[-0.8972383  1.3324523],[-0.7785779  1.3776904],[-4.768374  5.328233],[-2.2409377  2.746386 ],[-2.6305418  3.1674387],[-5.3260193  5.763583 ],[ 2.227098  -1.8999233],[-3.7729635  4.2737746],[-1.777761   2.3749301],[ 4.900299  -4.7455783],[ 0.24228847 -0.0141696 ],[-1.3708385  1.7929715],[ 0.7327974  -0.40209487],[-0.5486164  0.9237292],[ 0.40685326 -0.12195224],[-4.8665586  5.3509474],[-1.69536    1.9467857],[ 0.8251281 -0.6336412],[ 1.2820361  -0.97853893],[ 1.1482979  -0.85154045],[-0.45734224  0.9546375 ]
[ 0.7012494  -0.38983944],[ 0.37745157 -0.10626066],[-0.66594225  1.1652025 ],[-1.980994  2.598605],[-0.46575025  0.9197873 ],[ 1.806903 -1.658409],[-3.435957  3.844186],[0.10056134 0.27485722],[-0.9570344  1.319619 ],[-0.58463895  0.9568954 ],[ 5.5103593 -5.4782414],[ 0.69893855 -0.4532633 ],[-3.6734178  4.046027 ],[ 5.9114585 -5.9013596],[-3.5392017  3.8389838],[ 3.9088793 -3.7520993],[-0.8469038  1.3185606],[ 4.754789  -4.6004066],[ 3.9638991 -3.8246655],[-1.0085586  1.4054327],[-4.503689   4.9806395],[ 0.5250944  -0.34326568],[ 1.0371958 -0.8782072],[ 3.1741345 -3.1142173],[-2.8534865  3.5016272],[-0.07335356  0.37193382],[ 1.0900403 -0.8036149],[ 0.6924101  -0.40920645],[ 1.3029525 -1.0540807],[-0.12835515  0.50401676],[-0.5005453   0.87536234],[-0.032743    0.32849714],[-0.29480553  0.77313983],[-4.659011  5.170961],[ 0.6240265 -0.4544198],[-1.9554782  2.4233048],[-2.0901616  2.6862473],[-3.4990501  3.955927 ],[-2.4889777  2.9496045],[ 3.9238787 -3.8739004],[-0.49787632  0.9693495 ],[ 4.572088 -4.508408],[ 4.663454  -4.6286716],[-3.5671537  3.8952148],[0.38045114 0.0143534 ],[0.12181789 0.08785922],[-5.245382  5.722588],[-1.0152845  1.4138143],[-2.6241539  3.1638129],[ 1.3826331 -1.1023167],[-0.47801158  0.80863297],[ 2.8173056 -2.597185 ],[ 4.655154  -4.6008415],[ 1.738228  -1.6699461],[ 3.8880332 -3.8467128],[-4.423657   4.8131337],[ 3.0226014 -2.8350174],[-3.553124   3.9776993],[ 1.72431   -1.6861857],[ 0.80051655 -0.5594679 ],[-3.0410128  3.4891794],[ 4.29248  -4.125357],[-3.8095598  4.1729064],[-2.18045    2.8797657],[-0.8573348  1.2218516],[0.04406901 0.42253417],[ 3.0407608 -2.8338559],[ 1.412113 -1.181711],[ 0.45365372 -0.11682725],[ 0.9925693  -0.85252047],[ 0.977826   -0.82373154],[-0.15994367  0.58217067],[-4.376342   4.8803124],[-3.7660985  4.30814  ],[ 2.2958627 -2.2387183],[-2.1071134  2.7541296],[ 3.687605  -3.7072883],[-1.6666118  2.1670523],[ 1.6161623 -1.3110058],[ 3.036719  -2.8987153],[-1.7468438  2.2785978],[ 1.1667016 -0.911448 ],[ 1.1093717 -0.8989087],[ 1.13398  -0.990584],[-0.23119196  0.58610415],[ 0.36208063 -0.05588616],[ 5.4976945 -5.4379015],[-5.2581306  5.593055 ],[0.19128251 0.2985825 ],[ 1.0860993 -0.9100689],[-1.8073666  2.3462973],[-3.6983144  4.3743114],[-4.82226   5.324343],[-4.397381   4.9170027],[-0.6415316  1.1177467],[-4.831578  5.063555],[-5.2300367  5.7491794],[-4.913447   5.4423842],[ 2.3705544 -2.173257 ],[-5.8828616  6.3956237],[-1.6197878  2.263357 ],[ 0.9286061  -0.63895833],[-0.5503179  0.8210362],[-1.0445784  1.5771052],[-0.60571903  0.8981219 ],[-1.6945448  2.163576 ],[-1.2106625  1.8610623],[-2.123856   2.6577497],[-3.6488965  3.9630904],[ 0.5495966  -0.18640119],[0.34075958 0.02868859],[-1.1735376  1.7619399],[-4.511854   4.9482493],[-3.9458573  4.4950914],[ 0.51300114 -0.25418708],[ 2.645226  -2.3770068],[ 0.58005834 -0.34412107],[-4.3154182  4.8446956],[ 0.7208889  -0.38739094],[ 3.7604544 -3.8223767],[-1.9155352  2.4582834],[-2.1321094  2.8186176],[-0.27216396  0.54567313],[-2.0074906  2.625608 ],[-4.814772  5.302377],[0.32473364 0.10408535],[ 0.6340766  -0.43466005],[-3.366474  3.743276],[-0.1621513   0.43254954],[-1.904652   2.3835828],[-1.9162326  2.4624588],[ 3.450462 -3.395779],[-1.1498793  1.530841 ],[ 0.5689749  -0.31690416],[ 2.2660434 -2.0434778],[-0.888097   1.1514878],[-2.9814715  3.6349413],[-3.316775   3.9209692],[ 4.290835  -4.1792436],[-0.35180634  0.8502456 ],[ 3.2997522 -3.1498132],[-3.4954517  4.1322255],[-0.34276977  0.6356707 ]
[ 2.277915  -1.9092131],[ 5.2480536 -5.0947165],[ 3.097504  -2.7908275],[ 3.953232  -3.5001256],[ 1.5320835 -1.193344 ],[ 3.9563572 -3.735693 ],[-0.27132902  0.71295995],[ 2.794448  -2.4120357],[ 1.2588882  -0.74731386],[ 5.2744646 -5.0655026],[ 4.8163877 -4.632801 ],[ 1.4693173 -1.1731235],[ 4.256376 -4.025485],[ 3.3812473 -3.1940818],[ 5.442258  -5.1385765],[ 4.367718 -4.003145],[ 2.7236698 -2.5489411],[ 4.778348  -4.6201315],[ 1.9024851 -1.504111 ],[ 4.9661446 -4.7395124],[ 0.68599004 -0.30804685],[ 4.207047 -3.949062],[ 4.7188783 -4.4603367],[ 1.5802774 -1.1521075],[ 1.2202626 -0.6535085],[ 2.2276573 -1.9253677],[ 5.2610297 -5.1449475],[-0.19798315  0.7003535 ],[ 4.7430396 -4.451453 ],[ 1.2157508 -0.9058495],[-2.9868186  3.446826 ],[ 4.5871105 -4.410064 ],[-2.6449168  3.184723 ],[0.30918768 0.12400364],[-4.1609025  4.4543014],[ 3.062604 -2.732851],[ 1.9110717 -1.6088811],[ 3.6862736 -3.4515393],[ 1.6375741 -1.1406909],[ 1.6004285 -1.2019504],[ 3.6931088 -3.381242 ],[ 2.2157583 -1.9165444],[ 5.3691235 -5.2025723],[ 6.1240096 -6.001204 ],[ 2.5283606 -2.261758 ],[ 2.9137228 -2.540126 ],[-2.7660534  3.057881 ],[ 2.2817507 -1.8756117],[ 1.3331232  -0.88662785],[ 3.6283977 -3.460836 ],[-2.9955952  3.2711403],[ 4.1406093 -3.8518198],[ 5.883241 -5.716369],[-4.0936327  4.643008 ],[0.27977145 0.0759579 ],[ 5.182708 -4.889551],[ 1.163896  -0.8229042],[ 0.58399445 -0.15901905],[-4.1197443  4.622004 ],[ 4.842418  -4.6218276],[ 1.008732  -0.6729287],[ 4.2670035 -3.975131 ],[ 5.64902   -5.4827037],[-5.389296   5.8352194],[ 3.251968  -3.0202596],[ 0.94091207 -0.63871646],[ 2.7673225 -2.6186533],[ 0.6171608  -0.34147555],[-1.5863703  2.1149848],[-0.37550408  0.8877136 ],[-1.9023094  2.4915082],[-1.6529454  2.434716 ],[ 1.327096  -0.8634072],[-1.6204901  2.0203807],[ 3.1111429 -2.82871  ],[ 0.70270026 -0.25313735],[ 3.7694707 -3.3937976],[ 0.7411948  -0.32708782],[ 4.9298244 -4.7200546],[ 2.463423  -2.2082396],[-2.3167331  2.8824098],[ 2.572795 -2.346613],[ 4.7916846 -4.629634 ],[ 4.027156 -3.704557],[ 0.50571895 -0.15216911],[ 0.9095377 -0.539076 ],[ 2.9216456 -2.7793102],[ 5.7274218 -5.513321 ],[ 0.53053117 -0.08596277],[ 2.4654694 -2.1110716],[ 2.7786262 -2.703149 ],[-4.2129154  4.5947022],[-1.3920914  1.6979284],[-0.5779453   0.93018675],[ 2.912669  -2.5261652],[ 6.223582  -6.1076922],[ 0.6074213  -0.15836523],[0.3667536  0.03276081],[-0.06486914  0.6146496 ],[ 1.10022    -0.56195074],[-4.3103304  4.8694134],[0.04455819 0.38833582],[ 2.8150063 -2.3625836],[-0.94077533  1.4313486 ],[ 5.253509  -5.0224476],[ 1.1558989  -0.62051076],[ 2.334046  -1.9093937],[-3.4477131  3.830123 ],[ 4.671242  -4.4102993],[ 5.3346386 -5.0893655],[ 3.7677646 -3.5368443],[-0.89979845  1.3720275 ],[ 2.996881  -2.5323236],[-1.9715981  2.3588784],[ 3.3881922 -3.08482  ],[ 6.118748  -6.0033684],[ 1.061459  -0.6860228],[ 2.3742716 -2.111227 ],[ 2.4751947 -2.1599762],[ 1.5543997 -1.3316586],[ 2.36284   -2.1912384],[-3.2789025  3.718081 ],[ 6.0862446 -6.015971 ],[0.3691416  0.12208692],[-0.28812656  0.71481794],[ 1.6684822 -1.2658147],[-3.5013337  4.1652913],[ 2.841289 -2.370466],[ 4.1675596 -3.8701117],[-2.1348965  2.3515735],[ 0.96155304 -0.7062801 ],[ 3.1166723 -3.0126154],[ 5.9316382 -5.7320833],[ 1.0625689 -0.7441955],[ 5.394482 -5.101023],[ 2.067132  -1.6950595],[-2.4735682  2.9780536],[-1.3041722  1.5341781],[ 5.9975796 -5.7956095],[-4.0636063  4.7269416],[0.04174554 0.27584544],[ 1.6398801 -1.2963995],[ 3.2739148 -3.1092443]
[ 3.2148654 -3.193552 ],[-2.4337301  2.9793434],[ 3.2733927 -3.2649035],[ 3.0539374 -3.0022938],[ 4.930432 -4.821514],[-0.14850168  0.6668356 ],[ 5.529216  -5.5741925],[ 3.002902  -2.8828702],[ 2.2897744 -2.11042  ],[ 3.768305  -3.6946836],[ 3.559744  -3.5699341],[ 2.6803467 -2.4485111],[ 4.7160683 -4.53188  ],[ 2.831872  -2.7417743],[ 5.829708 -5.836742],[ 5.8916936 -5.929453 ],[ 2.5385845 -2.4469163],[ 4.203493 -4.073116],[ 3.1832902 -3.1336186],[ 5.7844944 -5.837906 ],[-0.33676246  0.820475  ],[ 1.9046313 -1.8325244],[ 2.5189784 -2.3506298],[ 4.9657984 -5.120987 ],[ 3.430231 -3.27045 ],[ 2.0824323 -1.8850809],[ 5.4801927 -5.429921 ],[ 0.5281744  -0.05390799],[ 3.3170698 -3.192912 ],[ 3.4772263 -3.3918204],[ 3.1590002 -3.0274675],[ 6.037039  -6.0275083],[ 2.4038684 -2.362648 ],[ 2.7800884 -2.5576725],[ 1.3293583 -1.1011803],[ 2.4936152 -2.3725102],[ 5.358842 -5.404121],[ 1.608624  -1.3594105],[ 6.441844  -6.3820734],[ 4.735702  -4.7832274],[ 4.4816337 -4.4491906],[-2.5716887  3.0921443],[ 3.0059333 -2.908334 ],[ 0.33758196 -0.02188875],[ 4.1154323 -4.1048775],[ 5.1528807 -5.233146 ],[ 1.5677873 -1.2980938],[ 4.151406  -4.1003795],[ 3.309889  -3.2227669],[ 3.7338524 -3.4651315],[ 6.5012784 -6.470562 ],[ 2.481126 -2.430887],[ 1.9570304 -1.9342068],[ 2.3543048 -2.3002176],[ 2.6025953 -2.4206321],[ 3.545701  -3.2594097],[ 4.246539  -4.3101716],[ 4.3871794 -4.20592  ],[-1.8894379  2.3492424],[ 4.565055  -4.5048294],[ 2.058893  -1.8348392],[ 3.8852925 -3.7177885],[ 5.1865993 -5.1822996],[ 6.4022813 -6.3265204],[ 3.3538435 -3.3098853],[ 3.5519106 -3.419937 ],[ 0.8155354  -0.48525238],[ 2.9140828 -2.7429333],[ 2.4796774 -2.1803625],[ 0.59254056 -0.29600298],[ 2.5297182 -2.3600633],[-3.6768491  4.3247795],[ 3.483395 -3.407318],[ 5.1708193 -5.101528 ],[ 5.4762125 -5.421691 ],[ 3.2391374 -3.1114635],[ 5.798739 -5.736732],[ 2.9689734 -2.7694345],[ 5.09904  -5.010686],[ 3.4303226 -3.1869175],[-2.1722202  2.839172 ],[ 4.1170306 -4.0490537],[ 4.2524734 -4.203916 ],[ 5.028896 -5.014163],[ 1.815166  -1.5005476],[ 6.0398383 -5.9148097],[ 3.964776  -3.7951498],[ 5.786258 -5.710285],[ 3.7502265 -3.5246053],[ 4.02103   -3.8918977],[ 0.59401244 -0.29462492],[ 5.8162146 -5.6630974],[ 6.120861 -6.033955],[ 6.614027 -6.687205],[ 0.702591   -0.24405548],[ 2.7030034 -2.5326188],[ 5.1673365 -5.067477 ],[ 4.672388  -4.5328627],[ 5.062861  -4.9876285],[ 0.44553235 -0.115674  ],[ 4.2905583 -4.1915846],[ 5.2959933 -5.2197976],[-1.1781902  1.592272 ],[ 3.3234823 -3.220615 ],[ 5.813013 -5.849939],[ 2.1971061 -1.9855455],[ 4.886948 -4.897891],[ 2.1040316 -1.831168 ],[ 5.893833 -5.897361],[ 0.7462109  -0.34152335],[ 4.557351 -4.419314],[ 1.1733694 -0.5026329],[ 5.5390716 -5.5176783],[ 4.9998994 -4.9479947],[ 1.9671638 -1.7863142],[ 3.2818546 -3.1347642],[ 3.4691212 -3.3889158],[ 6.304468  -6.2184496],[ 5.4196477 -5.382653 ],[-0.3169445  0.9014209],[ 3.5402503 -3.390634 ],[ 4.9373984 -4.914115 ],[ 5.6690702 -5.6527705],[ 4.3568254 -4.2619147],[ 2.5855033 -2.3596468],[ 1.4900802 -1.3525211],[-3.7207613  4.333017 ],[ 6.471794 -6.405571],[ 4.8670573 -4.830404 ],[ 5.1752925 -5.249351 ],[ 4.4135227 -4.330854 ],[ 4.479392  -4.4145875],[ 4.7682095 -4.79025  ],[-0.8241108  1.3638427],[-0.1725055  0.5954126],[ 6.325009 -6.1967  ],[0.28429955 0.22718579],[ 5.9039626 -5.8192863],[ 4.6340795 -4.628378 ],[-3.3260543  3.9762626],[ 2.845178  -2.7048209],[ 5.4402614 -5.4972515],[ 2.175325  -2.0230265]
[ 3.9800146 -3.9951808],[ 3.7696466 -3.7248669],[ 4.244236  -4.4173017],[ 5.0670013 -5.062297 ],[ 1.9617107 -1.8670356],[ 3.2314715 -3.0696664],[ 2.3104246 -2.1891806],[ 0.65256894 -0.35632893],[ 2.8931992 -2.704095 ],[ 3.5523586 -3.3369625],[ 0.8840167  -0.66019845],[ 2.2160995 -2.0801666],[ 5.149198 -4.998007],[-0.5082283  0.9613602],[ 5.2392616 -5.178172 ],[ 4.68701   -4.5402913],[-0.70993274  1.3070648 ],[ 3.7249856 -3.4894922],[ 5.154497 -5.202474],[ 1.4261197 -1.2453939],[-0.20223439  0.5777286 ],[ 3.9903252 -3.8599558],[ 3.8119533 -3.735386 ],[-4.614002   5.1886888],[ 0.9095312  -0.52540606],[-0.32242936  0.8143854 ],[ 4.536688  -4.3299775],[ 3.6575394 -3.445298 ],[ 5.809855 -5.685447],[ 3.6375804 -3.5478146],[-0.3646977  0.7479607],[ 5.6946383 -5.662115 ],[-2.7302158  3.3415673],[-3.0879893  3.4937682],[-2.0283499  2.4352026],[ 5.966186 -6.030034],[ 2.627811 -2.606864],[ 2.4760566 -2.2831206],[ 5.7460723 -5.6916676],[0.09371763 0.27188027],[ 3.7096605 -3.6704621],[ 2.1987238 -1.9450485],[ 3.3829188 -3.2083795],[ 4.939186 -4.637978],[ 3.2606714 -3.242162 ],[ 5.642431 -5.538435],[-3.79031    4.1744933],[-1.3522741  1.915672 ],[ 3.025525 -2.812971],[ 5.254969 -5.123768],[ 5.3096695 -5.2720184],[ 1.5998341 -1.4924304],[ 2.0926769 -1.8098338],[-3.7128987  4.321705 ],[ 3.198601  -3.0712042],[ 4.1965923 -3.9609716],[ 4.3757243 -4.300412 ],[-4.179238   4.5751863],[ 4.4077673 -4.1260705],[ 3.8109734 -3.5359957],[ 2.6486037 -2.480101 ],[ 4.56421   -4.4664817],[ 2.08721  -2.005024],[ 5.7126617 -5.6062503],[ 2.8812912 -2.7068784],[-1.5509309  2.1430519],[ 2.7789664 -2.7243583],[ 5.7642484 -5.68898  ],[ 2.3753874 -2.2159338],[-3.8707104  4.599554 ],[ 3.0270405 -2.9778194],[-0.38208973  0.9110227 ],[-2.7431958  3.2137415],[-0.9140142  1.4061902],[0.3749438  0.07438203],[ 3.0604048 -2.7875473],[ 4.058498  -3.9431922],[ 3.7330718 -3.618367 ],[ 4.7425685 -4.6235867],[ 2.7455678 -2.503143 ],[-3.32207    3.9245927],[ 3.620176  -3.6073825],[ 4.576735 -4.417509],[ 4.908842  -4.9977584],[ 1.5657697 -1.2100326],[ 6.1220713 -6.109881 ],[ 2.7046633 -2.4652   ],[ 1.3350219 -1.0658706],[-0.14931436  0.6422043 ],[ 3.9287353 -3.72143  ],[-0.4352774  0.8600682],[ 3.624597 -3.289531],[-3.2677736  3.6463544],[ 2.3799078 -2.3046808],[ 3.4874396 -3.180989 ],[ 2.5533586 -2.4209023],[-3.729758  4.277735],[-3.4675663  4.0262585],[ 0.80989385 -0.47227427],[-1.6366346  1.97534  ],[-6.0499463  6.499022 ],[ 5.3869147 -5.2990475],[-3.1627655  3.5591242],[ 3.57764   -3.5199678],[ 3.9666212 -3.8587554],[ 1.0876707  -0.69771886],[ 3.9119756 -3.9107246],[0.07363869 0.41764617],[ 4.803774 -4.832692],[ 2.6737664 -2.3959255],[ 3.999703 -3.8786  ],[ 2.0649223 -1.7313278],[ 5.428769  -5.3845716],[-1.081043   1.5336359],[ 4.382921 -4.322111],[ 3.3840857 -3.2134774],[ 4.7721214 -4.6731143],[ 4.3900614 -4.2930713],[ 3.6155066 -3.6289384],[ 0.4123384  -0.07682724],[0.33643812 0.14192471],[ 2.2963312 -2.2446811],[ 2.0665383 -2.009485 ],[ 3.0246243 -3.0058599],[-1.0577148  1.4839329],[ 1.8561336 -1.6229343],[ 4.386395 -4.453483],[ 4.4810853 -4.341584 ],[ 4.122106 -4.003618],[ 4.160514  -4.4003754],[ 1.7861608 -1.673684 ],[ 2.704944  -2.5793598],[ 2.7922542 -2.6094623],[ 3.3261385 -2.9677997],[ 4.2727523 -4.098426 ],[ 5.7591963 -5.7355547],[-2.566662   3.0765204],[-4.3308325  4.751685 ],[ 4.494696 -4.407848],[0.01019052 0.5678989 ],[ 2.5313835 -2.2327898],[-2.4668372  3.0383687],[ 2.8857386 -2.887773 ]
[-2.283721   2.8542838],[-1.4593362  2.1856854],[-2.141443  2.852696],[-2.9903796  3.785324 ],[-1.7664331  2.375405 ],[-0.32673535  0.77605563],[-3.429181  4.026204],[0.3055195  0.12052246],[-1.5447468  2.0237823],[-0.94189066  1.438933  ],[-0.3338179  0.7825248],[-3.0007286  3.521528 ],[-1.5965201  2.252769 ],[-3.4999354  4.1895247],[-2.5955067  3.3119893],[-2.260193   2.9711814],[-3.477422   4.0874233],[-2.2816072  2.882462 ],[-4.3404927  4.9440947],[-3.192349   3.8185844],[-0.09426849  0.4329395 ],[-1.2668339  1.8572569],[-1.0867987  1.6994106],[-1.7833921  2.499602 ],[-2.4802766  2.9917197],[-0.30895022  0.7854927 ],[-4.381842   4.8896165],[-0.76622397  1.1953171 ],[-0.6393006  1.0298983],[-2.8127873  3.3994715],[ 0.9801456 -0.6963796],[-2.9323256  3.6892123],[-4.1280427  4.715549 ],[ 0.6530675 -0.3251791],[-1.8487422  2.0348127],[-4.9450808  5.619138 ],[ 1.0328637 -0.9487325],[-0.4677597  0.9888984],[-4.24882   4.949238],[-4.111812  4.835442],[-3.886149   4.4955983],[-1.7134603  2.1726484],[-0.92029995  1.4443343 ],[ 3.0299323 -2.9445355],[-1.9905322  2.6041164],[-4.121535   4.7299643],[ 2.6994522 -2.3952522],[-1.7274934  2.120318 ],[-3.5910587  4.1582193],[-2.235022   2.8064158],[-4.58915  5.23572],[-1.1808293  1.831603 ],[-1.0677546  1.5110192],[-4.2829475  4.8703403],[-1.2952877  2.0705857],[-1.0456905  1.4742897],[-0.08751756  0.44838923],[ 4.8261724 -4.7151537],[ 4.8685393 -4.8750196],[-1.2355663  1.7776034],[ 0.71898764 -0.6020098 ],[-2.5668578  3.2553535],[-1.2446709  1.7767315],[-3.5124714  4.1144366],[-1.1797745  1.6421918],[-4.8923473  5.4497247],[0.05265778 0.2977479 ],[-2.1292574  2.8559866],[-2.0564904  2.5296152],[-5.2204537  5.7424536],[-5.183727  5.780022],[-2.9894016  3.4889572],[ 0.33151227 -0.01772198],[ 2.3358552 -2.3271587],[-1.0429026  1.4394144],[-4.23308    4.8672495],[-2.4834194  2.8950007],[-2.6071777  3.4121144],[-2.7217274  3.3662944],[-3.3994277  4.051336 ],[-4.497242  4.945641],[-1.824246   2.4619353],[-1.9691505  2.6354733],[-3.1363308  3.8118868],[-1.6830175  2.083928 ],[-4.304446   4.9483995],[-1.1841917  1.7462405],[0.12246683 0.23086336],[-5.035566   5.5026703],[ 1.3723502 -1.1077611],[-1.3211459  1.8568983],[-2.5626905  3.07226  ],[ 5.529407  -5.3613024],[-3.4249718  4.107204 ],[-0.571082   1.0043656],[ 0.45650542 -0.2132152 ],[-0.6979944  1.0077451],[-0.61176884  0.9589956 ],[-5.6710396  6.143515 ],[ 1.7552205 -1.3175635],[ 5.0217657 -4.722461 ],[ 1.2197058 -1.0762379],[-1.2247128  1.4571507],[-3.3045585  4.0775356],[-2.3344233  3.018381 ],[-1.83761    2.3345196],[-2.5034518  3.2784834],[-2.3080673  2.5772989],[-5.145703   5.7350936],[-2.1991227  2.7727492],[-2.8584561  3.464027 ],[-3.1461504  3.774206 ],[-0.2352005   0.68658495],[ 3.2733266 -3.1612885],[-0.89515364  1.4356883 ],[-3.203072  3.731078],[-2.8419914  3.2981155],[-2.790583   3.4265475],[-2.3565216  3.0791974],[-4.75576   5.402938],[-2.236818   2.9561439],[-3.5050209  4.115301 ],[-4.991407   5.6608663],[-5.014966   5.5914807],[ 1.9692397 -1.6444861],[-4.4820023  5.124212 ],[-4.105714   4.6803017],[-0.9255833  1.4878478],[-0.02220063  0.40840864],[-3.8504531  4.4979663],[-1.6515987  2.2133925],[-2.7617815  3.4056866],[-3.6042747  4.244353 ],[-1.1812499  1.5210212],[-2.149008   2.7840955],[-2.4821894  3.1475744],[0.29124272 0.12456744],[ 3.8122396 -3.6431606],[-2.8402681  3.443207 ],[-5.0466466  5.5768023],[-0.26018092  0.6468938 ],[-1.1874596  1.7315296],[-1.5211403  1.9826294]
[-1.9696183  2.6848226],[-1.5331595  2.2902474],[-3.6254687  4.4116745],[-4.6989517  5.321881 ],[-1.1590157  1.7718047],[-1.7854867  2.3943415],[-0.08623749  0.4909868 ],[-1.6912191  2.2876513],[-1.3529667  1.881935 ],[-3.7981703  4.4133744],[-3.3392074  3.9379518],[ 0.47476843 -0.16960329],[-2.2541862  2.77714  ],[-1.5037558  2.1052392],[-4.349287  4.907069],[-4.668968  5.186756],[-2.2360384  2.8623748],[-2.2771628  2.8721588],[-0.7364855  1.3609109],[-3.5596788  4.228425 ],[-4.192547   4.5896945],[-3.6955855  4.2441363],[-3.7554219  4.3884225],[-2.0126197  2.6092224],[-1.646687   2.2305105],[ 0.5543627  -0.01737543],[ 4.6066732 -4.4785733],[ 0.48466948 -0.07105654],[-1.1319319  1.6436936],[-0.99020416  1.5419643 ],[-2.7256951  3.2188866],[-4.020348   4.6815104],[-1.9890163  2.40346  ],[ 0.78160137 -0.43598598],[ 6.0972624 -5.9359283],[-3.6162045  4.2851787],[-5.4873137  6.0725265],[-5.7852106  6.2436337],[-3.098105   3.6989439],[-2.8448224  3.484643 ],[-2.7459476  3.4485145],[-0.08241107  0.6216543 ],[-2.1795175  2.7836695],[-1.2758816  1.7316934],[-2.4069564  3.0006616],[-3.8425498  4.542849 ],[ 1.8739709 -1.5972961],[-0.08731131  0.68390304],[-4.165479   4.5947504],[-1.5420771  2.0348518],[-4.178075   4.7527323],[-2.44175    3.0878372],[-3.307908  3.991572],[-0.22550103  0.7277301 ],[-3.8583941  4.3852935],[ 0.8215793 -0.5394934],[-1.011731   1.3703338],[ 0.9932301 -0.6850538],[0.10983398 0.30385128],[-2.4126909  2.970781 ],[0.2112409  0.03354681],[-0.91435194  1.5307013 ],[-1.0676688  1.767932 ],[-3.741867  4.074999],[-3.4653966  3.9397366],[-1.052354   1.4139241],[-2.832235  3.355944],[-3.781005  4.380003],[-1.9349848  2.3762057],[-2.432171   2.8384085],[0.24524696 0.18323806],[-1.5287513  2.1297948],[-1.3986518  1.9424967],[ 0.7197474 -0.4154865],[-3.281435   3.6600614],[-3.2713704  3.717904 ],[-2.324109  2.800502],[-0.9480353  1.5610662],[-3.0348814  3.5892968],[-2.0289776  2.612188 ],[ 1.9114285 -1.660973 ],[-2.9694018  3.436686 ],[-4.5797653  5.170266 ],[-4.416193   5.0684204],[ 1.0104504 -0.5807157],[-2.5833874  3.1754704],[-1.6955602  2.3040702],[-3.4473753  3.8303173],[ 0.59960127 -0.17933393],[-1.2680672  1.6830639],[ 0.8554138 -0.6518779],[-4.7669616  5.1605067],[ 1.0824322 -0.7439116],[-4.724991   5.2824783],[-4.0688863  4.6014986],[0.38835883 0.20763165],[ 1.205288  -0.9356495],[ 1.0652351  -0.80725324],[ 4.9385   -4.718838],[ 1.861214  -1.6251273],[ 3.4911916 -3.0880256],[-3.3422997  4.056112 ],[ 5.0187926 -4.7855935],[-3.4778728  3.9950104],[-2.6354012  3.3365896],[-0.40240496  0.9221781 ],[-4.8422637  5.4136233],[ 4.467796  -4.2075634],[-4.058427   4.6231604],[-2.1299822  2.678855 ],[-1.5248164  1.9272692],[0.11213049 0.31784505],[-5.342356  5.934103],[-0.10461713  0.48502043],[-3.1017272  3.7100856],[ 4.468523  -4.3539925],[-0.3764207  0.9542624],[-3.763854   4.1861253],[-1.4140776  2.0186498],[-2.551642  2.991422],[-3.0889652  3.6239233],[-2.3732948  2.9196162],[-3.4462638  4.0314097],[-2.320588   2.8520398],[ 1.3213702 -0.9931521],[-0.9811415  1.5482006],[-4.193717  4.650577],[-4.8945627  5.4645667],[-1.4924059  2.044712 ],[-3.126262   3.4517848],[-2.6764686  3.340709 ],[-2.658492   3.2379715],[-2.6794853  3.3151562],[-0.3386783  0.6899717],[-2.5647442  3.1387372],[-4.0942883  4.6689534],[0.10539302 0.414299  ],[ 3.4666114 -3.1992595],[-0.9063354  1.4729098],[ 2.559226  -2.3413365],[ 1.2686772 -0.7260801],[-3.910186  4.375944],[-3.7106109  4.1787744]
[-4.15069    4.6816688],[-1.2277287  1.8654728],[-5.1971593  5.763304 ],[-3.3246355  3.8083172],[0.2695257  0.20694834],[0.00265393 0.39026833],[-1.7689431  2.10415  ],[-2.2161646  2.8501496],[-3.1337347  3.6535988],[ 1.2538098 -0.9082645],[0.35561502 0.06745367],[ 1.425592  -1.2684506],[-1.9871821  2.673134 ],[-2.9062438  3.5809486],[-2.6343884  3.211534 ],[-0.7536536  1.2356297],[-0.8604841  1.4862859],[0.10340235 0.5527742 ],[-3.002255   3.6728866],[-0.59747136  1.0549217 ],[ 3.16623   -3.0417993],[-3.189627   3.7216396],[-1.2561891  1.8745446],[-1.8412466  2.4062583],[-1.1850226  1.7564611],[ 2.7408915 -2.3866692],[ 0.38697347 -0.04202273],[-1.717476   2.4408557],[-2.5824287  3.0580332],[-0.8106487  1.3981504],[-0.33617458  0.6628465 ],[-4.4351897  4.994946 ],[-0.13261664  0.6151868 ],[ 3.5996118 -3.5557952],[ 5.5800743 -5.39264  ],[-5.155887   5.6384473],[ 0.7581316  -0.52127826],[ 2.4699004 -2.1699352],[-3.6545727  4.165948 ],[-2.2527053  2.8608174],[-4.260656   4.7621427],[0.24123907 0.13644901],[ 0.4424166  -0.07046512],[-4.5326     5.0954905],[-2.0022964  2.5699883],[-3.5254023  4.027587 ],[ 3.5743077 -3.4278057],[-0.20329133  0.64960515],[ 2.0335264 -1.8097106],[-1.1244913  1.6243246],[0.29094577 0.21472701],[-3.439701  4.058275],[-2.7250776  3.2255101],[-1.4351722  1.8781083],[-1.1139585  1.7090328],[ 1.2093168 -1.0039908],[-0.29692063  0.7888877 ],[-0.14301766  0.5362381 ],[-4.4584985  4.992271 ],[-4.277887  4.850199],[ 2.0399504 -1.7778357],[-0.06279008  0.40070567],[-2.5647962  3.2515652],[-0.00149471  0.30069512],[-1.3844117  1.8319427],[-3.0510137  3.5299146],[-1.7260027  2.3041887],[-3.9711645  4.54029  ],[ 0.43741873 -0.13510388],[ 0.35064158 -0.08999791],[-4.500744   5.0265365],[-2.8921053  3.4311025],[-3.7588608  4.3329515],[-3.7942753  4.509459 ],[ 0.40607697 -0.11453474],[0.14874697 0.32745662],[-0.5115274   0.95777863],[-1.6693285  2.3029842],[-0.81258804  1.3829513 ],[-0.26612696  0.896274  ],[ 3.1153173 -2.9528446],[-0.9012311  1.4132993],[ 0.9457877 -0.576767 ],[-1.6526855  2.299207 ],[ 1.0176705 -0.7331755],[-3.1178093  3.7137408],[-0.70726156  1.3415859 ],[ 3.5481675 -3.4010744],[0.17110482 0.1863024 ],[-0.8093655  1.2831476],[-3.196154   3.8667874],[ 5.135636  -5.0353627],[0.15097345 0.1928908 ],[-1.7188832  2.1230423],[-1.3763269  1.895741 ],[-5.1855087  5.830401 ],[-0.5965111  1.1016839],[-0.6792128  1.22328  ],[-2.1393888  2.674226 ],[ 4.0777855 -4.021542 ],[ 1.5677695 -1.2023041],[-4.569901  5.20453 ],[ 2.826881  -2.7151928],[-1.219066   1.9093934],[-3.7621036  4.2942348],[-0.81098086  1.2572861 ],[ 0.98856467 -0.6710971 ],[-0.8123891  1.3012553],[-2.1273024  2.6105576],[ 0.38474014 -0.06697584],[-1.4732611  1.9552867],[ 0.92924994 -0.44543025],[-2.481336   3.1969578],[-3.723638   4.3780403],[-3.0086784  3.7196147],[0.24234447 0.15116844],[ 0.73740107 -0.4431006 ],[-1.7751049  2.370565 ],[-0.8432608  1.4122992],[-0.2821446  0.8652362],[ 2.3836558 -2.1201148],[-2.6321173  3.2595618],[-4.158144   4.6685915],[-1.6067595  2.191419 ],[-4.0788774  4.661859 ],[ 1.4368848 -1.2353404],[ 2.536884  -2.2128332],[-0.7901581  1.3676802],[-1.9146509  2.592763 ],[ 0.79930604 -0.633988  ],[-3.8102195  4.4901767],[-1.4631885  2.262233 ],[-0.00399052  0.43620557],[-0.24844179  0.53036726],[0.07255934 0.31016812],[-3.91612   4.468389],[-0.3052404  0.7938812],[-3.2592764  3.9589593],[-1.4204288  1.9690491],[-0.57677716  1.042155  ],[0.05606805 0.45709485],[ 2.2846243 -1.9408464],[-1.0330732  1.5095444]
[ 1.3974242 -1.1281792],[ 1.8566163 -1.4791957],[ 0.63216853 -0.41508284],[ 0.66213644 -0.42211396],[ 1.1904907 -0.8642855],[ 1.3340292  -0.95537907],[-3.1412785  3.6265373],[ 0.4808093 -0.1695348],[ 0.31699342 -0.18454799],[ 1.7324646 -1.5502281],[ 0.53269464 -0.21355978],[-2.2498577  2.7241025],[ 1.0878823  -0.74367845],[0.07331271 0.33927348],[-0.488987   0.9780437],[ 0.64607054 -0.3224895 ],[-1.8626015  2.3992658],[ 1.4526315 -1.1008694],[-1.944704   2.5939884],[-0.1382305   0.61719334],[ 1.3302909 -0.9247754],[ 0.54626733 -0.24093017],[ 1.4486425 -1.1910001],[ 2.878219 -2.756232],[-1.428631  1.900941],[ 0.47870505 -0.0459878 ],[ 1.2059947 -1.066876 ],[-3.82938   4.336667],[ 1.905322  -1.5490775],[-1.2969787  1.9464828],[ 3.8749092 -3.6001093],[0.26193196 0.08529463],[-4.9180217  5.344639 ],[-0.73044443  1.091658  ],[-1.1091176  1.5621663],[ 1.9789993 -1.7466844],[-0.43362162  0.88301766],[ 1.2470617 -0.9661515],[0.00954301 0.35730413],[-1.8374217  2.35386  ],[-0.04494965  0.4134642 ],[-1.8059672  2.2752957],[ 0.764486   -0.45078048],[-0.18749352  0.71655345],[-1.8714191  2.361002 ],[0.19098733 0.2623153 ],[-2.3357403  2.7482278],[-1.0468968  1.3083743],[-0.4142107   0.71395457],[ 0.71467894 -0.2396416 ],[-0.6116153  1.0318627],[-0.35670742  0.707444  ],[ 4.986326  -4.9019837],[-0.7671477  1.2623575],[-0.28734925  0.82435274],[ 0.7322737 -0.4214782],[ 0.71255505 -0.2973516 ],[0.12519592 0.09158637],[-4.8654265  5.2237034],[ 0.7980371 -0.2816299],[ 0.33044145 -0.14154497],[ 0.5329816  -0.10926428],[0.06160432 0.38351244],[-1.757399  2.264232],[ 0.45998493 -0.32724625],[ 0.5636507 -0.4876576],[-0.9232467  1.4524596],[ 1.0205729 -0.7133893],[ 0.39101934 -0.13069338],[ 0.6017421  -0.41299438],[-3.1561375  3.5595784],[-3.239965  3.726418],[-2.3325255  2.707096 ],[-4.644289  5.118223],[-2.1800706  2.6376765],[ 0.2850516  -0.01896528],[ 0.37921163 -0.00179136],[-0.9703465  1.4381427],[0.16693987 0.17898962],[-1.6537957  2.1896713],[ 1.3823272 -1.2368209],[-2.275327   2.7931547],[ 1.6133381 -1.429116 ],[0.36462474 0.00844953],[ 1.8139651 -1.6624408],[-2.0467486  2.4613328],[ 1.4107609 -1.1964101],[-2.2487192  2.694616 ],[-0.23845121  0.59932476],[ 0.9559569 -0.5935843],[-4.599779   5.1332293],[-0.3882793  0.5890923],[-0.6072179   0.78661674],[-1.3655804  1.7999848],[ 1.3259827 -1.1574488],[ 4.5749617 -4.499133 ],[-3.5247195  3.9964585],[-3.5814047  4.045207 ],[ 3.1637855 -3.1275232],[ 0.9317195 -0.6606536],[-0.7497126  1.0557851],[-2.3637311  2.8640165],[ 0.8353596  -0.50487113],[-1.3925046  1.9073734],[ 0.82752407 -0.567207  ],[-0.59448117  1.0023035 ],[-2.6004198  3.1354573],[-2.0482986  2.548102 ],[-0.82629347  1.2756793 ],[-0.2705309   0.65788645],[-0.03301648  0.35867104],[-2.1756368  2.7376225],[0.07415296 0.35147363],[-1.9144688  2.310248 ],[ 0.58242935 -0.26732343],[0.27430698 0.09780339],[-0.62489074  1.1634029 ],[-2.3760428  2.831835 ],[ 2.420634  -2.3453887],[-5.270651  5.698822],[-0.6225215  1.0890028],[-3.3520942  3.922292 ],[ 3.8184628 -3.6251075],[-2.027344   2.5210774],[0.22287476 0.02652059],[ 0.5624744  -0.28339112],[0.2310295  0.04646782],[-0.92373717  1.4857981 ],[ 0.85762775 -0.47342262],[-4.2727656  4.7486515],[0.13110454 0.3460817 ],[-1.6009951  2.2293448],[-0.68059105  1.3051361 ],[0.02427612 0.15511343],[ 1.0775789  -0.68525106],[-0.11118023  0.4822022 ],[-0.32514036  0.78008187],[-0.8730778  1.2934743],[-1.9409876  2.5113347],[ 1.5409735 -1.4482461],[ 1.724054  -1.5860966],[ 1.424335  -1.3728484],[-1.361691   1.8087349]
[ 1.6138281 -1.4706646],[-1.1231594  1.6650165],[0.08914936 0.37633717],[-0.46050486  0.8882933 ],[-1.1100291  1.6683961],[0.00535881 0.3988416 ],[-3.2452676  3.5685058],[ 0.6949064  -0.33547533],[-0.539185   0.9278715],[-1.0998061  1.7223779],[-2.362652   3.0755522],[ 0.5402214  -0.32468483],[-2.7821653  3.389763 ],[-1.2655059  1.9236637],[-1.3350415  2.042323 ],[-1.3425338  2.063085 ],[-1.2932148  1.8523755],[-1.842331   2.6127393],[-4.0393367  4.627105 ],[-3.6404955  4.1983123],[ 3.161667  -3.1267555],[-0.79325294  1.4184129 ],[-2.929902   3.5862885],[-3.1457036  3.7492616],[ 0.45073536 -0.19835657],[-0.5664104  1.0549221],[ 0.82483554 -0.56976074],[-0.06285574  0.39228472],[ 2.1891735 -1.9784361],[-1.6192132  2.279815 ],[ 4.510006 -4.484878],[-1.4468871  2.18357  ],[-0.2626508  0.5772705],[0.07201548 0.2819949 ],[-1.580136   1.9735833],[-2.6348267  3.050432 ],[-2.5324657  3.0495453],[-4.915584  5.361138],[ 1.9907156 -1.78299  ],[-2.5326293  3.1209574],[ 3.035587  -2.9605088],[ 0.47285524 -0.30799028],[-2.5701034  3.1803958],[ 1.1173766 -1.0440145],[-1.4759511  1.9388206],[ 0.9922747 -0.8060931],[ 0.66110843 -0.33722898],[ 0.39314586 -0.0859315 ],[ 1.0769252  -0.93561846],[-0.5161555   0.99252605],[-0.22325695  0.7181654 ],[-1.1198912  1.7316499],[-0.85584575  1.5336182 ],[-2.56472    2.8975267],[-3.268892   3.9682202],[ 1.6879833 -1.4195021],[ 0.52759504 -0.28702727],[0.20910239 0.11550877],[ 5.955315  -5.9019675],[ 2.180488  -1.8230599],[ 2.7672765 -2.6732433],[-3.2135973  3.9411805],[-0.6587103  1.2284282],[ 3.2583914 -3.1880968],[ 1.5782198 -1.4031104],[-3.7002695  4.0866337],[-1.3100774  1.9978074],[-1.3618052  2.0069015],[0.02639338 0.3235683 ],[-3.942279   4.3730116],[ 4.2018375 -4.0042057],[-2.528055   3.0313196],[ 0.7607931  -0.54577655],[ 0.50310165 -0.14635623],[ 5.922394  -5.8646193],[ 1.2762307 -1.1614078],[-2.82448    3.2986934],[ 0.57678527 -0.25827748],[-1.7945721  2.4839113],[0.01868217 0.39225408],[-0.74078196  1.1182382 ],[0.21659467 0.02189412],[-1.6452942  2.361377 ],[-2.7297935  3.4981751],[ 1.5741712 -1.4606512],[ 0.5142093  -0.13949989],[-3.008276   3.7183208],[ 0.85633475 -0.6686172 ],[-4.846382  5.288679],[-0.02736728  0.4594542 ],[-2.0028481  2.4119046],[ 3.8341858 -3.8385973],[ 4.394247  -4.2579446],[ 1.7211345 -1.5646805],[ 3.4008694 -3.3816197],[0.05295328 0.26293606],[ 0.86007017 -0.56112653],[ 0.7711028 -0.4955821],[0.22648382 0.21219698],[ 2.5610743 -2.4083881],[ 2.633075  -2.4600918],[-0.21120524  0.6803753 ],[ 3.0588777 -2.9497032],[ 0.6238687  -0.47585517],[-2.8724773  3.490128 ],[-1.8229219  2.1891928],[ 2.3411622 -2.2829607],[-2.1270056  2.5592377],[-3.2616694  3.70748  ],[ 0.4491655  -0.21084663],[ 0.41834676 -0.21453255],[ 1.2712206 -1.1819417],[-2.2259018  2.9518914],[ 1.3732657 -1.1478657],[-3.8479881  4.3921695],[-0.16907543  0.58858275],[-1.3859499  1.9795269],[ 0.46001697 -0.04884218],[-4.362156   5.0157013],[ 0.96022886 -0.6349707 ],[-2.5625455  3.0331123],[-1.7070993  2.1473172],[-2.145374  2.74736 ],[ 0.74566585 -0.5292508 ],[ 0.78553164 -0.52407324],[-2.1917896  2.8259134],[-2.2126052  2.6578298],[-3.7976353  4.3790545],[ 0.5782704 -0.3111745],[-0.11606015  0.6305616 ],[-3.0173488  3.5716789],[-1.9388945  2.57264  ],[-1.3523021  1.9259181],[ 1.5266855 -1.3241023],[-0.1028565   0.48475865],[-0.5018757  1.0187566],[-2.2317076  2.863543 ],[ 1.5674856 -1.3509666],[ 1.7357458 -1.522344 ],[-4.4804487  4.9642305],[ 0.76458615 -0.44512066],[-4.6817923  5.2221627],[ 1.2392881 -1.1350349]
[ 1.8163222 -1.7059504],[-0.50064856  1.064095  ],[ 3.887376  -3.8511043],[ 3.508099 -3.348527],[ 0.7141503  -0.30849776],[-1.0164206  1.7264811],[ 4.374145 -4.140864],[0.01318769 0.3725184 ],[ 2.2778313 -2.1690345],[-2.8819377  3.4121954],[-2.765872   3.2997057],[ 2.6512601 -2.7394361],[ 2.1624649 -1.8220015],[-0.6964569  1.212799 ],[-0.66785765  1.2042019 ],[-1.3991421  1.9231987],[-2.2950666  2.8063765],[-4.549265  5.090318],[ 1.2514869  -0.84562194],[ 0.9766844 -0.7844816],[ 3.2407105 -2.9432967],[-3.5242085  4.005636 ],[-1.7519711  2.2888548],[-0.3576472  0.8221897],[ 3.8442588 -3.8431396],[ 1.5823101 -1.427842 ],[ 1.0336629  -0.64755803],[ 3.5136447 -3.4522588],[-2.5606823  2.9876037],[ 1.2387974  -0.93884736],[ 0.481543   -0.19910645],[-2.9262693  3.3688211],[-2.316059   2.5975218],[ 3.3574986 -3.2246346],[ 5.711864  -5.7239656],[0.25150284 0.18762141],[ 3.7397592 -3.7894588],[ 1.2797691 -1.0054934],[-4.946882  5.345048],[-0.74225533  1.1154679 ],[ 1.285252  -0.9475621],[ 1.1837318 -0.984036 ],[-1.0349134  1.5626118],[-0.67263985  1.3047392 ],[-0.37406266  0.7380803 ],[ 3.5761836 -3.4569533],[ 2.397066  -2.1551094],[ 0.83487606 -0.59235346],[ 4.4884953 -4.307635 ],[-3.5454583  3.873429 ],[ 0.5397394  -0.21899337],[ 1.2572415 -0.7981373],[ 1.8698043 -1.5819378],[ 4.8007426 -4.6688886],[ 1.8381457 -1.4338466],[ 1.669836 -1.402056],[ 0.7658612 -0.5036432],[ 4.448537 -4.528815],[ 3.5669765 -3.4611452],[-0.24270198  0.68978184],[ 1.2767111 -1.0744652],[-1.7686517  2.1794555],[-0.11237173  0.6150999 ],[ 3.1409082 -3.02207  ],[ 4.3868175 -4.331526 ],[ 3.811692 -3.750354],[0.35717782 0.10395951],[ 1.9093155 -1.6531776],[ 1.4064635 -1.0480183],[ 4.178068  -4.0116525],[ 2.7709677 -2.520511 ],[0.19898538 0.15524286],[ 4.6663227 -4.7118883],[ 4.737484  -4.7131233],[-0.55859184  1.0031126 ],[ 1.5516833 -1.2577969],[ 5.466472 -5.285465],[ 2.9061604 -2.9103959],[-1.2979178  1.7910457],[ 2.0969832 -2.0850046],[ 4.987365 -4.965995],[ 2.7512615 -2.560292 ],[-2.8285408  3.3035645],[-1.4288548  1.9586017],[ 3.2715304 -3.2398386],[-2.9728258  3.3501933],[-2.4498498  2.942262 ],[ 0.5148802  -0.14303413],[ 5.211011  -5.1226945],[-2.7250962  3.2823052],[ 0.50824964 -0.37250707],[ 3.939143 -3.909278],[ 4.5340147 -4.5524354],[ 4.2764497 -4.189338 ],[ 1.2101656 -0.9093153],[-1.6734685  2.2826035],[ 5.5187984 -5.573053 ],[ 5.6101327 -5.700226 ],[ 2.3309503 -2.122187 ],[ 2.6922262 -2.5841203],[ 4.509196 -4.525774],[ 2.3688073 -2.0562162],[ 2.6286094 -2.386824 ],[ 1.7794785 -1.5937104],[-2.4935598  3.0409214],[ 3.2390409 -3.1356301],[ 4.3863635 -4.356103 ],[ 3.8691697 -3.6780171],[ 4.2689853 -4.170543 ],[-0.6532548  1.1384343],[ 3.3163838 -3.3668776],[ 3.5597131 -3.5802684],[ 4.5862    -4.6359906],[ 5.3365684 -5.4223943],[-0.08279897  0.48592004],[-2.374381   3.0023856],[ 1.7674273 -1.4700874],[ 4.578575 -4.401194],[-3.0124512  3.4600725],[0.03951015 0.3283303 ],[ 4.187634  -4.1099854],[ 1.2241466 -0.8832911],[-4.9662766  5.332345 ],[ 4.366692 -4.359529],[ 4.917493  -4.9186583],[ 2.0086725 -1.8808836],[ 5.6579175 -5.719449 ],[-2.3264914  2.7923877],[-1.402958   1.9705023],[-3.6766694  3.8190446],[ 4.60085   -4.4719076],[-1.2996491  1.8929901],[ 0.7154191  -0.34647197],[ 3.4260843 -3.328463 ],[-0.34341222  0.8022896 ],[-1.0271363  1.5358807],[-3.2394106  3.8083549],[ 5.276102  -5.2880397],[-3.9330478  4.4443474],[ 4.513972  -4.5177746],[ 0.34968266 -0.01274139],[ 1.3247342 -1.0428964],[-2.5556598  2.9807057]
[-5.532709   6.0805373],[-4.0683994  4.598953 ],[-4.1087165  4.688227 ],[-0.75434846  1.1371723 ],[-0.4343641   0.96594274],[-2.9969811  3.5081089],[-3.522948   3.7984169],[-1.3250748  1.9390689],[-2.7123506  3.1076345],[-3.9219558  4.403632 ],[-1.2844323  1.8377814],[-2.2754633  2.967758 ],[-3.5638008  4.1446877],[-3.3190563  3.8971224],[-4.598676  5.164174],[-3.410131  4.017713],[-3.355734   4.0296555],[-3.048713   3.5873046],[-2.7743294  3.2335386],[-4.789618  5.248041],[-2.6168036  3.115373 ],[-1.5973425  2.0751786],[-4.340718  4.915342],[-3.0118206  3.6271396],[-2.9913676  3.562253 ],[0.33860654 0.05569211],[-0.6236538  1.076973 ],[-1.6482934  2.153247 ],[-3.7215707  4.1116858],[-3.624341   4.2918096],[ 4.129356  -4.0264034],[-2.4634204  2.8283856],[ 2.1683304 -1.931705 ],[-1.888591  2.582091],[-4.6477323  5.323663 ],[-1.8019623  2.2032156],[-5.556009   6.0111117],[ 0.7171884 -0.4241001],[-2.4192688  2.6561306],[ 0.5322987 -0.2461513],[-4.206512   4.7723885],[-0.32396343  0.72915477],[-2.310837   2.8241465],[-4.1129327  4.5492253],[-3.0121906  3.4771607],[-5.593259   6.1487284],[-2.4672065  3.0640187],[0.16699195 0.22242638],[-3.7301776  4.1939683],[-0.7807118  1.160686 ],[-3.6901832  4.3359528],[-2.7072728  3.2830527],[-4.978832  5.536818],[-3.418492   4.0350537],[-1.1874306  1.7195799],[-0.79653895  1.2051356 ],[-1.0179223  1.5296103],[-1.7345873  2.5265222],[-2.430067  3.061576],[-1.1635319  1.6434007],[ 1.2622586 -1.0116675],[-2.032755   2.5855184],[-2.9330957  3.5900254],[-2.8450577  3.4078252],[-3.4939835  4.020157 ],[-0.6967499  1.1562788],[-2.8040838  3.2880263],[-4.8428884  5.384371 ],[ 0.7043419  -0.37038413],[-3.2072077  3.7820272],[-3.3865542  3.971169 ],[-2.4247925  2.861336 ],[-3.1233592  3.7279415],[-3.1126826  3.8552313],[-1.3526108  1.88633  ],[-2.185334  2.863112],[-2.607048   3.1550984],[-4.465441   5.0157814],[-0.946652   1.4936166],[-2.5692928  3.136486 ],[ 0.7076136 -0.4793103],[-2.286804   2.8623729],[-1.7354945  2.262248 ],[-3.7840753  4.3836904],[-3.6193402  4.2181244],[-3.8878195  4.1880617],[-0.6072968  1.0966177],[-1.2008758  1.6941224],[-1.8607768  2.4487917],[0.14629667 0.3170666 ],[-0.4659126  0.7454399],[0.1651514  0.17650414],[-3.323283  4.079127],[-1.3855952  1.8988461],[-2.9284337  3.4259362],[-4.3256245  4.8140335],[-1.7485166  2.4112618],[-1.8075956  2.4792466],[-3.5775511  4.2216535],[-3.5985355  4.0984864],[-1.2210706  1.8818135],[-4.8474693  5.3706403],[0.26780802 0.07382566],[-1.3817449  2.0169077],[-4.947463   5.4476748],[-0.59246594  0.902672  ],[-3.76024   4.497007],[-0.1303523  0.606898 ],[-3.3556004  3.8020766],[-1.3763205  1.8106229],[-3.1999385  3.7914698],[-2.2931786  3.012584 ],[-3.7933857  4.417966 ],[-3.3782806  4.098597 ],[-3.052383   3.6533382],[-3.8601286  4.4977107],[-1.339681  2.006151],[-3.1342673  3.634202 ],[-2.639489   3.2156677],[ 0.9890391 -0.80944  ],[-1.4116105  2.0640008],[-2.3063037  2.9296668],[ 0.3473768  -0.12945499],[-2.104888   2.7079713],[-3.172622  3.889151],[-2.9766567  3.649334 ],[-4.412735  4.956296],[-1.3285315  1.7892156],[-2.059499   2.7068405],[ 0.90454006 -0.7617796 ],[-4.863924  5.393483],[-2.2544835  2.7788846],[-3.4554844  4.0037436],[0.01124908 0.21362829],[-3.265199  3.869358],[-2.8952265  3.4461296],[-2.46608    3.0725946],[-4.3208127  5.0918746],[-5.181684   5.7538533],[-3.4729996  4.0529943],[-0.88867223  1.3641704 ],[-0.2580563  0.6940567],[-1.722697   2.0790699]
[-2.8078816  3.2209916],[ 0.98188376 -0.81309766],[-4.046413   4.3878937],[-3.6613386  4.1652713],[-1.4046063  1.9590278],[ 0.9433838 -0.6836541],[ 3.0954394 -2.9616935],[-3.9168322  4.362157 ],[ 1.2136014 -0.9166288],[ 1.0248246 -0.719836 ],[-2.2271879  2.8456821],[-2.2061486  2.8618977],[-2.1402187  2.6390965],[-3.3226323  3.8418233],[-2.3758318  2.79931  ],[-3.234628  3.713294],[-3.5009398  3.7359447],[-1.5925348  2.0222387],[ 0.52799493 -0.18898258],[-2.2875597  2.806952 ],[-0.21369052  0.5276135 ],[-2.0548446  2.5226681],[-1.0199165  1.5439663],[-3.5642242  3.9808989],[-0.6650776  1.01557  ],[ 1.2693172 -1.0736649],[-3.2252088  3.73866  ],[-3.0238872  3.5257397],[-0.4338901  0.7421344],[-0.96092886  1.4560218 ],[ 3.9001417 -3.835263 ],[-3.101552   3.5462232],[ 0.40412945 -0.12548769],[ 0.59155446 -0.23386437],[-0.8532608  1.3609548],[-0.4927689  0.8432133],[ 0.7305843 -0.4087063],[ 0.5878972  -0.31964517],[ 2.2904272 -2.0108018],[-4.034718   4.4451156],[-3.2143376  3.7208278],[-2.0973732  2.571772 ],[-2.6324427  3.1171918],[0.353656   0.00261013],[-0.5008012   0.77942204],[ 0.66850173 -0.2680337 ],[ 1.157024  -0.7749754],[ 0.4683505  -0.25419295],[ 1.7021085 -1.4329249],[ 0.5629538  -0.18763903],[-3.9290755  4.507449 ],[-0.74440825  1.0670503 ],[0.28962618 0.00566285],[-0.04379069  0.18934867],[-2.8850694  3.4338675],[-1.2903064  1.7965076],[-1.5309274  2.0394516],[-2.198337  2.788204],[-0.7041378  1.0101101],[-0.600319   0.8788784],[ 2.2539694 -2.194716 ],[-2.46016    2.9216976],[-4.524697  5.040504],[ 0.37956905 -0.08909683],[-1.9008143  2.1999662],[-0.5763435  0.7845652],[ 1.335022  -1.1957377],[-0.06265642  0.41639894],[ 0.4597977  -0.19744822],[ 3.8246787 -3.9849732],[-0.69347423  1.0103894 ],[-1.0851703  1.4542476],[-2.943699   3.3615134],[-5.2223587  5.5641503],[ 1.7511204 -1.4511162],[-3.5037074  3.8285763],[-4.4480066  4.8514657],[-0.9650596  1.4088395],[-2.2528915  2.7667518],[-4.6537466  5.0731997],[-3.2510302  3.6684697],[-3.9413664  4.465671 ],[-2.1775076  2.639209 ],[-3.6316729  4.117063 ],[-2.8785584  3.137234 ],[ 1.0256411  -0.64606583],[-2.3004494  2.8293283],[-3.5581815  3.8139617],[-0.67200935  0.9365    ],[-0.5430396  0.8880605],[-2.2747629  2.4097528],[-0.10631299  0.3226559 ],[-0.15528369  0.49956337],[-4.271037  4.73574 ],[-0.89003575  1.2711666 ],[-5.022024  5.33479 ],[-1.5668616  1.9978758],[-1.7343656  2.1199377],[-0.3118448  0.7901442],[ 5.9144106 -5.8729706],[-2.8476348  3.214474 ],[-1.7256311  2.0003936],[-0.02858521  0.3689193 ],[-4.435052   4.8865967],[-0.8367417  1.2466503],[-0.29447466  0.5669225 ],[-4.659909   5.1573215],[-2.4590816  2.7611494],[ 2.2388358 -2.015132 ],[ 0.46920946 -0.23176318],[-1.9741983  2.3958511],[-4.685666   5.1396136],[-4.025508   4.4923906],[-1.9539618  2.2729301],[-2.5088935  2.9975178],[-3.2896638  3.7247353],[-1.4777583  1.987878 ],[-1.4204938  1.789056 ],[-4.8170805  5.3205967],[-4.1857343  4.663283 ],[-4.148959   4.6624603],[-0.1393182  0.4357226],[-2.7217016  2.9719825],[-0.7881711  1.10029  ],[-3.5789993  4.0124965],[-1.7287242  2.1315491],[-0.6219222  1.0033705],[-4.7956715  5.164245 ],[-1.0974334  1.6809998],[-2.2671142  2.4530988],[ 4.0404105 -3.9337416],[-0.09767894  0.4357132 ],[ 0.4447846  -0.22812441],[ 1.0695709  -0.78717285],[-0.57045966  1.0233994 ],[-4.3207703  4.724761 ],[-1.9134839  2.3529878],[-2.728137   3.2447524],[-1.3096833  1.6302695],[-0.8143699  1.2825042],[-2.6940637  3.148819 ],[-2.2266946  2.7322953],[ 0.45314544 -0.23667267]
[ 1.8580114 -1.6688817],[ 4.5410457 -4.523116 ],[ 1.1997552 -0.9401407],[ 1.6800103 -1.4698427],[ 0.6052001  -0.31555927],[ 2.9361591 -2.7563798],[ 2.0275705 -1.8874122],[ 2.6167345 -2.5769267],[ 0.33274394 -0.15670165],[ 3.0440884 -3.0923424],[ 3.7355917 -3.7974334],[-5.1059585  5.626882 ],[ 2.6942992 -2.6069815],[ 2.0946004 -1.933791 ],[ 2.370939  -2.2471788],[ 3.6331499 -3.5792966],[ 4.4931283 -4.534794 ],[ 2.0918927 -2.0254688],[ 2.8087375 -2.7317529],[-1.590611   1.9176985],[0.1146111  0.15683633],[ 4.4914503 -4.4699707],[ 2.320889  -2.3468754],[ 4.869136  -4.9994073],[ 2.0560322 -1.8541397],[ 0.74607027 -0.537715  ],[ 3.1360102 -3.1047955],[ 1.2361608 -1.1063215],[ 4.2624526 -4.119772 ],[ 0.9347934 -0.7183781],[-1.8395264  2.3809834],[ 3.900789 -3.928316],[ 0.71003634 -0.45324215],[-2.0522358  2.4254813],[ 0.71317154 -0.38799682],[ 0.8975394 -0.6614169],[ 1.3009032 -1.1385349],[-3.8610053  4.328975 ],[ 2.9600108 -2.8909287],[ 1.1657807 -1.0047172],[ 4.165971  -4.2552457],[ 0.95220035 -0.8934462 ],[ 2.0097013 -1.7489765],[-1.181961   1.4239839],[ 1.8276105 -1.7129567],[ 1.6788082 -1.5459225],[ 4.166079  -4.2483263],[-4.543117  4.967331],[ 3.902102  -3.6899977],[ 4.1963477 -4.2646813],[-1.3328956  1.7378209],[ 3.3667839 -3.3798516],[ 1.3464905 -1.1210716],[ 5.249982  -5.1811714],[-0.5262597  0.998996 ],[ 1.5228044 -1.3478414],[ 1.8259337 -1.5386789],[-1.4915475  2.043355 ],[ 3.5772943 -3.4221296],[ 3.8171263 -3.657354 ],[ 1.6479819 -1.447142 ],[ 2.4694588 -2.4045565],[ 3.993223  -3.9754605],[ 4.0028834 -4.0779743],[ 3.4299228 -3.2638707],[ 4.284655  -4.2300825],[ 3.8558083 -3.9531667],[ 3.9003892 -3.891629 ],[ 2.219524 -2.172604],[-0.0224725   0.35016373],[ 4.3555555 -4.2498846],[ 0.5245057 -0.2822012],[-1.568716   2.0136666],[ 1.8981736 -1.7301759],[ 1.68352   -1.4703265],[ 2.9673827 -2.7031772],[ 4.5419493 -4.585155 ],[ 2.839249 -2.735265],[ 3.2069068 -3.1550858],[-1.8074967  2.3077886],[ 2.948486  -2.9494433],[ 1.7642955 -1.5667355],[ 0.4444902  -0.21615565],[ 0.42221883 -0.08117554],[ 4.287555 -4.146103],[ 5.5554314 -5.4279275],[0.3298103  0.06107203],[ 5.1128473 -4.9378653],[ 0.43947163 -0.22429416],[ 1.5068862 -1.3966829],[ 5.904589  -5.8339725],[-1.0772111  1.4634863],[-4.609339   5.1087027],[-2.238277   2.6080961],[ 0.7151735  -0.38811225],[ 5.3057933 -5.18501  ],[0.3157295  0.02349861],[0.28032753 0.08101562],[0.14696641 0.18506306],[-5.091257   5.5166526],[-1.4562373  2.0452964],[ 5.254093 -5.196194],[ 5.5392337 -5.3734555],[ 0.94775563 -0.66342884],[ 0.6688864 -0.4328383],[ 1.9599122 -1.9159817],[-2.8914645  3.3194895],[ 4.5015187 -4.5091195],[-3.6161602  4.0274725],[ 2.529754  -2.4104977],[ 2.6312003 -2.5982208],[ 3.0870507 -2.968789 ],[-0.6910709  1.1794485],[-0.7083774  1.1096827],[ 3.765701  -3.6751025],[ 4.1759086 -4.227505 ],[ 4.405279  -4.5033345],[ 3.1795907 -3.0175653],[-0.18061101  0.532202  ],[-0.6877562  1.0166224],[ 0.4651718 -0.2641972],[ 1.1130971 -0.8463029],[ 4.234727 -4.235351],[ 3.771123  -3.8386087],[ 1.0281917 -0.7398932],[ 2.618764  -2.6430707],[ 1.1826628  -0.91414124],[ 1.8087206 -1.4714311],[ 1.7392253 -1.7099991],[ 6.010942 -5.904732],[ 1.2793003 -1.1122097],[ 1.4783967 -1.2876716],[ 3.5911758 -3.4986558],[ 1.9537942 -1.7712232],[ 3.6821609 -3.7949898],[ 3.520228 -3.38125 ],[-2.117141  2.495566],[-4.796805  5.317744],[ 2.0364442 -1.7099875],[0.16851506 0.08586778],[ 0.92786133 -0.53087723],[ 1.3022925 -1.2011774],[ 2.7939782 -2.6865888]
[-2.5741503  3.1661086],[-0.10193886  0.57568544],[-0.6053713   0.95503056],[-0.84174156  1.198365  ],[0.2034652  0.23195603],[-0.06444296  0.42283878],[ 5.406104 -5.240598],[-2.3325963  2.690489 ],[ 0.64694715 -0.39527628],[-0.5829916   0.90624064],[-0.67328477  1.043497  ],[ 0.28303927 -0.01467383],[0.19012253 0.15920359],[-2.8962805  3.2246673],[-2.4443169  2.9836967],[-2.2396436  2.770137 ],[0.26219693 0.07057073],[-3.0050995  3.3443532],[0.28890005 0.03637417],[ 1.7903833 -1.6296192],[ 0.60605735 -0.28836134],[-0.22524399  0.5716025 ],[-3.9505703  4.3817925],[-3.4106967  3.881059 ],[-0.8479928  1.1964947],[ 0.5272591  -0.23648843],[ 0.7882273  -0.41784364],[-4.5867214  5.1530714],[ 3.96804   -3.7004058],[-1.6037718  2.0749304],[-2.433686   2.9051247],[-2.397945   2.8577538],[ 1.4772956 -1.3925393],[ 0.62690985 -0.21131736],[-0.12830935  0.5668392 ],[ 2.120949  -1.9938853],[0.2830777  0.00531339],[ 0.46354303 -0.18082646],[ 5.382757  -5.2439876],[0.00635429 0.4045553 ],[-1.2527256  1.8232614],[0.20273757 0.17681718],[-0.5279545   0.97017777],[ 1.3376944 -0.9969899],[ 0.8032881 -0.5455055],[-1.7536002  2.3384876],[ 0.69578445 -0.36498362],[ 1.9819634 -1.7759211],[-2.480232  2.803123],[ 4.0486155 -3.987185 ],[ 3.4982738 -3.5392456],[-0.8034728  1.2821708],[ 3.4332452 -3.3844554],[-1.363653   1.7137969],[-0.40528476  0.77288216],[-1.1452425  1.7262158],[-0.68320173  1.0192988 ],[-0.29822284  0.711889  ],[-2.9972608  3.517659 ],[ 4.0039864 -3.9136012],[ 0.282831   -0.10351067],[-1.3581921  1.7902843],[-0.99766034  1.4282413 ],[ 1.1080168 -0.8249299],[ 4.967744  -4.8426714],[ 0.756165   -0.54623646],[-0.48779866  0.93274647],[-2.1083646  2.6709645],[ 0.5415822  -0.22475648],[-2.498218   2.9478214],[-4.0727963  4.5597315],[-2.4265401  2.8600285],[ 0.49089518 -0.23594764],[-1.8190061  2.3807526],[-2.0239508  2.6310945],[ 3.3491323 -3.2522266],[-2.9133916  3.2384446],[-4.0752306  4.4449835],[-1.764837   2.1069248],[-3.079051   3.5833325],[-1.754781   2.1454916],[-0.32876158  0.76382995],[0.04177795 0.3098059 ],[-2.2247355  2.5819147],[0.25416154 0.06750792],[ 4.973105  -4.8716874],[-0.4067208   0.72941786],[-0.44613883  0.7631406 ],[ 2.5723515 -2.6034997],[-0.39046857  0.7227119 ],[ 0.5205654  -0.16886729],[-2.8224146  3.1446636],[ 1.3381925 -1.0484947],[-2.9423995  3.196858 ],[ 3.6257958 -3.414468 ],[ 5.4808064 -5.177043 ],[ 0.68941003 -0.3047397 ],[ 0.6163842 -0.2322627],[ 1.3677014 -1.2241912],[ 2.1524363 -1.9026185],[-2.252724   2.4800296],[ 1.7386967 -1.5085626],[ 1.2423136  -0.91573524],[-2.2083054  2.5699544],[ 3.5228333 -3.2907758],[ 1.1993377 -0.9491032],[-1.7632354  2.1121888],[-2.393135   3.0364728],[ 0.69789255 -0.4507865 ],[ 1.3073578 -1.0400344],[-1.3354416  1.6512836],[-1.4914556  1.9410987],[-2.8304183  3.2513056],[ 0.581789  -0.4001075],[-1.370265   1.8110101],[ 1.3680995 -1.1927055],[-0.6649955  1.0935036],[ 3.4218745 -3.345806 ],[-0.21905613  0.59053236],[ 1.2879946 -1.0931405],[ 2.0881686 -1.9855591],[-1.2285917  1.8224895],[-0.20820773  0.57730365],[-2.1434312  2.7149246],[ 1.0529301  -0.79940903],[-4.917348   5.4023438],[-4.1595397  4.613014 ],[0.07260444 0.21503621],[-2.7466545  3.1702   ],[ 1.3200445 -1.0017601],[-1.1512657  1.6417714],[-0.8340299  1.1656904],[ 1.1971496 -1.030648 ],[ 2.1349363 -1.9466051],[-0.5619422  1.0305122],[-1.0829     1.3760034],[-1.6840026  2.0430942],[-0.07431017  0.48009154],[ 1.497273  -1.1512257],[-1.4533311  1.7713497],[ 3.1768856 -2.847183 ],[ 4.31368  -4.307961],[ 3.0162828 -2.922151 ]
[-0.5510964  1.0126514],[-0.5197418  1.082213 ],[ 1.7683932 -1.6404912],[ 1.5921495 -1.4290851],[-5.1531115  5.649896 ],[ 1.9195142 -1.7336991],[ 3.7318513 -3.557511 ],[0.09802126 0.1764085 ],[ 1.7935247 -1.5385672],[ 0.6935646  -0.25790486],[ 1.569073  -1.1803747],[-0.7188729  1.1031781],[ 1.0655257  -0.75115633],[ 2.43548   -2.2177846],[ 0.9538784 -0.7384312],[ 0.416926  -0.0554697],[-1.7769489  2.054415 ],[-0.46377447  0.81978464],[ 1.1065981 -0.8422543],[ 0.48394608 -0.23843116],[ 3.248052  -3.2213607],[ 2.2523477 -2.2230155],[ 2.7379305 -2.5790153],[ 5.0070066 -4.969489 ],[-0.65836155  1.1365429 ],[-1.4821377  1.9942948],[ 0.61069506 -0.37018043],[ 0.55702657 -0.2582701 ],[ 2.292871 -2.202836],[0.30943182 0.16277456],[ 1.1349291 -0.7502146],[-1.2311914  1.6246756],[ 2.0726013 -1.7698294],[ 0.5480645 -0.1411374],[ 0.4671604 -0.1294973],[-3.807608  4.19759 ],[ 0.4747928  -0.06348268],[-3.3277388  3.9645634],[ 4.3723836 -4.294446 ],[-3.2438946  3.7403352],[0.31857392 0.10129271],[-3.2619164  3.8446298],[0.11681749 0.26977685],[-2.0129967  2.2818308],[ 0.7826606  -0.53969777],[-0.13301729  0.630579  ],[ 0.857844  -0.5327013],[-1.2687407  1.8334045],[ 4.2797933 -4.128355 ],[ 0.58614945 -0.23168042],[ 1.2454565 -1.2071651],[0.02458997 0.46427473],[-2.8936024  3.4160132],[ 0.5705907 -0.3652732],[ 1.0555745 -0.8280553],[-0.09412432  0.46081147],[ 2.0152783 -1.7620573],[-1.5171832  1.9375048],[-2.402046   2.6758585],[ 2.240372 -2.062037],[ 4.211055 -4.08666 ],[0.3305511  0.01190584],[ 0.827207  -0.5551602],[ 1.5744561 -1.3028715],[ 0.88705707 -0.6253962 ],[0.09454747 0.248     ],[-0.25857544  0.777892  ],[-1.0933424  1.5706309],[-0.94446486  1.3355346 ],[ 1.060748  -0.8906857],[-0.6425727  0.9880276],[-0.65000284  1.1255324 ],[-2.5525331  2.958717 ],[-0.6921954  1.1812743],[-1.3326523  1.7683839],[ 0.8470839 -0.5187793],[ 4.36469   -4.3560243],[-1.0448112  1.4960246],[0.22000222 0.21440822],[-5.333816   5.7225146],[ 1.3120818 -1.1931062],[ 1.6786692 -1.544766 ],[ 2.0383887 -1.8503528],[ 1.9344115 -1.8051244],[-0.5182641   0.91753787],[ 3.0829887 -2.9338849],[ 1.9004154 -1.3998002],[ 4.100851  -3.8745902],[-2.1113942  2.5900755],[ 1.2608596 -1.0372554],[ 1.2034411 -0.9405757],[ 5.105106 -4.979379],[-0.21481436  0.72251076],[ 4.2249002 -4.1052976],[-3.48938    3.9049294],[ 2.133431  -1.8804268],[ 1.9723648 -1.9005219],[ 2.2127936 -2.2012098],[-1.3065242  1.9439002],[ 0.5808429 -0.3039793],[0.05627865 0.24606869],[-3.2245688  3.6473544],[ 0.8340608  -0.42058557],[-0.1516894  0.4268594],[ 1.7705536 -1.4926413],[-0.30072287  0.62988335],[ 0.72030467 -0.38229796],[-0.4991351  1.1898078],[-0.8616878  1.3118597],[ 2.1829975 -2.2006865],[ 0.5292631  -0.30120632],[-2.0260587  2.4655113],[0.21378249 0.16817111],[-3.9815733  4.5123954],[ 0.80360043 -0.42049763],[-1.0207033  1.5440629],[0.13683824 0.30506194],[ 2.9446573 -2.8866894],[ 2.565429  -2.3804266],[ 2.9367957 -2.847041 ],[ 0.4037158  -0.19641915],[-0.935892   1.4580729],[ 0.4947053  -0.09137124],[-2.169872   2.7495418],[-1.9721797  2.5722313],[-0.63236386  1.1077251 ],[-0.5649687  1.0176436],[ 1.1150454 -0.7778517],[ 0.8171413 -0.4283068],[-4.327323  4.793319],[ 1.0148486 -0.6249843],[ 1.0279049  -0.77435994],[-0.5961846  1.1343975],[ 2.307531  -2.2300072],[-0.32368004  0.9380408 ],[ 2.0282145 -1.7998408],[-1.3109947  1.7787336],[-0.33729252  0.9097362 ],[-2.9631352  3.410033 ],[-0.05852949  0.38291988],[0.24829026 0.09832966],[-3.004517   3.7747452],[-2.4200296  2.7741404]
[-2.4951062  2.8337235],[-1.609838   1.9765569],[-0.6935855  1.20764  ],[ 0.41760513 -0.06725217],[-0.31154734  0.8786678 ],[-0.24606928  0.65112484],[-1.4105568  1.7198048],[ 1.8825185 -1.6393299],[ 2.6606805 -2.4564972],[-0.6402088  1.1175476],[-0.761581   1.2252591],[-2.4936228  2.822661 ],[0.34236267 0.12196762],[ 0.3738272  -0.07653528],[-0.19112366  0.5023401 ],[-0.40777194  0.86243594],[ 0.7843037 -0.5222882],[ 2.5662751 -2.2869236],[ 0.5537446  -0.31076974],[ 1.0955915  -0.76517326],[ 0.31244782 -0.01142152],[ 0.5726739 -0.2816422],[-3.0437014  3.4182148],[-0.57350284  1.0141697 ],[0.23842263 0.0787724 ],[-0.54434663  1.0881943 ],[ 0.7018019 -0.4156598],[ 2.0509355 -1.7394631],[ 2.0862079 -1.8422676],[-0.20324188  0.5849169 ],[-0.80140936  1.4212722 ],[-1.9334794  2.3320894],[-1.750947   2.1270223],[-2.17732    2.6384475],[-1.2348992  1.6759851],[ 3.4175856 -3.1891525],[-1.4993919  2.122207 ],[-0.94537014  1.227747  ],[-0.0024087  0.3875105],[ 2.871532  -2.6761887],[ 0.72346115 -0.385509  ],[-4.251656   4.7365775],[ 1.1196595 -0.8329521],[ 1.837395  -1.4752916],[0.12032409 0.15941712],[ 1.044882   -0.77382076],[-2.4411464  3.0191157],[-3.599232  4.052889],[ 1.7535064 -1.4094285],[0.24820238 0.06020236],[-0.02110323  0.44458067],[-2.2622318  2.7275655],[-1.899162   2.3876567],[-3.057725  3.424782],[ 3.058543  -3.0410042],[ 1.0985006 -0.9073668],[-0.26953837  0.51823086],[-2.9624631  3.1444046],[ 5.1206656 -4.885479 ],[ 1.9730674 -1.8635706],[-0.7936773  1.2340477],[ 2.9930918 -2.885257 ],[-2.0857806  2.5178666],[-1.6108164  2.0975356],[ 3.6454215 -3.4789214],[ 0.4169714  -0.38015774],[-2.2625375  2.8567433],[ 1.510017  -1.0994612],[-0.3619589  0.7571497],[-2.1734605  2.5963173],[ 3.1146924 -2.7160726],[-1.3412935  1.8034779],[-1.4152341  1.9174263],[-0.9929356  1.4619186],[ 0.93779033 -0.5131312 ],[ 3.9999533 -3.8819542],[ 4.8982368 -4.8241134],[-0.01587845  0.40040314],[-1.4103029  1.7845547],[ 5.2377653 -5.005554 ],[-1.8992225  2.4213657],[-4.532904  4.976408],[ 1.4538705 -1.1398898],[ 1.2209797 -1.0490156],[0.09677175 0.36959398],[ 1.0765648 -0.8312627],[ 1.3307009 -1.0667673],[ 3.5314171 -3.4682713],[ 1.2022053 -1.0593002],[ 1.2329408 -1.0857276],[ 0.89084995 -0.5848344 ],[-1.493253   1.7993463],[-2.0118852  2.3525085],[ 3.7597897 -3.596111 ],[ 2.1866283 -1.9620608],[-0.16068107  0.5774498 ],[-4.6027308  5.164864 ],[-4.475184   5.0415545],[-3.9064815  4.297873 ],[-1.8398988  2.2733257],[-1.68346    1.8584149],[ 4.219485  -4.1095147],[-0.02370551  0.30422154],[-0.6478228  0.9983046],[0.25047573 0.03859778],[ 0.93981785 -0.67446095],[ 0.943345  -0.5524208],[ 0.69484407 -0.3973273 ],[-0.7748537  1.3927274],[ 1.5318573 -1.3777725],[ 0.39378217 -0.08529792],[ 2.1328843 -1.9315788],[-2.1966066  2.43175  ],[-0.81516415  1.2575259 ],[ 1.2266146 -0.9067372],[ 1.1500949 -1.0716995],[0.09875546 0.35647365],[-0.20408076  0.66742414],[-0.6294443  1.0399855],[-0.98097354  1.4714996 ],[-2.724421   3.1757612],[-1.524905  2.048852],[ 2.787013  -2.7129745],[-2.509023   2.9527936],[-2.129004   2.6223173],[-1.6906861  1.9786404],[-1.9564903  2.2477674],[ 2.8356404 -2.6142051],[0.11042687 0.2055006 ],[-0.8877104  1.298933 ],[-3.872902   4.2395983],[-0.44427326  0.7805016 ],[-2.0057566  2.4401536],[ 2.542968  -2.3267374],[-2.8589957  3.3796186],[-0.12051933  0.51284665],[0.1125598  0.14753559],[-0.6160877  1.0181882],[ 3.645191 -3.277546],[ 0.595013   -0.28761542],[ 1.3530105 -1.0185665],[-5.58845   6.035359],[0.22360896 0.03696617]
[ 1.7426794 -1.4239328],[ 0.6718199  -0.41179353],[-1.7385769  2.1883593],[-1.0043901  1.4696288],[-4.6414604  5.0670333],[-0.1448752  0.5066325],[-2.211506   2.5384104],[-1.7277162  2.1659522],[ 4.1252007 -3.9974382],[-1.8009976  2.280561 ],[-0.9441927  1.3391683],[ 1.7611307 -1.5659351],[-0.03244868  0.36717477],[-2.6854131  3.1379635],[ 0.577385   -0.32701072],[0.00748085 0.32622546],[-0.87346995  1.1519018 ],[-1.2516264  1.4906582],[-3.3544269  3.901694 ],[-1.6334474  2.0199292],[ 2.3178294 -2.1957562],[-1.3694147  1.9151694],[-0.15252218  0.55300677],[-0.8226434  1.2908729],[-0.951938   1.3416047],[-1.6187382  2.1250405],[ 0.86422783 -0.7589641 ],[ 1.9064368 -2.0308113],[ 1.4856751 -1.2807188],[0.10177752 0.2537271 ],[-4.926261  5.48468 ],[-0.57533675  0.8860035 ],[ 1.7096696 -1.5549401],[ 0.84432346 -0.5339787 ],[ 3.0254753 -2.8915336],[-0.9004776  1.2516701],[-5.7342257  6.172319 ],[0.15483396 0.21780258],[ 1.215462  -1.0591596],[ 1.6751599 -1.4840701],[-3.659931   4.0910697],[-0.5818191  0.8818437],[ 2.3072844 -2.204393 ],[ 5.8516455 -5.8108826],[ 2.091365  -2.1029387],[ 0.5934695  -0.34986448],[-0.04231687  0.57032794],[ 3.0657866 -2.9214852],[ 1.6144147 -1.4012167],[ 3.0694184 -3.0261977],[-4.472479  4.960639],[ 0.3379519  -0.04813683],[0.10221207 0.316625  ],[ 3.622844  -3.3954496],[ 1.2916541 -1.1222299],[ 1.0470928 -1.0769893],[ 2.1435714 -1.7874928],[-0.26200864  0.6400979 ],[ 3.2251503 -3.1714723],[ 1.9353738 -1.9130341],[-4.7256694  5.105709 ],[0.12768024 0.21222869],[-2.5274992  2.79363  ],[ 0.8316549 -0.5725159],[ 2.2326183 -2.1144826],[ 2.9391863 -2.8977394],[-4.950867   5.4436016],[-0.02606357  0.3696341 ],[ 5.8719573 -5.868521 ],[ 1.8449854 -1.5658982],[ 2.4305227 -2.3689835],[ 0.91821223 -0.7266555 ],[-0.90326756  1.3472222 ],[-0.2122199  0.6016055],[-0.15764458  0.44750905],[-1.6393648  1.975684 ],[ 0.22677968 -0.04404439],[-0.72952557  1.1547899 ],[ 3.2377532 -3.2711284],[-2.763537   3.0363977],[ 0.97447294 -0.71268785],[ 3.897765 -3.804215],[ 0.43238398 -0.20501691],[-0.9080463  1.2386427],[ 4.4332685 -4.5535975],[ 1.4798545 -1.2319221],[ 1.898616  -1.8261008],[ 3.2572134 -3.0203907],[ 2.6018317 -2.5362818],[-1.9282103  2.3964455],[ 3.0633473 -2.808451 ],[ 5.801176 -5.869908],[ 4.10447   -4.0500636],[ 1.3756249 -1.1757448],[ 0.93948734 -0.65115017],[ 4.0830636 -4.0999665],[0.0973717  0.35231084],[0.34545204 0.02263566],[ 2.2532008 -2.2029119],[ 0.8145579 -0.6009202],[ 2.4319909 -2.2701435],[ 4.9559193 -5.0259347],[ 3.051989  -2.9847353],[ 2.0061731 -1.9901271],[-3.3468606  3.6198628],[ 1.5656661 -1.5846673],[ 2.8017635 -2.5391116],[ 2.2952728 -2.2630334],[-4.633093   5.1780076],[ 0.85638535 -0.7962376 ],[ 2.2527676 -2.1803367],[ 3.2839804 -3.274744 ],[-2.0512176  2.3319557],[ 1.9196974 -1.8208648],[-1.298922   1.8111644],[ 0.8275615 -0.7087441],[-2.8236482  3.4211655],[ 3.0161257 -2.9403245],[-0.10548525  0.49589786],[ 0.82871944 -0.68986285],[-0.8102312  1.1871477],[-0.8729715  1.2957071],[ 1.5864196 -1.3860656],[-0.96663195  1.4131875 ],[ 0.59626263 -0.21726719],[ 4.19962  -4.094655],[ 4.214536  -4.0139794],[ 4.3169875 -4.1521316],[-0.6390562  1.0333178],[ 5.8193426 -5.669599 ],[ 3.8235493 -3.7849772],[ 1.0137796  -0.78092664],[-0.2255365   0.57942915],[ 3.4148304 -3.3391037],[-0.07460888  0.38915545],[ 2.3337343 -2.1998885],[-0.01328055  0.41074076],[ 0.49287668 -0.18601397],[ 2.030553  -1.9321271],[ 1.6528958 -1.4506721],[ 2.045684  -1.7878699],[ 3.0899854 -2.8457878],[ 3.0510428 -2.955111 ]
[ 3.4084826 -3.3616717],[ 1.6357322 -1.3973628],[-2.339603   2.7551563],[ 2.0418475 -2.058119 ],[-2.5846498  3.1601381],[ 4.14902  -4.237278],[ 2.0665166 -1.8211418],[-1.1507027  1.650949 ],[ 5.245422 -5.117097],[-0.89700824  1.4228622 ],[-0.07279132  0.48570904],[ 1.6879404 -1.552665 ],[-2.6234457  3.1945968],[-1.1754113  1.6407118],[-0.5566236  1.0063182],[0.00643663 0.39253357],[0.37244952 0.06315617],[ 1.932379  -1.7980233],[-3.9989412  4.527369 ],[ 0.90893865 -0.5634129 ],[ 2.9465775 -2.9263737],[ 2.088791 -2.195878],[-2.595806   2.9884207],[-4.5554934  5.160865 ],[ 4.8886967 -4.861839 ],[ 0.9089192  -0.74616116],[ 1.4172494 -1.3679434],[ 0.6237917 -0.4438323],[ 1.0316675  -0.76712406],[-2.4407625  2.978341 ],[0.2497133  0.19563374],[ 1.180295 -0.790857],[-0.5702069  1.091607 ],[-3.7291558  4.293338 ],[ 4.1061234 -4.1744103],[ 0.4825488 -0.175289 ],[ 3.5262213 -3.427121 ],[-2.1407564  2.742146 ],[ 1.4136808 -1.1407553],[ 1.7491999 -1.5450056],[ 0.8454894  -0.65841097],[ 1.790344  -1.7981945],[-0.7808401  1.3313588],[ 5.765438 -5.685999],[ 1.9138781 -1.9048326],[-1.9150656  2.383121 ],[-3.8018277  4.457076 ],[ 4.3418355 -4.3859534],[ 4.4803133 -4.641469 ],[ 1.0610366  -0.90407467],[-0.2309759  0.7633391],[-1.440465   2.0166776],[ 3.2552118 -3.2788928],[ 3.6263316 -3.771571 ],[-0.0693095  0.3879274],[ 2.3042238 -2.4214268],[ 0.51154816 -0.14234357],[-1.5010521  1.6932398],[ 3.6320615 -3.6428227],[-0.5016756   0.96055776],[ 4.591341  -4.4836965],[-2.5483384  3.1718416],[ 3.9854991 -4.070883 ],[ 2.4773374 -2.5121403],[ 5.116159  -5.1332173],[ 1.1092972 -1.0887624],[-0.9370114  1.4240501],[-1.1663454  1.7198136],[-3.1343381  3.7801323],[ 0.2554018  -0.00739468],[-1.1597062  1.6814293],[-1.5548725  2.0263536],[ 1.3071191 -1.1370499],[-2.7562773  3.3125522],[-1.3598796  1.9962667],[ 4.483512 -4.514451],[ 0.6523968  -0.33367392],[ 2.1618004 -2.175963 ],[ 1.3399256 -1.1936057],[ 0.90208966 -0.6466313 ],[ 4.2655063 -4.344897 ],[ 0.8224803 -0.7422869],[-0.99436563  1.5614158 ],[ 0.43730435 -0.17024347],[ 1.6590406 -1.6319263],[ 2.0595956 -1.846702 ],[-1.2456033  1.5806174],[ 3.9006574 -3.9073026],[ 0.36774874 -0.17442498],[ 1.3847828 -1.2912209],[ 4.302208  -4.2333846],[ 2.1972451 -2.2381024],[-0.77176577  1.252111  ],[ 4.4800158 -4.5462904],[ 4.8718047 -4.8817644],[ 4.0575194 -4.052529 ],[-4.2974253  4.939488 ],[-4.1753516  4.8432827],[-0.86460066  1.2799917 ],[ 1.1888489 -0.9642618],[-0.12588091  0.37430203],[ 1.5563813 -1.3972967],[ 3.938396  -3.8726978],[ 2.3169992 -2.2727168],[ 4.1727414 -4.192259 ],[-0.6807237  1.1689849],[ 2.2339818 -2.2910511],[-2.6621413  3.3642535],[-1.3462554  1.8677785],[ 1.2211124 -1.1225674],[ 4.067189  -4.1879916],[ 3.9716475 -4.0949855],[-2.1921153  2.630884 ],[ 3.8837237 -3.945292 ],[-2.023239   2.4839303],[ 2.30461  -2.253411],[-2.5049312  3.0720742],[ 0.45321524 -0.16077235],[ 0.7993852 -0.6713951],[-0.6311334  1.1340184],[ 2.9497526 -2.8977652],[ 1.8498226 -1.8553343],[-2.27408   2.801997],[0.12637633 0.2888458 ],[-0.63887066  1.1625941 ],[-0.8199102  1.2892424],[-0.06998213  0.33798447],[-0.17851262  0.47895816],[-0.5954908  1.0761797],[ 1.6043136 -1.4878287],[-1.9731753  2.565037 ],[-0.87408733  1.3882505 ],[ 3.428207  -3.3793356],[ 5.4229016 -5.3691   ],[-0.26590356  0.80385363],[ 1.5626353 -1.4805249],[ 2.2191484 -2.0681136],[-1.4702443  1.8541366],[ 2.9302197 -2.9038177],[ 1.3913261 -1.2627156],[ 4.235733  -4.2143106],[ 1.5108743 -1.35891  ],[ 3.612521  -3.6530035]
[-3.9465997  4.377662 ],[-5.2467504  5.753805 ],[0.29263788 0.09104585],[-5.013023  5.51436 ],[-3.982313   4.2596164],[-5.1230154  5.649615 ],[ 1.7263849 -1.6998816],[-1.0573449  1.6664149],[ 1.7697645 -1.5794494],[-0.9245991  1.5671593],[-0.27556005  0.7846654 ],[ 2.8947353 -2.9245589],[-2.0234227  2.6274974],[0.0157992  0.33289453],[-0.3293836  0.8041885],[-1.3108959  1.9116637],[-1.9290756  2.411386 ],[-0.04229114  0.59703916],[ 0.857137  -0.5461684],[-2.6664844  2.90398  ],[-2.697789   3.3718095],[-1.4445425  2.1064568],[-1.6591433  2.1919634],[-4.1136546  4.4684525],[ 4.806416  -4.8308992],[-2.8605304  3.4145901],[-1.9098195  2.6155798],[ 1.8897326 -2.1113079],[-0.2190355  0.7370392],[ 0.56054306 -0.18775976],[ 3.1461723 -3.130088 ],[ 1.5408868 -1.3859929],[-2.876695   3.4077587],[ 4.008452  -3.8728802],[-3.4169917  4.0920343],[-0.51690096  0.9875144 ],[ 2.3861759 -2.0967603],[-1.2082157  1.7421956],[-0.58505833  1.1097974 ],[-4.4014463  4.89022  ],[-3.5273192  4.095875 ],[-0.90717506  1.3198992 ],[-4.999672  5.549727],[ 1.4057653 -1.0153474],[ 0.87526625 -0.79715765],[ 1.290855  -1.0391252],[ 0.59404    -0.08619925],[-1.2030656  1.627914 ],[-3.4402316  4.0592165],[-1.0644071  1.73794  ],[-0.02130358  0.40775824],[-2.0189998  2.5854878],[-3.379696   4.0676675],[-2.7077138  3.328081 ],[-3.7068226  4.219187 ],[-2.4769418  3.1696117],[ 5.870655  -5.7577176],[-0.44094685  0.68637294],[-0.84425396  1.3381616 ],[-1.4890739  2.1736686],[ 3.0045033 -2.8673308],[-2.1154592  2.6635025],[-4.3566384  4.796649 ],[ 1.751495  -1.6559677],[ 1.4221259 -1.3014871],[-0.4513611   0.78062654],[-0.51105183  0.9323935 ],[ 0.72377884 -0.46564752],[-3.7919316  4.40166  ],[-2.5657175  3.1071491],[ 2.4965584 -2.5112007],[ 1.5097998 -1.3114984],[-3.03743    3.5712328],[-3.6950672  4.036243 ],[ 0.87920886 -0.7844336 ],[ 1.52711   -1.2350278],[-1.8973792  2.5067806],[0.02088337 0.37678197],[-1.8727376  2.5621915],[ 0.37044665 -0.03707322],[ 0.8421514  -0.57543665],[-1.5657928  1.9861904],[-1.708569  2.436714],[ 0.2766713  -0.00665597],[ 1.743216  -1.6978126],[-2.2672248  2.971976 ],[-0.2556573   0.92513585],[-4.6025314  5.2224927],[-4.3476176  4.8732843],[0.04162097 0.33880705],[ 2.8191981 -2.4886985],[-0.37300956  0.73893386],[ 4.0870953 -4.015752 ],[-2.9138    3.549169],[ 2.1913655 -2.0661688],[-2.1893828  2.9535341],[ 3.1532724 -3.0403328],[ 2.9455435 -2.860675 ],[ 1.2094601 -1.0827676],[ 2.0445685 -1.8560922],[ 5.618917  -5.4388056],[-3.5828388  4.2637615],[0.33854318 0.08779994],[ 3.9327548 -4.0849423],[ 1.0781337  -0.81063485],[ 4.532977  -4.6823435],[-4.7820897  5.3722835],[0.32253456 0.09916607],[ 1.3122975 -0.9902027],[-2.582542   3.2382443],[ 2.1460633 -2.1209574],[ 1.7165924 -1.6345037],[-0.3253177  0.8513411],[ 3.6042252 -3.7557957],[ 0.43047467 -0.07020801],[-4.0030046  4.5759335],[-3.276146   3.8291454],[-2.7711937  3.607579 ],[-0.74230564  1.3195045 ],[-1.280367   2.0161738],[-4.1961803  4.7686405],[-4.008563   4.4660025],[0.13685867 0.36162433],[ 0.74209166 -0.46578053],[-0.2030491  0.583775 ],[-2.3221478  2.8779793],[-1.5100468  1.8954389],[0.27023458 0.10782117],[-0.9419094  1.566783 ],[-5.2524242  5.817603 ],[ 0.46914688 -0.06715646],[-1.010271  1.585331],[ 1.131235  -1.0146052],[ 1.7658422 -1.59249  ],[-4.69523   5.301873],[ 1.2447027 -0.969911 ],[ 0.38902116 -0.01595108],[ 0.5264787  -0.25907427],[-1.4498327  1.9398506],[-1.7867769  2.2649233],[-0.57930726  0.9365795 ],[ 1.5670903 -1.4163158],[0.04314488 0.24426305]
[0.022766  0.4808947],[-1.6355877  2.1258302],[-3.0119371  3.4823186],[-0.51111335  1.0611138 ],[ 1.8446016 -1.5610983],[-1.1399349  1.7639717],[0.30274975 0.06957629],[ 2.5274498 -2.3566473],[ 1.575634  -1.4465911],[-0.90603155  1.5725106 ],[-2.6905546  3.298769 ],[ 2.5035322 -2.547227 ],[-2.408063   2.9814641],[ 1.6936474 -1.4558715],[-3.6082258  4.073821 ],[-3.8038437  4.456972 ],[ 0.8565617  -0.47750205],[-1.1519688  1.6636134],[-1.4920486  1.974023 ],[ 0.67361766 -0.30167675],[-0.14008853  0.6717622 ],[-1.4786777  2.1420188],[ 1.5222847 -1.2879623],[ 2.8441062 -2.6802368],[-3.5103831  4.091787 ],[ 0.48179117 -0.20195493],[-3.2560477  3.9321725],[-0.107517   0.5504969],[-0.39680985  0.87856996],[ 0.42181644 -0.09284395],[-0.80557007  1.262506  ],[-2.1397889  2.516851 ],[ 1.8329562 -1.6896116],[ 3.4744742 -3.5570967],[-3.7871563  4.350463 ],[-0.9379509  1.5453228],[0.01571118 0.46477237],[ 1.4685607 -1.1909101],[-2.461902   3.0706956],[ 0.76349455 -0.39620072],[-2.5427113  3.025941 ],[-0.04837545  0.4001679 ],[-2.3169837  2.7130482],[-2.6342883  3.2803245],[-0.09238635  0.55141246],[ 1.8991803 -1.6338348],[-0.79094803  1.4692103 ],[ 2.4243577 -2.4621375],[-1.2769794  2.0152528],[-4.7815957  5.412517 ],[-1.7519039  2.2628982],[-3.9015718  4.388077 ],[-0.5152484  1.0375719],[ 0.76702464 -0.40693328],[-1.1541605  1.5381045],[-4.8067536  5.3278008],[-2.7118852  3.082444 ],[ 5.6505923 -5.5402665],[ 2.0284805 -2.0761187],[-1.426629   2.1020129],[ 2.267109 -2.126782],[-4.074315   4.5726438],[-0.7548397  1.2136877],[0.1489999 0.2752008],[-2.1407194  2.7418978],[-0.324454   0.7039593],[-0.19654581  0.7547751 ],[ 0.8165217  -0.50529045],[-4.1996512  4.7366557],[-0.38383904  0.6641799 ],[ 2.9278626 -2.9574897],[ 2.5955954 -2.4667997],[ 3.958588  -4.0144506],[ 5.3950105 -5.369623 ],[ 0.59427506 -0.3705185 ],[ 1.9658542 -1.8349271],[-3.2578704  3.7799318],[ 1.0325531 -0.8013856],[-3.636317   4.2111626],[ 0.86546886 -0.6892457 ],[-5.525283   6.0160623],[ 2.7977211 -2.7451768],[-2.6111069  3.2467198],[ 0.8779873  -0.47876748],[-0.05314306  0.62063664],[-0.42678368  1.0531315 ],[-3.5303829  4.0330305],[-0.51531756  1.1377281 ],[-0.09402813  0.4521548 ],[-3.0044842  3.6810842],[ 1.5954131 -1.3369256],[-2.2769926  3.0741892],[ 4.622682 -4.755523],[-3.95067   4.524182],[-0.8083057  1.3201796],[-3.3091633  3.9782858],[ 1.2046117 -1.0201125],[ 1.0103552 -0.8130668],[-0.50977814  1.0024893 ],[ 3.371842  -3.3838747],[ 4.685516 -4.750601],[-4.0538974  4.7762284],[-1.2056342  1.7582318],[-0.9986648  1.6854538],[-2.8545778  3.5597756],[ 0.76444256 -0.5682028 ],[-3.2958944  3.7417784],[-5.202457   5.7263064],[-0.4244418   0.99029994],[-4.8015685  5.3956375],[-0.5612169  1.067868 ],[-0.5882085  1.1813214],[-0.92039555  1.3645244 ],[ 2.8376946 -2.8922815],[ 0.8172611 -0.5213771],[-3.3411767  3.9123638],[0.28966495 0.20443952],[-2.77215   3.414794],[-2.9197395  3.193284 ],[-0.3171609  0.8015056],[-3.1694903  3.711583 ],[ 0.813072   -0.45881572],[-3.6859848  4.1273923],[-1.2197759  1.6999223],[ 4.489391  -4.4760213],[-0.982161   1.4476647],[ 4.318087 -4.104064],[ 0.999135  -0.7445521],[-1.3922315  2.0758545],[-0.30964467  0.71628094],[ 1.2488976 -1.0577706],[-1.134749   1.6872823],[-4.1626945  4.882677 ],[-0.58757627  1.1048195 ],[-3.1019795  3.636469 ],[-3.343548  3.911842],[ 1.2689421 -1.0156963],[ 4.117143  -4.2177625],[-3.020503  3.513281],[ 0.41160375 -0.07000245],[ 5.4608793 -5.412423 ],[-3.2415054  3.5547142],[ 1.6531727 -1.5072829]
[ 0.64116484 -0.37604702],[ 1.2107042 -0.9568893],[-0.65354466  1.115947  ],[-0.7896499  1.2633976],[-3.1201346  3.5996199],[ 2.5130556 -2.636593 ],[ 3.9948626 -3.7949722],[-1.8795415  2.4326875],[ 0.8094462 -0.6430663],[-2.9063985  3.4091551],[ 0.4711573  -0.03481004],[ 1.3334062 -1.2349534],[-1.6485469  2.1805847],[ 0.38257223 -0.10224403],[ 0.40587875 -0.1719523 ],[0.26609552 0.00604191],[-2.2413485  2.6109815],[-1.4891171  1.9168446],[ 2.075369  -1.9598112],[ 0.69788814 -0.464274  ],[-0.33000192  0.9187677 ],[-1.8252795  2.44497  ],[ 0.5069451 -0.3644436],[-1.3067579  1.8026668],[ 4.55789   -4.6223836],[ 4.5615954 -4.6635528],[-0.4615411  1.0060058],[ 0.47490075 -0.31024644],[-2.4067585  3.0763364],[ 1.0752392 -0.8554322],[ 5.5154233 -5.5714135],[ 1.3569224 -1.1240983],[ 1.1823682  -0.86383635],[-0.25386655  0.81691015],[ 2.618938  -2.3945525],[-1.7564098  2.2252698],[-3.1579247  3.4619644],[-1.5709484  1.8133149],[-3.1472366  3.6903644],[ 5.217908  -5.0202317],[ 1.0117184 -0.7879991],[ 1.0652574 -0.8795075],[ 1.0058423  -0.76393116],[-2.5244787  2.8058493],[ 2.5696769 -2.6308377],[-0.3798982  0.7801097],[-2.1862159  2.8756032],[ 3.5308    -3.5292175],[ 1.6848307 -1.5879524],[-4.191722   4.6746955],[ 0.4857611 -0.3277326],[ 0.66462874 -0.4931532 ],[-0.7171623  1.3011472],[ 2.1396344 -1.8582827],[ 0.8373656 -0.6437302],[-1.096962   1.5819645],[ 1.9803092 -1.7024494],[ 5.807853  -5.7334914],[-1.7387465  2.4077704],[-3.0425997  3.6838555],[0.04275841 0.26543388],[ 1.456129  -1.2952392],[-0.02061611  0.45523542],[ 4.158179  -4.3023725],[-0.291823    0.68526226],[ 0.39714354 -0.19522095],[-1.069095   1.3620985],[-0.36911154  0.93816257],[0.04009663 0.28990367],[0.26517713 0.05365283],[-2.4455538  3.157482 ],[-0.21707955  0.7949026 ],[-3.1094759  3.5726745],[-1.8944914  2.385676 ],[-1.4465728  2.1170845],[ 0.6273136  -0.44611886],[ 1.4056426 -1.239024 ],[ 2.4264648 -2.417917 ],[ 1.8450923 -1.618189 ],[0.18994448 0.20234433],[ 5.379575  -5.2487016],[ 1.2731984 -1.1133826],[-2.9761899  3.3570838],[-0.5967468  1.0919918],[ 2.2449794 -2.2534122],[-4.3696537  4.8811283],[0.24292484 0.22341654],[-0.408361   1.0457451],[ 0.60134155 -0.50934064],[-3.1967914  3.6130903],[ 2.485025 -2.45226 ],[-2.721758   3.3338125],[-5.214487   5.7683864],[ 3.9102783 -3.9590635],[ 2.1376183 -2.1025763],[-1.9594233  2.5992992],[-4.072962  4.629321],[-3.9715645  4.5603676],[-0.9626021  1.6367645],[-5.1768193  5.811246 ],[-0.92861396  1.5215762 ],[-4.559993  4.971573],[ 2.3417099 -2.1756256],[ 1.0315063  -0.93498766],[-1.6211995  2.0215054],[ 1.3245945 -1.2337434],[ 1.5337706 -1.2587423],[-0.0115139   0.60823214],[-2.6088402  2.8353498],[-0.8307169  1.1795924],[ 0.69528866 -0.5529127 ],[ 2.4758542 -2.5433686],[ 1.8158889 -1.5421886],[-1.747502   2.4049273],[ 0.4039335  -0.11053047],[ 0.7905506 -0.5812073],[-1.5391442  2.0309393],[-2.6197646  3.2042928],[ 0.45607913 -0.144912  ],[ 1.6795446 -1.4991707],[ 0.21181381 -0.03254134],[ 1.0796627 -0.760684 ],[-1.0669348  1.6357688],[ 3.0871415 -2.905515 ],[-0.4321553   0.88488585],[0.23231074 0.10358325],[0.21701467 0.04157647],[-0.37146857  0.76367074],[ 0.32144716 -0.02825116],[ 4.1646805 -3.9157853],[-1.283825   1.8165826],[0.21357653 0.2027632 ],[-4.061729   4.5872946],[ 2.1470962 -2.0508142],[ 0.5682428  -0.25017333],[-0.8098483  1.2846202],[ 1.4743776 -1.1115222],[-2.5919948  3.0812428],[ 2.9879777 -2.966536 ],[ 3.5409038 -3.2682347],[-0.710456  1.210089],[ 0.62161636 -0.35128945],[ 4.307834 -4.302908]
[-1.7664403  2.3343124],[ 0.6691563  -0.45579192],[-0.8583506  1.2384287],[-1.764345   2.3600178],[-3.5809007  4.0645237],[-3.34883    3.9669948],[0.2270453 0.2851381],[-3.3348048  3.8768208],[-4.1555405  4.7385435],[-2.2063522  2.7490575],[-2.2916677  2.6861854],[-0.8987518  1.269926 ],[-2.900767   3.4854982],[-3.942825   4.5204525],[-0.3805752   0.68520534],[-2.25212    2.7016923],[ 0.7169495 -0.3784064],[-3.3968585  3.7973738],[-4.1012836  4.580938 ],[-2.9495416  3.4117317],[-4.2245064  4.855111 ],[-2.8865674  3.4363558],[-0.749601   1.2553378],[-1.2926965  1.7930254],[-6.052198   6.5456467],[-3.8110764  4.40387  ],[-3.919791  4.514686],[-4.38297   4.896332],[-2.1865973  2.7058752],[-5.001981  5.486648],[-5.3209195  5.8683233],[ 3.1280909 -3.0105882],[ 1.0695285 -0.796973 ],[-3.5340457  4.0570555],[ 2.3587158 -2.207739 ],[-0.24869907  0.6237777 ],[-1.824728   2.1711287],[-1.5213289  2.0102665],[-0.92496186  1.4949217 ],[ 1.191747  -0.8881213],[-1.4209913  1.8297145],[ 0.45842144 -0.2970039 ],[-2.1419222  2.6203773],[ 1.1153741 -0.8500199],[-4.5103135  5.0334864],[-4.6408    5.143021],[-4.7811255  5.260456 ],[-3.45676   4.116485],[-5.2478423  5.795106 ],[-1.7265193  2.1985722],[-1.1820289  1.5407202],[0.10988787 0.30672535],[-3.2447479  3.7683332],[-1.1571873  1.4973501],[-3.332047   3.9628901],[-4.0997667  4.5379176],[ 3.251271  -3.1575665],[-0.15555769  0.52352697],[-4.158296  4.820572],[-3.3980336  3.9379568],[-3.34536    3.8501618],[-1.780445   2.3149898],[-2.6315355  3.0337377],[-4.6744523  5.2457857],[-4.455313  5.002621],[-1.5211141  2.167452 ],[ 0.6140557  -0.33661145],[-4.9470787  5.4224906],[ 0.98457736 -0.90218914],[-0.05654414  0.22175583],[-4.4706087  4.991555 ],[-1.7414848  2.2907624],[0.22397088 0.20112294],[-0.01031129  0.40405026],[-4.545859  5.110732],[-5.406883  5.949467],[-4.0374174  4.536412 ],[-4.5371165  5.1312666],[-2.5493073  3.002254 ],[-0.56756186  0.9082976 ],[ 1.0668315 -0.8815838],[-2.35036    2.9882736],[-2.5088477  2.9865527],[-3.4318082  3.96354  ],[-5.301422  5.826499],[-3.6294081  4.171695 ],[-2.3456051  2.8681204],[-4.2035675  4.721975 ],[-3.0028436  3.6183805],[-1.9919221  2.3151808],[-3.6780634  4.2797   ],[-3.4507265  4.0069885],[-1.2516929  1.8515594],[-2.637455   3.2551627],[-5.9034286  6.3987613],[-2.766574   3.4291227],[-3.4543211  3.9287038],[-3.5537288  4.042928 ],[-5.400283   5.8306017],[-1.5096158  1.9622067],[-3.8324459  4.3988566],[0.33382055 0.1162133 ],[-2.5913887  3.1767328],[-4.1668835  4.7413435],[-0.33301297  0.6812214 ],[-4.8408213  5.40118  ],[-2.8333383  3.3279157],[-5.332394  5.785024],[-0.1775365   0.43708822],[-1.0243773  1.4543415],[-4.6745605  5.1503716],[-5.1282845  5.678374 ],[-1.3140999  1.6603733],[-4.7404575  5.3372936],[-4.14386   4.685794],[-3.397855   3.9592488],[-4.8041887  5.171219 ],[-0.5634092  1.1370414],[ 1.9177551 -1.832992 ],[ 0.6361183  -0.31746453],[-1.8910987  2.4204214],[-1.5961592  2.0793273],[-1.8624128  2.3863802],[-3.7131078  4.272373 ],[-2.533474   3.0422757],[-0.80381936  1.0734609 ],[ 1.9083738 -1.677761 ],[ 0.75536996 -0.4863665 ],[-2.8624141  3.326388 ],[0.34170455 0.08665127],[-4.1255274  4.691541 ],[-1.1686629  1.7563233],[-0.27965876  0.6995784 ],[-4.153882   4.7636456],[-0.3574297  0.8311526],[-1.0639249  1.6365707],[-2.7609036  3.2773654],[-0.6568355  1.2033324],[-1.4634016  2.0474532],[-3.1890423  3.612689 ],[-4.147342   4.7272363],[-2.3264441  2.807505 ],[-1.4389278  1.9479306]
[-1.8651882  2.2981205],[ 0.8063098  -0.66237706],[-1.0726933  1.6585289],[-4.260617  4.80373 ],[-1.2750925  1.7423762],[-3.5500906  4.07963  ],[-1.833129  2.258309],[-2.2169127  2.7617314],[-3.3746262  3.8973696],[-1.763073   2.2386413],[-1.12673    1.5891191],[-1.5709432  2.0575943],[-1.179623   1.6434758],[-0.9104451  1.4772458],[-1.3282965  1.7332641],[-1.1845447  1.5427059],[-2.7060778  3.2853038],[-0.16711922  0.47694024],[-1.0475115  1.5919358],[-3.025925  3.382068],[-3.8523896  4.308843 ],[-2.7705944  3.3533492],[-1.6753066  2.306397 ],[-3.3912518  3.7822769],[0.00228292 0.47609738],[-3.0545745  3.5621562],[-4.7476196  5.2355924],[-1.9005036  2.3885655],[-4.50045   5.101962],[-1.359855  1.878963],[-0.857658  1.39053 ],[-0.16936111  0.54445624],[-2.139231   2.6794147],[-1.7179474  2.1310155],[-4.0914035  4.512562 ],[-2.42003    2.8657575],[0.23610252 0.12700546],[-0.07478008  0.52351034],[-2.195055  2.645461],[-4.873424   5.4517612],[-1.2253633  1.7174433],[-1.4651766  2.0139418],[-2.485505   3.0346186],[-4.3337893  4.8778768],[-2.3170264  2.7239294],[-2.7713144  3.128536 ],[ 0.7735477  -0.42421615],[-4.424746  5.002777],[-1.483672   2.0491364],[-3.8132434  4.2325716],[ 0.29034117 -0.01559608],[-1.1894326  1.7555448],[-1.1250194  1.7087046],[-3.8740656  4.315697 ],[-5.4506106  5.7737346],[-3.5234323  3.868316 ],[-5.0124364  5.5380526],[-4.4510293  4.853948 ],[-3.418218   3.9545867],[-4.402124  4.899088],[ 0.7910628 -0.59844  ],[-1.8854948  2.2798584],[-1.2393303  1.7183163],[-2.7034152  3.3155513],[-4.45601    4.8988423],[-4.369818   4.9738016],[-1.234758   1.5744964],[-2.5169332  2.9556105],[0.02158966 0.20849454],[ 0.44706768 -0.23701563],[-1.2783399  1.8517758],[-1.5536908  2.1741297],[-3.5101411  3.9665012],[-0.42403919  0.8442853 ],[-3.9662564  4.3601036],[-1.2135085  1.8002253],[-4.835073  5.315227],[-4.6978893  5.1920733],[-4.227014   4.6775384],[-1.8894914  2.3742728],[-4.1719003  4.7344546],[-4.659837   5.1799984],[-1.4470875  1.9136778],[-1.8442162  2.403415 ],[-1.6090086  2.0619886],[-3.3073008  3.68837  ],[-1.5887718  2.0021288],[-4.290528   4.7940793],[-4.7208223  5.232827 ],[-2.0167873  2.5155702],[-2.78938    3.3586967],[-2.1170354  2.6074784],[-5.065343  5.439888],[-3.7615085  4.2326574],[-4.309523   4.6456532],[-3.9489849  4.5337024],[-3.2096088  3.5077832],[-3.2985516  3.6261988],[-0.14024901  0.5441771 ],[-1.196147   1.6434345],[-0.37108266  0.90257597],[-3.0886636  3.5340996],[0.01347322 0.34232688],[-4.2620735  4.7784185],[-0.9434877  1.3326606],[-3.638573   4.0730677],[-0.1421168   0.55889195],[-0.38926908  0.8136909 ],[-0.33749884  0.7182141 ],[-1.9857075  2.3184388],[-3.3391576  3.6431088],[-4.768607  5.211369],[-0.51630753  0.85118043],[-4.7040844  5.1331472],[-1.8349138  2.3579476],[-0.1801174  0.6136113],[ 0.34308752 -0.03289134],[-4.570303  5.068886],[-0.41389272  0.8364967 ],[-3.76986    4.2745185],[-0.95785874  1.446566  ],[-2.329397   2.8458033],[-0.45135072  0.97722757],[-3.231164  3.854873],[-4.2852664  4.6379843],[-0.68126655  1.1463821 ],[-1.6105393  1.9534371],[-0.7817356  1.1276125],[-2.3462324  2.8794785],[-4.1981363  4.5114865],[-2.3919985  2.9568408],[-0.88120514  1.4681267 ],[-2.910773   3.3624825],[-5.04606    5.5686975],[-2.3798518  2.7245965],[-2.3836277  2.8207755],[-1.5640968  2.0708795],[-5.0467277  5.535963 ],[-3.1641743  3.7939885],[-2.2688549  2.561296 ],[-5.15295    5.6510644],[-2.0752237  2.2679455],[-4.4184017  5.0188637]
[ 0.9513135  -0.53784925],[-3.43391    3.9226665],[-3.3501565  3.77602  ],[-3.7604027  4.158133 ],[-2.6695259  3.1797106],[-2.5880725  3.0393457],[ 1.8213835 -1.4483964],[-1.9344548  2.414326 ],[-2.9677749  3.4297853],[-2.1011732  2.6829736],[-1.073288   1.6240593],[-0.3534547  0.6581233],[0.19435622 0.16505298],[-2.9469092  3.475288 ],[ 3.6137347 -3.3015232],[ 1.6113423 -1.2644542],[ 0.5674589  -0.11687405],[ 0.86360604 -0.54313004],[-0.3629232  0.892171 ],[0.27033225 0.11963437],[ 1.2402138  -0.95605123],[-1.6623107  2.2568316],[-3.2009604  3.7465613],[ 0.3576227  -0.00611733],[-2.5845728  3.0439713],[-0.08884352  0.5034638 ],[ 0.6322411  -0.23609585],[0.04901689 0.33103132],[-2.116359   2.5989268],[-1.5813035  2.0625608],[-4.7507105  5.301813 ],[0.24801101 0.21216518],[ 2.4233124 -2.2844212],[-0.2876238   0.95150167],[-1.5211216  1.7650821],[-3.3549547  3.8873498],[-0.7585184  1.3421109],[-0.00434589  0.32224858],[-1.5620294  2.1586704],[ 0.64305073 -0.22789627],[-2.9182575  3.4316394],[0.32353777 0.03619358],[-3.206176   3.6037128],[-4.4633236  4.862395 ],[-1.1516951  1.5531712],[ 5.8241243 -5.6974406],[ 0.7025011 -0.3577312],[-3.8912618  4.3286376],[-2.3796144  2.8826442],[-0.57947975  0.9926338 ],[ 1.3479921 -1.1246644],[-2.981359   3.4256048],[-5.2996006  5.7426434],[-2.1000092  2.2903333],[ 3.3355007 -2.8949745],[ 0.38748908 -0.05239046],[-0.6900748  1.3037075],[ 0.7525551  -0.41292664],[-1.0231271  1.6449858],[-1.1682868  1.6331785],[0.09827127 0.2660205 ],[ 1.503951  -1.2426707],[0.13476096 0.36520588],[-2.2736135  2.7967055],[ 0.50747395 -0.14628488],[-0.6266141  1.0747936],[ 0.7533033  -0.41843024],[ 1.7734066 -1.4725848],[ 0.55985725 -0.33651042],[ 3.636469  -3.3723042],[-0.97485477  1.6936339 ],[-2.565512   3.1647935],[ 0.55266666 -0.24233761],[ 0.5223963  -0.06089201],[-0.8031025  1.3041152],[-2.8334982  3.5003831],[ 4.1990104 -3.7279363],[-0.35979813  0.8634379 ],[-0.97090775  1.4656323 ],[-0.68868726  1.1702    ],[-1.9755685  2.2263374],[ 3.0066009 -2.812702 ],[-0.88729906  1.3677089 ],[-0.7232368  1.2830198],[-0.9691691  1.4797988],[-1.6747584  2.1676373],[0.18972439 0.0980274 ],[ 1.878489  -1.5957798],[-1.424448   1.8003194],[-0.1016154   0.35844907],[-2.5143762  3.0293748],[-1.2315841  1.7216406],[ 0.735457 -0.428238],[-2.8250744  3.2908025],[ 1.8541903 -1.5764074],[-2.5233352  3.124275 ],[ 2.3664947 -2.2774656],[ 2.1914423 -2.1157231],[-3.16889    3.6361375],[-0.6915344  1.261841 ],[-3.1757078  3.7685149],[-0.6836962  1.2578309],[-2.084742  2.821202],[-2.7702663  3.373883 ],[-0.6045976  1.034357 ],[-0.2736463  0.7214991],[-0.70316213  1.2443606 ],[-1.9499736  2.309976 ],[-0.55268264  1.1151737 ],[-1.9669814  2.3841758],[ 0.4490282  -0.22636437],[0.01745474 0.37035546],[ 2.720085 -2.365811],[ 2.120745  -1.9237121],[ 1.1669734  -0.79579556],[-2.4792905  2.9583087],[ 1.2839154  -0.92919004],[-2.0113006  2.4838915],[-3.425014   3.6946297],[-3.274535   3.8548307],[-0.06739114  0.41045588],[-0.9077822  1.2046593],[-3.9473517  4.420242 ],[-5.054204   5.5495877],[0.31214234 0.12103317],[-3.7864687  3.9885988],[ 2.7767794 -2.4788096],[0.37031087 0.06562588],[-3.5107305  3.9458332],[ 5.413642  -5.2803144],[-4.7205143  5.2388844],[-1.1128218  1.6713697],[-4.092654   4.5328703],[-3.565544  3.962628],[0.01833107 0.31252474],[-3.4113157  3.8502758],[-1.8644457  2.4023266],[ 1.7872286 -1.5774913],[-3.7807574  4.3088603],[ 3.90792   -3.6600323],[ 2.8617048 -2.6237926],[ 1.0838921 -0.7662825],[-0.57477725  1.0977541 ]
[ 0.8850593 -0.6730995],[-0.40589827  0.8544448 ],[-0.0306463   0.40247983],[ 0.47312453 -0.14135864],[-1.8889871  2.197265 ],[-2.6085265  3.0471632],[ 1.1940348 -1.0081818],[ 0.8856301  -0.51761496],[ 0.6711854  -0.50733906],[-2.3788702  2.875613 ],[-2.227235   2.5543885],[ 1.1381476 -0.9509807],[ 2.0406415 -2.0464895],[ 0.769978   -0.42015132],[ 0.34265292 -0.08320612],[-0.14928617  0.41014892],[ 3.0097044 -2.7891958],[-0.93232554  1.3757565 ],[-4.3281336  4.7601852],[-0.32820463  0.5213755 ],[-0.96589464  1.5773084 ],[-1.6285255  2.0230107],[0.16917796 0.08051957],[-1.7045941  2.0836587],[-0.21295267  0.5838868 ],[-0.85430324  1.3048801 ],[-0.19651482  0.48836908],[-1.7080077  1.9936188],[ 1.8084944 -1.7367729],[-2.951824   3.3142157],[-3.3324056  3.6338654],[-0.2850132  0.7174583],[-2.2432587  2.6950355],[-5.1466427  5.5304513],[ 1.8785478 -1.7035437],[-1.0677433  1.3814634],[-4.411663   4.7714214],[ 1.5921409 -1.3230883],[ 4.175433  -4.3481317],[ 5.1297374 -5.137434 ],[-2.5006301  2.8383257],[ 1.8883289 -1.8627381],[0.22073306 0.1078136 ],[0.16339913 0.11314753],[ 0.76702374 -0.5450407 ],[-1.3899895  1.7491711],[-2.2511156  2.607156 ],[-0.5646051   0.87711376],[-3.6967542  4.0179176],[ 3.6766465 -3.748999 ],[-0.39257276  0.66041696],[-0.5580204  0.9025773],[ 1.2063872  -0.96416277],[ 6.219974  -6.1293445],[ 3.7072692 -3.5294616],[ 3.2716827 -3.1886675],[-0.05034378  0.38252985],[ 1.4055563 -1.1946456],[-4.4963355  4.974146 ],[ 0.54400975 -0.2944198 ],[-2.5644448  2.9016788],[-0.541481    0.99302506],[-3.1094558  3.5495827],[-4.435423   4.8326845],[ 0.23364985 -0.07287822],[ 4.536506  -4.4807606],[0.2313188  0.01298068],[-0.12299168  0.47303656],[ 2.4956093 -2.381739 ],[ 5.191103  -5.0350246],[-4.783501  5.220561],[-0.3294297  0.6752656],[-3.3192713  3.734285 ],[-0.9762209  1.4401371],[ 2.7891514 -2.7289133],[-4.554875   4.9454527],[ 3.5358446 -3.4394715],[-2.3213375  2.7682977],[-2.3427463  2.4688795],[-0.5381448   0.88731277],[ 0.34564483 -0.07824646],[ 0.5082452 -0.403331 ],[ 1.9455695 -1.7205883],[0.1789264  0.17160282],[ 0.42664108 -0.2919006 ],[ 5.217971 -5.014222],[ 0.63375336 -0.29732203],[ 1.3316666 -0.9445086],[ 2.0523767 -1.9418318],[ 0.8746695  -0.72738475],[ 2.2223492 -2.053781 ],[ 0.25819838 -0.03538049],[-4.2293053  4.446988 ],[ 0.35150132 -0.05776244],[ 0.7653842  -0.57499814],[-2.212686  2.669834],[-2.7111807  3.0601108],[-2.6905046  3.024951 ],[-2.112546   2.5053055],[-0.2417961  0.6370463],[-1.2184858  1.8128331],[-0.21467754  0.5652167 ],[-0.20286131  0.65030265],[-3.0898786  3.405786 ],[-2.6825275  2.8961837],[-2.5254474  2.7819576],[-0.00150295  0.45066494],[-2.1490476  2.3322105],[ 0.39864224 -0.13026896],[0.06758351 0.14031795],[ 1.9149705 -1.5811952],[-0.5138964   0.75827944],[ 0.21008162 -0.01036861],[-4.491356   4.8455515],[-2.2131498  2.754221 ],[ 2.2961943 -2.4974225],[-0.63852763  1.1300514 ],[-1.5936553  1.9887365],[ 0.8594426  -0.56674975],[-0.10989104  0.52608925],[-0.19862801  0.38639244],[0.15168385 0.173765  ],[-0.84270704  1.332061  ],[-2.735203  2.991225],[-3.5705729  3.8177555],[ 4.437618  -4.3069005],[ 5.3356977 -5.26075  ],[ 1.3564548 -1.0145731],[-0.15664275  0.41182023],[ 4.65139  -4.633157],[-1.8485084  2.1935668],[-2.1666174  2.632149 ],[0.21531992 0.12957138],[ 1.3869879 -1.1346873],[-0.84053177  1.2494785 ],[-0.20880681  0.53558135],[-1.2602822  1.6536275],[-4.4000425  4.8487496],[-1.1970229  1.6317041],[ 3.5153716 -3.4090877],[-5.320985  5.785954],[ 2.9505377 -2.9389343],[-1.5940095  1.9439943]
[-5.157779   5.5833063],[ 1.3467182 -1.1181331],[ 2.281994  -2.1014621],[ 4.1307087 -4.0542216],[ 2.2302835 -1.8864105],[-1.8629124  2.4300086],[-0.21116978  0.6832821 ],[0.02941366 0.32049525],[ 1.0973692  -0.89185953],[-1.8541998  2.4465544],[-2.0957441  2.3619435],[ 1.2673181 -1.0974978],[-3.9311812  4.414475 ],[-2.0878925  2.4124107],[ 1.8634093 -1.5992991],[-0.00830388  0.3107807 ],[ 1.9657031 -1.8701673],[-0.12338366  0.54314274],[-0.51482594  0.95883876],[ 4.880707  -4.7496853],[-5.219176  5.757916],[-0.1284968  0.4435106],[-1.000721   1.5198513],[ 2.111097  -1.8749701],[ 0.4167234  -0.16893095],[-2.3382747  2.7978604],[ 0.45770347 -0.31859475],[ 1.9407961 -1.7819805],[-0.7270256  1.2212304],[-0.11722268  0.49191043],[-0.9794349  1.4038827],[ 2.754389  -2.7116876],[-2.4344032  2.876225 ],[ 1.9114975 -1.7064979],[ 3.5176332 -3.345186 ],[-0.28246883  0.45716885],[ 3.9839106 -4.0022936],[ 0.5571474  -0.31881985],[-3.2013357  3.8495486],[-3.182275   3.8627234],[-0.39967683  0.84500104],[-0.74682254  1.189849  ],[-1.9567938  2.424751 ],[ 6.380686 -6.261425],[-1.6326978  1.9338604],[ 1.6343497 -1.2762403],[ 1.2526104 -0.9642996],[ 0.6486825  -0.50013626],[ 1.3129275 -1.043521 ],[-4.2998548  4.883468 ],[ 0.5994485  -0.43013537],[ 2.1336262 -1.9251049],[-0.07353863  0.48678157],[-2.3403814  2.5939193],[ 2.5751395 -2.2971716],[-1.3260442  1.7410614],[-0.69506896  0.9790356 ],[ 0.9749185 -0.6918031],[ 3.0962458 -3.0937076],[-3.2436683  3.6908534],[-0.6638273  0.8907851],[-2.3540733  2.8143706],[-1.9061881  2.4483294],[-0.7197243  0.9765079],[ 3.5435119 -3.3926177],[0.00665776 0.28068915],[-0.84966373  1.2850825 ],[-2.4587405  3.1063945],[-0.8406895  1.2638841],[ 1.8465898 -1.6072553],[ 3.0395474 -2.9421623],[ 0.89642334 -0.5574512 ],[ 1.4694687 -1.2217127],[ 0.42983013 -0.01359131],[-0.33499578  0.80750674],[ 2.9274843 -2.8545973],[ 1.0881938 -0.8107293],[-2.9522462  3.486541 ],[ 2.7447417 -2.561108 ],[ 1.8319858 -1.7313907],[ 2.8782678 -2.6773372],[-2.3542387  2.8293786],[-1.7051489  2.3542066],[-1.154909   1.7574763],[-1.0773258  1.3769512],[ 1.5097384 -1.3729318],[ 1.1786612  -0.85735697],[-2.1968496  2.7920468],[ 0.87422204 -0.8253761 ],[ 2.7337632 -2.7484405],[ 1.9216942 -1.8663766],[0.03670084 0.2319059 ],[ 5.673822  -5.4684415],[-2.911354   3.4371755],[ 3.9122007 -3.767157 ],[-0.1356933   0.59252554],[ 0.94617325 -0.8216913 ],[ 0.8481792  -0.69881886],[-0.70942897  0.9961891 ],[-2.856852   3.1690242],[ 4.2688494 -4.1730456],[ 0.541247   -0.30110034],[-0.5575634  1.0189898],[-0.97806257  1.31489   ],[ 1.863887  -1.6152072],[ 1.9359207 -1.7812548],[-5.137112  5.628863],[ 3.0351877 -2.724726 ],[-0.3085846   0.59609693],[ 0.5309792  -0.44524089],[ 1.6295148 -1.2952857],[ 1.1116093 -0.8888138],[ 1.8822984 -1.6898657],[ 2.4271188 -2.1474204],[-3.2322664  3.6440792],[-0.19952622  0.6158171 ],[-2.5820591  3.1158762],[-2.5226486  2.8538697],[-0.59560406  0.9711027 ],[-3.0840292  3.5043027],[ 0.71625805 -0.44086075],[ 2.5271301 -2.3948996],[-0.9276613  1.4630519],[ 2.883613  -2.6240425],[ 2.7312005 -2.571289 ],[ 4.584541  -4.4449654],[-2.8936722  3.1429415],[ 4.8596807 -4.820826 ],[ 2.0248713 -1.804471 ],[-1.8708876  2.6481166],[0.27412692 0.12719458],[ 0.57965857 -0.25546008],[-1.9993346  2.3507018],[-0.8302     1.0573128],[-0.63036346  1.0664375 ],[ 4.901922 -4.737437],[-1.0178394  1.5753455],[ 2.0321667 -1.9119371],[ 2.084104 -1.78632 ],[ 5.2454977 -5.168597 ],[-0.4251771  0.6608635],[ 1.3853762 -1.1158315],[ 1.0945075 -0.9673693]
[0.0279408 0.2861514],[-2.6817372  3.1317477],[-2.8927023  3.3217583],[-2.7179544  3.1599755],[ 1.4540458 -1.1204585],[-3.291649   3.7700605],[-2.4743385  3.0435476],[-3.7620633  4.1350727],[0.18627073 0.13054511],[-2.4888642  2.8906014],[-2.4020405  2.6216097],[ 0.801487  -0.6021557],[0.09142184 0.19152695],[ 0.4235173 -0.0224479],[-1.1845669  1.3825872],[-0.28672117  0.55065256],[-3.558483   4.1653266],[-3.308626   3.7444403],[-0.9699237  1.2766107],[ 0.6149215  -0.30149028],[-1.4582741  1.8055142],[-1.5318302  1.8579811],[-3.0786893  3.5200965],[ 1.1585752 -0.8177732],[-0.39225504  0.6791408 ],[-0.35225192  0.6035    ],[-0.43310526  0.69505054],[-0.8287786  1.1215428],[-3.3343658  3.7846603],[-0.87352985  1.1650776 ],[ 0.49262425 -0.24670574],[-5.7835226  6.266972 ],[ 6.4541106 -6.3346176],[-2.447125  2.748542],[ 2.5137355 -2.3462973],[ 4.018983  -3.6806395],[-2.7223632  3.1144695],[-2.2537913  2.6589468],[-1.7413893  2.2124662],[-3.4488232  3.9470885],[ 1.1688656 -0.8766624],[-2.2647243  2.5691478],[-0.88131243  1.186349  ],[ 3.9464507 -3.771509 ],[-0.21041772  0.42570868],[-3.4170187  3.6797755],[-1.1014171  1.5805625],[ 0.93320256 -0.71274936],[-0.708451    0.96014345],[-3.7996674  4.066441 ],[ 0.47349697 -0.20277855],[-4.976096  5.501066],[-0.6339867  1.0111681],[ 3.1091278 -2.84368  ],[ 0.7783894  -0.47227263],[-1.1892903  1.4602022],[0.20949888 0.15555653],[-1.5635027  1.8974267],[-4.312934   4.7919645],[-1.2393385  1.5950483],[-1.0651337  1.2188993],[-1.2480228  1.7216146],[-3.11998    3.4203176],[-1.8076242  1.9681381],[ 2.2289932 -2.054506 ],[ 1.4533356 -1.1498667],[-1.8466206  2.080819 ],[-2.588486   2.9617171],[0.01300822 0.21225256],[ 0.9582019 -0.7217053],[-4.281666  4.802629],[-4.9147696  5.358077 ],[-1.4006099  1.84967  ],[-3.5748394  4.100906 ],[-1.6559467  1.9710156],[ 0.30079713 -0.06357324],[-1.3515356  1.7455063],[ 0.47962388 -0.153645  ],[-0.19609275  0.37820405],[ 0.47118858 -0.18104744],[ 2.8586829 -2.6426399],[ 1.1275476  -0.86099285],[-3.3550286  3.8491077],[-3.902503  4.362308],[ 2.348129  -2.1574636],[-1.9836264  2.4404168],[ 3.0113459 -2.8282514],[-3.5099928  3.7278967],[-0.02511578  0.3620664 ],[-0.51646274  0.8524781 ],[-1.3206307  1.7425383],[-1.3979492  1.6918658],[-2.0943344  2.2614803],[-0.25956818  0.5880293 ],[-3.5447903  3.8838654],[-2.4353757  2.8921103],[-1.4406422  1.8090819],[-1.2376993  1.570268 ],[ 1.6841278 -1.3810238],[ 4.7424293 -4.661836 ],[-2.395751  2.850934],[-2.8622246  3.4496536],[-1.4800273  1.9231517],[ 1.2978824 -0.9091871],[-2.3875775  2.6654308],[ 0.8358636 -0.5993966],[ 0.74303555 -0.3736027 ],[-0.25882065  0.59997994],[ 1.4027154 -1.0390054],[ 0.71543086 -0.49311003],[ 6.1679907 -6.048776 ],[ 0.295392   -0.05869845],[-1.868086   2.4806414],[-0.40945655  0.5666586 ],[-0.11630228  0.37214798],[-2.481517   3.0076847],[-3.780071  4.053389],[-2.6787803  2.909143 ],[-2.7120478  2.9763377],[ 4.0170135 -3.7921576],[-2.328874   2.7165768],[-2.5205364  3.0329418],[-1.2373644  1.684082 ],[-0.39946437  0.6443006 ],[-2.0176985  2.3486829],[ 0.9882726 -0.7011604],[ 3.799079  -3.7176108],[-1.5292069  1.9024338],[-1.5379642  1.8491161],[-4.7030854  5.1693606],[-0.969312   1.4986945],[-4.431134   4.8882976],[-1.3713311  1.6467168],[ 1.8509336 -1.5821182],[-1.6812067  1.9780611],[-0.02985769  0.30526304],[-1.6543728  2.2232957],[-0.99044913  1.4155113 ],[-1.8477361  2.0551727],[0.03484287 0.18008736],[ 1.1110191 -0.9378881],[ 0.8059375 -0.5051543],[ 2.3766286 -2.1463573]
[-1.1964059  1.6244534],[-4.754324  5.216529],[-0.2576349  0.7259447],[-1.3342618  1.773236 ],[-0.81178063  1.2718335 ],[-4.365446   4.8001995],[-3.224341   3.6885967],[ 0.45921454 -0.13639364],[-0.01771038  0.30904973],[-1.1539329  1.6617981],[ 3.549309 -3.326095],[ 0.3455201  -0.08086811],[ 0.547125  -0.2621301],[ 0.7676301  -0.37406373],[ 1.6588796 -1.35468  ],[ 0.783604  -0.5543917],[ 4.899106  -4.7962017],[0.10488334 0.24945539],[0.15608542 0.01154275],[-4.3425946  4.9274354],[-0.71018493  1.1201158 ],[ 2.2340052 -2.0115964],[0.17728129 0.09014053],[ 0.4408508 -0.1665577],[0.06919304 0.03508565],[ 2.3532317 -2.3215504],[ 1.4226335 -1.1324607],[-0.25762734  0.5556876 ],[ 0.3179596  -0.22443202],[ 1.5495615 -1.3547989],[ 2.5615466 -2.187361 ],[-0.23867783  0.55647814],[-2.829501   3.2385123],[-1.322763   1.7222601],[ 4.811469  -4.6361995],[ 1.2784194  -0.92003095],[ 0.2749262  -0.00755794],[ 0.56280535 -0.2786477 ],[ 1.4273003 -1.2576097],[ 0.86774284 -0.54041713],[-2.2891579  2.6221023],[ 1.542404 -1.212244],[ 1.2101688  -0.90440077],[0.25946113 0.01568853],[ 1.9949074 -1.835319 ],[ 0.38135314 -0.15123412],[-2.5168085  3.0019827],[ 1.5058018 -1.2393763],[ 2.169946  -1.8872746],[ 0.619128   -0.21977305],[-0.41656715  0.76371133],[-2.4295533  2.677205 ],[-0.4830834  0.8571906],[ 5.9181514 -5.850618 ],[ 1.4883853 -1.2031014],[-1.8080604  2.11187  ],[ 2.8050241 -2.4712327],[ 2.0706494 -1.7466887],[-2.6370182  2.9235678],[ 1.0418262 -0.7396318],[ 1.9671865 -1.6993119],[-2.8898754  3.3076646],[-0.39437148  0.80676824],[ 3.771901  -3.4715424],[-0.02982837  0.24904469],[-1.0109565  1.2447237],[ 0.94631517 -0.7539952 ],[ 2.1091444 -1.800374 ],[ 1.2175277 -1.0262985],[ 5.019993 -4.93778 ],[-3.0262325  3.4480433],[-0.4725419   0.89463127],[-0.9177588  1.3114574],[-1.8511289  2.1943254],[-0.45030037  0.84802884],[-0.70732045  1.2514219 ],[ 0.67955434 -0.35614458],[0.01908499 0.25862342],[ 5.140604  -5.0386353],[ 1.068793  -0.7697098],[ 4.295769  -4.1021066],[ 0.5394779 -0.2901285],[-0.10374621  0.48054215],[-0.35847914  0.8355794 ],[-0.31705806  0.55811733],[-1.5544971  2.0875235],[ 1.8717309 -1.6828156],[ 1.6002575 -1.2638503],[-0.60613835  0.8628731 ],[ 0.477931  -0.2012637],[-0.8220392  1.3945831],[ 1.699255  -1.3712585],[ 2.9105432 -2.7754593],[ 0.40194738 -0.1921452 ],[-1.4980024  1.8036797],[ 0.41664577 -0.12878862],[ 0.31379882 -0.18806946],[ 0.48445067 -0.3346909 ],[-0.29166645  0.71062106],[-1.9505076  2.2210045],[-1.0723672  1.5416943],[-2.4368072  2.9372177],[-2.6300008  3.2378273],[ 2.1256661 -1.9197801],[ 5.3438206 -5.170647 ],[ 2.0573418 -1.7939134],[0.11645187 0.29060215],[ 0.62549835 -0.4012302 ],[0.31451297 0.00981627],[ 1.3273078 -1.1951817],[-0.9100328  1.2559221],[ 0.42894587 -0.20524523],[-0.40357587  0.9309758 ],[ 1.6980479 -1.4692146],[0.01342528 0.20198864],[-0.00628592  0.314388  ],[-0.4213861  0.7433117],[ 1.884373  -1.5643291],[ 2.0123122 -1.6536511],[ 0.45855677 -0.17547166],[-3.0698655  3.427314 ],[-1.8959296  2.1880827],[-0.32086632  0.5993801 ],[-0.80822235  1.0219861 ],[ 2.1813402 -1.9414617],[-0.00878473  0.29455656],[ 0.2368275  -0.02273268],[ 2.5782824 -2.3917732],[ 1.2097883  -0.92102045],[ 1.0051043  -0.82150346],[-3.6931121  4.058248 ],[0.10591811 0.28462753],[ 0.72090685 -0.3142952 ],[ 1.3443543 -1.1666145],[-0.07230274  0.46392527],[-1.5546291  1.851684 ],[-1.6380872  2.0960858],[-1.1856674  1.3800864],[ 2.5797706 -2.242917 ],[ 4.9963446 -4.8100595],[ 2.3447037 -2.1107986],[-0.7538721  1.1683575],[-3.236148  3.582794]
[ 0.81482273 -0.41071618],[ 3.2017827 -2.8067796],[-0.42468783  0.91774124],[ 1.8227062 -1.683999 ],[ 0.72010684 -0.43224323],[0.18601929 0.18931928],[-0.29548478  0.8837426 ],[ 4.7602525 -4.538476 ],[ 2.8843355 -2.73652  ],[ 0.91108304 -0.5347652 ],[ 3.0927095 -2.8448458],[ 2.9711838 -2.7522159],[-2.8769298  3.2516983],[ 4.0883865 -3.908265 ],[ 3.492353  -3.3736744],[ 0.79156744 -0.5268456 ],[-0.47176328  0.8024203 ],[-4.668236   5.1880627],[ 0.9716546  -0.60576403],[ 3.9436677 -3.8130512],[ 1.5932007 -1.2583332],[ 3.1256332 -3.1050339],[ 2.200616  -1.8227484],[ 3.9432468 -3.7684035],[ 3.5002632 -3.3082376],[ 1.8656794 -1.8231803],[ 3.9212983 -3.9417038],[ 3.4639947 -3.4246473],[-0.6194488  0.9324243],[ 3.2292166 -3.0963097],[ 1.5127839 -1.0935047],[ 2.3271368 -1.9171996],[-1.9795268  2.3254418],[ 5.9073954 -5.7437544],[ 5.1007586 -4.970783 ],[ 3.2226746 -3.0127137],[ 2.18401   -1.9515978],[ 4.04446   -3.8979821],[ 0.3538215  -0.07319766],[ 2.0298545 -1.7251672],[ 3.210908  -3.0540056],[ 0.8403459 -0.5959864],[ 2.1012158 -1.9147595],[ 3.0278609 -2.792438 ],[ 5.1316485 -5.0439835],[ 4.726718  -4.6828876],[-2.0640883  2.3098395],[ 1.3368691 -0.9903752],[ 2.0947983 -1.7882539],[ 1.3161633  -0.98168015],[ 5.3158307 -5.163773 ],[ 4.036526  -3.8781161],[ 2.1434643 -1.9038638],[-0.0282001  0.2937565],[ 0.4138319  -0.13208082],[ 0.38133073 -0.13271686],[ 4.4366674 -4.3356204],[ 6.070841 -5.992207],[ 5.3841486 -5.48631  ],[ 1.9934887 -1.5430468],[ 3.4748733 -3.2883966],[-1.7871133  2.2960532],[-0.02021572  0.37138262],[ 3.4482384 -3.2653813],[ 2.7242103 -2.6958938],[ 4.667639  -4.5066733],[ 4.9080515 -4.889351 ],[-0.6797019  0.9972606],[ 1.5998757 -1.3969   ],[ 0.7578438  -0.50792927],[ 4.5073633 -4.444008 ],[ 0.93356276 -0.46793678],[ 2.9770472 -2.705298 ],[ 1.7752454 -1.3718394],[ 1.6326782 -1.4720153],[-4.9450216  5.414266 ],[-3.7955709  4.1399803],[ 3.059007  -2.8585565],[ 5.0171037 -4.8620653],[ 0.88428664 -0.579749  ],[ 4.991789  -4.9031034],[ 3.3150241 -3.1218915],[-1.3040445  1.8513595],[-2.9876618  3.468764 ],[ 1.7472808 -1.6591883],[ 0.45556283 -0.00598811],[-2.940848   3.5028284],[ 4.594224  -4.3845167],[ 2.2484503 -2.139779 ],[ 4.462058 -4.46547 ],[ 0.86399984 -0.4621233 ],[ 4.492102  -4.4570065],[ 5.31598  -5.161431],[ 3.461362  -3.1921482],[ 0.36801308 -0.0645022 ],[-0.6222072  0.9389161],[ 4.1056886 -3.9979918],[ 4.1536026 -4.047384 ],[ 0.5017649  -0.16692498],[ 4.6559553 -4.4160814],[ 3.2447088 -2.9136105],[ 2.9762762 -2.866517 ],[-0.6789694  1.0891517],[ 4.1655173 -4.052454 ],[ 5.706566 -5.605218],[ 3.2601256 -3.1339216],[-1.4556197  1.9948925],[-1.0765865  1.4830513],[-2.2638943  2.5425508],[ 1.3164439 -1.1295086],[ 0.29009444 -0.01698343],[ 3.608914  -3.5633123],[ 3.5164623 -3.3524508],[ 2.1220155 -1.9623667],[ 1.1692657 -0.8365682],[-0.5123749  0.7581038],[ 4.4071345 -4.3007975],[ 3.901351  -3.7382069],[ 4.105552 -3.846933],[ 0.4995656  -0.11584701],[ 3.4004068 -3.3207068],[ 5.4114895 -5.2619014],[ 1.6352506 -1.3233657],[ 2.9935248 -2.8065422],[ 5.229932 -5.102663],[ 0.560084   -0.30485857],[ 4.4080467 -4.293528 ],[-0.6778889  1.1034352],[ 5.1956987 -5.0901275],[-0.9616628  1.4568396],[ 2.8896124 -2.5180361],[-0.41080835  0.8337391 ],[ 2.8169808 -2.621158 ],[ 1.43553   -1.1794386],[ 1.689252  -1.5658001],[ 2.5587962 -2.3211234],[ 3.07721  -2.735016],[ 5.2811913 -5.145623 ],[ 0.8121282  -0.43772137],[ 1.62825   -1.3597618],[ 1.4743079 -1.0862781],[ 2.7941132 -2.5748265],[ 5.0831175 -4.8261952]
[ 2.8584895 -2.6008468],[-2.9205728  3.3651552],[0.27700266 0.14217436],[ 1.1241884 -0.9172066],[ 1.4158893 -1.1705828],[-2.526826   2.8907902],[-3.9594185  4.4034224],[-0.1211206   0.38753864],[ 1.1143749  -0.82082367],[ 1.0644754 -0.6440315],[ 4.8036094 -4.79873  ],[ 1.2324934 -1.0223632],[ 1.8988574 -1.6577871],[ 0.8474351  -0.59121233],[ 3.6714153 -3.557755 ],[-1.6840472  2.1336765],[ 0.96701765 -0.693103  ],[ 3.8120267 -3.6388574],[0.21775463 0.02777923],[ 3.5985916 -3.3199048],[-3.0729036  3.4339218],[ 0.7766532  -0.53548574],[-0.92421526  1.2543901 ],[ 0.8832235 -0.5204404],[ 0.3291033  -0.07732195],[0.17319623 0.05835797],[ 1.2021254 -0.8640455],[ 0.98928803 -0.74543846],[-0.02170924  0.24169558],[-0.619363    0.86394167],[-2.313357   2.8332665],[ 2.3581645 -2.1529126],[ 3.6824934 -3.4578393],[-0.0167887  0.4044184],[ 2.2912784 -2.0449724],[ 2.274902  -2.1193244],[ 2.3334033 -2.2371686],[ 2.8207347 -2.6074214],[-0.41698906  0.8234937 ],[-0.98865575  1.5007099 ],[ 1.2185067 -0.9025149],[ 2.5968056 -2.334256 ],[ 3.0739772 -2.960126 ],[-0.8517522  1.2713288],[ 1.060281   -0.76099944],[-0.68845195  1.0540528 ],[-0.8385174  1.2481354],[ 0.4263063  -0.19244188],[ 1.3147612 -1.019261 ],[ 2.683741 -2.473048],[ 2.8418279 -2.7439997],[-0.82919675  1.2814481 ],[-1.1668217  1.6929941],[ 1.9690793 -1.7949005],[ 3.517855  -3.4232712],[0.10882973 0.24489188],[ 2.5663576 -2.6337998],[-1.2957245  1.7769934],[-1.0510573  1.353186 ],[-1.1672562  1.6198287],[ 1.5553092 -1.3175625],[ 0.89161116 -0.59199953],[-1.8139741  2.2890987],[ 2.8150961 -2.624178 ],[ 1.1037437 -0.8400194],[-4.5948586  5.130269 ],[ 4.12923   -4.0751367],[ 0.47277284 -0.09246425],[ 1.1794626 -0.9991732],[ 1.3963205 -1.2344285],[-2.4285502  2.9218411],[-2.3273041  2.8903925],[ 1.0407339  -0.76852614],[-2.8654463  3.235047 ],[-1.1315607  1.6623926],[-0.9065976  1.2248719],[ 4.1063414 -3.936565 ],[ 0.41820788 -0.05390278],[-0.23623887  0.47659668],[ 0.79287285 -0.64368236],[-3.1891692  3.5024817],[ 1.1458893 -0.9266108],[-1.1728153  1.7606707],[-0.9381636  1.4208907],[ 0.5070542  -0.26538298],[-0.33878538  0.68400025],[ 5.5104003 -5.5537844],[-2.0629432  2.4082224],[-0.7285347  1.0411032],[ 0.8916802 -0.5916684],[ 1.7172167 -1.5904723],[ 1.8514813 -1.6271095],[ 0.30952042 -0.1277003 ],[ 1.150511  -0.8982187],[-0.54112     0.94475514],[ 0.51971203 -0.2627392 ],[ 1.0607601 -0.784975 ],[ 1.1251771 -0.8516795],[-1.573044  2.23685 ],[-2.7210944  3.1804457],[-4.1130238  4.6344676],[-0.23108181  0.66966337],[-1.2780929  1.813632 ],[0.14117046 0.22323895],[ 2.7366588 -2.5398593],[ 1.7931337 -1.5717711],[-3.744331   4.0895367],[ 0.8090838  -0.55901706],[ 0.9594881 -0.659484 ],[-0.53560877  0.84336275],[ 1.4002569 -1.1192583],[-0.05845648  0.26560414],[ 1.3474462 -1.1095276],[ 2.1084127 -1.8785286],[-2.1833868  2.3224764],[-1.2067595  1.7604462],[ 0.4306983  -0.07697136],[-1.0043703  1.3435973],[ 2.806083  -2.6121202],[-4.4982843  4.8927402],[ 2.5276873 -2.416677 ],[-0.13996983  0.44607666],[-1.0667956  1.4134053],[ 1.0613029 -0.7991369],[ 0.47735077 -0.22121963],[ 4.411239 -4.318659],[ 0.9324669  -0.76231605],[ 2.4523585 -2.1969328],[ 4.800942 -4.690162],[-3.6313784  4.035746 ],[-1.389804   1.8266937],[0.14518613 0.30509615],[ 3.1797893 -3.0210242],[-1.0537133  1.4220188],[ 1.0112244 -0.7323437],[ 3.186927  -3.0809946],[-3.9881866  4.394029 ],[-3.120153   3.4912727],[0.10685579 0.16431642],[ 0.403663   -0.16558257],[ 1.236933  -1.0409681],[ 1.3363953 -1.0417216],[0.30932066 0.02772725]
[ 1.3888792 -1.0708936],[ 3.4438548 -3.2094808],[-0.8513462  1.2656251],[-0.35731164  0.76983047],[-1.8826854  2.438842 ],[ 0.7754749 -0.5377716],[ 6.22248  -6.178825],[ 4.460347 -4.294572],[ 0.5790116 -0.4146551],[0.17363288 0.22224972],[ 4.0256753 -3.9265497],[ 2.9703164 -2.803823 ],[-2.104459   2.4862595],[-0.4915808  0.8695349],[ 4.0028834 -3.862038 ],[ 0.9446087 -0.5233744],[0.11503325 0.20904961],[ 1.007517  -0.5984566],[ 5.213857  -5.1255603],[-1.5185997  1.7929261],[-1.9601402  2.2092476],[-0.07978943  0.38737094],[ 0.41136637 -0.0095799 ],[ 1.96944   -1.8379885],[ 0.7066695  -0.52436465],[ 3.813478  -3.6653125],[0.30893332 0.01415534],[ 2.7022877 -2.6733904],[-0.7744726  1.0865628],[ 4.4382524 -4.3353906],[-0.79964024  1.274134  ],[ 2.6882985 -2.3707156],[-4.191938  4.453433],[-1.3233469  1.8844244],[ 1.3098866 -1.0636407],[-3.7857094  4.2803974],[-0.47385702  0.7074698 ],[ 0.584794   -0.20650882],[-3.3963633  3.7956665],[-3.4075994  3.6366093],[ 0.47875354 -0.22195113],[ 0.9154353 -0.5730057],[-1.0390205  1.4578578],[ 0.52951354 -0.18545091],[ 3.139244 -3.107   ],[ 5.3911877 -5.2852182],[ 0.35281435 -0.11669014],[ 3.5297794 -3.4704206],[ 0.6834491 -0.3982865],[-1.3471136  1.6665882],[ 0.5089633  -0.24230573],[ 1.2868562 -1.0037842],[-0.55900604  1.0505658 ],[ 3.2201371 -3.0671375],[ 4.9247193 -4.840501 ],[-1.8343037  2.2380238],[0.1683375  0.21605828],[ 0.59891087 -0.358153  ],[ 3.553112  -3.6537058],[-2.6003635  2.7866414],[ 4.1395497 -3.9374628],[-0.06785831  0.46728054],[-2.291133   2.5214956],[ 3.607791  -3.5988266],[ 1.8345591 -1.7564026],[-2.6033206  2.9341028],[ 1.1597236 -0.9647088],[-0.00420386  0.38989332],[ 0.6152712  -0.39372292],[ 4.8208413 -4.6631937],[-0.72603315  1.15721   ],[-1.9865713  2.0964754],[-0.221203    0.45883116],[-0.52372164  0.77370924],[-3.1351385  3.4334996],[ 3.6680262 -3.7855673],[ 3.4979167 -3.2166953],[ 3.43259   -3.2544627],[ 2.5209274 -2.1667826],[ 0.5155383 -0.1798504],[ 4.064827  -3.8857665],[ 1.2669579  -0.99521846],[-0.42426705  0.82675683],[ 1.6961133 -1.4669467],[ 1.3420309 -1.1522288],[-0.4875565  0.7897867],[-3.2727885  3.796958 ],[ 3.1602273 -2.9827628],[ 0.9733295 -0.8031042],[ 1.0525565 -0.644175 ],[ 1.516634  -1.3458787],[ 3.9795692 -3.8621626],[ 0.96213734 -0.67666036],[ 2.757792  -2.6365569],[-2.3257792  2.7007642],[-2.0172467  2.250094 ],[-0.0339281   0.28197765],[-0.07896318  0.353029  ],[-4.09753  4.68262],[-2.0595365  2.5277777],[-1.6151932  1.9871162],[-1.6332232  2.0874789],[-1.955632   2.3648813],[-0.59490174  1.0545967 ],[-1.0412223  1.4992173],[ 2.5407028 -2.5265744],[-0.13640505  0.47176018],[-1.0868442  1.5561509],[ 4.2209363 -4.014957 ],[ 1.287072  -0.9812527],[ 1.0814381  -0.79833376],[ 0.268064  -0.0021604],[ 1.4831929 -1.4251342],[ 1.5042353 -1.3323027],[ 3.6141322 -3.3463864],[-0.37692884  0.72315603],[ 2.5976076 -2.2153103],[ 1.6077862 -1.2638736],[ 0.7395406  -0.36428553],[ 2.5002122 -2.1270115],[ 0.7755226 -0.5795357],[-2.150018  2.49219 ],[-1.524134  1.79927 ],[ 4.611884 -4.563126],[-3.3313339  3.6258466],[ 5.973283 -5.860811],[ 4.9176636 -4.7793484],[-1.7769417  2.3358958],[-0.85085624  1.2439411 ],[-1.8277048  2.0794337],[-3.4899697  3.949136 ],[-1.2971549  1.5851685],[ 1.0380539  -0.71003044],[ 2.2121696 -1.9703699],[ 0.87300014 -0.55283386],[ 1.2059504 -0.8707049],[ 4.0188336 -3.8138454],[0.00218453 0.4032909 ],[ 6.306356  -6.2463794],[ 3.2668748 -3.1228824],[ 1.770261  -1.6369721],[ 1.23157    -0.92843306],[0.05332611 0.17164016]
[ 3.8053648 -3.8076808],[ 5.993332  -6.0772996],[ 2.1734726 -2.0673804],[ 2.4876957 -2.3728063],[ 0.47785854 -0.02186354],[ 3.1685147 -2.9836566],[-5.7583795  6.258052 ],[ 0.47064152 -0.06447627],[ 2.7323093 -2.7128067],[ 1.5662103 -1.3682436],[ 2.5214844 -2.4532354],[ 3.5270393 -3.396978 ],[-0.21028385  0.564138  ],[ 4.8999944 -4.843025 ],[ 0.5090179 -0.1803377],[-0.01200882  0.2956239 ],[-2.29234   2.993748],[-1.1874728  1.7423798],[ 0.6107612  -0.29865116],[ 5.0467815 -4.975154 ],[0.25451612 0.04949567],[ 4.085336 -3.983969],[0.07860759 0.38308847],[ 1.4734478 -1.3074545],[ 1.0862865 -0.8110858],[ 3.420939  -3.3975568],[ 4.8934317 -4.835859 ],[-1.5769     2.1717794],[ 3.8264518 -3.6992147],[-0.8187915  1.2487873],[ 1.304152  -0.9152105],[-5.134076  5.600743],[ 6.413011  -6.3661575],[-5.6479397  6.1721406],[-0.09758455  0.5868259 ],[ 5.313279  -5.3839426],[ 3.3774   -3.270356],[ 4.273912 -4.105336],[ 4.4663324 -4.5215054],[ 5.8275504 -5.8044653],[ 3.3359685 -3.3139753],[ 2.2237496 -2.028673 ],[ 3.0367582 -2.9951909],[-0.4945688  1.0328017],[ 2.8984818 -2.7962441],[ 1.413142 -1.176556],[-1.7311597  1.9866849],[ 3.6219194 -3.4207308],[ 4.751521 -4.679447],[ 2.2043414 -2.0815272],[ 3.6941595 -3.5893223],[ 1.7032706 -1.4974982],[-0.7519899  1.1642771],[ 2.8407686 -2.7413237],[ 3.254398  -3.1743426],[ 5.407782  -5.4808617],[ 1.908423  -1.9023209],[0.34680054 0.00096387],[-4.0935087  4.6630898],[ 4.5602355 -4.478976 ],[ 4.486884 -4.382022],[-3.5976455  4.1083646],[ 5.3089347 -5.247643 ],[ 2.8282626 -2.763006 ],[ 2.1143835 -2.084925 ],[ 5.369151 -5.208456],[0.28160536 0.04246174],[ 2.5354538 -2.390453 ],[ 3.1100135 -3.0863063],[ 0.75820607 -0.47185317],[-3.6384108  4.122158 ],[ 5.0395093 -4.815174 ],[-0.4131343   0.78431475],[ 4.089623 -3.977275],[ 5.2100935 -5.1075764],[-2.791402   3.1581655],[ 5.2814407 -5.2369385],[-0.24902076  0.7026418 ],[ 3.3466408 -3.3120596],[ 1.7709676 -1.5747193],[ 5.490745  -5.4391613],[0.26036626 0.00407601],[ 0.4535978  -0.05979064],[-1.6599607  2.1478205],[ 4.293103 -4.181722],[ 3.9569972 -3.9294696],[ 3.5219734 -3.6029193],[ 5.191895  -5.1758547],[ 2.1172063 -1.9719019],[ 4.5784802 -4.3749957],[ 2.1966865 -2.1580005],[ 2.193419 -2.034172],[ 0.61429316 -0.34503618],[ 1.9200288 -1.7302792],[ 1.3094912 -1.0624527],[ 4.66752   -4.6951795],[-0.99781924  1.3086112 ],[-0.88421386  1.2116352 ],[ 0.66378534 -0.26451477],[-4.9078155  5.4228144],[-0.16605717  0.52241224],[-1.2635988  1.870875 ],[ 1.5319453 -1.3315165],[0.12918933 0.2555539 ],[ 1.5278627 -1.3119019],[ 2.4566212 -2.39432  ],[ 2.2791138 -2.1518884],[ 2.5376756 -2.2926369],[ 4.1983876 -4.064435 ],[ 2.7102485 -2.7202637],[ 4.4552994 -4.3440976],[ 1.1016154 -0.8696545],[-4.981726  5.694854],[ 1.8926233 -1.7678775],[-2.1817014  2.6100504],[ 3.437921  -3.5580564],[ 3.8804111 -3.7986913],[ 4.0394816 -4.020451 ],[ 5.576544 -5.515479],[ 3.921078  -3.7315452],[ 0.6326785  -0.36313275],[ 4.4321733 -4.252458 ],[ 5.221757  -5.2096972],[ 2.698285  -2.6038148],[ 3.4501972 -3.2039568],[ 0.6941925  -0.46100038],[ 1.2713314 -1.0418199],[ 0.69715166 -0.35994214],[ 3.9796677 -3.9045029],[-0.58978176  0.8334924 ],[ 4.071133 -4.002455],[ 3.6634185 -3.6016707],[ 4.1021457 -3.9947932],[-0.18485719  0.39953768],[ 2.4139454 -2.1902208],[ 5.2237597 -5.1682367],[-0.9798941  1.5039302],[-2.435396   2.8604953],[0.304811   0.02778326],[-0.99017733  1.605167  ],[ 1.7849424 -1.7084267],[ 2.4282458 -2.3994272],[ 5.000561 -4.882877]
[-0.41711953  0.79094064],[-5.7741685  6.3542175],[-0.63893086  1.2663716 ],[-1.5312362  1.9785818],[-0.80197096  1.2897261 ],[-4.2505975  4.786479 ],[0.07509892 0.24830487],[-4.2515097  4.8481383],[-0.3244202   0.59806705],[-2.2604597  2.679026 ],[-4.6562085  5.2792416],[-1.5253636  1.9707421],[ 0.57058066 -0.22415975],[-3.5814157  4.0310273],[ 1.3836162 -1.0322932],[ 6.064448  -5.9267526],[ 0.30511832 -0.05443823],[-0.3906831   0.88184875],[ 1.2955554 -1.0679268],[-0.6027739   0.88561404],[-1.5471026  1.9746147],[-2.6647596  3.1304877],[-1.859957   2.2187722],[-3.720575  4.22622 ],[0.25186735 0.08314039],[-4.4580555  5.090954 ],[-3.17666    3.7323403],[-3.4148097  3.7983263],[-0.14630282  0.4618254 ],[ 1.468839  -1.1602778],[ 0.48454165 -0.02667145],[ 5.9164066 -5.9288607],[-3.8204815  4.2571063],[-1.1302754  1.4701216],[ 2.3573494 -2.1960154],[-1.8159932  2.456339 ],[ 1.3515689 -1.0753683],[-4.805033  5.13423 ],[-0.2742681   0.74707836],[-0.9167784  1.4071976],[-0.08052957  0.53440124],[-2.0278242  2.4358587],[-4.2342663  4.772285 ],[ 1.6401355 -1.3366463],[-0.7073394  1.0512458],[ 1.1328858  -0.85898685],[ 4.3052173 -4.0608525],[ 0.9746928  -0.76883334],[ 1.1737472  -0.84184456],[-2.6997776  3.1459396],[-1.0544442  1.3925085],[-1.3284981  1.7454681],[-0.37117714  0.90726006],[-2.4275665  3.0163612],[-0.6156738   0.98468375],[-1.5995171  2.087509 ],[-0.64008796  1.1560266 ],[-0.7965063  1.1388366],[-2.1708     2.5960906],[-2.4705431  2.8745034],[ 1.6435975 -1.362447 ],[ 2.4092999 -1.9780806],[-1.7718587  2.2713866],[-0.77520293  1.1258118 ],[ 0.3599132 -0.1719876],[ 3.2973652 -3.035506 ],[-1.3549111  1.7205931],[-1.5833075  2.1538575],[-2.2894325  2.698464 ],[-1.3542624  1.9487655],[-3.414057   3.8188016],[ 1.868012 -1.589069],[-0.5912416  0.832039 ],[ 3.5806727 -3.4298298],[-0.88514394  1.4069289 ],[-0.4752145   0.69417346],[-1.7251408  2.356838 ],[ 0.6572365  -0.39896792],[ 1.4474574 -1.2309198],[ 0.40191415 -0.10249403],[ 2.6503708 -2.4643757],[-1.7536658  2.153122 ],[-1.0240996  1.6073971],[ 1.5144575 -1.2018921],[ 3.0388744 -2.907535 ],[-1.7244998  2.1390688],[-4.707142   5.2375717],[ 0.4750627  -0.05906654],[0.19722126 0.10469589],[-0.9854209  1.3861777],[-4.609456  5.142278],[-1.2189691  1.5725226],[ 0.59868973 -0.32101294],[-1.6296016  2.1703172],[ 1.0449386  -0.81303763],[-1.2776324  1.7491444],[-0.00028047  0.25471926],[0.06265931 0.2109865 ],[ 1.0412587 -0.6774803],[-0.5770168  0.7935819],[ 1.8490851 -1.5573156],[0.33930084 0.03029947],[-3.840921   4.2530375],[ 0.31754658 -0.13984755],[-2.3160877  2.9105766],[ 0.28645205 -0.02035398],[-0.47577497  0.91298556],[ 1.9009942 -1.6596012],[-0.88730305  1.2857072 ],[-2.2349055  2.6366208],[ 0.6596185  -0.37153846],[ 1.1738371 -1.0108962],[-4.623353   5.1585045],[ 2.5221078 -2.3515732],[ 0.49215668 -0.12011778],[-3.2637677  3.7467713],[ 1.1492808  -0.69526374],[0.26217762 0.00112872],[-2.8347208  3.2625363],[-1.9641993  2.4898174],[ 0.3976814 -0.209775 ],[ 0.6228532  -0.39033684],[-2.0369582  2.6237352],[-0.6376522  1.0348518],[ 3.6761856 -3.4944668],[-4.0418053  4.566592 ],[-1.498915   2.0059743],[-2.0147061  2.4650598],[-5.2126627  5.728357 ],[-1.9541183  2.3565803],[-0.83427507  1.2037703 ],[-2.709143   3.2030025],[-1.2741287  1.7819793],[ 1.4644564 -1.3955749],[-4.581988  5.026056],[-1.9144838  2.3684225],[-4.209052   4.6073647],[ 3.6617293 -3.5073705],[-1.3919842  1.9577893],[-0.9752566  1.4762927],[-0.85462254  1.1853333 ],[ 1.25872   -0.9320852],[-1.1413246  1.474519 ]
[-2.4173045  2.760984 ],[-3.9180183  4.4112105],[-3.893703  4.391957],[-2.2488377  2.8043923],[-2.056945  2.546896],[-1.361583   1.8244087],[-2.078661  2.218983],[-5.0642457  5.427284 ],[-1.8190773  2.1574674],[-1.0731369  1.433902 ],[-4.310434  4.759313],[0.01848531 0.25686622],[-0.53692466  0.7037588 ],[ 1.3542587  -0.95830595],[-3.4071724  3.7809205],[-1.2157243  1.4991318],[-5.1565614  5.5625386],[-4.638109  5.058915],[-2.0564847  2.4580648],[-2.7282116  3.114944 ],[-0.26138428  0.5249625 ],[ 0.25110918 -0.05981551],[-0.8458795  1.1212075],[ 2.3187532 -2.0379643],[-2.8977003  3.2115576],[-4.93266   5.425943],[-3.2947228  3.6966891],[-0.8239202  1.0592705],[-2.9683805  3.28894  ],[-3.006466  3.400357],[-0.14498009  0.41202727],[-1.7684243  2.0928476],[ 4.5677495 -4.3054743],[-3.9412515  4.4474564],[-3.4022     3.9695926],[-3.8404396  4.6266284],[-1.1270663  1.4902623],[ 3.3332343 -3.169265 ],[-2.9519613  3.5187771],[-5.058398  5.568099],[-3.766357   4.1597514],[0.17860323 0.14435378],[-4.884299  5.263776],[-2.931825  3.328584],[-2.1874037  2.570435 ],[-1.1403348  1.5140606],[ 1.2764251 -1.0097722],[ 1.2855806 -1.0935726],[-4.35757   4.765248],[-0.15276308  0.35563013],[-2.4064248  2.840808 ],[-1.304759   1.6224625],[-2.2013855  2.5975423],[-0.49924615  0.8348169 ],[-1.5853504  1.9130577],[-2.5761135  2.9749053],[-1.8329456  2.277053 ],[ 0.65652746 -0.49101692],[ 0.5591953 -0.3276611],[-2.407485   2.7542806],[-0.3132391  0.5900182],[-0.30423447  0.4676384 ],[-2.0260746  2.3859925],[0.12582745 0.07567046],[-0.34543478  0.57347316],[-0.9254977  1.1871017],[-3.2723045  3.6961815],[-3.3776658  3.7517462],[ 1.7109632 -1.4152843],[-1.6911572  2.0889926],[-0.18750678  0.46859744],[-0.8770803  1.1864196],[ 4.9470787 -4.870005 ],[ 1.6189606 -1.4252038],[-5.401294   5.8335614],[ 0.3114018 -0.2635027],[-4.869564   5.2487154],[-2.1583974  2.4280174],[-2.9948328  3.482691 ],[-5.4490743  5.9957643],[ 0.8700423  -0.62237394],[ 0.7654349  -0.49012342],[-3.4540224  3.945184 ],[-3.031133  3.400001],[-3.8659804  4.259352 ],[-1.3113371  1.7580107],[-4.8131313  5.260433 ],[-0.7940458  1.104543 ],[-0.41703618  0.6651552 ],[-3.931473   4.2834187],[-4.6301937  5.0622234],[-2.9652827  3.2729301],[ 0.45097873 -0.27892384],[ 0.8510665 -0.6662491],[-0.05940559  0.37461182],[ 1.2169067 -1.0953159],[ 0.6060652 -0.4383209],[ 0.5416228 -0.3715961],[-0.762453   1.2038286],[ 4.66487   -4.5271564],[ 0.9845239 -0.745201 ],[-2.1467223  2.564115 ],[-3.2071428  3.6992357],[-1.8009585  2.2937703],[-2.9571035  3.6246915],[0.07206679 0.13331792],[-2.1242485  2.472992 ],[-0.7387826  1.181678 ],[ 3.808576  -3.6831784],[0.14258644 0.03223955],[-0.11527212  0.29214942],[-0.5322745  0.8300628],[-3.4005306  3.8549159],[-0.16351274  0.4753181 ],[-2.221052  2.46362 ],[-1.2314079  1.638817 ],[-4.0580897  4.508416 ],[ 0.45625007 -0.18671453],[ 0.5588392  -0.28415287],[-4.141126   4.4884386],[-0.30541202  0.5605985 ],[-3.0386977  3.4881003],[-2.2771468  2.785804 ],[-2.8806195  3.1691031],[ 2.799366  -2.7702348],[-4.0291986  4.465592 ],[-0.3595371   0.72953725],[-2.8231792  3.3083458],[-3.4006808  3.7922716],[ 3.9400532 -3.6686838],[-0.29699618  0.5582228 ],[-2.084685   2.4115524],[-0.32332176  0.72381246],[ 0.79149646 -0.68685144],[-0.6291477  0.9462174],[-2.588135   3.0749333],[ 0.77695656 -0.5802266 ],[-1.9731429  2.271325 ],[-3.3619604  3.755728 ],[-0.479399    0.77395004],[-0.02811586  0.20476407],[ 1.3010802 -1.0871371],[ 0.67038083 -0.3013836 ]
[ 0.40411493 -0.12371074],[-0.2213378  0.62342  ],[0.14974225 0.24170336],[-2.6107202  2.8255012],[-2.3551695  2.8115833],[0.1283088  0.30411312],[ 3.4332004 -3.2068243],[ 2.5002182 -2.1544137],[ 0.83283997 -0.6706867 ],[-0.34792107  0.67533284],[-0.43735027  0.7827627 ],[ 1.6435078 -1.2784069],[ 3.9911237 -3.8048093],[ 4.556895  -4.4680448],[ 4.5429597 -4.478602 ],[ 0.98777443 -0.6328603 ],[ 3.7088122 -3.3812447],[ 2.4581919 -2.4417667],[ 3.584999 -3.456538],[ 4.57536   -4.5201154],[0.15044226 0.0650668 ],[0.1822193  0.03729726],[ 3.2545004 -3.011656 ],[-0.8144677  1.1428643],[ 2.2106633 -2.1212192],[ 0.36101288 -0.09626953],[ 1.9417301 -1.7192656],[ 1.9900284 -1.753352 ],[ 0.977489  -0.7064098],[ 3.001681  -2.8080173],[0.15499668 0.04261121],[ 1.35463   -1.1094524],[ 5.538424 -5.497379],[ 2.7717023 -2.4551003],[-2.3950064  2.863947 ],[-5.2880163  5.7196836],[ 0.92135966 -0.501851  ],[ 5.507119  -5.3384514],[ 0.424766   -0.23218334],[ 3.5289104 -3.3774195],[ 3.8926122 -3.6331148],[ 5.973452  -5.7907825],[ 0.59881103 -0.3155832 ],[ 0.94975  -0.757775],[ 0.43916366 -0.18035597],[ 2.7821848 -2.6528113],[-0.25718212  0.43032986],[ 4.3221426 -4.2971   ],[ 2.2431848 -2.0642936],[ 1.1495103  -0.97212327],[ 3.6535764 -3.4417105],[ 4.0724115 -3.9656823],[ 0.86892396 -0.6416667 ],[-0.79243195  1.0342245 ],[ 0.88188636 -0.5968607 ],[ 5.0956683 -5.060447 ],[ 1.6926136 -1.5601774],[ 3.8410041 -3.6861098],[ 1.2849141 -1.0292546],[ 3.6254683 -3.5620294],[ 1.828288  -1.5599561],[ 2.2479467 -2.0549917],[ 2.5230563 -2.3517451],[ 0.33553538 -0.08757045],[ 3.3483813 -3.3033125],[ 2.8926103 -2.7115734],[ 2.823945 -2.693969],[ 6.0235977 -5.903798 ],[ 0.90815884 -0.6524773 ],[ 1.7140254 -1.4583477],[ 0.6848391  -0.40881336],[ 0.63664114 -0.26117507],[ 0.8645533 -0.6231809],[ 3.8595135 -3.7933297],[ 4.289409 -4.054038],[ 2.3608568 -2.2816453],[ 4.519315 -4.419996],[ 3.372869  -3.1793149],[ 2.5919101 -2.4415066],[-0.80677134  1.1079236 ],[ 0.44730008 -0.22373599],[ 5.4081306 -5.265424 ],[-1.5033545  1.9000316],[ 1.6727449 -1.5327077],[ 3.2531817 -3.052059 ],[-1.5814083  1.7336392],[-0.5578284  0.8583837],[0.08477961 0.1571193 ],[ 0.91180515 -0.5786863 ],[ 3.6918457 -3.4401352],[ 2.1471615 -2.0355723],[ 4.4882903 -4.3761897],[ 4.8199897 -4.673405 ],[-0.1556962   0.36127496],[-0.03296847  0.2503193 ],[-0.23997608  0.5691774 ],[ 2.9200652 -2.7296517],[ 3.0650282 -2.8809814],[ 1.0621517 -0.7845483],[ 1.5157259 -1.2036568],[0.04473123 0.11462586],[ 0.31515533 -0.01799348],[ 3.761885  -3.5870845],[ 0.49080107 -0.25626996],[-2.1366906  2.5133078],[ 3.3045702 -3.2288094],[-0.11705448  0.33759713],[ 1.4360188 -1.2800715],[ 0.7569518  -0.45634317],[ 0.31282583 -0.01626975],[ 3.2778034 -3.2414265],[ 1.5964644 -1.4169086],[ 0.9260539  -0.61168796],[ 2.5740142 -2.47447  ],[ 5.9349065 -5.8215284],[ 0.51287705 -0.32516143],[ 4.9907537 -4.929138 ],[ 3.4677367 -3.3211198],[ 3.993123  -3.8264449],[ 5.5160146 -5.3948283],[ 0.91729224 -0.7061285 ],[ 2.6761923 -2.1902092],[ 0.62817615 -0.37039915],[ 2.77709   -2.5475297],[ 4.5620174 -4.3996468],[ 1.3024076 -1.0118443],[0.04680441 0.3328685 ],[ 1.6138608 -1.3456955],[ 4.1485157 -3.9410012],[ 6.2749743 -6.274065 ],[ 2.999564  -2.9397292],[ 3.9447591 -3.7836576],[-4.5299487  4.983893 ],[ 0.8633692 -0.7980691],[ 2.2411413 -2.0468855],[0.03378415 0.22391322],[ 4.6684628 -4.693024 ],[ 3.9232295 -3.7284865],[ 2.1235287 -1.8595064],[ 1.0614456 -0.752718 ],[ 0.5572828 -0.400568 ],[-0.41531143  0.6342148 ],[ 4.7011805 -4.58277  ]
[-2.9554167  3.2373333],[-0.75069016  1.2360892 ],[-0.9252448  1.4703122],[ 1.1990213  -0.97965175],[-2.655648   3.1438057],[-0.2527165   0.78688014],[ 4.762531  -4.6426086],[ 5.428899  -5.3996325],[ 4.133523 -3.98698 ],[ 2.2281995 -1.9874629],[ 3.6323264 -3.3863323],[ 5.087716  -5.0201917],[ 0.2924348  -0.08043554],[-1.3367708  1.9881552],[ 0.71851724 -0.41408   ],[ 2.523339  -2.3661962],[ 6.41516   -6.3329563],[-1.234501   1.9879094],[ 0.7299339  -0.44924608],[ 0.5134789 -0.1426861],[ 2.5207822 -2.384729 ],[ 1.0205255  -0.69006073],[ 5.7770896 -5.715389 ],[-0.5016359  1.0254552],[ 4.6729774 -4.5482187],[-0.64634913  0.9700031 ],[ 5.0102186 -4.848146 ],[ 5.60666   -5.5493493],[ 2.2707    -1.8565032],[ 3.382174  -3.2602105],[ 0.9605947 -0.6714987],[-0.6104577  1.2147634],[-0.26898983  0.7578902 ],[ 6.132405  -6.0620375],[ 2.7762523 -2.7126324],[-0.7654904  1.243624 ],[ 3.9787748 -3.7212167],[ 5.0130944 -4.8376412],[ 3.2669625 -3.1278455],[ 5.161449 -5.040297],[ 5.5356417 -5.476259 ],[ 3.060441  -2.8055158],[ 1.2062861 -0.903174 ],[-0.7247469  1.2039497],[ 5.034977 -4.903513],[0.19088417 0.23129725],[ 5.2224107 -5.1395955],[ 3.6745818 -3.5520837],[ 2.1260998 -1.9493433],[ 4.476089  -4.3047924],[ 4.8508544 -4.6886077],[ 2.2048998 -2.1096776],[ 0.539602   -0.17245254],[ 1.2932302 -1.0518091],[-0.8536307  1.4481971],[ 4.4048624 -4.3670297],[-0.25578582  0.85881513],[ 1.9965972 -1.7821385],[ 4.2517104 -4.351431 ],[ 2.0767841 -1.8212543],[ 3.0576875 -3.0316   ],[-1.9651926  2.3995445],[ 2.1831067 -1.9774574],[ 2.520254  -2.4413452],[ 2.5891223 -2.4292045],[ 4.2137446 -4.1216125],[ 5.002223  -4.8866405],[ 1.5356547 -1.4689701],[ 4.088995  -3.8891513],[0.2739093  0.18221676],[ 5.7851877 -5.7353797],[ 4.736071 -4.685767],[ 3.2751122 -3.1763728],[ 2.5037622 -2.3815331],[ 5.946755 -5.873825],[ 3.6527324 -3.590791 ],[-0.22055918  0.7239001 ],[ 2.55532   -2.4517043],[ 3.9669845 -3.794402 ],[ 4.2849483 -4.1746883],[ 1.8514458 -1.6161518],[ 4.9137983 -4.784274 ],[ 1.5472299 -1.2325994],[0.27508074 0.17673829],[ 3.898598  -3.7777448],[ 2.6596875 -2.3496435],[-1.5504861  1.9359902],[ 4.1808066 -4.085938 ],[ 3.139505  -2.9530187],[ 5.397895 -5.226315],[-0.57416296  1.0828594 ],[ 4.5488267 -4.436828 ],[ 4.646167 -4.551458],[ 5.0216866 -4.976607 ],[ 3.553794  -3.3390322],[-0.24301791  0.7352132 ],[ 5.820841  -5.7097173],[ 5.741188  -5.6114826],[ 2.4422042 -2.1853979],[ 4.794279 -4.681128],[ 4.2034397 -4.028439 ],[ 3.3425229 -3.2370677],[ 3.8860142 -3.7931833],[ 4.83685  -4.775618],[ 1.2119942  -0.89552784],[ 2.9944093 -2.8358417],[ 2.639359  -2.4684932],[ 1.6078715 -1.2797848],[ 3.5604696 -3.4538383],[ 1.4151622 -1.2166429],[ 1.6408695 -1.4039911],[ 2.8308163 -2.7185907],[ 4.6442018 -4.4630666],[ 4.5159497 -4.3797774],[ 3.070961  -2.9234984],[ 0.49146232 -0.07266721],[ 1.273104  -1.1078991],[ 4.8649735 -4.7864814],[ 0.96170914 -0.61109185],[ 5.957144  -5.9381337],[ 2.9487147 -2.7036636],[ 5.6932826 -5.6432996],[ 3.0020297 -2.957454 ],[ 1.8880357 -1.7338519],[ 4.7666903 -4.6417484],[ 2.8191535 -2.7236307],[ 1.0660875 -0.819146 ],[ 5.7339773 -5.671196 ],[ 5.5353737 -5.4427648],[-0.1322185   0.61117953],[ 1.2501097  -0.96946645],[-1.3762639  2.05575  ],[ 0.33201024 -0.03953324],[ 1.7220105 -1.5229423],[ 5.0694704 -5.078506 ],[ 5.415149  -5.3279624],[ 1.4417534 -1.2841856],[ 4.9695325 -4.834597 ],[ 1.5232563 -1.3504112],[ 0.7526019  -0.48228675],[ 2.0570672 -1.8894383],[ 4.0089593 -3.9911623],[ 5.2334085 -5.0672665]
[ 1.6814884 -1.4428656],[-1.7389449  2.2419233],[-4.2966094  4.817787 ],[-4.481519   4.8269606],[-2.6705947  3.0676951],[-0.98601466  1.492922  ],[ 1.7123876 -1.3682178],[-5.2237954  5.728905 ],[-1.239177   1.5636079],[-3.3640184  3.463094 ],[ 0.6553927 -0.1816802],[ 0.89001375 -0.68568   ],[ 1.362638  -1.1169057],[-5.564051  6.01948 ],[-1.3163607  1.6621076],[-4.8022804  5.089331 ],[-4.951507   5.5417576],[-2.2977047  2.5597062],[-4.6706877  5.1164284],[-5.2577424  5.684288 ],[-1.1840907  1.4120066],[-1.2774929  1.4824705],[-4.895238   5.2891545],[-3.991997  4.449087],[-2.1124249  2.4915352],[ 0.86319816 -0.6476695 ],[-4.435489   4.8453736],[0.17983133 0.11107635],[-1.7272382  2.017704 ],[-4.113848  4.528365],[ 0.34843796 -0.10685392],[-5.7295547  6.138763 ],[-4.2649794  4.696788 ],[-0.86390936  1.2055286 ],[-0.51982224  1.0168619 ],[-1.6991233  2.184045 ],[0.10521218 0.28614518],[-4.1369195  4.6879587],[-2.1035144  2.3031313],[-5.0343175  5.584295 ],[-4.65116    5.1057186],[-1.3551751  1.6774619],[-2.805434   3.0653968],[-0.29252768  0.66427875],[-1.0619832  1.3874686],[-4.342917   4.7994604],[ 1.1884747  -0.98328173],[-1.225199   1.5882267],[-3.7970262  4.149223 ],[-3.2582874  3.7536   ],[-4.5316076  5.028467 ],[-2.2093446  2.5665238],[-1.707288  2.16238 ],[0.2205192  0.15355381],[-0.41893998  0.89100343],[-1.9909663  2.4370437],[-5.291546   5.7998347],[ 0.482412   -0.23647264],[-0.32340035  0.53431433],[-3.2965364  3.7931128],[ 3.3673756 -3.261478 ],[ 0.66161966 -0.32160473],[-2.3177342  2.7755954],[-1.9725845  2.2234805],[-1.0545588  1.3474317],[-3.507381   3.8843682],[-0.80908793  1.18317   ],[-5.1185517  5.545957 ],[ 0.85039395 -0.6574    ],[-1.2753843  1.850333 ],[-1.4214264  1.7895801],[-2.5113933  2.9972208],[0.15650456 0.31132808],[-1.8098226  2.3551729],[-0.30967364  0.5642037 ],[0.33342278 0.01751957],[-0.18879199  0.68875283],[-4.9719844  5.357584 ],[-3.7352579  4.2292137],[-3.1294727  3.4862936],[ 0.29284102 -0.02497429],[-4.5598354  5.000683 ],[-4.1492333  4.4884195],[-3.691825   4.1826415],[-0.9375953  1.2110376],[-4.059244   4.3892264],[ 1.2864008  -0.96294546],[-4.3294034  4.764691 ],[-2.0491683  2.4876845],[-4.6919103  5.1597123],[-4.049426   4.4243636],[-1.3488269  1.7049567],[-1.1455209  1.5187061],[-0.08446407  0.33049983],[-0.43309656  0.6207746 ],[-1.2640771  1.4939562],[-1.206706   1.6739337],[-1.0740849  1.5224856],[-0.12704222  0.5528736 ],[-3.0757608  3.3832366],[ 2.9769676 -2.8488288],[-3.7593987  4.2609587],[ 0.40029216 -0.06175326],[-3.9942257  4.428967 ],[-2.9738789  3.3241875],[-1.185223   1.5316164],[-1.1075011  1.4079466],[-4.3458138  4.9704337],[-1.7434549  2.3163612],[ 1.4514452 -1.1551464],[-1.2237178  1.5870355],[-1.9846106  2.4182222],[-4.237484  4.634583],[-1.0177488  1.4160285],[-4.1947775  4.5661216],[-1.3985796  1.6933444],[-4.9458575  5.46288  ],[0.13972652 0.16683242],[-4.458288   4.9024096],[-5.008827   5.4459033],[-2.8278403  3.1357245],[-4.750581  5.348408],[-3.7227912  4.1618023],[-0.9708827  1.4570025],[-2.615427   3.2474403],[-0.13463517  0.598449  ],[0.12994447 0.19187343],[-5.5812335  5.9647236],[-2.8686676  3.2211332],[0.05612951 0.23900917],[-1.7282029  2.1030936],[-5.3341346  5.7602277],[-0.90785575  1.3076744 ],[ 0.6569384 -0.5246082],[-0.5788174   0.83787966],[-4.6460385  5.129952 ],[-3.0095928  3.3555603],[-3.6003506  4.037929 ],[-3.1550171  3.5845609],[-0.2816261  0.6454012],[ 0.5962846  -0.37228763],[-2.484948   2.8166697],[-3.5065224  3.9197068]
[-0.28777477  0.44943216],[-2.8987527  3.1322606],[ 2.1527548 -1.7844955],[ 2.6937513 -2.2786796],[-1.903721   2.1940622],[-0.41524467  0.7221624 ],[ 3.594804  -3.4351983],[-4.5476832  4.835376 ],[ 2.5038857 -2.2786796],[ 3.774984  -3.5456903],[-3.8164632  4.339981 ],[ 1.4660363 -1.2536277],[ 3.0235276 -2.877868 ],[-0.6391387   0.88921136],[ 4.398122 -4.203871],[ 6.504865 -6.419339],[-4.9776635  5.302231 ],[ 2.8886569 -2.6287854],[-0.89192593  1.1467426 ],[ 5.8725834 -5.664418 ],[ 1.9954344 -1.7602875],[ 0.3789366  -0.05054275],[ 3.624287  -3.4547534],[ 1.2981073  -0.85066265],[0.2263318 0.0483227],[ 0.65937245 -0.40951762],[ 3.3875873 -3.1023188],[ 2.0199957 -1.743893 ],[ 1.7227037 -1.3489888],[ 2.495235  -2.1546495],[-0.6159136  1.0368673],[ 4.3681455 -4.1557455],[-0.81457245  1.235972  ],[ 1.3297142  -0.99578804],[-0.82357186  1.2703414 ],[-2.3265736  2.6539993],[-2.086805   2.5500138],[-1.9496346  2.3246326],[-0.28564715  0.50576335],[-1.3828073  1.73249  ],[ 1.6062515 -1.1748579],[ 3.5758376 -3.3221014],[-1.3466622  1.4973131],[ 0.442711   -0.08867772],[ 1.6644948 -1.383345 ],[ 0.9290688  -0.44445798],[ 0.9135147  -0.64281684],[-0.08395293  0.34879255],[ 3.9607131 -3.6290874],[ 0.71214944 -0.50463575],[-0.28702027  0.49133417],[ 1.7175709 -1.3986768],[-0.10867368  0.30835995],[0.03083288 0.30408838],[-0.14844044  0.5225892 ],[ 1.7628473 -1.5252588],[-4.384096   4.7135057],[-0.10229905  0.39180622],[ 4.5250106 -4.3282337],[-1.0755929  1.5700936],[ 1.8247038 -1.6303872],[ 5.6821427 -5.5892415],[ 2.3662524 -2.018621 ],[ 4.791568  -4.6754117],[ 1.4476596 -1.2153984],[ 3.2989714 -3.0380235],[ 5.1673293 -4.9563932],[ 0.7403956  -0.31765014],[ 5.0203075 -4.835848 ],[ 0.46979204 -0.15079178],[ 1.260517   -0.76958835],[-0.23796976  0.7733123 ],[-4.011971  4.458755],[-0.67369896  1.0535259 ],[ 3.707177  -3.4361076],[-3.4163496  3.80824  ],[0.13016194 0.1998522 ],[0.1890255  0.10253503],[ 0.7454413 -0.3796935],[ 0.88131684 -0.56083816],[-0.6562354  0.953146 ],[ 3.6331375 -3.4813068],[-0.44971952  0.66224736],[-3.0916076  3.3212912],[ 1.6630884 -1.3968766],[-1.1625606  1.5614642],[ 3.13913   -2.7784085],[ 1.3137991 -1.0336989],[-2.7133842  2.96352  ],[ 4.699088  -4.4467916],[-2.1497004  2.3491263],[ 5.3066154 -5.2195554],[ 0.361467   -0.08329328],[ 2.5498552 -2.356656 ],[-1.6562039  1.8282363],[ 1.1622113  -0.71815354],[-0.12255928  0.45412722],[-0.242125   0.5579197],[-0.23034447  0.58175904],[ 4.697929 -4.576528],[ 2.5478559 -2.5076485],[ 0.54963684 -0.31994897],[-3.1631608  3.6852968],[-0.63848287  0.7942906 ],[ 2.8251069 -2.5785675],[ 1.0557165 -0.8192632],[-0.36367986  0.51910144],[0.36553985 0.04266501],[-3.789738  4.236436],[ 3.806852  -3.6314814],[ 1.3400582 -1.0601243],[ 1.1101025 -0.7451008],[-1.1550606  1.2799613],[ 0.54027337 -0.28445283],[ 4.9538255 -4.7794714],[ 3.2453985 -2.9920535],[ 1.0106014  -0.64382064],[ 1.3175254 -1.004689 ],[ 1.6849111 -1.287838 ],[ 3.874709 -3.644543],[ 2.128285  -1.8386316],[-0.22400108  0.6462658 ],[ 3.9472275 -3.6585598],[0.18408541 0.18988806],[-2.3728185  2.857492 ],[-2.4184792  2.7184641],[0.21450642 0.10447957],[ 5.16001  -4.968831],[ 0.42270443 -0.00510352],[ 1.9119811 -1.584959 ],[0.15556887 0.10461638],[-1.0775665  1.325148 ],[ 3.768947 -3.561356],[ 0.4519876 -0.1847052],[ 5.04139   -4.8408318],[ 1.5961616 -1.1518086],[ 3.3334599 -3.2477417],[-0.40099975  0.58473986],[-1.0615233  1.2419621],[ 1.6414186 -1.3333099],[ 2.3806112 -2.193546 ],[ 1.6617824 -1.4460847],[ 2.3534932 -1.9280323]
[ 3.4795034 -3.267933 ],[0.2188443  0.01252355],[-1.9578016  2.1976893],[-0.60568964  0.73400044],[ 2.4926116 -2.3123732],[ 0.7611875  -0.49387017],[-0.5531732  0.6328248],[ 2.9629304 -2.7269607],[-0.35546944  0.564492  ],[-2.8171597  3.0744572],[-5.0906386  5.4784455],[-0.41750193  0.7208182 ],[-2.7656958  2.9506474],[ 4.3168755 -4.1010475],[-1.9737654  2.17774  ],[-1.4799931  1.836374 ],[ 5.132258 -4.954319],[-1.3432986  1.5636003],[-0.7002952   0.85161877],[-2.3470855  2.5838482],[-0.76490337  0.9672972 ],[-3.5806808  3.8795974],[-1.8800031  2.0004165],[ 0.76182985 -0.48651704],[-2.591755   2.8512998],[ 1.4529194 -1.2695642],[-1.1064384  1.2661394],[ 0.19240941 -0.00876345],[-0.4389365  0.6781948],[-1.4257282  1.618833 ],[-3.3921611  3.5777452],[-0.03448706  0.19084206],[-0.97248214  1.3156474 ],[-1.8162622  2.044618 ],[-2.0099647  2.3066728],[-0.7025038  0.9710821],[-2.485123   2.8816454],[-0.64114165  0.94212145],[-4.1696897  4.3174706],[-4.3947954  4.5153565],[-2.1705394  2.3583217],[-3.1770403  3.545461 ],[-1.6182323  1.6951631],[-0.71055394  1.0555991 ],[ 0.3135742  -0.11898919],[-1.4752641  1.7074515],[-1.3097448  1.7358687],[-0.5125312  0.7818251],[-1.7811424  2.0558448],[-3.2737522  3.4371855],[-0.1123945   0.25137383],[-0.8735844  1.0992968],[ 0.3764083  -0.14628772],[ 0.8625725 -0.634723 ],[-0.66793144  0.95242375],[-5.152814  5.636498],[-0.1444528   0.40975893],[ 1.4849625 -1.2615339],[-0.3394973  0.5011437],[-5.5371985  5.9027624],[-1.4450766  1.8183153],[-4.090612  4.403295],[-4.7381854  5.12819  ],[ 0.51070035 -0.36799368],[ 1.3783667 -1.2479185],[ 2.2101722 -1.9543694],[-4.8397803  5.23649  ],[-3.0519588  3.1978242],[-1.2631305  1.5136026],[-1.172249   1.4845103],[-3.638701  3.885913],[-2.5579128  2.9056547],[-2.1900282  2.4740024],[-2.7920141  3.0662405],[-2.294253   2.5203378],[ 1.014223  -0.7379956],[-3.7360759  4.3159456],[-0.97621554  1.0235887 ],[-4.5156755  4.844582 ],[ 1.9851325 -1.7278115],[-0.8550124  1.152822 ],[-0.38373187  0.6547155 ],[0.20540434 0.07165764],[ 1.1716794 -0.9122376],[ 1.5674479 -1.394984 ],[-3.8688655  4.0286183],[-2.5978413  2.7886055],[-4.100655   4.2955303],[ 2.3986962 -1.9986144],[0.1865044  0.00586429],[ 0.85643005 -0.6042814 ],[-1.135753   1.3938713],[-0.046784   0.2687087],[-4.4701176  4.79903  ],[-0.5654956   0.81219375],[-2.2011147  2.4230542],[-2.052758   2.3869193],[-1.7732637  2.0952842],[-2.4841795  2.847642 ],[ 2.0435288 -1.94376  ],[-0.15381356  0.3145932 ],[ 0.3547761  -0.18616328],[-2.1462998  2.4995704],[-0.2949622   0.44191912],[-3.4099689  3.6947744],[ 0.30061874 -0.02592437],[ 1.4451691 -1.198602 ],[-3.850611  4.286367],[-2.6764364  3.1059196],[-2.2090974  2.5742047],[ 1.365634  -1.2127662],[-0.11011589  0.27596164],[-1.4919952  1.5923905],[-0.64121187  0.84047204],[-5.180192  5.439169],[-0.7754512  1.0052124],[-0.79053086  1.1707324 ],[-1.1813543  1.3912828],[-2.3173857  2.6190152],[-4.2168846  4.5519166],[ 2.269891 -2.072412],[ 0.3771577 -0.0982986],[-1.7389255  2.0388784],[0.19729151 0.07861087],[-1.2136561  1.655366 ],[-0.87903553  1.0821899 ],[-0.21689424  0.43775353],[-2.2793481  2.3317847],[-3.482576  3.787976],[-5.2800827  5.6925936],[-0.59036386  0.7287978 ],[ 1.2794123  -0.95204216],[-4.8805532  5.3253694],[ 0.8600031  -0.65320474],[-1.7057854  2.1366086],[ 0.46185634 -0.20946401],[-5.0139     5.3921914],[ 0.31852323 -0.10907428],[-3.2874796  3.4823804],[-0.8482684  1.0868523],[-0.02910741  0.24685216],[-0.984966   1.1699024],[-3.9776247  4.20485  ]
[ 5.0152507 -4.9541383],[ 2.329868  -2.0173917],[ 1.6742551 -1.451603 ],[ 4.408389 -4.311547],[-0.19358149  0.5081786 ],[ 2.0685976 -1.738879 ],[ 3.853686 -3.716422],[ 2.4667408 -2.107737 ],[ 0.6088381  -0.27853703],[ 1.8009058 -1.5760545],[ 2.0878344 -1.7232505],[ 0.9138372 -0.6721157],[ 6.3747416 -6.3046207],[ 5.242561 -5.113604],[ 2.02341   -1.8506342],[ 1.4918833 -1.2584141],[ 0.82390606 -0.46345562],[ 0.5985125  -0.28446126],[ 5.3515754 -5.2993627],[-0.5086128  0.9947691],[ 3.9517932 -3.8952823],[ 4.8983555 -4.6407204],[ 5.690667 -5.640101],[ 3.4206607 -3.2340188],[ 4.8560257 -4.7220683],[ 2.3330734 -2.1679976],[-0.73692936  1.0804532 ],[ 4.4708138 -4.36483  ],[ 5.1888514 -4.9914703],[ 3.8733776 -3.7118216],[ 0.98239875 -0.62409   ],[ 0.99611056 -0.83319163],[0.21386465 0.13836086],[ 5.3743267 -5.3714294],[-1.6072174  1.9401165],[-0.38607404  0.6840075 ],[ 4.5524945 -4.33525  ],[ 0.965589   -0.53074086],[ 5.6371098 -5.4834404],[ 4.1105685 -3.9394007],[ 4.6251636 -4.5274897],[0.36673284 0.04241495],[ 4.5265274 -4.4087095],[-1.3300778  1.7334473],[ 1.4925652 -1.1188333],[ 4.998881 -4.92619 ],[-1.71507    2.1203895],[ 0.87966317 -0.5587644 ],[-0.4235461   0.79500854],[ 3.857669  -3.6156774],[ 2.0778682 -1.8644079],[ 3.070017 -2.977346],[ 0.6519811  -0.39807242],[ 0.7362323 -0.399039 ],[-1.0629843  1.5774747],[-3.2700658  3.642067 ],[ 1.262132  -0.9880675],[ 1.0364007 -0.7210352],[ 6.0941515 -6.0528345],[0.24213156 0.08646778],[ 3.5749516 -3.3643398],[ 3.7209995 -3.6107879],[ 3.7833257 -3.587594 ],[ 0.80575264 -0.50825506],[ 0.908501   -0.56676507],[ 5.66945   -5.5587893],[ 1.3094022 -0.9506107],[ 2.790041  -2.5239615],[ 2.2545974 -2.0373044],[ 0.5237733 -0.1315924],[ 5.6923823 -5.6224275],[ 2.2225273 -2.1067517],[ 2.3893857 -2.177701 ],[ 2.001266  -1.8045663],[ 0.6899296  -0.27443543],[ 2.6678476 -2.3860726],[-2.7300715  3.189614 ],[ 3.1061125 -2.8732421],[ 3.9190166 -3.6969707],[ 0.95768476 -0.72176486],[-0.32065633  0.6737896 ],[ 1.3328625 -1.0710175],[0.14092942 0.18937016],[-0.13029858  0.36718708],[ 1.6698878 -1.3966658],[ 6.2554035 -6.132463 ],[ 5.344486 -5.334975],[ 2.7824323 -2.5518322],[ 6.2299294 -6.1393375],[-0.47727588  0.7551771 ],[-0.04911553  0.31998363],[ 1.3441876 -1.0099541],[ 2.899792  -2.7600284],[ 1.075782  -0.7741031],[ 2.6172962 -2.4074523],[ 1.2395762 -0.9558885],[ 3.140534  -2.9416726],[ 2.65375  -2.448351],[ 1.9490037 -1.7938285],[ 3.608003  -3.4756563],[ 5.2006073 -5.1195145],[ 0.9623122 -0.5899825],[ 4.688089  -4.7984076],[ 4.252349  -4.0879292],[ 3.8727286 -3.7296643],[ 2.1906343 -1.9586736],[ 2.8704119 -2.6005237],[ 5.755317  -5.7282896],[0.02250583 0.4195516 ],[ 1.4346408 -1.1626931],[ 1.1303884  -0.71419626],[ 2.6943462 -2.5521562],[ 2.0620446 -1.7993033],[ 1.349764 -1.132806],[ 5.6675744 -5.6153584],[0.25871247 0.11759969],[-4.023327  4.5864  ],[ 0.87474483 -0.47500184],[ 1.1098634  -0.81207305],[-2.0190685  2.326283 ],[ 4.990453  -4.8955812],[ 3.0500298 -2.899696 ],[-3.4890106  3.8288562],[ 3.1287923 -2.9324038],[-0.44924793  0.946702  ],[ 2.9831097 -2.842262 ],[0.15572688 0.10105143],[ 5.5986137 -5.468762 ],[0.13556153 0.14098257],[-1.2004399  1.6109097],[ 4.51966   -4.4196925],[ 5.5998898 -5.4961004],[-2.3820155  2.7668915],[-0.8448365  1.1858118],[-0.364694    0.76224005],[0.01842976 0.37410387],[ 2.5408673 -2.1610463],[ 2.4146183 -2.2121468],[ 5.2261763 -5.1761174],[ 1.9313399 -1.5958234],[-0.41699347  0.6922577 ],[ 2.841534 -2.654203],[ 1.7762983 -1.5227431]
[-0.17661287  0.40890735],[-1.1766399  1.4924037],[-1.0004032  1.3588055],[-0.18621416  0.4842398 ],[0.22551718 0.09268313],[-1.1964414  1.583167 ],[ 4.7742004 -4.634951 ],[ 2.4572566 -2.1858137],[ 4.7561183 -4.502655 ],[ 1.2312324 -0.8891425],[ 2.7502875 -2.4510202],[-2.3948245  2.876187 ],[-2.3167024  2.694695 ],[ 4.921792  -4.7222323],[-0.74910706  1.1253283 ],[-0.5498637   0.96933424],[ 4.634997 -4.474316],[-2.2741637  2.5030615],[-0.89736223  1.1663938 ],[-3.0011828  3.2969038],[-0.6953479  1.0703377],[ 2.3950078 -2.156777 ],[ 4.5938463 -4.37055  ],[-0.59481597  0.94467556],[ 2.0477755 -1.7565436],[-0.4311685   0.77908385],[0.12877391 0.0975607 ],[-0.35708734  0.75211036],[0.09718495 0.4306391 ],[-0.54865533  0.8133403 ],[ 2.194445  -1.9491606],[-2.6769326  2.8810165],[ 0.47837272 -0.04308157],[-3.1235454  3.5806017],[ 3.211859 -2.908795],[ 1.8684677 -1.4862487],[0.18233053 0.15747386],[-0.8312745  1.4867289],[-0.5199454  0.7435847],[-1.3684585  1.6665692],[0.28759262 0.10289303],[ 0.69134265 -0.18325573],[ 5.2267747 -5.095876 ],[ 4.0472054 -3.7514832],[ 1.7639594 -1.4519966],[ 1.6274005 -1.4652389],[ 3.343301  -2.9480493],[ 0.7232593  -0.27056885],[-0.23459342  0.5954991 ],[ 2.2835171 -1.8788747],[-3.5118916  3.8726466],[ 0.80807894 -0.43157646],[ 1.4843084 -1.1618588],[ 0.6377118 -0.2391395],[-0.73057324  1.2218591 ],[ 0.9574806 -0.3841376],[0.08075245 0.33332828],[0.02778982 0.35927778],[ 0.4658786  -0.11733004],[0.17583774 0.23797655],[-2.6251955  3.1468449],[ 0.6460804  -0.23355415],[ 1.9160701 -1.5245275],[ 2.0430157 -1.7468116],[ 1.9953264 -1.675204 ],[-0.05611048  0.41044107],[-1.2992948  1.6905518],[-5.5322404  5.8862443],[ 4.122097  -3.8916068],[ 1.1083249 -0.726783 ],[-0.48018822  0.8818806 ],[-3.0226326  3.415307 ],[ 2.1157236 -1.6137073],[-1.6329776  1.9166859],[0.01221945 0.25310463],[ 3.4012659 -3.2945   ],[ 1.9141953 -1.6004564],[-4.2639885  4.584712 ],[0.27897483 0.14255106],[ 5.1631894 -5.0395722],[0.252279   0.08903012],[ 1.5998297 -1.1580621],[0.14047672 0.12844744],[ 0.5222608  -0.14587492],[ 1.2116722 -0.9141295],[-1.5434483  2.0416024],[ 1.8821259 -1.5783142],[ 4.922829  -4.6213603],[0.3697758 0.0802488],[ 4.627797  -4.4722385],[ 0.6429745  -0.15830663],[-0.49172875  0.8784087 ],[-1.3890862  1.831127 ],[ 4.1161366 -3.7889707],[ 4.4338512 -4.279361 ],[-0.3338948   0.58204705],[0.13315158 0.20849255],[0.2813756  0.04549973],[-0.7810121  1.1889135],[ 5.033789  -4.9333563],[ 3.0977552 -2.6615546],[0.3259126  0.10303523],[-3.9665883  4.5623903],[ 2.767968 -2.505956],[-0.02198373  0.2926908 ],[0.30523035 0.02555689],[ 4.24912 -4.04395],[-3.872939  4.500273],[ 1.093704  -0.6828651],[ 2.2136118 -1.9261184],[ 2.0292666 -1.6816036],[ 1.1704623 -0.8200455],[ 1.0997837 -0.7209545],[0.09126879 0.16012496],[ 2.296782  -1.8845513],[-1.9550536  2.0974884],[-3.193908   3.4804807],[ 1.2628925 -0.8670274],[-0.5323119   0.94586015],[ 3.4043493 -3.048319 ],[-0.31038323  0.5821967 ],[-5.630477  6.126464],[-0.42655873  0.6927312 ],[-2.3217185  2.742527 ],[-2.9512165  3.3283625],[0.27750412 0.09034266],[ 2.8761632 -2.56934  ],[ 4.8935046 -4.710275 ],[ 1.9121529 -1.4980196],[ 1.5546689 -1.0856137],[-0.6796086  1.0134655],[ 1.4985706 -1.1232395],[ 4.15327   -3.7306995],[ 4.1376   -3.887839],[-1.955589  2.246995],[ 3.0807137 -2.7052054],[-2.883275   3.2115142],[-0.16878814  0.4783114 ],[ 3.2882864 -2.9582956],[ 3.6229625 -3.4299111],[ 0.93306   -0.6018824],[-2.6673849  3.129998 ],[0.22090748 0.25045934]
[ 4.047486  -3.9637752],[ 3.5937037 -3.4932177],[ 4.5279393 -4.4388494],[ 5.9797087 -5.9064994],[ 4.2147965 -3.9840584],[ 2.9607255 -2.661708 ],[ 4.978674 -4.931261],[ 2.3018754 -2.007796 ],[ 4.1853986 -4.087139 ],[ 5.8762245 -5.766393 ],[ 5.787184 -5.739149],[ 3.1893125 -2.887918 ],[ 3.652211  -3.4990268],[ 5.0763707 -4.9815135],[ 4.1062465 -3.9752867],[ 3.8646164 -3.6485665],[0.08747549 0.20042476],[ 5.1606474 -5.0375953],[ 5.259149  -5.1233654],[ 5.424376 -5.250319],[ 4.508439  -4.2577343],[ 6.081971  -6.0435505],[ 0.9917664  -0.74504024],[ 5.1699843 -5.0931225],[-0.28544545  0.5706529 ],[ 1.8851651 -1.7041436],[ 4.739552  -4.4999914],[ 0.7433751 -0.4673531],[-5.7486424  6.1187587],[ 4.0015354 -3.8026383],[ 1.3337152 -1.103615 ],[ 5.3988266 -5.245538 ],[ 4.6664076 -4.4966593],[0.07455239 0.22521302],[ 1.8300453 -1.4908327],[ 4.061577  -3.9065192],[ 0.587717  -0.3726211],[ 2.8526587 -2.5672307],[ 5.8100486 -5.64387  ],[ 6.0989304 -5.9779525],[ 5.2623463 -5.1299763],[ 4.593673 -4.447457],[ 4.6786866 -4.586298 ],[ 1.0475624 -0.8094399],[-0.7451211  1.0476489],[ 0.35955563 -0.04854505],[-1.7016792  2.072126 ],[ 3.6307673 -3.4873214],[ 5.196428  -5.0248384],[ 4.9955797 -4.9250765],[ 4.54778  -4.316301],[ 5.4041457 -5.25355  ],[ 4.706892  -4.5759115],[ 4.5703826 -4.474073 ],[ 3.6402533 -3.567396 ],[ 4.156402 -3.889974],[ 3.3197484 -3.2171826],[ 2.4260943 -2.2056136],[-0.03869505  0.3716156 ],[ 5.3811603 -5.1956296],[ 3.2554367 -3.0048382],[ 5.6622224 -5.5843697],[ 4.957113 -4.929637],[ 2.5116448 -2.2981017],[ 1.9615943 -1.6695433],[ 1.2590353 -1.03355  ],[ 5.0147905 -4.8947024],[ 5.3432674 -5.1292973],[ 3.013976 -2.898827],[ 1.4253138 -1.1589198],[ 0.69683474 -0.444032  ],[ 3.5015485 -3.2202113],[ 3.5320396 -3.3810108],[ 4.6834583 -4.5378313],[ 5.482395 -5.291504],[ 5.1671495 -5.0154247],[-0.76031685  1.1901507 ],[ 5.919625  -5.7884846],[ 3.7011163 -3.5158527],[ 4.9633985 -4.815395 ],[-0.00342533  0.30705774],[ 4.1407285 -4.064339 ],[ 4.6363864 -4.4995046],[-0.43462354  0.55878913],[ 3.080794 -2.930279],[ 3.2258189 -3.0413272],[ 5.665878  -5.6464753],[ 4.7251487 -4.621977 ],[ 1.5314525 -1.3124486],[ 3.118139  -2.8221896],[ 1.795137  -1.6257433],[ 2.0143187 -1.7606113],[ 3.0837436 -2.9539318],[ 5.864112 -5.770819],[ 2.7891774 -2.570127 ],[ 4.947307  -4.7652793],[ 2.848245  -2.7364504],[ 2.6208231 -2.5187101],[-1.6274226  1.8743514],[-2.730681   3.2122273],[-4.647698   5.0861287],[ 0.53987396 -0.34501088],[-4.7758603  5.0978193],[ 5.2975817 -5.227957 ],[ 5.84292   -5.7533746],[ 3.4167001 -3.216517 ],[ 4.822334 -4.71359 ],[-5.226981  5.63947 ],[ 3.89845  -3.763616],[ 5.7305627 -5.651298 ],[ 0.8114955  -0.56416255],[ 4.56868  -4.443594],[ 4.4637117 -4.265256 ],[ 1.3496433 -1.2246906],[ 3.742496  -3.5420463],[ 5.65046  -5.495598],[ 6.0586505 -5.95949  ],[ 2.598277  -2.4669871],[ 5.264809  -5.1833534],[ 5.439617  -5.3041034],[ 5.4615645 -5.391376 ],[ 2.2905135 -1.8884885],[ 5.3676805 -5.1920013],[ 1.5246798 -1.2466631],[ 3.6330938 -3.390009 ],[ 3.612995  -3.5034144],[ 1.3307946 -1.1230261],[ 4.597482  -4.4906216],[ 4.2262225 -3.9840655],[ 5.7491846 -5.5822105],[ 3.664233 -3.450385],[ 5.376301  -5.2451406],[ 5.8494363 -5.810153 ],[ 3.4909263 -3.3919082],[ 5.383033 -5.230292],[ 3.712781  -3.5406528],[ 0.48055586 -0.23413414],[ 4.9196243 -4.758051 ],[ 6.1090026 -6.085935 ],[ 1.1085422 -0.8389684],[ 3.2863293 -3.1293015],[ 4.178272 -4.061155],[ 4.5958176 -4.4183164]
[ 1.1659448  -0.88573456],[ 2.7941012 -2.656369 ],[0.22442769 0.02767949],[ 0.74832463 -0.42829365],[-2.910235   3.4294083],[ 1.5334696 -1.2911417],[ 0.44682258 -0.19905701],[ 2.8375642 -2.6610332],[ 0.6974917 -0.5165596],[-3.2785811  3.607409 ],[ 1.990765  -1.7010133],[ 0.66153187 -0.45665845],[ 0.7601028  -0.53582835],[-0.02315661  0.40137306],[ 1.7258931 -1.4363092],[ 0.6743083 -0.3704456],[ 4.8468075 -4.7157984],[ 5.2757196 -5.2131767],[ 3.7110424 -3.517553 ],[ 3.956959  -3.7940063],[-1.7208018  1.9075657],[-0.22726947  0.39778015],[ 0.40378723 -0.10689333],[ 1.7274414 -1.4679985],[-3.2277255  3.418145 ],[ 2.6221755 -2.4907708],[ 1.8969074 -1.7585715],[ 1.9783067 -1.8459066],[ 6.145415 -5.980029],[-0.06531031  0.2819363 ],[ 2.386548  -2.1840355],[ 0.66134036 -0.42082173],[ 1.6453209 -1.4078517],[ 3.2610643 -2.997914 ],[-1.2704818  1.4850248],[ 4.9794765 -4.9667454],[-0.6430813  1.0093929],[0.18890993 0.12819734],[ 3.955437  -3.7963703],[ 0.591338   -0.35171625],[ 1.668159  -1.4039365],[ 1.7535844 -1.5733371],[ 3.550439  -3.4546046],[ 1.5880417 -1.3259027],[ 4.8638053 -4.728439 ],[ 2.8204186 -2.4932745],[-2.2370949  2.6919842],[ 2.234909  -2.1318455],[ 0.38033214 -0.13234265],[-1.4303975  2.06168  ],[ 5.5358267 -5.4279933],[ 0.9025942  -0.68608785],[ 3.8486805 -3.6907713],[-1.5142505  1.8777008],[ 1.971184  -1.8144792],[ 1.7837452 -1.4378115],[-3.4584935  4.0794544],[ 1.7847868 -1.4920702],[ 1.7720832 -1.5226719],[ 2.0695865 -1.9410397],[ 0.42395455 -0.12672819],[-0.86672354  1.2331066 ],[ 0.55129737 -0.31352654],[ 1.7980971 -1.6426752],[-0.09281603  0.3082544 ],[ 1.2185868 -1.0157305],[ 1.2948309 -0.9853196],[ 6.3336554 -6.2733393],[ 0.4920027  -0.21241781],[-1.0288421  1.3181003],[ 1.4237154 -1.1754116],[0.05873638 0.23608038],[0.07091615 0.19867224],[ 2.7478843 -2.6066155],[ 2.2846422 -2.229175 ],[-1.386758   1.6871139],[-1.0180702  1.4942772],[ 2.0245953 -1.8356254],[ 1.1016624 -0.7595671],[ 1.7021354 -1.5455009],[ 1.5585643 -1.3132371],[ 1.1584512  -0.99503803],[ 0.30255532 -0.0519874 ],[ 4.3400216 -4.145074 ],[ 0.880582  -0.7138994],[ 1.6804805 -1.3430905],[0.17034191 0.11086685],[-2.323246   2.7604425],[ 1.5027999 -1.3130423],[ 2.2568343 -2.0853634],[ 2.433369  -2.1928372],[ 4.9232216 -4.970762 ],[ 1.000277  -0.7858655],[ 2.2077463 -1.9483128],[ 5.6294913 -5.553271 ],[ 6.083656 -6.010437],[ 0.75498646 -0.6105302 ],[ 0.69359505 -0.5568842 ],[ 2.0694592 -1.8407983],[-2.8932319  3.2183166],[-1.6121576  1.9618744],[-0.22088474  0.42278066],[ 1.9153169 -1.6763769],[ 1.3415966 -1.0702513],[ 0.9828648  -0.68528306],[ 1.0391595 -0.8947882],[ 2.089578 -1.858291],[ 5.334037 -5.246867],[ 0.5273561  -0.27067077],[ 0.88642544 -0.69777054],[ 0.65831095 -0.44707027],[ 1.5215688 -1.3079348],[ 4.082151 -3.930836],[ 1.6039377 -1.5144106],[ 0.418357   -0.12983721],[ 1.2743057 -1.1615809],[ 0.9251115  -0.49530625],[-4.1248245  4.515188 ],[ 0.655448   -0.46854717],[ 4.6744184 -4.485421 ],[-1.0568752  1.4272369],[-0.37748963  0.6412455 ],[ 6.300091  -6.2539463],[0.15334189 0.12975898],[-1.4296112  1.6488122],[ 0.33378756 -0.05001117],[-1.35554    1.8175796],[ 0.9377672  -0.68792135],[-0.3691632  0.5961694],[ 0.53999263 -0.2954773 ],[ 4.5209537 -4.3670864],[ 0.28854734 -0.07019233],[ 3.7799006 -3.5874083],[-4.3501697  4.7585177],[ 4.8808894 -4.8819304],[ 1.684313  -1.4532566],[ 1.5443462 -1.2014222],[-0.9682682  1.2001615],[-1.1740373  1.4706982],[ 1.0361507  -0.76293355],[ 1.5184058 -1.2836294],[ 1.6473464 -1.419526 ],[ 1.0612679 -0.8125768]
[ 1.842929  -1.5020206],[ 2.435808  -2.2417285],[ 0.5800444  -0.30919978],[ 0.54062283 -0.32813886],[-3.2249978  3.597195 ],[-0.17286675  0.5073665 ],[ 1.1029569  -0.84168226],[ 2.4722552 -2.2217798],[ 4.146578 -4.051138],[ 5.2760334 -5.1515946],[ 3.6003463 -3.3550694],[ 2.6279051 -2.3420193],[ 3.0368674 -2.8688543],[ 0.40997723 -0.07033455],[ 2.9584074 -2.6962633],[ 3.7301822 -3.6008272],[ 4.253492  -4.1180906],[ 1.7757571 -1.4938176],[ 0.3444206  -0.12237821],[ 3.1655102 -2.9580483],[ 4.9464273 -4.8018227],[ 4.328497  -4.1692395],[ 2.4786317 -2.300711 ],[ 2.9908726 -2.8505175],[ 5.795731  -5.6965218],[ 4.0375485 -3.8933194],[ 4.648324 -4.45756 ],[ 2.2270405 -2.0090082],[-1.848562   2.2737563],[ 2.7635782 -2.5194457],[ 3.5049298 -3.3289425],[ 6.1493998 -6.0952997],[ 2.9264877 -2.7131424],[-0.02845384  0.32448682],[ 5.774202 -5.725918],[-2.1604347  2.5625088],[ 2.904503  -2.7630591],[ 1.3790572 -1.1768167],[ 3.7277772 -3.6175916],[ 5.5755134 -5.4869857],[ 0.4314065 -0.203989 ],[ 2.6656656 -2.3372715],[ 3.5254257 -3.290444 ],[-0.26504144  0.6352446 ],[ 3.0465488 -2.7518504],[ 5.2307386 -5.1191764],[ 1.815777 -1.557235],[ 1.952362  -1.7382054],[ 3.6692019 -3.5552516],[ 2.3336225 -2.2604635],[ 2.2386003 -2.029156 ],[ 2.6762285 -2.503644 ],[ 1.0695943  -0.74866277],[ 3.4826791 -3.4045796],[ 3.862516  -3.6574123],[ 1.4013442 -1.1013939],[-3.7170892  4.1042175],[ 2.404253  -2.2623005],[ 1.192097  -0.9653148],[ 2.5508437 -2.245181 ],[ 0.86363745 -0.5917066 ],[ 4.166908  -4.0112123],[ 2.977786  -2.7940884],[ 1.0602045 -0.7100405],[ 2.5385132 -2.358062 ],[0.04529618 0.27076012],[ 2.3434541 -2.1132672],[ 2.1181235 -1.7943587],[ 3.8994236 -3.7116568],[ 2.0127606 -1.7443515],[ 0.5537755 -0.3593546],[-4.7034717  5.068711 ],[ 5.1567035 -5.057567 ],[ 4.296612  -4.1145425],[ 2.6899118 -2.4891772],[ 4.133944 -4.031333],[ 3.534614  -3.2723656],[ 3.48819   -3.2303252],[ 2.2583773 -2.065837 ],[ 1.0880549  -0.91045195],[ 2.0052943 -1.7881739],[ 1.1662997  -0.80516714],[ 1.6308222 -1.3647013],[ 3.3599808 -3.1541975],[ 2.2391472 -2.0863128],[ 5.583021 -5.479303],[ 4.0707474 -3.9854326],[ 3.7719142 -3.712809 ],[ 1.1534805  -0.86547977],[ 4.505044  -4.2626915],[ 3.3262515 -3.1664011],[-0.03837426  0.2822939 ],[ 1.4370667 -1.2191067],[ 3.336721  -3.1321156],[ 1.557852  -1.3522989],[ 4.3071265 -4.146048 ],[ 4.299022 -4.245452],[ 4.1183786 -4.0807457],[-1.2443775  1.3744379],[0.01210188 0.3459181 ],[-0.8304148  0.9578378],[ 4.4293256 -4.2475476],[-0.63890976  1.0112021 ],[ 1.3838907 -1.1083925],[ 3.9005961 -3.7185037],[ 2.0216146 -1.8421175],[ 2.3215747 -2.1060162],[-4.267243  4.775439],[ 4.9868307 -4.8628535],[ 2.2074184 -1.9867345],[ 3.8040652 -3.640585 ],[ 2.3285918 -2.1526732],[ 2.5486755 -2.3707867],[ 3.0858667 -2.9773097],[-1.6026055  1.784011 ],[ 5.566176  -5.3806973],[-2.3646271  2.7156208],[ 4.1198363 -3.8710885],[ 4.4461923 -4.3087463],[-1.0660545  1.4029663],[ 1.8993683 -1.5926672],[ 1.9788269 -1.6194841],[ 1.0280577  -0.78085583],[ 0.93560433 -0.66092145],[ 1.1572167 -0.8527022],[ 5.0018106 -4.924408 ],[-2.2061796  2.4740155],[ 1.6542171 -1.3788819],[ 5.253876 -5.175601],[ 4.034627  -3.9363866],[ 5.594057 -5.532012],[ 1.0915232 -0.8556926],[ 0.9636343 -0.7663107],[ 5.2869244 -5.166978 ],[ 3.3518772 -3.0758812],[ 0.6909883 -0.3969273],[ 6.275995 -6.133987],[ 5.7712617 -5.6624575],[ 4.3402977 -4.292103 ],[ 3.207572  -3.1163273],[ 3.1245508 -3.072026 ],[-0.724592   1.0278139],[ 1.8800906 -1.6130375]
[ 1.6797498 -1.4312837],[ 0.8176647 -0.5167296],[ 3.1847782 -3.0391972],[ 2.1123948 -1.8822111],[ 2.8719807 -2.6481588],[0.32672927 0.05894156],[ 0.63989556 -0.2786341 ],[ 2.447167  -2.2753663],[ 2.1294456 -1.9756062],[ 0.7873398  -0.48336127],[-0.42018396  0.8427336 ],[0.3003491  0.04619678],[0.33743706 0.09853754],[-2.6006832  3.2169964],[-0.46072313  0.88045835],[-0.01042367  0.44416147],[ 0.72985554 -0.48916334],[ 3.2119987 -3.175084 ],[ 1.2758614  -0.94179064],[ 3.0089486 -2.846933 ],[ 3.1461787 -3.015005 ],[-0.42030564  0.8083033 ],[ 2.7790236 -2.7562287],[0.13621172 0.22033107],[ 3.810246  -3.6750095],[ 2.5071342 -2.4501188],[ 3.1677175 -3.0298026],[ 1.1871505  -0.94774127],[ 4.0657463 -3.817514 ],[ 5.397724 -5.273801],[ 4.7673426 -4.7176647],[-1.543081   2.0846262],[ 0.42729393 -0.08360815],[ 3.325284  -3.1579642],[ 0.59563196 -0.2959624 ],[-0.5464321   0.96670806],[ 2.2865374 -2.0641685],[ 2.962177  -2.8345623],[ 0.41407362 -0.07827722],[-3.7245705  4.2647614],[0.28132358 0.12530217],[ 1.0915989  -0.77427447],[ 0.4240104  -0.06526728],[ 2.6125264 -2.3933692],[-1.9350146  2.289996 ],[-4.395068  4.906612],[ 4.141567  -4.0474687],[-0.1432079  0.5301461],[ 3.5721405 -3.4031036],[-0.19934532  0.736419  ],[ 1.8772252 -1.6596096],[-0.12134022  0.46538755],[ 3.7397058 -3.66483  ],[-3.3708482  3.9071283],[0.03564709 0.42434675],[ 1.341482  -1.0793405],[ 2.6452346 -2.5351822],[ 1.0006398 -0.6767877],[-1.2433324  1.8461188],[ 2.6186094 -2.45404  ],[ 1.7638273 -1.5264144],[ 1.0025488  -0.66729033],[ 1.9999591 -1.6775131],[ 1.2323661  -0.86362237],[ 2.967901  -2.8379147],[-1.4817219  2.2057276],[ 2.34485   -2.0962958],[ 3.053496  -2.9064772],[-3.1665454  3.7518456],[-1.1565282  1.6212592],[ 3.33948  -3.210427],[ 2.821072  -2.5152297],[ 0.5106106  -0.13439953],[ 0.8762004  -0.60120934],[ 0.43769044 -0.08203353],[ 1.6602962 -1.4619447],[ 0.91041833 -0.6040976 ],[ 4.16577   -4.1292267],[ 1.206503   -0.95633143],[ 1.0759553 -0.8252569],[ 1.44858   -1.1232318],[-1.601817   2.0038226],[-0.3826836  0.6309055],[ 2.3619153 -2.1253242],[ 0.59651315 -0.21963248],[ 4.177807 -4.07021 ],[-2.3320906  2.9672058],[-0.05889877  0.5817296 ],[-0.10431503  0.5304359 ],[ 3.3070815 -3.1819298],[ 2.453034  -2.4243455],[ 1.6536449 -1.4072324],[ 2.088225  -1.8018597],[0.07874294 0.2964752 ],[-1.8412533  2.193027 ],[ 1.756557  -1.5005231],[ 2.3453102 -2.12414  ],[ 2.125268  -1.9088043],[ 0.90452385 -0.58575034],[-4.1424937  4.5901246],[ 3.4932709 -3.1640182],[ 5.920006  -5.8504086],[-0.4762815   0.91476226],[ 0.5577989  -0.21218607],[ 0.9864537 -0.739605 ],[ 1.4679244 -1.0975809],[ 1.8760293 -1.7511731],[-4.487209  4.902999],[-0.7616952  1.3130444],[-0.6260515  0.9612067],[ 3.2702482 -3.2165258],[ 1.420669 -1.199619],[ 5.2141395 -5.1722107],[ 1.9739159 -1.8024527],[ 2.5010798 -2.3552628],[-0.12331879  0.46608022],[ 3.5469794 -3.3119943],[ 0.89683324 -0.59586114],[ 1.8398786 -1.6012958],[-1.1698533  1.5798081],[0.17436555 0.21469605],[ 1.5815167 -1.260551 ],[ 0.44845992 -0.08173272],[ 4.6710596 -4.5957723],[ 2.5172172 -2.1514642],[-0.9621245  1.4502208],[ 2.242325  -1.9293268],[-0.79629683  1.209573  ],[ 1.3627348 -1.1200788],[ 3.0344286 -2.8529546],[-1.4242109  1.8288875],[ 2.6606662 -2.6034098],[ 1.238616  -0.9073945],[ 1.8394281 -1.6280949],[-2.1097898  2.6461325],[ 1.6766437 -1.4175153],[-0.63342506  1.0897717 ],[0.3344319  0.00977368],[0.08574436 0.3056687 ],[ 0.7864022 -0.5522403],[ 2.6123638 -2.4152832],[ 3.6716483 -3.5575316],[ 0.99894184 -0.70265156]
[ 0.9378585  -0.60812175],[ 2.44126   -2.3060431],[ 5.767184 -5.739148],[ 3.4970803 -3.4365468],[ 2.789075  -2.5722964],[ 4.2627397 -4.1255827],[ 0.9433591  -0.71101403],[-4.8891554  5.3635187],[ 0.8131907 -0.6207643],[-1.904396  2.317348],[-3.8141086  4.0833464],[ 1.7375753 -1.3256203],[-0.28243998  0.71443546],[0.21269982 0.28055328],[ 1.0336666 -0.7929259],[ 0.47070915 -0.2145729 ],[ 1.8817687 -1.8821057],[-0.15887138  0.46635976],[ 1.494269  -1.2745363],[ 2.7194817 -2.6487498],[ 0.5097618  -0.18834332],[-2.4698942  2.6754823],[ 0.82573074 -0.58246326],[-1.9021349  2.3318417],[ 2.2323055 -2.1130037],[ 3.137888  -3.0931542],[-0.00639077  0.20114252],[ 0.41660127 -0.14117923],[ 0.9434488 -0.7981919],[-0.4050999  0.8167064],[-1.9941165  2.243634 ],[-0.4826754  0.8841518],[ 2.5187142 -2.2249506],[ 5.482489 -5.462221],[ 5.522962 -5.471247],[-1.770076  2.174172],[ 2.1874843 -1.971897 ],[ 0.8982396  -0.65349525],[-0.09648713  0.4082407 ],[-1.3734283  1.8509003],[ 1.889163  -1.6538109],[ 0.91322285 -0.61437774],[-4.0563655  4.469918 ],[-3.851302   4.3585796],[ 2.9414818 -2.65748  ],[ 1.8311936 -1.521248 ],[ 5.202668  -5.1162496],[ 1.8424945 -1.6294038],[ 0.3433864  -0.04901086],[-3.088453   3.5791235],[ 2.2719476 -2.1563432],[-0.01824332  0.4658012 ],[-2.7646804  3.2895343],[ 1.7146138 -1.4392166],[-2.0775108  2.5354834],[ 2.228261  -1.9910958],[ 1.3050222 -1.0778623],[ 3.327123  -3.1881874],[-1.2906679  1.6450988],[-5.024313   5.5206738],[ 1.330909  -1.0589573],[-1.8444502  2.294974 ],[ 0.8034993 -0.5661671],[ 1.8272383 -1.6390764],[ 1.4563723 -1.1930087],[ 1.7361764 -1.43124  ],[ 1.3519433 -1.0266311],[-2.9386632  3.344651 ],[-1.0583802  1.4159633],[ 2.1037142 -1.8602152],[ 3.683905  -3.5592246],[ 4.4021235 -4.3611956],[ 4.6728578 -4.5938888],[ 3.9254026 -3.7560174],[ 1.9630855 -1.7839135],[ 0.92318565 -0.66571146],[-4.3186665  4.758911 ],[ 1.1322749 -0.949145 ],[ 1.4219702 -1.1411573],[0.17661199 0.10582995],[ 2.1644933 -1.9181201],[ 3.2619436 -2.9988406],[ 2.73889  -2.488621],[ 4.0517173 -3.975636 ],[ 0.6465968  -0.41333222],[-4.730399   5.1276016],[-3.527556   3.8243623],[ 0.35584706 -0.00694488],[ 2.10001   -1.7501985],[-2.148122  2.519684],[ 0.63702244 -0.49275446],[ 2.5252068 -2.5440907],[ 3.5500398 -3.5256152],[ 0.60061777 -0.35247922],[ 0.8651917 -0.4655247],[-1.0979514  1.4733108],[ 3.2279718 -3.211925 ],[ 2.9490259 -2.9186823],[ 5.1017847 -4.9173284],[ 6.426105 -6.383475],[ 5.7157907 -5.660378 ],[ 2.8473778 -2.6636472],[ 2.1160634 -1.789952 ],[ 3.1467712 -3.0109718],[ 0.37674966 -0.11408771],[ 0.8966465  -0.53671086],[ 1.0846792 -0.756783 ],[ 0.50063485 -0.22001275],[-4.1701093  4.718372 ],[0.10568868 0.22930562],[ 0.31395283 -0.02849651],[ 2.206364  -1.9823533],[ 1.9038264 -1.8342496],[ 2.3980658 -2.1884975],[ 1.0130025  -0.76885456],[-2.023525   2.3844624],[0.1620195  0.13794965],[-2.2677152  2.8004663],[ 3.8669686 -3.9098833],[ 5.397982  -5.3803163],[ 1.7170639 -1.3932661],[ 5.4758525 -5.335616 ],[ 1.1010734  -0.78543437],[ 2.7239704 -2.5523658],[ 5.990548  -5.9276714],[ 0.6655931 -0.4148032],[ 1.7287579 -1.4751494],[ 1.9472014 -1.759485 ],[ 2.8664877 -2.8012247],[ 0.6012287  -0.41926715],[ 1.3970977 -1.0763756],[-0.8832293  1.4380381],[ 0.98135096 -0.784682  ],[ 4.382412 -4.176081],[-3.070966  3.57642 ],[0.04087868 0.33414719],[-1.5287589  1.9758648],[ 2.422778  -2.3369431],[ 2.1031232 -1.9902501],[ 1.7034957 -1.42806  ],[ 0.50944835 -0.1798045 ],[ 0.9773465 -0.6794823],[ 3.6437342 -3.5325842]
[ 1.4370841 -1.2604443],[ 3.084503  -3.0461807],[-0.33463898  0.64182836],[ 0.76029664 -0.46004498],[ 2.7274835 -2.6827762],[ 2.5073216 -2.327617 ],[ 0.86441535 -0.569396  ],[ 2.923454  -2.7888348],[ 1.8014541 -1.5738438],[ 3.165585  -3.1222258],[ 3.5945523 -3.6006417],[ 3.7029073 -3.649313 ],[-0.54516095  0.8843688 ],[0.01138468 0.4632471 ],[ 2.9321308 -2.7653959],[ 1.5252678 -1.229918 ],[ 0.4813134  -0.10305552],[ 2.5873914 -2.4525504],[ 0.42602038 -0.20660618],[ 0.69300807 -0.42332765],[ 1.478457  -1.3470592],[ 3.602526  -3.5689886],[ 1.3541231 -1.1634057],[0.09149192 0.13519737],[ 3.4665358 -3.3954296],[ 0.4502774 -0.2849722],[ 3.4903574 -3.4206693],[ 3.94765   -3.9086344],[ 0.56882197 -0.3605938 ],[-0.39730605  0.63036835],[ 6.086242  -6.0384564],[ 1.3448051 -1.1575704],[-2.4013834  2.8142576],[-0.8641205  1.3870343],[-1.2704598  1.7101712],[ 2.0228055 -1.8914332],[ 3.2822256 -2.975618 ],[ 2.219818  -2.0708537],[-0.84254926  1.2324382 ],[-1.2929766  1.8510822],[-0.558817    0.93496287],[ 1.6797519 -1.432184 ],[ 1.8907638 -1.7803673],[ 0.8871167 -0.7034924],[ 2.7340686 -2.5413458],[ 4.1477695 -3.9920015],[-2.4686682  3.0002685],[ 2.0010238 -1.8663797],[ 1.5244257 -1.3983426],[-0.5215568   0.98676884],[-0.77424026  1.1324041 ],[ 0.32480034 -0.06873001],[-0.4710041  0.8057665],[ 3.5634954 -3.4550028],[ 0.6892625  -0.48438412],[-1.8534741  2.0779748],[0.15919209 0.05666853],[ 0.87025994 -0.63363504],[ 4.305927 -4.137494],[ 2.8414283 -2.807115 ],[ 3.7742555 -3.7590778],[ 0.3546031  -0.10078284],[-2.8886082  3.317515 ],[ 2.0586805 -1.8698643],[ 3.3050444 -3.2244804],[ 0.7860193 -0.6217966],[ 1.9285064 -1.7904898],[-1.2339896  1.4536242],[-0.19364047  0.5979587 ],[ 2.5521867 -2.372202 ],[ 2.7721975 -2.6277308],[ 3.7956595 -3.763404 ],[-2.800044   3.2757175],[-2.4813159  2.926325 ],[ 2.4160953 -2.2709699],[ 1.7053065 -1.6507466],[-1.8658874  2.2331312],[ 2.4368064 -2.3169756],[ 3.99723   -3.8876386],[ 2.8995848 -2.8671453],[ 2.1122973 -2.0060208],[ 0.98205805 -0.7276963 ],[ 1.1006634 -1.0253824],[ 2.9101784 -2.7620842],[ 3.1995368 -3.0243356],[ 1.5433521 -1.4032705],[ 4.3414183 -4.1987553],[-3.8872223  4.3034425],[-0.64643854  0.990499  ],[ 3.835962  -3.7525856],[ 2.323412 -2.217336],[ 2.1549625 -2.095249 ],[-0.3366845  0.6960797],[ 0.6317616  -0.37444305],[ 1.9029493 -1.7528883],[-0.4478574  0.7367906],[-0.54715604  0.8754708 ],[-0.38139218  0.7021315 ],[ 4.558966  -4.4726253],[-4.238416  4.903284],[-3.9858701  4.560171 ],[-2.8358448  3.2597282],[ 3.3467062 -3.3616602],[ 3.2228835 -3.145118 ],[ 2.6750574 -2.5606303],[ 3.2830706 -3.0486243],[ 0.92782897 -0.7249642 ],[ 3.3339722 -3.0511804],[-1.7014132  2.1965575],[ 2.1675916 -1.9879382],[ 3.997437 -3.902404],[ 3.508303  -3.4231567],[ 1.6036294 -1.3857063],[ 1.5062083 -1.4016862],[ 0.5460682  -0.29389092],[ 4.1075416 -4.0992084],[ 4.809249 -4.739157],[-3.019587   3.5438442],[-2.7071898  3.2786822],[ 0.5452369 -0.2647335],[ 1.5593168 -1.4051962],[-1.6199659  1.9984092],[-0.34624144  0.63466644],[-1.2946422  1.6847055],[-0.37640268  0.6982419 ],[ 2.5227015 -2.3838732],[ 3.404645  -3.2705834],[ 0.6681152 -0.3730287],[ 1.7326385 -1.5425133],[ 0.6731981  -0.28273067],[ 0.66488796 -0.42914337],[-0.22425374  0.6512097 ],[-0.08597249  0.4521636 ],[ 4.333902  -4.2031493],[ 1.3406215 -1.0912237],[-0.02076725  0.29796192],[-0.04335512  0.42036808],[ 0.34984192 -0.04347473],[ 0.93681216 -0.70701635],[ 2.752813  -2.6976905],[ 2.825385  -2.7892501],[-1.4445153  1.9585353],[ 0.7806469 -0.5889097]
[ 1.23716    -0.99571025],[0.37688416 0.07521117],[ 2.9435947 -2.7346582],[ 4.0893207 -3.9762328],[ 1.2961183 -1.1236453],[-5.3196855  5.8023915],[ 0.7054116  -0.46826372],[0.17809102 0.30704167],[ 1.5238905 -1.2690156],[-0.71580195  1.3975412 ],[-0.15363918  0.7204012 ],[ 2.178806  -1.9217517],[ 1.7696909 -1.5242624],[-0.28214577  0.77365434],[ 2.9270813 -2.8209658],[ 2.2889187 -2.2138023],[ 1.286332   -0.94313586],[ 1.5294614 -1.2899699],[ 3.086448  -2.7852948],[ 2.7838635 -2.554304 ],[0.23194425 0.40056357],[ 0.4955319  -0.19781902],[ 3.5038774 -3.3425012],[ 4.916607  -4.7863617],[ 1.3374716 -1.0005716],[ 1.8535082 -1.5754548],[ 3.3380864 -3.149089 ],[ 3.100209  -3.0022416],[ 2.760879 -2.758678],[ 3.1188853 -2.8362331],[-4.607906   5.1240134],[ 0.5528475 -0.1869188],[ 2.447098  -2.1991014],[0.4011683  0.04186676],[ 1.7977757 -1.6000733],[ 1.1735913 -0.8148793],[ 2.7152226 -2.4541643],[ 3.7901402 -3.626187 ],[ 2.1173637 -1.9457229],[ 1.5203602 -1.1271309],[ 0.91177064 -0.6001275 ],[ 0.8289638  -0.48197567],[0.35202798 0.11250026],[ 3.4926546 -3.308133 ],[ 3.454825 -3.113644],[ 5.450077  -5.3387733],[0.00905   0.5926403],[ 2.419318  -2.1755226],[ 2.1703403 -1.9890443],[ 1.9927478 -1.6728253],[ 3.274288 -2.930634],[ 2.7087061 -2.5202093],[ 3.4395764 -3.3013794],[-0.6918219  1.0179844],[ 4.822612  -4.6601405],[ 5.396546 -5.249989],[ 2.8961346 -2.8587875],[ 1.9315945 -1.7082849],[ 1.6126742 -1.4026303],[ 1.3051575 -1.1493663],[ 1.0946946 -0.9295748],[ 3.245912  -3.0958643],[ 4.8899055 -4.7015224],[ 4.3053937 -4.1206927],[ 3.9877932 -3.8087122],[0.23565304 0.12319703],[ 3.40477  -3.180778],[ 4.6524925 -4.471352 ],[ 4.4750786 -3.9910612],[ 2.339029  -2.1758115],[-2.741682   3.1199138],[ 3.0120761 -2.8695679],[ 2.053478  -1.6977366],[ 2.5060163 -2.131781 ],[ 0.9482757 -0.6446112],[ 0.88036   -0.7140423],[ 5.706574  -5.7121096],[ 0.9152414  -0.52666765],[ 3.6631832 -3.6370437],[ 3.1188269 -2.9853127],[ 1.8497407 -1.672455 ],[ 4.567195 -4.370914],[ 4.4994307 -4.4512277],[ 3.5644615 -3.432759 ],[ 2.9646535 -2.7850776],[0.0872367  0.37178054],[ 1.86982   -1.6385169],[ 4.353731 -3.970308],[ 3.564252  -3.2964683],[ 1.3151746 -1.0607377],[ 2.0675807 -1.9285556],[ 3.2244914 -3.1606607],[ 1.3888454 -1.0264077],[ 1.8712544 -1.5593361],[-1.0740409  1.7136455],[ 1.9365499 -1.7577794],[ 1.6374674 -1.4224136],[ 1.8689803 -1.6559877],[ 3.9476955 -3.7282424],[-1.1012828  1.6340557],[ 0.86054873 -0.32184863],[ 1.8964199 -1.6563662],[ 1.600525  -1.6101278],[ 1.6923949 -1.4751027],[ 3.059255  -2.9562604],[ 5.658642  -5.4845443],[ 0.943941   -0.59945744],[ 3.56188  -3.418056],[ 2.3352747 -2.108431 ],[ 0.558703   -0.25920764],[ 3.0892408 -2.872311 ],[ 3.0817766 -2.924456 ],[ 1.4255408 -1.1555152],[ 1.8610343 -1.5542881],[ 3.0172572 -2.7471325],[ 3.3999453 -3.2594602],[ 5.184919  -5.0596976],[ 2.4463713 -2.2740524],[ 1.887685  -1.7372187],[ 1.5080748 -1.4149804],[ 3.0380447 -2.7362027],[ 5.600937  -5.3831973],[ 0.6405209  -0.27731767],[ 3.0805576 -2.888906 ],[ 3.325503  -2.9886205],[ 0.8203813  -0.48582733],[ 0.664602   -0.51399636],[ 2.51471   -2.2653227],[ 3.5318072 -3.3244677],[ 2.965236  -2.6928532],[ 1.546054  -1.2625719],[ 3.950157 -3.818761],[ 0.70133156 -0.423379  ],[-2.5518217  3.1568882],[ 3.8395052 -3.6860738],[ 2.9706244 -2.7730436],[ 4.8614745 -4.707622 ],[ 0.94871396 -0.6206582 ],[ 1.500533  -1.2242687],[-0.4250918   0.78786415],[ 2.9743655 -2.8491023],[ 0.7083101  -0.38677207],[0.31157017 0.1452204 ]
[ 0.66212106 -0.32636097],[ 4.088029  -4.1652737],[-0.5701007  1.0385394],[-0.24210265  0.6465358 ],[-2.9261565  3.6557224],[ 5.941747  -5.9659033],[0.16734791 0.37156746],[-4.1187596  4.8417826],[-0.7173771  1.1469426],[-4.310498  5.031173],[-1.8622743  2.3147953],[ 2.5348308 -2.4313123],[ 2.228065 -2.07908 ],[-2.2395542  2.763918 ],[ 1.8115169 -1.631698 ],[0.31735128 0.00691831],[ 0.6749993 -0.5119112],[-4.9502034  5.558359 ],[ 1.118312 -0.827296],[-0.4116226  0.8255613],[ 0.41473848 -0.00638293],[ 0.38147753 -0.22456607],[-2.5366857  3.1176846],[ 4.716118  -4.6463523],[-1.6348548  2.2469647],[ 0.3692621  -0.05528748],[ 0.6788284  -0.43911922],[ 0.8283993  -0.61882865],[-4.3013906  4.939266 ],[-0.09766777  0.47898212],[ 2.0575962 -1.8359205],[-1.5309106  2.1059484],[-1.0758426  1.7447745],[-0.6261677  1.11978  ],[-1.1244843  1.7390469],[-3.5924678  4.0718927],[-1.392395   1.8911791],[-3.9487817  4.5038204],[-0.75599766  1.1662089 ],[-1.218113   1.6582296],[ 0.787445  -0.5365055],[-1.6201744  2.1875741],[-2.6667984  3.4326322],[ 1.2604467  -0.99746054],[-0.16123663  0.6302534 ],[ 1.7539437 -1.6593417],[ 1.6780503 -1.5320286],[ 0.37113675 -0.06473847],[-1.9777057  2.6201456],[-5.4764605  6.0166936],[-0.17005248  0.5962921 ],[ 0.6005576  -0.29012567],[-3.5186296  4.1563096],[ 3.4650114 -3.376376 ],[ 4.0726395 -4.013677 ],[-0.49114862  0.80233747],[-2.310925   3.0914876],[ 2.4688132 -2.2334497],[ 1.3580447 -1.1771021],[-4.728901   5.3677683],[ 0.53617865 -0.30641502],[ 4.0642533 -4.0109887],[-0.10857596  0.59231603],[-0.84798515  1.3319906 ],[ 0.6775795  -0.41951624],[-4.947436   5.5872545],[0.29851902 0.05579832],[ 0.5961352 -0.3683552],[ 5.8040214 -5.6850786],[ 2.5874832 -2.5653768],[ 0.4080765  -0.12450437],[-5.372298   5.9166355],[ 1.3074793 -1.051323 ],[ 3.0017097 -2.8427954],[-1.7964687  2.3672078],[-1.0421197  1.4911721],[-1.4711282  2.162665 ],[0.2541767 0.0460128],[-0.18022385  0.6053728 ],[ 0.36746284 -0.23221454],[ 2.2955878 -2.247643 ],[0.09348578 0.23519796],[-3.5462344  4.166151 ],[-2.3657775  3.0013254],[ 2.7309449 -2.571875 ],[-0.29499897  0.7850266 ],[ 3.9194863 -3.9130578],[-0.6706181  1.128595 ],[ 1.5875201 -1.4290282],[-0.9005197  1.3547397],[-5.394395   5.9867697],[ 1.2479111 -1.1265059],[-0.42431793  0.79942787],[ 0.8275088 -0.5479809],[-0.13820548  0.6331052 ],[ 0.810412  -0.6425886],[ 0.61004525 -0.34667143],[ 0.89418256 -0.6719401 ],[ 4.161794 -4.096951],[ 1.4459611 -1.3642408],[ 3.094557  -2.9540682],[-2.1731648  2.6936717],[ 3.8394983 -3.8698313],[ 0.87203634 -0.820759  ],[-0.6278621  1.1048867],[-1.3735877  1.8487271],[-4.2842307  4.857877 ],[ 0.36634654 -0.16596046],[ 1.7893233 -1.6346891],[ 2.1407828 -2.0866268],[-3.9728787  4.536081 ],[ 2.6194112 -2.5457642],[-1.011429   1.5914873],[ 1.8268477 -1.6643348],[ 4.512826  -4.4195824],[-0.2754107   0.57910526],[ 1.4994959 -1.229689 ],[-0.56820875  1.242128  ],[-0.8400718  1.4007294],[-4.857565  5.416018],[ 1.0380459 -0.923412 ],[ 1.4180806 -1.2528906],[ 1.7648402 -1.5354825],[-0.22926176  0.65296435],[ 0.77770716 -0.45895395],[ 1.3648183 -1.2330548],[ 3.8214698 -3.7641823],[-2.7670836  3.249308 ],[-5.3028092  5.8977394],[-3.6572778  4.091009 ],[ 1.3238968 -1.1465635],[-4.9121294  5.5950437],[ 2.8894691 -2.726699 ],[-5.1539817  5.6741123],[ 0.5958412  -0.32154664],[-3.7789977  4.2483573],[-3.0150821  3.6736078],[ 2.898788 -2.747506],[ 0.70301783 -0.41502917],[ 1.7711031 -1.7664231],[ 2.3457372 -2.2515013],[-0.66244316  1.1244757 ],[-2.6814346  3.180643 ]
[0.04901941 0.41156593],[-4.558494  5.060069],[-1.7400419  2.3101215],[-0.3015046  0.7551944],[-2.5862515  3.2246995],[-3.9954607  4.361301 ],[-2.0506506  2.6237247],[-4.3698006  4.926082 ],[-0.40234384  0.7483836 ],[-2.200198   2.7238688],[ 4.8354225 -4.7601137],[ 1.4125305 -1.1378747],[ 0.780511  -0.5069534],[-2.6960394  3.2644188],[0.1149146  0.25040102],[0.02049587 0.48536596],[-4.9644175  5.5102773],[-4.4242687  4.9094133],[-2.2149346  2.6952536],[ 0.8869598  -0.51201844],[-2.7998445  3.24521  ],[ 4.638529  -4.4600925],[-2.2230392  2.8638947],[-0.52570343  0.9834651 ],[-2.2235842  2.651956 ],[ 1.9165381 -1.5322208],[0.35524297 0.09449727],[ 0.4832826  -0.10926438],[ 1.393836  -1.2447954],[-0.0312566   0.44251493],[0.34835875 0.00331863],[ 0.81278026 -0.494185  ],[-0.5058171  0.9771371],[-0.3235027   0.92270464],[-1.4218916  1.9235245],[ 3.6559103 -3.5018492],[-1.6986023  2.1101048],[ 0.978467  -0.6557161],[ 2.0406039 -1.7653434],[ 2.8735518 -2.4590914],[-0.17396548  0.5223417 ],[0.30741304 0.12258213],[-4.8062234  5.3549595],[-5.8168435  6.3120685],[ 0.6761911  -0.19038254],[-1.4301227  1.8158756],[-2.3217282  2.9862947],[ 1.906848 -1.550904],[-2.8205004  3.422794 ],[ 1.8453095 -1.3662754],[-0.67596334  0.96703136],[ 1.628568 -1.18416 ],[-0.09366858  0.66591835],[ 0.76961094 -0.39701918],[0.0201942  0.29610342],[ 2.22241   -1.8962975],[-2.553215   3.2636518],[-0.27393264  0.75775963],[ 2.2289371 -2.0375476],[-3.0871816  3.6635969],[-0.81238663  1.2116727 ],[-1.0479358  1.6916225],[-2.0433936  2.4894955],[-4.970097   5.4569154],[-1.1153879  1.5324757],[-1.8520187  2.3126063],[-0.6206844  1.0932819],[-0.15121865  0.5986078 ],[-2.8299558  3.3452013],[ 4.763602  -4.5878377],[-0.16304305  0.57397443],[ 4.864129  -4.8833885],[-0.79214936  1.229782  ],[0.23827463 0.11876398],[-0.97869724  1.5264202 ],[-0.3506766  0.6841311],[-4.796614  5.310819],[-1.8858947  2.4800746],[0.16817066 0.2304458 ],[-1.0829508  1.4273024],[ 0.46469644 -0.04854402],[ 1.5716202 -1.1540197],[-2.817499   3.4156706],[-2.1509519  2.638863 ],[-0.21885368  0.594104  ],[ 2.7114096 -2.5725093],[-2.5670786  3.2115085],[0.12633507 0.3133452 ],[-1.8695549  2.3391762],[-1.8200178  2.3492577],[-1.7462153  2.3589716],[-1.1422659  1.6087018],[-0.04306149  0.4529781 ],[0.01089276 0.41518053],[0.27001426 0.04340579],[ 2.4315138 -2.0053859],[-0.32045558  0.65564036],[-0.10023677  0.4320455 ],[-3.805516   4.3314333],[-1.5026307  2.2643664],[-1.1525404  1.8283017],[-0.7927505  1.2847264],[-2.9894326  3.6408381],[ 0.59544575 -0.2584396 ],[ 1.2334493 -0.9289216],[0.25057742 0.1758135 ],[ 1.4705962 -1.1834459],[ 0.6006706 -0.350003 ],[ 1.3071183  -0.92633367],[ 1.2055228 -0.8124578],[-1.5116235  1.913805 ],[0.13634251 0.31414697],[-0.04693953  0.47667494],[-0.07699093  0.40840137],[-1.0797257  1.590399 ],[ 2.6028717 -2.2969477],[-2.3541079  2.910206 ],[-1.5077468  2.08091  ],[-0.75825816  1.3088136 ],[0.1391629 0.2900661],[ 0.6593516 -0.3524424],[0.3687606 0.0125174],[ 0.46177045 -0.12893581],[-0.3866744  0.875301 ],[0.01178756 0.3724794 ],[ 3.1332448 -2.8356292],[ 2.3365319 -2.135935 ],[ 0.5265604  -0.24991417],[ 0.97768956 -0.62167674],[ 0.5361607 -0.2043679],[-0.47040388  0.97694206],[-3.0214367  3.65935  ],[0.08009036 0.40484935],[ 1.7445707 -1.3398354],[ 4.674242 -4.367133],[ 3.093399  -2.7616878],[-3.715871  4.208563],[ 0.7180383  -0.40037307],[-0.04794525  0.5031646 ],[0.01569229 0.43168578],[-0.7663373  1.2069508],[ 0.6130056  -0.30683154],[-0.81024396  1.3199662 ]
[-1.9005977  2.3800757],[-1.2064917  1.680565 ],[-3.4849904  3.9368567],[-2.7892814  3.2332559],[-2.952205   3.5370772],[ 0.28184444 -0.02800733],[-2.3435326  2.7491863],[-3.7954044  4.3269315],[-1.311028   1.7335966],[-3.1395302  3.6646936],[-1.676818  2.137161],[ 1.3291768 -1.1141393],[-1.7697631  2.2219057],[-1.0368834  1.6798075],[-2.3027515  2.6523116],[-2.6442451  3.1583176],[-3.6935954  4.262954 ],[-1.6575406  1.9786876],[-1.3844798  1.7346636],[-3.3677983  3.861553 ],[-2.566079   3.0634284],[0.03249194 0.29270515],[-2.9719052  3.500118 ],[-3.9589431  4.379106 ],[-2.5119152  2.9699605],[-1.2518586  1.5288863],[-3.2276034  3.8514752],[-0.8264189  1.0943828],[-4.6629796  5.252883 ],[-1.5501941  1.8384639],[-3.142049   3.5431669],[-2.678018  3.062539],[-0.3614886  0.7789975],[-4.599109   5.1478286],[-2.9483593  3.3004875],[ 1.8848226 -1.6323637],[-2.422815   2.7701094],[-2.558945  2.988454],[-0.2454356   0.60533994],[-2.6081896  2.8446686],[-1.3770812  1.7642977],[ 1.1214393  -0.98630804],[-3.505443   4.0304985],[ 3.2859738 -3.171306 ],[-1.4561756  1.8350648],[-1.8297012  2.2617073],[-3.0400786  3.5104978],[ 0.40396494 -0.18226847],[-4.3000317  4.79032  ],[-5.1335897  5.573632 ],[-3.0211134  3.3778584],[-1.8103715  2.1372812],[-2.541988  2.785803],[-5.219304  5.596292],[-2.3881328  2.786008 ],[-1.1204787  1.4744202],[-0.87866235  1.3813281 ],[-4.12222   4.556797],[-0.42624605  0.6065314 ],[-2.74207    3.1623259],[-1.4258794  1.8196818],[-4.452926   4.9126587],[-0.36137074  0.83213705],[0.21280234 0.10428306],[-1.6455384  2.015073 ],[-2.8794618  3.318603 ],[-2.106874   2.5803933],[-2.406954  2.704109],[-3.5535853  3.9901004],[-4.0201964  4.3937883],[-1.8796564  2.186646 ],[-5.2684407  5.802354 ],[-3.150398   3.4991138],[-3.7347152  4.0977664],[-1.2454876  1.7144407],[-0.37747577  0.70770705],[-3.2905178  3.8018253],[-3.383159   3.9555743],[-4.420199   4.8463674],[-3.0828924  3.5099518],[-1.3405228  1.6997426],[0.21701494 0.03924847],[-1.1953487  1.7012225],[-3.9471548  4.4133406],[-2.7481391  3.079792 ],[-2.9982874  3.61555  ],[-4.76573   5.371997],[-4.381328   4.8641653],[-0.59159476  0.93070585],[-2.6457143  3.0681176],[-2.9751158  3.5693061],[-3.2126608  3.7036335],[-3.749574   4.2499356],[-0.6284938  0.9948803],[-2.0682237  2.4941425],[-0.40699887  0.80358905],[-1.3327292  1.6881676],[-0.96726996  1.3091742 ],[-2.8605635  3.2482443],[-5.3098783  5.8476167],[-4.204094   4.6945066],[ 0.8277424 -0.6114702],[-2.2977476  2.9473977],[-3.063851  3.539412],[-2.2689345  2.6410408],[-0.5481151  0.891877 ],[-1.4665401  1.8533663],[-2.5439007  2.6694646],[-3.5086308  3.9191978],[-0.33608994  0.6750629 ],[-3.3480246  3.7155883],[-2.8785038  3.2946615],[-3.4136112  3.9597967],[-1.4336505  1.7458742],[-3.1985266  3.6410642],[ 0.4064792  -0.24138176],[-2.8103173  3.1530066],[-2.1226773  2.6015978],[-3.5267017  3.9679947],[-1.2055767  1.7994452],[-1.5523793  1.8636453],[-4.6626687  5.162739 ],[ 0.4696656  -0.22456124],[-4.7486753  5.2053094],[-4.4146075  4.836245 ],[-4.559394   4.9377255],[-0.7523653   0.94982314],[-1.6783533  2.1428697],[-4.612498  5.121022],[-1.9023901  2.2252312],[-1.5786124  1.9940223],[-4.311637   4.8661776],[-4.921814  5.393403],[ 0.9665636  -0.69384754],[-3.2647347  3.6203043],[-3.3845904  3.694044 ],[-3.1062825  3.3225763],[-4.197952   4.6923785],[-2.5201302  3.0280995],[-2.9869702  3.3557901],[-3.7116756  4.2476053],[-2.8770769  3.2451217],[-3.6236398  4.1879864]
[ 0.83554965 -0.49305096],[ 1.4569309 -1.0995464],[ 1.1286023 -0.7889634],[-0.3616999  0.8176641],[-2.5235288  3.081621 ],[ 5.575809 -5.400311],[ 1.0803897 -0.862106 ],[ 0.58296704 -0.25117132],[ 1.1871268 -0.8958109],[ 1.5548716 -1.5081201],[-2.087845   2.4451444],[-0.21778426  0.4872683 ],[0.32022765 0.16254678],[-1.2775017  1.6142086],[ 1.7418332 -1.4589862],[ 0.8990935 -0.6239729],[ 0.5385056  -0.01518698],[ 4.950683 -4.860693],[ 2.906476  -2.7988648],[ 1.9883754 -1.7518028],[ 0.6007151  -0.20368552],[ 1.7333616 -1.4391663],[-1.247894   1.7080648],[ 4.099245 -3.87933 ],[ 0.8578906  -0.69390637],[0.06059923 0.14708751],[-3.0783327  3.5834396],[ 2.85547   -2.6812897],[-2.4697993  2.828656 ],[ 2.559749 -2.384312],[ 2.3309937 -2.0652454],[0.06174572 0.5169199 ],[-2.6161506  3.1257603],[0.20506528 0.22977334],[ 1.0991583  -0.79325974],[-3.6195676  3.9802303],[ 3.3592973 -3.188483 ],[ 1.7983695 -1.4895114],[ 0.39550197 -0.01120655],[-1.9798274  2.1996667],[ 2.6340463 -2.4297082],[ 1.2735986 -1.172506 ],[ 0.9819868 -0.6556276],[-0.13710614  0.49554238],[ 0.9895029 -0.7167722],[ 1.7464416 -1.5293914],[ 1.550431  -1.2345113],[ 0.71384996 -0.4342157 ],[ 1.8992562 -1.7080804],[-0.9726874  1.1678867],[ 3.7269323 -3.6333506],[ 1.0249178 -0.7310215],[ 2.29972   -1.9928619],[ 2.6603098 -2.221315 ],[ 1.1514337  -0.98401046],[ 3.681297  -3.6715856],[0.07701562 0.35673028],[-0.22680652  0.6052131 ],[ 3.4246774 -3.3356547],[-2.266011   2.5984552],[ 2.2426922 -2.1750093],[ 0.6329448  -0.39269602],[0.16515248 0.3604768 ],[ 1.7514653 -1.4544417],[ 2.5033784 -2.3675523],[-0.5944108  0.9256678],[-0.6054521  0.987409 ],[ 1.3899989 -1.040391 ],[-0.602178    0.94604766],[ 1.9162537 -1.6274804],[ 6.0927763 -5.9405656],[-0.00642629  0.45244336],[ 0.74955976 -0.4478304 ],[ 1.7376837 -1.362064 ],[ 1.9071261 -1.7891293],[ 0.83107924 -0.6705525 ],[-0.52877295  0.92517626],[-0.38046047  0.89796335],[ 3.9207034 -3.76022  ],[ 1.9905674 -1.8524237],[ 2.4604127 -2.1863804],[ 3.8043232 -3.5730639],[0.24987857 0.09118798],[ 2.0603397 -1.6958141],[ 3.1312516 -2.9242961],[-4.468355   4.9774113],[-0.16370384  0.58822984],[ 0.9687111  -0.52113014],[ 0.73736405 -0.24937436],[ 1.4011402 -1.1443777],[-0.86522204  1.3381664 ],[ 1.4830643 -1.2190864],[ 0.90249425 -0.68969804],[ 1.5246286 -1.2611107],[ 0.55878574 -0.18642786],[0.44584063 0.05403843],[ 1.7099719 -1.4758867],[ 1.9269191 -1.6920495],[ 2.9474394 -2.6631887],[ 3.051556  -2.5784078],[0.23820902 0.10594284],[-0.593256  1.029857],[-5.119592   5.6438756],[ 1.4330755 -1.2374041],[ 2.7325327 -2.5371013],[ 1.6271424 -1.4114459],[ 0.54024386 -0.24959391],[ 6.20069   -6.0758266],[-0.7786728  1.1798798],[ 1.5298936 -1.4027139],[ 2.081468  -1.8935032],[ 0.7238674  -0.33203885],[-0.01561144  0.51111215],[ 0.9315761  -0.59806395],[ 3.77475   -3.6391861],[-0.3745464  0.7910903],[ 2.6005967 -2.5555072],[-1.7851431  2.3164523],[0.01754354 0.35418645],[-1.7230045  2.2081714],[ 1.602907  -1.2699805],[0.28577358 0.02820856],[-2.5086615  2.8446286],[ 2.658955  -2.4344542],[ 1.5983348 -1.3238274],[ 0.97236305 -0.65104204],[ 3.276932  -3.0629766],[ 1.1663706 -0.796388 ],[ 3.1935408 -3.0491962],[-0.06569414  0.4096112 ],[ 1.4755245 -1.070666 ],[0.14535375 0.25503045],[ 1.1794343  -0.95240366],[ 3.3048642 -3.1799407],[-1.3064747  1.6617874],[-0.04801935  0.34618542],[-0.0263622   0.36253738],[ 0.6756087  -0.33069223],[ 0.5971137  -0.25746322],[ 1.683369  -1.4461057],[-3.1300843  3.5690606],[ 2.8223312 -2.584771 ],[ 4.108155  -4.1339245]
[ 1.8857095 -1.5572277],[-0.82431036  1.5257261 ],[ 4.3377953 -4.0840635],[ 2.2653978 -2.0770679],[-1.5254157  2.2686248],[-2.3656473  3.0391407],[ 2.061638  -1.8047668],[-1.9438353  2.5014122],[ 1.3029394 -0.9183165],[ 1.407329  -1.2017273],[ 3.4608517 -3.283227 ],[ 4.332835 -4.124345],[-0.34117618  1.0033419 ],[ 2.6483495 -2.7339895],[ 1.233259  -0.8128439],[0.31088907 0.12785894],[ 0.98621404 -0.7233042 ],[ 5.6680684 -5.6577935],[ 2.8847382 -2.6757157],[ 0.57710564 -0.22492975],[ 1.8104191 -1.5026052],[ 2.2314942 -2.0019734],[ 3.337579  -3.1308398],[ 4.0135713 -3.8033092],[ 0.7190604  -0.34043986],[ 3.7455184 -3.6494193],[ 5.119758  -5.1388736],[ 2.0908132 -1.8920659],[ 5.214179 -5.334226],[ 3.4884388 -3.347786 ],[-1.1297598  1.6683657],[ 1.1820198 -0.7721882],[ 2.9585872 -2.9425962],[ 1.4795243 -1.1065942],[ 6.0453687 -5.9350414],[ 5.4050364 -5.301093 ],[ 3.2792494 -3.1676283],[ 0.52326006 -0.03315452],[ 2.8925917 -2.8859816],[ 4.814257  -4.6764164],[ 1.4440497 -1.074559 ],[-0.93084353  1.6202693 ],[0.3288165  0.18198875],[ 4.2223945 -4.2111225],[ 3.0365415 -3.0451388],[ 2.494402 -2.416833],[0.11924191 0.30915156],[ 3.2710838 -3.1050436],[ 1.0640894 -0.8419157],[ 5.8198247 -5.691791 ],[ 3.4560294 -3.4281552],[ 1.9973383 -1.773622 ],[ 4.167279 -4.060024],[ 6.5099435 -6.4431825],[ 2.8042572 -2.824724 ],[ 5.036637  -5.0706887],[ 0.636822   -0.37679777],[ 1.993977  -1.7036792],[ 1.3927603 -1.1621624],[0.3004875 0.1230702],[ 1.302966  -0.8954368],[ 3.2480767 -3.254901 ],[ 1.3242991 -1.0408154],[ 2.5753067 -2.5910132],[ 3.0185676 -2.9087453],[ 5.33653   -5.2969346],[ 2.5195456 -2.3613665],[ 3.8248448 -3.8355057],[ 4.302049 -4.099027],[ 6.0107174 -5.9349236],[0.3043696  0.00460286],[-5.2533884  5.765365 ],[ 3.7937334 -3.6251137],[ 3.6838467 -3.5914602],[0.49284405 0.00291512],[-0.14775744  0.5885946 ],[ 5.450374 -5.474095],[0.46618548 0.02107229],[ 1.7326391 -1.4824558],[ 3.83567   -3.8027885],[ 3.3854218 -3.2612631],[ 4.892653 -4.749084],[ 5.700358 -5.749686],[ 3.2873983 -3.1137176],[ 4.2099466 -4.0779805],[ 3.6854973 -3.6419601],[ 2.133867  -2.1650348],[ 5.6616397 -5.6831765],[ 3.265954  -3.0099437],[ 2.245569  -2.0912697],[ 1.4876417 -1.3544585],[ 1.7353312 -1.4972318],[ 1.0527586 -0.7263474],[ 2.0000308 -1.7111897],[ 2.5375044 -2.2001317],[0.08680736 0.37181446],[ 1.4498657 -1.1976199],[ 1.6485667 -1.4070544],[-0.01292534  0.5803663 ],[-1.6208814  2.0209966],[ 2.3741183 -2.1742141],[ 2.7258787 -2.529956 ],[ 2.795201 -2.697351],[ 0.5643834  -0.13782623],[ 0.76713973 -0.4694467 ],[ 0.78017384 -0.41471496],[ 2.3602474 -2.1316142],[-0.7658273  1.2974161],[ 5.1830072 -5.161552 ],[ 0.7553157  -0.35660648],[ 2.6390567 -2.53148  ],[ 0.87760127 -0.46967492],[ 1.8758001 -1.5875118],[ 3.372248  -3.2273135],[ 2.1424344 -1.9852219],[ 0.61010826 -0.2793255 ],[ 0.7512283  -0.42697725],[ 3.333492 -3.232143],[0.31978425 0.10599018],[ 2.0695503 -1.9076791],[ 1.097987  -0.7186868],[ 3.0962105 -3.0229335],[ 4.6780005 -4.706716 ],[ 3.9979553 -3.8822446],[ 4.2578506 -4.060754 ],[ 6.3546257 -6.2843575],[ 5.2741146 -5.181059 ],[ 0.36857328 -0.01712369],[ 2.7216554 -2.5892417],[ 1.9435486 -1.8306075],[ 2.1887498 -1.9658885],[-0.49166498  1.1971078 ],[ 4.2948165 -4.148546 ],[ 1.3686441 -1.0317011],[ 2.5484972 -2.1663785],[ 5.489199  -5.2874274],[0.2861552  0.15089485],[ 1.7406634 -1.3984194],[ 0.92481345 -0.53205514],[ 5.3980517 -5.4623814],[ 1.7847829 -1.5721331],[ 5.009167  -4.8445387],[ 3.0651085 -3.1253061]
[0.00532245 0.49150035],[-1.4514264  1.8967592],[-4.394542   4.8514743],[-3.187133   3.6821268],[-4.033944  4.489306],[ 0.66722494 -0.35176834],[0.1770194  0.32341778],[-1.8965477  2.344194 ],[-1.7913065  2.0971045],[-4.8568344  5.4582663],[-4.1966357  4.636115 ],[-2.750198   3.1401126],[-1.8115543  2.3839047],[-4.152504   4.7185073],[-0.2762814  0.7533236],[ 0.47313535 -0.05969013],[-1.1956909  1.6580832],[-0.06915645  0.47143432],[-2.1624606  2.6969697],[-1.3660402  1.8612003],[-3.5178385  3.9793482],[ 0.45025092 -0.10648847],[-2.1988852  2.758055 ],[-3.2267976  3.7423964],[-5.4105268  5.9573293],[-2.595992  3.167052],[-5.3980064  6.004925 ],[-0.10232657  0.49457952],[-5.0762405  5.6235757],[-2.3104727  2.8454664],[ 1.6931593 -1.3265561],[0.01367488 0.45721403],[-5.457829  5.993173],[-2.199367   2.7235892],[-2.5852087  3.1444716],[-3.4564416  3.9336665],[ 5.9949374 -6.0983806],[-2.1430247  2.7418356],[-2.4695177  3.07797  ],[-4.568197   4.9133286],[-2.605023   3.1851704],[-5.6235986  6.1447325],[-2.1186917  2.539539 ],[-5.198075   5.6543493],[-1.4327236  1.8901218],[-1.070842  1.759403],[-2.231604   2.4799564],[-2.3763297  2.7545223],[-3.6655338  4.3081727],[ 5.5206485 -5.3941383],[-1.8112034  2.2554193],[-1.3199674  1.7128388],[-2.2360468  2.7397768],[-2.9784956  3.4510155],[-4.599373   5.2965775],[-3.8809807  4.512141 ],[-4.5938025  5.135794 ],[-0.5178335   0.89447594],[0.20140997 0.10497651],[-4.0428524  4.4658947],[0.21876366 0.0593609 ],[-3.8772602  4.6052914],[-4.578676   5.1402097],[-2.4757936  2.8875191],[-1.1473749  1.55643  ],[-4.1289706  4.567797 ],[ 0.5040983  -0.22258845],[-2.978389  3.677693],[-4.0570655  4.632813 ],[-2.8038666  3.3490877],[ 1.751674  -1.4250627],[-0.72648776  1.1122167 ],[-0.74171144  1.0363599 ],[-2.5207722  2.8032236],[-1.1490406  1.7527332],[ 1.0206838 -0.8036365],[-4.6370163  5.1864653],[-3.428232  4.012335],[-4.249167   4.9108434],[-0.4233503   0.84374243],[-0.04176636  0.46684858],[-0.42825893  0.7519295 ],[-3.232413   4.0253534],[-0.97191936  1.446254  ],[ 0.8873103 -0.6130744],[-4.8730617  5.3929777],[-3.4943194  4.159    ],[-3.2118654  3.788136 ],[-1.9041685  2.3626032],[-2.0663905  2.5735242],[-1.7857435  2.2635765],[ 0.45232722 -0.14335859],[-2.211758   2.7582476],[-0.24558327  0.7094447 ],[-3.6165335  4.1055703],[-4.1901264  4.809257 ],[-0.8439876  1.1023034],[-0.93145776  1.1780872 ],[-2.25126    2.8118773],[ 0.35322937 -0.02413241],[-0.741829   1.0556513],[-2.471224  3.023197],[-4.2232     4.7871766],[-1.3470557  1.8597138],[-0.4034042  0.9138038],[-0.07010224  0.45452192],[-1.7738378  2.1562138],[-0.53273445  0.8904617 ],[-5.7962723  6.2912645],[ 0.8461164  -0.48330694],[-2.0818489  2.5218346],[-2.1542041  2.762467 ],[-4.586873   5.1567817],[ 0.35863027 -0.09798791],[-3.4877315  4.183587 ],[ 1.4880412 -1.2606367],[-2.581777   3.2877948],[-5.4437785  5.951902 ],[-1.4253063  1.9026376],[-4.7892838  5.272853 ],[-3.9170465  4.480838 ],[-4.2324543  4.8064036],[-2.3283982  2.87922  ],[-2.3771539  2.8514633],[-0.97616416  1.3492385 ],[-0.476693   0.8381124],[-2.0453234  2.5578449],[-0.59823245  1.0135227 ],[-4.115733   4.8112392],[-5.0239697  5.564444 ],[-0.35767135  0.9650477 ],[-0.16894446  0.62662333],[-3.182504   3.8462656],[-0.7039058  1.079577 ],[0.11555231 0.2848768 ],[0.05189285 0.28107503],[ 0.9449954 -0.6768675],[ 0.32996643 -0.02215922],[-0.20753571  0.6934079 ],[-1.0175718  1.5155015],[-4.0497513  4.562533 ],[-3.1496644  3.7389314],[-5.258454   5.8511896]
[-0.7338941  1.1750252],[ 2.815374  -2.5548406],[ 3.1228726 -2.896562 ],[ 0.9903454 -0.6714631],[-3.7406867  4.056733 ],[-0.29896778  0.7714784 ],[-0.9493714  1.3514888],[-0.6451063  1.0213594],[ 4.8705573 -4.841824 ],[-4.0902104  4.646011 ],[-3.39458    3.6948988],[ 1.2189125 -0.9681906],[-0.615447   1.0909111],[ 0.55840033 -0.2232269 ],[0.02683354 0.32068372],[ 0.6675975  -0.39645714],[ 2.3361924 -2.127501 ],[ 1.9026017 -1.9704372],[ 1.43707   -1.3566631],[-1.0533192  1.5302553],[ 3.5611203 -3.4769404],[-0.06367381  0.4211209 ],[-2.3742273  2.7831416],[ 0.40910122 -0.11370251],[ 4.523643  -4.4589357],[ 0.538491   -0.27479067],[ 0.26356113 -0.00611365],[ 1.0448644  -0.82790256],[-2.3886287  2.7277822],[ 1.859627  -1.8353939],[ 2.0240748 -1.7897934],[-1.0097499  1.4318997],[ 0.53000385 -0.3181879 ],[0.25561717 0.00088242],[-3.7095535  4.208251 ],[0.20383932 0.13425809],[-4.9581027  5.457143 ],[-3.0108192  3.5159416],[-1.6416696  2.2149365],[ 6.100242  -5.9938593],[-0.20462948  0.6462777 ],[-2.4006252  2.8439796],[-2.6034212  3.0007327],[ 0.7318761 -0.4095838],[ 1.226502  -1.1461297],[0.02232043 0.3979581 ],[ 3.0192275 -2.8768601],[ 2.0468469 -2.0243268],[-0.39127526  0.789554  ],[ 2.2725399 -2.0830898],[ 1.3374994 -1.141186 ],[ 1.5191727 -1.243657 ],[-1.7792269  2.0900784],[ 2.2167518 -2.0369966],[ 3.240016  -3.2674527],[-2.9184756  3.4416409],[-3.0191858  3.4021473],[ 2.7579467 -2.4534612],[ 2.431712  -2.2150176],[-3.0054557  3.2938652],[ 0.5718343  -0.40410313],[-0.6284117  1.1312855],[ 1.8858055 -1.7455342],[ 0.50464314 -0.3344368 ],[ 1.4160624 -1.202295 ],[ 3.9052815 -3.7504714],[-3.6997888  4.212873 ],[-1.388736   2.0505776],[ 2.7539892 -2.5257525],[-1.3638884  1.8514065],[0.33029243 0.01118735],[ 3.5409358 -3.2212353],[ 6.151724 -6.095703],[ 5.778926  -5.6907487],[ 1.1098046  -0.94247913],[ 1.1934842 -1.0395571],[-3.448142   3.8616996],[-1.7969586  2.2430954],[-3.6643143  4.129671 ],[ 0.39823893 -0.12700008],[-2.320952  2.851711],[ 2.765793  -2.6045294],[-5.7207894  6.234345 ],[-2.0543811  2.5308115],[ 0.975143  -0.6310436],[-1.5223063  2.061132 ],[-4.864324  5.371991],[-2.947765   3.3408155],[ 2.8658361 -2.810598 ],[-0.62717867  0.98871124],[ 1.5909982 -1.5255915],[ 0.7628102 -0.4855371],[ 2.5729403 -2.4311366],[0.11285333 0.19048548],[ 1.0376577  -0.73753744],[-1.4071289  1.9819885],[ 5.6766806 -5.578972 ],[ 5.59833  -5.497345],[0.10066529 0.19772503],[ 3.064327  -2.8293486],[ 5.18494   -5.0494523],[ 1.290747  -1.1175725],[ 1.9844534 -1.8535415],[-0.4140076  0.7984107],[-2.8650382  3.3783617],[-0.28634977  0.57852113],[ 2.2774951 -2.07795  ],[ 4.797423  -4.7666388],[ 0.5675024  -0.17027938],[ 0.9712129  -0.69792306],[ 1.0141857 -0.788521 ],[-0.16017663  0.5574908 ],[ 0.7996874 -0.4897464],[ 4.585055 -4.612007],[-0.12314376  0.49943355],[-0.27398977  0.65459603],[-3.997512  4.510429],[0.04448152 0.33249265],[ 1.3335361 -1.1388801],[-2.0264614  2.2831461],[0.23979014 0.17919937],[ 2.631265  -2.4725316],[ 2.215069  -1.9839082],[ 2.087037 -1.9058  ],[ 6.0004535 -5.9567075],[-1.1090264  1.571703 ],[0.12213503 0.29917908],[0.15881397 0.28973097],[-1.142351   1.6732805],[ 3.1279838 -3.0968761],[-0.2338891   0.73364794],[-1.972002   2.4575624],[ 2.1911707 -1.9212995],[ 1.9159851 -1.7947634],[ 4.7012234 -4.553745 ],[ 4.4071417 -4.462139 ],[ 5.1149697 -5.0332036],[-0.09911807  0.5579304 ],[-1.7035764  2.2272189],[-0.7488427  1.1933411],[ 1.6580532 -1.3349274],[ 1.3327893 -1.2194991],[-3.568134  4.03173 ]
[-1.06832    1.6138712],[-0.4954317   0.78031236],[ 0.78720427 -0.5405405 ],[ 0.679315   -0.34757414],[ 4.586791  -4.3232923],[ 1.3091409 -1.1742063],[ 1.8304204 -1.5996315],[ 0.40561092 -0.03014328],[ 2.762727 -2.609676],[-3.3344634  3.7083883],[ 4.765259 -4.476649],[ 3.2432048 -3.0184371],[ 1.6257663 -1.4655434],[ 0.4752466  -0.10747447],[ 2.1457338 -1.9698081],[-0.5286901   0.98605394],[ 1.1400236 -0.9899899],[ 1.5552589 -1.2793834],[ 1.0384536  -0.74946606],[-0.02365698  0.37686473],[-2.413014   2.7055779],[ 3.0351233 -2.7790823],[ 2.7516723 -2.7649484],[ 2.2955604 -2.13297  ],[ 1.8087763 -1.555478 ],[ 3.3944945 -3.3070245],[ 1.0878625  -0.85126704],[ 1.2345098 -0.8922633],[ 0.96440274 -0.8189696 ],[0.17950915 0.12922525],[-0.98732525  1.4927802 ],[ 1.0264837 -0.7445616],[ 0.391809   -0.08289427],[ 1.1963557 -0.9501298],[ 3.2959676 -3.1912587],[ 5.0560584 -5.131707 ],[ 3.7481873 -3.7755163],[-0.80857265  1.2814257 ],[ 1.5611508 -1.3602179],[ 3.1370068 -2.8279884],[ 2.4803116 -2.4620044],[-3.63107    4.0484285],[-0.0999326  0.4669536],[ 4.736384  -4.6202602],[ 3.7174203 -3.5865598],[ 0.9675338  -0.67690885],[ 2.6703002 -2.5459557],[ 2.7349246 -2.6884656],[-2.155317  2.474527],[-2.4934561  2.7615736],[ 2.486114  -2.3928304],[ 3.3362617 -3.2210915],[ 3.8004327 -3.7260125],[ 4.3357573 -4.2754817],[-2.5253246  3.059914 ],[0.19697776 0.10843652],[-2.492059  2.887944],[ 1.890021  -1.6102396],[0.09090278 0.18073606],[ 4.0003347 -3.787803 ],[ 2.5956247 -2.5414667],[ 0.8452714 -0.5262235],[ 1.4009075 -1.3230048],[ 1.7439141 -1.698092 ],[ 2.239691  -2.1000102],[ 0.64748186 -0.53918487],[ 2.8023982 -2.641975 ],[-0.0679827  0.4694815],[ 0.52590877 -0.19541907],[ 3.4521196 -3.4178445],[-2.0154214  2.3364637],[ 1.9502007 -1.6731772],[-0.63051856  0.9448464 ],[ 0.4181951  -0.10218604],[ 2.1578987 -2.0336661],[ 0.4443567  -0.25105646],[-3.63713    3.9996629],[-2.1921363  2.5521622],[ 1.1853193 -0.9129494],[ 1.3070682 -1.1302043],[ 3.1617296 -3.1174417],[ 3.1441643 -2.9173744],[-0.84751046  1.2428845 ],[ 5.0154147 -5.0326095],[ 3.4804678 -3.4089675],[ 0.6590006 -0.3190108],[ 1.5782    -1.2385378],[ 3.534536  -3.5666869],[ 4.913156 -5.025449],[ 1.7157471 -1.720972 ],[-3.3359332  3.8202865],[ 1.3202566 -1.1211798],[0.09097712 0.16264734],[ 1.3452731 -1.1899042],[ 2.5043998 -2.388866 ],[-1.6730007  2.1492593],[ 0.91376466 -0.7618334 ],[ 1.0000658 -0.8331423],[ 4.360275 -4.310034],[ 3.0312636 -3.018448 ],[ 5.0632334 -5.0069714],[-1.2751671  1.7829604],[ 0.47663435 -0.2795564 ],[ 1.7334818 -1.5204333],[ 0.61038184 -0.32711884],[ 1.1682165 -0.9059673],[ 1.5403745 -1.2877755],[-1.623329   2.0449193],[ 6.4413657 -6.421954 ],[ 2.674545  -2.5786858],[ 3.5673094 -3.3217268],[ 0.9941716  -0.71477336],[-0.6538298  1.220593 ],[0.18134782 0.13363165],[0.05623284 0.37327284],[ 0.7406798 -0.4163181],[ 1.2070131 -1.1243049],[-2.5887413  3.0318747],[-0.8593653  1.2417116],[ 4.058455 -3.922929],[ 2.6345859 -2.431441 ],[ 0.65567404 -0.3472892 ],[ 2.1717994 -2.016954 ],[ 1.677594  -1.3400569],[ 0.630314  -0.3451016],[ 1.9256828 -1.7325834],[ 4.2552223 -4.2734385],[0.18624134 0.08509526],[-1.4692018  1.964897 ],[ 3.627069  -3.5085523],[0.14179589 0.27019992],[-2.7710264  3.1947641],[0.14373499 0.10640984],[ 2.534876  -2.2238224],[0.25897667 0.05082994],[ 1.1174021 -0.8652173],[0.03590129 0.284002  ],[ 0.65882367 -0.41863886],[-0.62621385  1.0116296 ],[ 0.943831   -0.73619306],[ 2.7573383 -2.5534632],[ 1.1874778 -1.0535815],[-1.8993877  2.2562735]
[ 2.0694675 -2.1259828],[ 2.7116735 -2.3642275],[ 5.1340933 -5.113447 ],[ 4.489536 -4.343236],[ 3.1013453 -2.7957017],[0.4719671  0.01248267],[ 3.8303328 -3.634997 ],[ 2.3418372 -2.175312 ],[ 2.1828005 -2.0502317],[ 1.201959  -0.8726372],[ 6.4073195 -6.3509417],[ 2.9986954 -2.8313873],[0.10710676 0.4003554 ],[-0.20524752  0.6443444 ],[0.08134282 0.41882887],[-0.26373827  0.82313913],[-4.560287   5.2234726],[ 1.7357792 -1.5649616],[ 2.0684226 -1.8160506],[ 1.936902  -1.8057573],[ 3.2422175 -3.171606 ],[ 4.861462  -4.6866975],[ 1.6324098 -1.156194 ],[-3.2564301  3.8590572],[ 3.69422  -3.652313],[ 2.4079914 -2.1755207],[ 3.4761574 -3.5041168],[ 2.8198833 -2.5887933],[-2.475831   2.9759212],[ 1.9360116 -1.7868878],[ 2.992134 -2.938564],[ 0.98594356 -0.5925583 ],[-1.6966573  2.2538686],[ 1.4631279 -1.2171704],[ 5.574415 -5.462957],[-2.1988688  2.9814785],[-4.3343086  4.992583 ],[ 2.7904048 -2.6305315],[ 1.8018664 -1.8076932],[ 2.2737195 -2.0343137],[ 4.327265 -4.283592],[0.31457853 0.03142483],[0.44841713 0.00657519],[ 5.127987 -5.003816],[ 3.6240637 -3.8431208],[ 1.4918859 -1.2927979],[ 0.3352027  -0.00693845],[ 2.7567744 -2.611547 ],[ 1.669989  -1.4180032],[ 2.777168 -2.572543],[ 2.0077217 -1.9180865],[ 1.7667263 -1.3732278],[-1.798319  2.123681],[ 2.301405  -1.9952028],[-1.6706572  2.5113668],[-3.5874808  4.2738457],[ 2.5419018 -2.3247516],[ 0.92961013 -0.49450567],[ 4.790279 -4.602498],[ 0.7395329  -0.39913496],[ 3.1439307 -3.037115 ],[-1.970362   2.7913144],[-4.1299987  4.8422365],[ 3.6688037 -3.778259 ],[ 3.361881  -3.2158496],[ 0.36926174 -0.14695105],[ 2.9340806 -2.93754  ],[ 0.8515467 -0.5041158],[ 0.86824924 -0.5521134 ],[ 3.6301577 -3.44073  ],[ 5.2342463 -5.1603737],[0.08028587 0.31764984],[ 2.482123  -2.2305548],[ 2.2235    -1.9872512],[ 3.1892064 -3.2416883],[ 1.6996723 -1.5076631],[-3.2316298  3.7370842],[ 0.9938292 -0.7315532],[ 4.962911  -4.9405975],[ 5.4509163 -5.4138827],[ 2.9272456 -2.8618355],[ 3.5405183 -3.3740854],[ 3.701126  -3.6194386],[ 3.1162677 -3.0975287],[ 1.5040048 -1.1590376],[ 2.4742377 -2.1988006],[-0.4516199  1.0367455],[-2.4875572  3.307203 ],[ 2.7203798 -2.6588295],[ 3.9764583 -3.9781213],[-1.9317571  2.4167304],[ 2.5892088 -2.36428  ],[ 1.9598699 -1.6278402],[ 2.9497635 -2.9645221],[ 4.8353205 -4.8248706],[-2.2659297  2.8984892],[ 2.1524498 -1.876859 ],[ 1.8825936 -1.5526661],[-4.454898  5.175404],[0.20996107 0.15785065],[-0.01240367  0.36412364],[ 4.4453106 -4.3267775],[ 4.6833324 -4.7494397],[0.24803981 0.02126354],[ 2.7076492 -2.531502 ],[ 1.3009007 -0.9827696],[ 2.9687414 -2.9739547],[ 2.792617  -2.7074006],[ 3.580384  -3.3651094],[ 2.1732638 -1.8866289],[ 4.020077  -3.9303064],[ 2.0646396 -1.8603398],[ 0.6610367 -0.4007856],[ 2.1492107 -1.8914204],[ 3.072176  -2.8820841],[ 1.0252689  -0.66048557],[ 1.3134319 -1.1307955],[ 5.321888 -5.274718],[ 5.155707 -5.093747],[-0.821852   1.0966595],[ 0.901587  -0.5500379],[ 5.8664165 -5.830638 ],[ 0.9973439 -0.5673455],[ 4.374442  -4.3459997],[ 0.9719684 -0.5223808],[ 5.389438 -5.283668],[ 3.615499  -3.5308983],[ 1.5093882 -1.1590885],[ 2.6818874 -2.5563118],[-2.6304264  3.4849446],[ 0.50105226 -0.11408116],[ 1.0023468 -0.5930585],[ 4.5308437 -4.517755 ],[ 4.261402 -4.203132],[ 1.3123356  -0.83382916],[ 5.2198477 -5.2137814],[ 5.783446 -5.683014],[ 0.9418841  -0.55631864],[0.3695516  0.05634053],[ 4.3898935 -4.5031066],[ 4.9948707 -4.957091 ],[ 5.3072286 -5.36197  ],[-0.20869043  0.6410025 ]
[ 0.7474216  -0.42510483],[-2.6400487  3.0700626],[ 2.5869231 -2.534286 ],[ 1.8573228 -1.6063191],[-2.6657937  3.150327 ],[-3.9349637  4.508738 ],[-2.2169085  2.6847367],[-1.3924488  1.8905768],[-0.21964455  0.6425193 ],[ 0.8549522 -0.5615349],[-0.2996468   0.71791315],[-0.01127095  0.40850723],[-3.3438568  3.9735365],[-3.836645   4.2986784],[0.28657922 0.07161488],[0.04228132 0.47967014],[-3.7372854  4.259855 ],[-3.5837476  4.2663455],[-3.5364337  4.1564465],[-0.6201514  1.2127357],[-0.12636256  0.65209734],[ 0.8540632  -0.47177914],[0.03808341 0.2705291 ],[-0.6398668  1.0566219],[-2.7940874  3.3323402],[ 0.7360497 -0.3499695],[-1.3860122  2.12885  ],[ 0.621148   -0.19979188],[-2.7818813  3.2844517],[-2.5055807  3.1759505],[-0.9246353  1.4110299],[-0.46283916  1.0310888 ],[ 1.1859792  -0.94988066],[-1.8398981  2.2886844],[0.12820381 0.29151055],[-4.5603757  5.0906267],[-3.0692816  3.6890996],[-2.8043456  3.4124084],[-0.99172574  1.6498805 ],[ 1.13151   -0.8095975],[-1.4577277  2.0327044],[-0.5874744  1.0022477],[-2.3269575  2.6997745],[-4.506247   5.1126204],[-4.253734   4.8869767],[-1.0494605  1.6910192],[ 0.8190929 -0.459079 ],[-0.8915824  1.2478553],[-2.1794646  2.7563274],[-4.1014156  4.6535482],[-0.72985095  1.199894  ],[ 0.34371066 -0.02712663],[ 6.1497254 -6.077311 ],[-0.5107899   0.99408746],[-4.8521447  5.4564295],[-3.4582233  4.107408 ],[-2.8492239  3.2118227],[-2.0518916  2.5695028],[ 0.40857932 -0.01648545],[ 0.36937308 -0.03492694],[-0.72869927  1.0898389 ],[-3.9708765  4.6122947],[-3.4943287  3.9902563],[ 2.3644297 -2.2477856],[-0.06870481  0.47075853],[ 0.66100895 -0.48125663],[-5.5813103  6.199609 ],[-1.0328544  1.7100407],[-2.690733   3.2003055],[-0.93488026  1.5283413 ],[ 0.7323083  -0.43829566],[ 4.0740366 -4.072001 ],[-1.4869584  1.8869562],[-1.9663923  2.3845701],[-2.9087179  3.5809898],[ 0.6865007 -0.4234791],[0.18639821 0.20973155],[-1.3276745  1.8439189],[ 1.0057871 -0.8414284],[-2.424434   2.9999893],[-2.055058   2.6379378],[-0.09954278  0.69130385],[0.1541604  0.43629855],[-5.2567487  5.880758 ],[0.3034316 0.060156 ],[-2.5454729  2.9982004],[-1.0865096  1.7459686],[-5.4143605  5.923018 ],[-0.8575328  1.3911368],[-0.21366504  0.56092703],[-1.0863376  1.5906948],[ 0.53852737 -0.28103143],[ 1.6945152 -1.4275137],[-2.2145672  2.730605 ],[-0.36473832  0.8423196 ],[-3.3264375  3.8169127],[-0.7609117  1.1133114],[-0.9165403  1.2823902],[-2.0433831  2.5094576],[ 0.6648894  -0.36299896],[-0.20195392  0.5332182 ],[-1.0844088  1.7819339],[-1.1736423  1.6318468],[-1.47137    2.1513276],[ 0.49030647 -0.12529062],[0.07510695 0.25024828],[-2.396626   3.1158648],[-0.97567636  1.4972051 ],[-4.087248   4.7126193],[-0.7137867  1.1886647],[-2.4275024  2.8454897],[-2.7487314  3.1620698],[ 0.9040004 -0.7031521],[-0.96973723  1.4271593 ],[-4.411753  5.067561],[-0.40254593  0.8219449 ],[-3.57952    4.1743684],[0.23993467 0.10048651],[-1.3237075  1.9891709],[ 3.2300868 -3.1304214],[ 0.91596556 -0.50188553],[-0.92335737  1.4841765 ],[-1.0999078  1.7533927],[ 0.61024517 -0.21574992],[-3.1174288  3.5653577],[-3.1155367  3.824656 ],[-1.5813664  2.195704 ],[-0.07285479  0.54120046],[-1.1917584  1.8721576],[-5.699112   6.1846104],[-0.45379856  1.0027635 ],[-1.3256495  1.9312208],[-3.1213171  3.8037407],[ 1.401466  -1.1465228],[-0.3384446   0.75399107],[-0.69062835  1.2699518 ],[ 1.9157796 -1.7703621],[-1.4824923  1.9010935],[ 0.72868747 -0.5001042 ],[-1.798716  2.411627],[-1.0239658  1.5197556],[ 0.43720642 -0.07313466],[-1.8646374  2.277044 ]
[-1.5214094  2.0267463],[ 1.0224628  -0.67939377],[-1.7639288  2.3721054],[ 1.3519105 -1.0454454],[-4.0691366  4.4691825],[-1.3580285  1.9219822],[-3.656383   3.9908075],[-2.496221  3.005236],[-0.341038    0.67339176],[-2.0046403  2.2697296],[-0.00799699  0.3389717 ],[ 1.2992176 -0.920239 ],[-3.106148  3.51407 ],[0.15583573 0.17776492],[-2.330736   2.7344882],[-3.5634837  4.0990324],[-2.374303   2.8382623],[-3.1784236  3.6972723],[0.25415736 0.18375161],[-3.114717   3.6506503],[-4.1373773  4.646028 ],[-2.2465916  2.7837076],[-2.091296   2.3926523],[ 3.8342288 -3.5687127],[-3.2473593  3.6721323],[-1.8161641  2.1045418],[-4.400468   4.7943716],[ 1.6670712 -1.3663687],[-0.14268504  0.42467198],[-1.3089638  1.8623391],[-1.3728889  1.762439 ],[-3.0834758  3.637893 ],[-1.2832838  1.7329769],[0.19401684 0.10007099],[-4.778807   5.2945685],[ 2.9004636 -2.5038497],[-4.434499   4.9184284],[ 1.525261  -1.3018826],[ 0.4256486  -0.02332749],[-0.42907807  0.7196166 ],[-1.1032368  1.6897755],[-1.1747478  1.5359981],[-0.46353307  0.85188   ],[-3.3286076  3.7622821],[-3.1168306  3.683988 ],[-2.8800805  3.4992664],[ 5.8374987 -5.8040047],[0.24354646 0.0874775 ],[-4.018117   4.4221177],[-0.8596958  1.250414 ],[-0.6088364   0.94444185],[0.24803676 0.07804485],[-0.28021988  0.5377129 ],[-3.4318311  3.906171 ],[-4.434426  4.886039],[-5.048903  5.55453 ],[-4.1303883  4.3506756],[ 0.6741904 -0.4188038],[ 2.8577442 -2.7262886],[-3.4606757  3.8391857],[ 0.39457238 -0.14589646],[-4.177571   4.5808883],[-1.8896223  2.2938232],[-2.8720465  3.388391 ],[-3.424117   3.8797598],[ 1.0801319 -0.624758 ],[-1.6280261  2.054742 ],[-4.0684404  4.61138  ],[ 3.5053477 -3.3945882],[-4.328645  4.92026 ],[ 0.87926227 -0.5738837 ],[-3.9427683  4.430995 ],[ 0.93791693 -0.68321955],[ 1.4456881 -1.1903638],[-4.294396  4.866961],[ 0.4173252  -0.16962084],[-3.161285  3.472298],[-1.1245033  1.6244766],[-3.959751  4.578893],[-1.1388915  1.6491491],[-1.8627454  2.442238 ],[0.10254671 0.28458923],[-4.6133237  5.1694255],[0.17481595 0.223346  ],[ 0.6082575  -0.32211676],[-0.05699756  0.38218802],[-4.006351   4.3217306],[ 3.6259627 -3.6222696],[ 4.298219 -4.159366],[-1.77268    2.2594786],[ 0.7420002  -0.42473352],[ 4.052461 -3.965243],[ 0.8793917 -0.7300274],[-1.8581821  2.42001  ],[ 1.6416236 -1.4400836],[-0.37793523  0.72821295],[0.14082097 0.0962064 ],[-0.0950512   0.36345664],[ 4.647208 -4.557624],[ 4.6501274 -4.737055 ],[ 5.2815237 -5.2514668],[-5.159887   5.6200337],[ 2.296561  -2.2169936],[-1.6762371  2.2328203],[-2.3085086  2.911282 ],[-1.330043   1.8683292],[-2.7815435  3.3419778],[ 2.7363377 -2.535031 ],[-5.295132   5.8115773],[0.2234527  0.08623081],[0.03827665 0.20828044],[-0.41412765  0.72496796],[0.27971837 0.09283648],[ 0.7472019 -0.5395732],[-0.557946   0.9583997],[0.28436452 0.08130168],[ 1.1010246 -0.8418919],[-4.3279552  4.7781425],[-4.6908946  5.3019934],[-0.772288    0.97133005],[-0.7600671  1.108071 ],[-1.0609496  1.5361724],[0.21185008 0.13222197],[-1.9744124  2.5879047],[ 0.82499015 -0.5600401 ],[-2.317676   2.8030503],[-4.1367235  4.6077046],[0.12725288 0.23002282],[-4.4174314  4.887495 ],[-1.2582347  1.5712692],[ 1.6137853 -1.4393622],[-3.5813844  3.9867506],[-0.77042043  1.4343661 ],[-3.3468692  3.792589 ],[-1.395687   1.7161044],[-2.8253393  3.4235222],[-2.1455832  2.8848157],[ 1.3199507 -1.1088904],[-1.2285655  1.7278209],[-2.761487   3.2682695],[-1.7622958  2.1325793],[-4.4865775  5.0577893],[ 0.5103639  -0.30889788]
[-1.1471777  1.6142778],[-1.2300291  1.4876448],[-4.2220426  4.7907295],[-3.550313   4.0665836],[-1.5501232  1.7272298],[-4.248386   4.6630607],[-1.8422426  2.3346274],[-2.6514118  3.0103738],[-0.30819798  0.7076863 ],[0.21503937 0.05847955],[-0.08871375  0.35347626],[ 0.8698     -0.66253906],[-1.836977   2.2428682],[-0.5866161  1.0532106],[-0.35003948  0.5972874 ],[-3.246018   3.7100232],[-2.3732677  2.7983167],[-1.1012799  1.5546956],[-3.2431428  3.7723303],[-4.3325577  4.77703  ],[ 0.91717607 -0.7437248 ],[-1.7019199  2.087066 ],[-3.5097618  3.9208584],[-2.8048372  3.2355392],[-1.6063558  2.0565324],[ 0.30903497 -0.08519024],[-2.913085   3.2890058],[-0.7652815  1.0171194],[-0.34283295  0.46933535],[-4.3511715  4.894887 ],[ 3.5117557 -3.3341792],[-2.559816   2.9963155],[-3.9319117  4.3698335],[-2.7590733  3.3465474],[-4.1088605  4.4007006],[-3.226054   3.6152902],[-1.130248   1.5225333],[-4.451021  4.885686],[-2.4228683  2.8808572],[-0.5335506  0.9252744],[-5.3176866  5.782721 ],[ 0.33895913 -0.13176379],[-0.9500219  1.2141726],[-2.3057616  2.505745 ],[-2.7693243  3.245159 ],[-3.9712489  4.4666543],[0.2605892  0.14338166],[-3.4760258  3.831972 ],[-2.7635536  2.9771614],[-2.1669629  2.4496953],[-1.2527571  1.7695494],[-1.4966455  1.8004158],[-4.6976733  5.09184  ],[-4.545303  4.981791],[-1.6904082  2.0915072],[-0.32990438  0.57073224],[-2.217889  2.217493],[-1.636533   2.1494281],[-0.21202695  0.5458653 ],[-1.3325608  1.608574 ],[-0.9663884  1.2186791],[-1.4978819  1.9969817],[0.19289227 0.17743188],[-4.200233  4.66369 ],[-1.5251689  1.9159635],[-0.42238438  0.51806   ],[0.13113955 0.20954949],[-1.3265455  1.7504581],[-0.16968775  0.4607558 ],[-4.512389   4.9317064],[-3.0749376  3.502822 ],[0.23455743 0.08852965],[ 1.4285226 -1.2078167],[ 1.3938173 -1.1540169],[-5.173727   5.5017543],[ 0.39809588 -0.12538712],[ 3.2101285 -3.0556335],[-1.2375125  1.4522649],[-5.0424733  5.5189247],[-1.3960253  1.84     ],[-2.5250862  3.0134661],[0.3441172  0.01937551],[-4.817266   5.2417245],[-4.48474    5.0144176],[-0.90157163  1.2545135 ],[-2.858682  3.297822],[-0.5204913   0.89844847],[-4.2270284  4.7123985],[-2.6545439  3.1521304],[-1.8875744  2.313308 ],[-0.84895086  1.1147804 ],[-1.346285   1.6695284],[-2.4535565  3.040164 ],[-1.4420995  1.9639679],[-3.2563326  3.8101332],[-1.4761665  1.7955004],[ 1.2352579 -1.0223652],[ 1.1682941  -0.93364483],[-0.23942432  0.75976396],[-2.7322073  3.3849974],[-0.74071914  1.2512689 ],[-1.0503877  1.4193754],[-1.9762061  2.448579 ],[-2.6571615  3.074683 ],[-2.9944985  3.4169624],[-2.2057357  2.6541424],[-1.9275362  2.4368074],[-2.7450798  3.249315 ],[-4.6002917  4.969008 ],[0.01882136 0.22910267],[-0.17854482  0.39799374],[-0.19293529  0.31740597],[-4.0050626  4.6340065],[ 0.4035241  -0.10187513],[-3.2126977  3.5785055],[-0.17758046  0.43605885],[-3.834866  4.315199],[-3.1274967  3.4682589],[-4.436457  4.8906  ],[ 4.076869 -4.009573],[-0.7982929  1.2159185],[-1.7262563  2.1770468],[-3.48716   4.106241],[-3.7070901  4.2697854],[-0.18085605  0.6914572 ],[-3.8999503  4.361222 ],[-2.9107118  3.301493 ],[-4.8055797  5.3216634],[-3.7301996  4.145386 ],[ 1.5859439 -1.3094168],[-0.85446155  1.3284636 ],[-1.3741904  1.7264587],[-5.209452   5.6826553],[ 1.5427214 -1.3752321],[-1.922694   2.1260736],[-4.763005   5.1793637],[-4.2669716  4.717995 ],[-0.8983108  1.4066491],[-1.9563999  2.23569  ],[-3.1648324  3.6682165],[-0.53218853  0.88376254],[-3.3828197  3.9329038],[0.0646804  0.09131265]
[-5.314149   5.8728857],[ 1.1256187  -0.83220965],[-1.2827393  1.91438  ],[-0.7510327  1.3163807],[ 2.8474588 -2.615668 ],[ 0.65753835 -0.28210735],[-4.6117535  5.011968 ],[ 1.0835084 -0.8498457],[ 0.69218975 -0.4089523 ],[ 0.85134536 -0.55756277],[-0.23570284  0.6319599 ],[-0.14438972  0.60557675],[0.14139171 0.2035031 ],[-0.46424946  0.76471215],[-1.018747   1.3927903],[-1.3050202  1.8527613],[-3.409769   3.6889899],[ 0.32601887 -0.11000073],[ 1.6712137 -1.549755 ],[-0.80916345  1.2454245 ],[-3.1485069  3.8399146],[-0.5823208   0.89537007],[-4.546134   4.8392887],[-3.0074317  3.3187675],[-0.2527265   0.66026396],[-0.23486114  0.55947644],[-3.22462    3.6653614],[ 1.7977316 -1.51044  ],[-2.5331495  2.6776812],[ 0.96571606 -0.7316518 ],[0.01506555 0.38387892],[-2.2490206  2.745452 ],[-3.1017752  3.5010583],[-3.7617755  4.3751087],[-0.4883518  0.8207074],[-4.9526668  5.3727417],[ 2.7152202 -2.348353 ],[-0.23440519  0.69525915],[-4.6401396  5.0112305],[ 1.3577807 -1.117333 ],[-3.1786866  3.5337455],[0.2526221 0.0008482],[-0.62613934  1.0282375 ],[ 2.4096885 -2.250003 ],[0.2165283 0.1657485],[ 1.64567   -1.4597349],[-3.2166512  3.7061245],[ 4.3325205 -4.071309 ],[0.15317231 0.10667566],[ 5.6065736 -5.570658 ],[-3.572492  4.110727],[ 1.3432045 -1.1199937],[ 3.6278217 -3.3861763],[-0.5534976  1.0940803],[ 0.584857  -0.2558034],[ 1.9611197 -1.866876 ],[ 0.58600277 -0.25252095],[-1.8598232  2.2642612],[ 2.4023135 -2.2344196],[0.22096832 0.06447691],[ 2.2960317 -2.058809 ],[-2.8621466  3.2026832],[ 3.964304 -4.022854],[-3.2251601  3.5831926],[ 1.2288417 -0.9326223],[-0.08372276  0.31818444],[-3.487001  4.089619],[-1.4804821  2.0512302],[-1.795009   2.3124235],[ 0.37976047 -0.04282198],[-0.5665883  1.0619553],[-2.2791033  2.8295915],[ 1.1652099 -0.8343655],[-0.7162811  1.3137378],[-0.72198987  1.090661  ],[ 4.517467 -4.385533],[ 5.301129 -5.232466],[ 0.6053017  -0.38253152],[-0.43455467  0.78236467],[ 1.7900879 -1.5254296],[-1.597122   2.2592618],[0.03913936 0.2791602 ],[-3.136129   3.5240836],[0.2679954  0.25134864],[-0.16198178  0.46604446],[-0.29612866  0.46042398],[ 0.8082744 -0.4213494],[-2.5980237  3.1273038],[-3.3213928  4.0674386],[-4.260357  4.763229],[-3.2295215  3.4541547],[-1.6577193  1.9738632],[-1.6942353  2.1693108],[-4.9372    5.419613],[-4.7296443  5.3062463],[-1.7709128  1.9454489],[0.0424068  0.30617464],[-0.04220742  0.4095198 ],[-4.8936405  5.5379558],[-5.43117    5.9731245],[-4.4390182  5.035928 ],[-3.0327356  3.2780902],[-4.4679923  4.9851704],[-1.6850848  2.1558778],[-4.115219  4.444591],[ 0.43254793 -0.16981551],[-3.7964165  4.404052 ],[-4.6012673  5.015523 ],[ 1.7690752 -1.4409237],[-2.900895   3.2137177],[ 2.014402  -1.8218046],[ 1.992314  -1.6939425],[0.2895387  0.03174478],[0.03571808 0.30076   ],[ 2.8163805 -2.6726897],[ 1.0474654 -0.7670219],[-3.0537343  3.495431 ],[-2.0454917  2.3636553],[-2.3093781  2.596074 ],[ 4.9093275 -4.744997 ],[-3.684875   4.1934843],[-0.13791373  0.6119921 ],[-3.4984243  4.1096697],[-2.2590904  2.84179  ],[-0.3959155  0.9863697],[-1.4362456  2.0170782],[-3.1995473  3.7043946],[-0.608795   0.8887846],[-1.72764    2.1948183],[ 2.1040366 -1.7117555],[-2.1054   2.77254],[ 1.0366311 -0.6706148],[-2.4430583  2.8449588],[-0.32335755  0.71777743],[-0.221538    0.42727467],[ 0.44818205 -0.25747323],[ 1.4761516 -1.149855 ],[-1.5215161  1.9965624],[ 2.0206144 -1.6993612],[-1.7062496  2.1237085],[ 3.9395075 -3.8475885],[-5.0480022  5.510335 ],[0.01273278 0.24839106]
[-3.2402084  3.7287064],[ 1.4648867 -1.1536024],[ 2.3977888 -2.0951836],[ 0.6307168  -0.25316793],[ 3.436579  -3.3244798],[-2.8244965  3.2091086],[ 3.5027142 -3.3030136],[-0.06321684  0.38078162],[ 0.99750876 -0.684078  ],[-1.9377108  2.353961 ],[0.00298703 0.38835472],[-1.4430205  1.867669 ],[-1.5267358  1.9017285],[ 5.632025 -5.483571],[ 4.4557915 -4.332105 ],[ 0.55459756 -0.1301055 ],[-0.1466155  0.500175 ],[-3.031098   3.4624012],[-3.5172372  4.075902 ],[ 1.112509   -0.66481274],[-5.3283286  5.8127875],[ 1.6651669 -1.3394524],[ 1.7827868 -1.4079094],[ 3.6222684 -3.3154848],[-1.2649763  1.7587245],[ 3.1562846 -2.9506388],[ 0.73181516 -0.2395213 ],[ 0.4399342  -0.09362404],[ 4.5819974 -4.3929954],[-3.3810492  3.9475198],[-0.5184563  1.0631254],[ 0.57420135 -0.12899779],[ 1.6737789 -1.1944457],[-2.353138  2.764089],[ 4.5150423 -4.284149 ],[-0.02600279  0.32371676],[-1.2396781  1.6690254],[-0.5692887  0.8785408],[-2.4056737  2.6771863],[ 1.6238899 -1.2881185],[ 4.33486 -4.19851],[ 1.7077178 -1.3931918],[ 0.5398054  -0.02397326],[ 5.0147347 -4.945803 ],[-2.8749437  3.4306471],[-1.8622897  2.415968 ],[-1.1145254  1.5621494],[ 3.680795  -3.3703318],[-1.3902119  1.7137369],[ 1.352427  -1.0644788],[ 1.6580722 -1.3874847],[ 0.31451008 -0.01044691],[ 2.5675097 -2.198917 ],[ 3.886345  -3.7165875],[-1.7411492  2.051573 ],[-0.9995318  1.3332192],[ 2.087623  -1.7218133],[ 3.8734179 -3.7589958],[-0.2538605  0.6987049],[ 3.5597115 -3.3594332],[ 2.7812612 -2.608558 ],[-0.4764965  0.9291131],[-5.363909   5.8385696],[ 4.2921166 -4.1483755],[ 1.1633478 -0.938039 ],[ 2.4976394 -2.1674836],[0.3279907  0.12019622],[-1.2865409  1.7726556],[ 0.81344235 -0.53188133],[ 3.4547915 -3.1842299],[-2.2797968  2.8798475],[-0.67263305  1.1687447 ],[ 1.2254362 -0.8856585],[-1.3574662  1.8326383],[-1.8527924  2.177159 ],[0.30412832 0.04911777],[-2.2176585  2.6086354],[ 1.8266658 -1.546229 ],[ 1.655186  -1.3470623],[-0.03981582  0.44296694],[0.32814622 0.1276288 ],[ 1.6679476 -1.2003601],[-0.42135087  0.885917  ],[-3.3939817  3.9643388],[ 1.4109471 -1.2507693],[ 4.3731656 -4.1715407],[-0.26421463  0.6507709 ],[-2.0575907  2.4081743],[-3.1780531  3.608612 ],[ 0.78543913 -0.46080136],[ 3.469065  -3.1962118],[ 3.9685552 -3.8783414],[ 4.973858 -4.936745],[-0.45009246  0.8008642 ],[-0.26280636  0.6055917 ],[ 3.6310072 -3.3518524],[0.04130603 0.2918391 ],[0.10516658 0.25076526],[-1.7146319  2.1861966],[-2.7078495  3.1808634],[ 2.201697  -1.9845334],[ 3.6554267 -3.460664 ],[ 2.0108483 -1.7628776],[-0.33001894  0.78160334],[ 2.7818282 -2.5608566],[-0.12329246  0.53338164],[-0.61572015  1.1388863 ],[ 3.3033712 -3.067028 ],[ 3.916088  -3.7373285],[ 1.8124979 -1.5150881],[ 2.0423408 -1.8725646],[ 0.2779135  -0.01419809],[-0.86947685  1.4065013 ],[ 0.34998122 -0.02301899],[-0.58315414  0.9611025 ],[ 3.2500238 -3.032298 ],[-2.9662828  3.4360845],[ 1.5600423 -1.1754857],[ 4.263766 -4.066925],[ 5.127471  -5.0191126],[ 0.42604098 -0.29248908],[ 0.95174056 -0.6100803 ],[-2.3765826  2.7777166],[ 1.2781361 -1.0163441],[-0.21645907  0.64033675],[0.06875967 0.48225448],[ 4.3030415 -4.018551 ],[ 2.1752577 -1.8666811],[0.04508668 0.33323607],[-0.48142537  0.81726265],[-4.5003595  5.0796933],[0.08577582 0.38209924],[ 0.33959487 -0.0242673 ],[ 0.6778875 -0.4233863],[ 4.5220714 -4.295597 ],[ 3.1556253 -2.9210515],[ 0.39821225 -0.05512606],[ 1.30381    -0.97712505],[-4.2610197  4.7215614],[ 3.1002913 -2.8747494],[-0.93652093  1.4004074 ],[-0.2684557  0.6497192],[ 1.869068 -1.528488]
[-5.369428   5.7700334],[-2.5375257  2.6852844],[-4.4462414  4.9293494],[-3.2452204  3.7194967],[ 1.6284633 -1.3479298],[-2.734295   2.9235523],[ 5.8793917 -5.6569085],[-1.8921041  2.1179366],[-0.45822206  0.7059757 ],[-3.6920776  4.1108365],[-1.5986873  2.0385053],[ 2.0545108 -1.7674074],[-3.628081  3.973659],[ 1.6456189 -1.4457266],[-4.796603   5.1778975],[-3.4794235  3.80768  ],[0.0639184  0.14959472],[ 1.6843601 -1.4440174],[-4.6503997  5.091187 ],[-1.3983325  1.6826433],[ 0.4674396  -0.12398691],[-2.341279  2.666563],[ 1.9382234 -1.6980118],[-0.88602257  1.1389259 ],[-1.8806894  2.0998409],[ 4.5177517 -4.495661 ],[-1.7878683  1.853549 ],[-0.7408173  1.0672987],[-0.18174316  0.29516697],[-4.5840154  5.0729356],[-3.7222767  4.03374  ],[-4.5692058  4.920961 ],[-1.5611279  1.9129521],[-1.6552336  2.063381 ],[-3.535823   3.8542285],[ 5.5401893 -5.368366 ],[-0.820292   1.2036656],[-2.4279459  2.6733584],[-2.8256898  2.9326808],[0.2636212  0.05565947],[-3.0976832  3.4391737],[ 0.12576506 -0.00209542],[ 1.5660565 -1.3309472],[-2.2963743  2.5448785],[-1.5544832  1.9371843],[-4.896297  5.362104],[-0.05517415  0.4198498 ],[ 0.9687794  -0.82093877],[0.0724783  0.06792397],[-0.348959  0.617801],[-2.4510643  2.7392578],[-0.02141294  0.20706609],[ 3.857817 -3.779429],[-4.24505    4.7726765],[-0.29909614  0.54198873],[0.08145802 0.09659039],[ 3.9887793 -3.7684624],[-1.1324748  1.3764937],[-0.8472243  1.3298869],[ 1.6316338 -1.3301   ],[0.12019937 0.14784607],[-0.52299833  0.74214673],[ 0.36743957 -0.0216985 ],[-1.5856081  1.8259823],[-1.3207579  1.5202892],[ 4.3656807 -4.160014 ],[-1.2073923  1.5532421],[-4.3953166  4.729014 ],[-1.2585032  1.741807 ],[-3.7117953  4.2005014],[ 0.9086724 -0.6094121],[-1.6757338  2.0024188],[ 0.28422594 -0.04452406],[-0.16926293  0.54693776],[-0.26177397  0.5580392 ],[-0.05451576  0.29768217],[ 0.500671 -0.313532],[-0.24961817  0.31771752],[-1.0987607  1.3953695],[-4.2927303  4.723709 ],[-3.476928   3.9982796],[ 1.9871027 -1.7776016],[-0.1646553  0.5472316],[-3.912542   4.2974997],[-0.4286385   0.65279776],[0.17904475 0.0584709 ],[-0.15568274  0.5232655 ],[-0.36444315  0.6835066 ],[-2.221876   2.5842538],[ 0.82098806 -0.5222882 ],[ 0.6884201  -0.38699514],[-0.69086844  1.0265625 ],[ 0.22308111 -0.01685773],[ 2.484125  -2.2681649],[ 1.7477049 -1.5108052],[-2.0205219  2.1729088],[ 0.32630354 -0.05821647],[ 0.43039277 -0.18939456],[-2.972924  3.288828],[-0.6133044  1.0445904],[-2.331738   2.8726394],[ 0.6288342  -0.36639816],[-0.2741905   0.45914313],[-4.1288404  4.400433 ],[-4.4527364  4.754161 ],[-2.5832834  2.9653296],[-3.1106591  3.5179021],[ 2.796344  -2.6830037],[-2.7826219  3.086548 ],[-0.6562956  0.8126612],[ 1.8700441 -1.6940025],[-4.213194   4.4790325],[-4.6430383  5.1836553],[ 1.3063866 -1.1403083],[-2.5712454  2.8820548],[ 1.1070201 -0.7706509],[-1.3173896  1.7649853],[ 0.9533789  -0.67599916],[ 0.50281835 -0.27930614],[-4.333858  4.856315],[-0.93729204  1.2843984 ],[-1.4805237  1.8293934],[0.22775924 0.04361535],[-3.27811   3.684749],[-1.5754019  1.9608465],[-4.3618875  4.857192 ],[-0.4368493   0.90501666],[-3.8278215  4.2341146],[ 0.29833812 -0.08576182],[0.13869606 0.18077219],[-3.6902199  3.989666 ],[-0.48621044  0.91069746],[-1.419085   1.6646099],[ 0.87920445 -0.575837  ],[-2.8259094  3.0104082],[-4.93191    5.3223596],[-0.22237986  0.48946956],[-2.5448701  2.9098098],[-3.1321142  3.517741 ],[-1.7248315  2.1532707],[0.11862037 0.0362399 ],[-1.8040993  1.9942306],[ 2.8198328 -2.791748 ]
[-0.52771807  0.76535386],[ 6.549836  -6.5308685],[ 1.3161105 -0.9616657],[ 1.809405  -1.6158587],[ 3.7218795 -3.613908 ],[ 6.012886 -5.848569],[ 3.7617111 -3.724417 ],[ 2.0979922 -1.7996557],[ 2.3638265 -2.1894248],[ 3.1482065 -3.0178308],[ 2.0346808 -1.672878 ],[ 2.9348886 -2.792372 ],[ 4.846902 -4.715912],[ 2.1888871 -2.062724 ],[ 3.1023312 -2.9698899],[ 0.5871618 -0.2788544],[ 2.5720396 -2.2794037],[ 5.9988384 -5.9678817],[ 2.8264134 -2.7095957],[ 0.82077557 -0.5218273 ],[ 3.063936  -2.7801976],[ 2.7008317 -2.508114 ],[ 5.197026  -5.0943055],[ 3.981995  -3.9558418],[ 4.6687107 -4.4718866],[ 3.5195668 -3.570663 ],[ 4.538265 -4.322113],[ 2.120007  -1.8111172],[ 3.8578203 -3.65004  ],[-0.50883275  0.94225866],[ 1.0981983 -0.8077413],[ 5.4719787 -5.3330894],[ 5.6393957 -5.5189486],[ 0.45936698 -0.09793401],[ 3.9408183 -3.7141993],[ 5.333509 -5.206619],[ 3.048466 -3.063276],[ 5.02259   -4.8975105],[ 4.935265  -4.6860485],[ 0.3945993  -0.07732083],[ 5.6910615 -5.552723 ],[ 1.0432104 -0.848223 ],[ 2.0530705 -1.9373271],[ 1.6760381 -1.3768296],[ 0.37434256 -0.1892483 ],[ 3.3522506 -3.1586711],[ 3.7319539 -3.6877294],[-0.08465081  0.39968702],[ 4.1994743 -3.965697 ],[ 3.0263631 -2.7970817],[ 4.9352484 -4.655467 ],[ 6.3136435 -6.267127 ],[ 3.7926672 -3.739232 ],[-0.33444473  0.67722046],[ 0.78085613 -0.5078142 ],[ 0.9836667 -0.7989899],[ 4.214144  -4.0709543],[ 2.3554568 -2.1707666],[-0.07559513  0.38146806],[ 0.38141015 -0.13554889],[ 3.987345  -3.7800102],[ 1.0271748  -0.75764775],[-1.4205493  1.859776 ],[ 4.629546  -4.3927417],[ 4.803078 -4.662352],[ 4.628794 -4.544788],[ 2.037189  -1.9126672],[ 5.147222  -5.0208807],[ 1.0392911 -0.9028737],[-1.8064458  2.05962  ],[-1.5945318  1.8838269],[ 0.98636514 -0.6527298 ],[ 2.0409675 -1.7712542],[ 2.3327882 -2.1687937],[ 1.4241376 -1.0598346],[ 4.665211 -4.44685 ],[0.143121   0.09621236],[ 2.2943957 -1.9801974],[-2.3384109  2.5468256],[ 5.6268535 -5.4877114],[-0.9131045  1.3770673],[ 0.75604975 -0.5142395 ],[ 0.7086037 -0.5327252],[-1.6698797  2.0200152],[ 2.4295568 -2.3563697],[ 2.7551768 -2.495428 ],[ 4.1180124 -4.114103 ],[ 0.7188996 -0.4583737],[ 2.901754 -3.024157],[ 1.5115696 -1.2921406],[-0.7405812  0.9027431],[ 3.7259    -3.5971065],[ 1.597855  -1.3833828],[ 2.341481  -1.9600775],[-2.5937262  2.843206 ],[ 2.8491426 -2.5466483],[ 1.3393359 -1.1383218],[ 1.476309  -1.2709539],[ 3.9136028 -3.8101916],[ 0.49040854 -0.12500027],[-0.9806612  1.6291487],[ 4.8510385 -4.794742 ],[-0.22404164  0.43865845],[ 3.2198453 -2.8639774],[ 5.1558795 -4.9746294],[ 0.87340367 -0.81846887],[-0.28040758  0.5784671 ],[-0.8074932  1.4001207],[ 0.5033192  -0.23341459],[ 6.310543  -6.2011595],[ 4.7256966 -4.603234 ],[ 4.199596  -3.7718015],[-3.121079  3.363239],[ 1.6762643 -1.4664788],[ 4.262248 -4.068878],[ 5.0452933 -4.906163 ],[ 0.9181153  -0.72757643],[ 5.03583   -4.8661094],[ 1.0920272  -0.80750597],[-1.3397685  1.5952358],[ 4.167602  -3.8681827],[ 3.787693  -3.6868417],[-0.49228927  0.94661915],[ 3.0857656 -2.9292321],[ 1.6025761 -1.3585578],[-0.34318343  0.6527178 ],[ 0.4745034  -0.07877284],[ 1.1556616  -0.96283126],[ 3.1415603 -2.898042 ],[ 2.1217184 -1.9741819],[ 4.1507072 -3.9389434],[ 1.0781363 -0.8344737],[ 3.193936 -3.089887],[ 3.6041894 -3.3965535],[ 6.282828  -6.1937146],[ 4.350239  -4.1379166],[ 2.6477802 -2.487882 ],[ 1.9532167 -1.7360613],[ 3.9644165 -3.9663377],[ 0.796177  -0.5030854],[ 2.6575058 -2.522466 ],[ 1.7274349 -1.314025 ],[ 1.4615958 -1.2599062]
[ 1.8587863 -1.4670386],[-0.427272   0.8753431],[-3.1655238  3.5657852],[-0.19629866  0.518827  ],[-3.315599   3.6689603],[ 2.6184945 -2.2816706],[-2.156478   2.6276183],[ 1.2332706 -0.9402882],[0.17319514 0.08333341],[ 0.9904973 -0.5422413],[ 3.6502016 -3.5000885],[ 3.2525334 -3.0202508],[ 1.7103746 -1.349503 ],[-4.9103746  5.5072045],[ 4.154006  -3.8767543],[ 0.860541  -0.5165342],[-0.47001258  0.75905544],[-2.6696012  3.0318348],[0.22389407 0.15536156],[ 0.8956624 -0.6084701],[-1.3934789  2.0784724],[ 3.972786  -3.8277144],[ 3.5441139 -3.264485 ],[ 2.5189395 -2.258599 ],[-0.40646335  0.54140806],[ 3.088896  -3.1161835],[ 1.6462696 -1.3061819],[ 5.169247  -5.0801897],[ 3.315963  -3.1496408],[ 0.44193134 -0.2174466 ],[ 5.0863185 -4.9513   ],[ 0.94326556 -0.5204693 ],[-2.0062811  2.4643745],[0.29593545 0.11686935],[ 5.5462575 -5.367195 ],[ 5.571048  -5.3862257],[ 0.946561  -0.5600789],[ 1.2126621 -0.8771434],[ 4.117403  -3.8144178],[ 0.81551754 -0.50067323],[ 2.6844964 -2.4409125],[ 2.3615143 -2.3845184],[ 1.7885255 -1.5401633],[ 3.342978 -3.233047],[ 2.6039906 -2.5619085],[-1.8562297  2.3154924],[-1.8716274  2.362159 ],[ 0.67010987 -0.2851229 ],[0.06761184 0.16547647],[ 3.5734174 -3.2994852],[ 0.8098695  -0.48896253],[ 1.572451  -1.2215472],[ 2.3146267 -1.9008307],[ 1.4176329 -1.0580341],[ 1.6794165 -1.4340957],[ 0.5321923  -0.38192046],[ 4.2417083 -3.9469798],[-1.0027825  1.2832903],[ 2.554094  -2.2745283],[ 2.2798872 -1.8858767],[ 1.234634  -0.9232959],[-0.44661942  0.7097813 ],[-3.8109362  4.2040777],[ 1.713555  -1.4676037],[ 1.9848386 -1.7245672],[ 2.0944588 -1.7554226],[-0.7655897  1.1678511],[-0.63129723  0.90763545],[ 1.0175983  -0.85471797],[-0.8821289  1.297564 ],[ 1.9300077 -1.5341874],[-1.2998769  1.6507827],[0.0727746  0.29826626],[-3.2393475  3.817285 ],[ 1.8652359 -1.5410333],[ 4.5484614 -4.4526534],[0.25307497 0.11659274],[ 0.7351271  -0.46340638],[ 2.4858828 -2.0912743],[ 1.5347514 -1.180269 ],[-0.25930795  0.6030998 ],[ 1.3730326 -1.0636762],[-0.19923586  0.6571208 ],[0.17355147 0.1560736 ],[ 0.58650225 -0.23112279],[ 3.126248  -2.9371607],[ 1.2816553 -1.0324438],[-2.224052  2.660231],[-0.17182808  0.47657022],[ 4.7692766 -4.593872 ],[ 3.7108111 -3.3629208],[ 4.814228  -4.5333657],[-0.2801657  0.5938209],[ 4.489553  -4.3486905],[ 4.149444  -3.7821295],[ 4.32152   -4.2007875],[ 2.565927  -2.3930285],[ 2.4205296 -2.2405057],[-1.6741005  1.917566 ],[-5.172781  5.603378],[-3.2806637  3.883753 ],[ 2.801301  -2.4666538],[ 0.6816103  -0.32436267],[ 4.2033315 -3.8883626],[ 4.346908 -4.153168],[-0.20674124  0.4150533 ],[-0.5664361   0.85842663],[ 2.18793   -1.8364521],[ 4.6823173 -4.53217  ],[ 0.544476   -0.17379981],[-2.1634347  2.4693773],[ 6.0141506 -5.790531 ],[ 1.4598252 -1.1555022],[ 1.1474193 -0.7877072],[ 1.9368386 -1.6536913],[ 4.258145  -4.0820155],[-0.2713599  0.7725031],[0.4831123 0.0157763],[ 0.56986153 -0.24231365],[ 1.8302523 -1.4866357],[ 3.8512309 -3.6137004],[-1.9316583  2.2760692],[-3.5303879  3.9370396],[-0.24245155  0.60840595],[-0.12323962  0.33032596],[ 1.1563704 -0.7614582],[ 1.2629853 -0.8322164],[0.30614468 0.02132956],[-0.78170455  1.0709327 ],[ 1.0320053 -0.7882839],[ 1.5833384 -1.4380261],[ 0.61413527 -0.15334952],[ 1.851341  -1.5135965],[ 2.6506963 -2.4476047],[ 2.1723816 -1.778805 ],[ 2.3709357 -1.9914578],[-1.4267029  1.7795615],[-4.0918455  4.362657 ],[ 2.0962493 -1.730553 ],[ 2.3297687 -1.9806626],[ 2.9239514 -2.6858213],[ 2.8594508 -2.4494917],[ 1.2690687  -0.89684284]
[ 2.2937367 -2.004435 ],[ 1.6783464 -1.4071411],[-0.34992903  0.71418065],[ 1.8920518 -1.7178872],[ 1.4900934 -1.2376223],[ 3.3896697 -3.2585304],[ 2.2146385 -2.0225794],[ 4.0379314 -3.9317753],[ 2.1797898 -1.9673686],[-0.38460344  0.7153585 ],[ 3.1750133 -3.0803452],[ 3.4847655 -3.2605486],[ 3.3582158 -3.365749 ],[-1.7246412  2.0762587],[ 4.30166  -4.172972],[ 4.520084  -4.4932995],[ 1.1960288 -1.0048718],[-0.85319257  1.334848  ],[-0.85313064  1.3400834 ],[ 4.606535  -4.5868273],[-2.2714932  2.658264 ],[ 3.3074682 -3.129132 ],[0.14540377 0.16290343],[-1.2958298  1.5802665],[ 1.3049839  -0.99898714],[ 1.0861071 -0.7339231],[ 3.214822  -3.0125246],[ 1.3565677 -1.0346999],[ 5.5708385 -5.4832287],[0.3107154  0.05651722],[0.04326539 0.33246025],[0.1663942  0.15417212],[ 0.6634922  -0.44776034],[-1.9470837  2.3190303],[ 2.277277  -2.0810788],[ 1.1256651  -0.79316616],[ 3.7105699 -3.7243626],[ 1.083317  -0.7519039],[ 5.319352 -5.144189],[ 0.5992103  -0.24189666],[ 5.4270697 -5.4501543],[ 3.7834144 -3.5892859],[ 0.8324965 -0.5333095],[-3.2435043  3.7513223],[-3.0165455  3.4041648],[-1.7097312  2.344092 ],[-4.514226  5.027707],[ 5.5671926 -5.379918 ],[ 3.0035534 -2.8946433],[ 2.326868  -2.0333908],[ 5.083057  -4.8983836],[ 1.617355 -1.350062],[ 2.250259  -1.9289945],[ 3.3078504 -3.1391525],[ 1.9616584 -1.7121936],[ 2.0067012 -1.7986919],[-1.8034824  2.2483532],[ 1.777056  -1.5907016],[ 0.55446345 -0.16078538],[ 5.1365824 -5.094105 ],[ 3.1657481 -3.0310814],[ 3.8129478 -3.7184727],[ 1.740654  -1.5482875],[ 0.69557613 -0.31111184],[ 3.0821233 -2.8600497],[ 3.561521  -3.4101026],[-0.28169632  0.57049775],[ 1.3100554 -1.0506221],[-3.5705152  4.17814  ],[ 2.192627  -2.0832787],[-1.5423995  1.7360548],[ 1.042017  -0.6384321],[-0.05192311  0.36503714],[ 0.63936394 -0.28121844],[ 1.1594877 -0.7733791],[ 3.317402  -3.1250403],[0.20605478 0.04995852],[ 5.138219 -4.983996],[ 5.433928 -5.419031],[-1.7410271  2.1694658],[ 2.1393545 -1.9123915],[-0.40655655  0.9912379 ],[-1.419151   1.8512344],[ 1.3472378 -0.975694 ],[ 0.7623903 -0.3851084],[ 5.6664515 -5.6848187],[-2.7503476  3.25508  ],[0.20023644 0.12841982],[-0.26373535  0.6127078 ],[ 2.8513608 -2.7090712],[ 5.597484  -5.4437294],[ 3.094653  -2.9001791],[-0.31235176  0.5507259 ],[ 2.5101604 -2.2981746],[ 2.8081474 -2.6106188],[ 4.5593414 -4.440792 ],[ 0.9088661 -0.6761412],[ 1.0915836  -0.85732853],[-0.7791598  1.1304516],[-0.8853068  1.3048481],[-4.8764563  5.3833346],[ 4.940943 -4.834743],[-0.23607987  0.44678044],[ 1.3180012 -0.8658352],[ 4.9642825 -4.9372754],[-0.48938426  0.8518732 ],[ 3.6170418 -3.4677083],[ 0.8751576  -0.55178213],[-1.0222341  1.430923 ],[ 4.674392  -4.5100236],[-0.76125884  1.1800488 ],[-0.7963725  1.2707005],[ 0.7079853  -0.29449618],[ 1.4776814 -1.1415029],[-1.3797171  1.8400558],[ 4.128299 -3.999844],[ 0.5675322  -0.22250068],[-0.07384051  0.49056676],[ 2.7452872 -2.6763916],[ 4.1021276 -4.1707535],[ 2.4461646 -2.046884 ],[ 1.7524805 -1.3994895],[ 3.8701706 -3.742153 ],[-2.3359013  2.6291351],[-0.06365047  0.2688786 ],[ 4.1135573 -4.058475 ],[ 1.6025344 -1.3346165],[ 6.3913736 -6.4618773],[-0.7182912  1.0728189],[-0.01555055  0.5107486 ],[ 0.7800714  -0.39721006],[-2.0000043  2.5703313],[ 3.69725   -3.4252918],[-3.5356705  3.9408722],[ 2.9381518 -2.7897706],[ 3.6104414 -3.3673894],[ 6.244103 -6.23388 ],[ 1.2516688 -0.8988965],[ 2.8820806 -2.7457535],[ 1.9474342 -1.7801298],[ 1.0291246 -0.6915619],[ 5.4513216 -5.319698 ],[ 4.127698  -3.8679993]
[ 0.43764487 -0.21515545],[ 0.36088467 -0.00543541],[ 4.517314  -4.3872623],[ 1.1248734 -0.8850855],[ 3.4459527 -3.388824 ],[ 1.5738108 -1.2953285],[-0.9730421  1.4230072],[0.17540197 0.07978312],[ 3.32943  -3.141685],[ 1.2068526 -0.8912043],[ 3.8606167 -3.7787762],[ 0.47807148 -0.08853596],[ 2.550077  -2.2806902],[ 3.1211424 -2.980184 ],[-0.40044934  0.7626784 ],[-1.237699   1.5648146],[ 1.36492   -1.1582655],[-1.0789156  1.5247058],[-3.7967374  4.222069 ],[ 5.2338476 -5.1635466],[-0.7994879  1.1305985],[ 1.8311828 -1.3916585],[-1.1222103  1.5877217],[ 5.865703 -5.837483],[-0.02255704  0.31394336],[-0.6161917  1.0454494],[ 1.5733962 -1.3075703],[-0.42623186  0.8131993 ],[ 2.3617334 -1.9667561],[-1.4343237  1.6375806],[ 0.842572  -0.5543717],[-3.8221872  4.1582756],[ 3.0490894 -2.9544725],[-1.6586736  2.0788014],[ 2.8812506 -2.6531322],[0.19290172 0.10643411],[-0.03145688  0.50656044],[ 0.6499052 -0.3146166],[ 3.557365  -3.1592274],[0.39879265 0.02224674],[-4.4141245  4.83883  ],[-0.2596594   0.54123145],[ 0.87388575 -0.57343656],[ 2.2815435 -2.0789862],[ 1.2629359 -0.9865671],[-1.1169591  1.4728022],[-0.88447934  1.2170968 ],[-5.071335   5.5604215],[ 1.5156292 -1.2485124],[ 1.0239857 -0.6118505],[-1.3270296  1.7327565],[ 1.0947559  -0.75808156],[ 3.4132488 -3.2271206],[-0.1744783  0.5541569],[0.18857734 0.14918146],[ 1.6943822 -1.4778048],[0.2044815  0.10865382],[ 0.95153105 -0.6673377 ],[-0.7495493  1.1502467],[ 2.753497  -2.5151787],[ 3.4060855 -3.2734866],[ 1.3467709 -1.0890687],[ 3.0670302 -2.8058941],[ 0.88953656 -0.5533629 ],[ 1.0088012 -0.7456094],[ 0.85940725 -0.34422463],[ 1.9177243 -1.7428179],[ 2.8125613 -2.6316082],[-0.00109814  0.55130917],[ 2.5572746 -2.2423973],[-0.04453895  0.27452627],[ 4.7736497 -4.6132026],[-0.55337334  1.0415889 ],[-0.25904074  0.7480268 ],[ 2.7647057 -2.3212001],[-0.46862206  0.92451036],[ 1.6140376 -1.3732703],[ 4.5172076 -4.280145 ],[ 2.8740127 -2.7312863],[ 1.2525831 -0.9489291],[-0.5000899  0.9325873],[0.0534307  0.27567863],[ 0.85494006 -0.5644023 ],[-1.2767153  1.5935061],[-0.7192791  1.0969956],[ 3.3417659 -3.2567525],[-1.5739944  2.1269724],[-2.7615466  3.1562638],[ 0.91249454 -0.5039626 ],[-0.1482323   0.41804945],[ 4.592935  -4.3761725],[0.24938145 0.05137902],[-2.2992742  2.59983  ],[-1.353269   1.8921554],[ 3.475496  -3.3483381],[ 1.7024864 -1.3519132],[ 0.4817145  -0.15247402],[ 0.6451085  -0.30692163],[-2.0117724  2.232896 ],[ 0.7509107 -0.3870114],[-1.8686734  2.3291028],[ 0.9136661 -0.6503679],[ 2.5713403 -2.256109 ],[-0.5844295   0.79653853],[ 4.204223  -4.0567074],[ 0.37752467 -0.07263255],[ 3.551483  -3.4424076],[ 0.41469866 -0.11719199],[-0.15191907  0.5007866 ],[ 0.85307723 -0.47175726],[-1.578983   1.8930578],[-5.1424456  5.4914737],[ 1.8101637 -1.5601461],[ 0.85782945 -0.54498255],[-4.517983  4.941591],[ 2.4846768 -2.1775877],[ 0.47234842 -0.18022725],[ 0.3961882  -0.05283478],[ 5.469998 -5.484163],[ 0.6747275 -0.3492593],[-2.05128    2.4078407],[ 0.9325258 -0.7917606],[-0.36478662  0.60467273],[ 1.401912  -1.1398029],[-2.1257691  2.4387534],[-1.2365812  1.627157 ],[ 1.1371331 -0.8070702],[-1.4366915  1.9272188],[ 0.4405124  -0.21354079],[-0.76084894  1.2078362 ],[-0.08972088  0.40233135],[-1.5358998  2.0782268],[ 0.93159366 -0.541819  ],[ 3.0252159 -2.8014824],[ 1.177572  -0.8594053],[ 4.8931737 -4.7368984],[ 2.1313756 -1.894241 ],[ 0.8038366 -0.5381861],[ 1.7581884 -1.5599622],[ 0.44537643 -0.17758909],[-0.3540124  0.579487 ],[0.12977424 0.11390472],[ 1.0264748 -0.7340682]
[ 0.76841724 -0.44847396],[-0.9979493  1.3176204],[-2.6566908  2.9350863],[-1.4379723  1.5893118],[ 1.3333092 -1.044031 ],[-3.178395   3.3673766],[-0.29717997  0.70609534],[ 4.6017303 -4.4446387],[-0.10847144  0.3244781 ],[ 0.8302751  -0.64883876],[ 0.31555068 -0.02883731],[-2.302426   2.5739398],[0.21227315 0.01010978],[-5.456218  5.86383 ],[ 0.49556425 -0.22929174],[ 1.6314965 -1.3203225],[ 1.5378621 -1.3035775],[-1.1251581  1.2897283],[-1.3087361  1.5654861],[ 0.6061439  -0.42938387],[0.15377575 0.17674595],[ 0.9232088 -0.739952 ],[-2.8924782  3.237085 ],[-4.1305075  4.450088 ],[ 0.98956394 -0.63934815],[-5.182626  5.616887],[-3.0042655  3.3335395],[-4.6829267  5.029492 ],[ 2.8233669 -2.6593666],[ 3.2273364 -3.0635276],[ 1.9152063 -1.6139978],[-0.20093554  0.34489176],[-1.7643282  1.9713842],[-0.55677986  0.7991875 ],[-0.36425835  0.71774054],[-0.42911446  0.6993242 ],[-5.4283347  5.8171616],[-2.2876837  2.4867291],[-1.240445   1.5436962],[-0.35284603  0.7534055 ],[ 1.4406799 -1.0996062],[-3.0866697  3.4340248],[-2.9299693  3.383979 ],[ 4.6334095 -4.442053 ],[ 1.7439688 -1.4150156],[ 0.6390556 -0.3301819],[ 1.0116411  -0.73916733],[ 0.5727909  -0.20072603],[ 1.6912309 -1.5238758],[-3.0294237  3.2951555],[-2.2078476  2.375592 ],[ 3.1234097 -3.0173635],[-2.9086192  3.310162 ],[ 0.63700634 -0.4252442 ],[-1.4017674  1.6641461],[ 0.5855502 -0.3709155],[ 0.7860234  -0.42482513],[ 3.1399176 -2.8443322],[-3.706804   3.9648194],[ 2.5881968 -2.3622146],[ 1.4620616 -1.2517928],[0.06195389 0.17851886],[-3.802883   4.1707306],[ 0.9485381 -0.6924738],[ 3.1944234 -2.9857903],[-4.4900527  4.854864 ],[ 0.36137    -0.17021623],[-0.50668657  0.65362495],[-2.5743668  3.057773 ],[-1.0277151  1.1783022],[-0.3160273   0.46759304],[-1.3686563  1.6614673],[ 0.46815562 -0.16959831],[0.15458526 0.05735498],[-1.291479   1.4627014],[-1.1562123  1.4479141],[-1.5707536  1.6905605],[ 4.469018  -4.3269796],[-0.6677483  0.956652 ],[ 0.3766049  -0.07263336],[-0.19415554  0.42954567],[-0.46453825  0.86276406],[-0.68252504  1.1289302 ],[ 0.5259047  -0.15443578],[ 1.3882332 -1.0847934],[-1.1127836  1.3759708],[-1.5473436  1.9926363],[-0.7280163  1.0152618],[-0.9733804  1.152201 ],[ 0.78193796 -0.42772436],[ 3.649534  -3.5064328],[ 1.0465027  -0.79970145],[ 4.0435286 -3.8565392],[-2.524629   2.8272297],[ 0.4499592  -0.17540911],[-0.10630207  0.32577604],[ 1.4771521 -1.2565526],[ 1.6456211 -1.4165945],[ 3.1942253 -3.0369859],[-3.8532116  4.2221584],[-0.29720908  0.61466974],[-0.02471459  0.19277453],[ 1.9970782 -1.7170218],[ 5.2449408 -4.9842563],[ 0.6991688  -0.49533698],[ 2.9940498 -2.6826074],[-3.6252458  4.0076933],[ 1.5848963 -1.3328762],[ 1.9749131 -1.6779443],[ 0.4623314  -0.20313612],[ 0.6710311  -0.24004981],[ 2.8101068 -2.4337547],[-3.8560543  4.140842 ],[ 1.907522  -1.6291299],[ 3.8241644 -3.5955918],[ 3.288171  -3.1263044],[ 1.1358331 -0.8229146],[-0.6593945  1.0677564],[-2.4829893  2.8655305],[-1.1306753  1.4890615],[-3.0289707  3.4380915],[-0.01044343  0.24194369],[0.03048555 0.21921226],[ 0.23036753 -0.00063627],[ 4.377275 -4.231624],[-0.9264067  1.0626211],[ 0.27937    -0.01534229],[-0.39574462  0.69822574],[ 2.982026  -2.7888167],[-4.0564666  4.4114738],[-0.12349854  0.34946814],[-3.5332277  4.015637 ],[-2.444681   2.6578577],[ 2.70407   -2.3938067],[ 2.1260824 -1.9856238],[-3.6143162  3.831659 ],[-3.3895645  3.7450387],[ 5.270057 -5.192782],[-2.1819763  2.3940482],[-0.37264374  0.55403537],[ 0.95580256 -0.6518203 ],[-0.29229882  0.39899588],[-0.14584728  0.4402112 ]
[ 2.7869022 -2.6433294],[ 3.375494 -3.159533],[ 1.6865327 -1.3268776],[ 4.66093  -4.377855],[ 4.140342  -3.9477942],[ 1.8334521 -1.5030558],[-0.12135021  0.57417494],[ 5.8598304 -5.6842623],[ 2.9232938 -2.734209 ],[ 1.3725889 -0.9118822],[0.16839422 0.26308072],[0.27601865 0.07638426],[ 1.776809  -1.4310527],[ 1.4471166 -0.9871181],[ 5.040601  -4.8549957],[ 6.1438327 -5.992635 ],[ 2.796766 -2.567098],[ 5.3760056 -5.1189456],[ 1.2824293  -0.85240674],[ 2.7218356 -2.3971646],[0.32199764 0.10097008],[ 1.1639832 -0.6849849],[ 1.7860304 -1.3568766],[ 2.000678  -1.7169433],[ 4.5920925 -4.2820153],[-1.299522  1.65434 ],[ 2.8283606 -2.5043745],[ 2.4413044 -2.082254 ],[0.46743128 0.00488853],[ 0.63081604 -0.3512552 ],[-0.03748113  0.2430852 ],[ 5.7834105 -5.6074347],[ 1.9047393 -1.5290166],[-0.16658266  0.39377534],[ 3.2274537 -2.945965 ],[-0.11283091  0.5579609 ],[ 2.5277631 -1.9901433],[ 4.51473   -4.3399744],[-1.7028801  1.9559708],[ 0.97653306 -0.73359877],[ 2.7429724 -2.350192 ],[ 0.62168366 -0.26217082],[ 0.96596414 -0.4529    ],[ 1.8148596 -1.4262555],[ 3.4802628 -3.211611 ],[0.10606566 0.21231198],[ 5.730485 -5.597859],[ 4.6523304 -4.383234 ],[-3.2410283  3.5621035],[ 3.774515  -3.2702367],[ 5.779099  -5.5514674],[-1.2633334  1.820215 ],[ 2.3217058 -1.9123831],[ 2.5799081 -2.3182333],[ 4.6784754 -4.5271244],[ 2.7402735 -2.5445862],[ 1.6793463 -1.0907993],[ 5.1657033 -4.947023 ],[ 2.690706  -2.2424662],[ 1.1624206  -0.72103584],[ 1.2404462 -0.9940427],[ 3.976404 -3.68797 ],[ 0.9061813  -0.51226485],[ 2.888672  -2.7126226],[ 2.49845  -2.217941],[ 2.867691  -2.3301451],[-0.8718575  1.1117221],[ 2.634928  -2.3786476],[ 1.0559596 -0.7964093],[ 5.1204286 -4.8211727],[ 3.0868359 -2.707987 ],[ 0.7807702  -0.43525475],[0.34616816 0.04622379],[0.13810039 0.21171993],[ 0.87304485 -0.46917757],[ 2.8727596 -2.62609  ],[ 6.361697 -6.245638],[ 4.33841   -3.9725916],[ 2.3993502 -2.0185547],[ 5.5558677 -5.321677 ],[ 2.888431  -2.5317724],[ 0.8001517  -0.51246154],[ 1.0389316 -0.6603125],[ 2.8505285 -2.5817475],[ 4.0301194 -3.805222 ],[ 2.4717767 -2.1703887],[ 0.63269365 -0.24470052],[0.37380135 0.01190458],[ 3.772799  -3.2508373],[ 3.8168561 -3.4787219],[ 3.2812457 -3.1191318],[ 3.1664846 -2.9060202],[ 4.7408104 -4.480926 ],[ 5.054964  -4.7982535],[ 4.176386  -3.8454285],[ 1.1902972  -0.77159774],[ 2.1461537 -1.7897023],[ 2.2627013 -1.9109436],[-1.3361735  1.4439316],[ 0.41399318 -0.07172799],[ 1.9510933 -1.7109389],[ 1.6053079 -1.1788163],[ 4.8203096 -4.6434684],[ 3.5049284 -3.2751045],[ 0.4864257  -0.03537657],[ 2.5367863 -2.2038429],[ 3.0048368 -2.738417 ],[ 0.54779845 -0.2210226 ],[ 2.7733254 -2.455496 ],[ 1.5829732 -1.2067537],[ 2.9052746 -2.5362008],[ 1.5007073 -1.2232817],[ 4.5617876 -4.469558 ],[ 3.0560586 -2.825091 ],[ 5.145755 -4.845448],[ 1.5735569 -1.1696827],[ 1.1978962 -0.900797 ],[ 0.48222342 -0.07617022],[ 2.2198    -1.7969996],[ 2.271651  -1.8789735],[ 3.1426244 -2.9859028],[-2.1054883  2.2589915],[-1.9020253  2.0457616],[ 4.9303575 -4.642019 ],[ 1.9833096 -1.7182761],[ 4.2070465 -3.9733257],[ 3.910265  -3.6779659],[0.36129305 0.00903525],[ 1.5724683 -1.1373744],[ 2.3473809 -2.0056224],[-3.2632015  3.535165 ],[0.4183014  0.03327871],[ 0.78395104 -0.32095376],[ 3.0442986 -2.7246025],[0.39733726 0.06261189],[ 1.0148629 -0.7027055],[ 2.9595895 -2.5900064],[ 2.79721   -2.4671896],[ 2.956718 -2.631364],[ 5.38476   -5.2151885],[ 5.2947254 -5.047376 ],[ 3.2875724 -2.9928236],[ 2.6042624 -2.2951896]
[ 4.7109957 -4.6221857],[ 2.3183904 -2.1188812],[ 5.3876987 -5.2554736],[ 5.9034133 -5.826553 ],[ 4.853136 -4.703529],[ 2.9598358 -2.8141208],[ 3.0231485 -3.0466506],[ 4.119838  -3.9956725],[ 5.186884 -5.06996 ],[ 5.3419967 -5.2294674],[ 2.2120175 -1.8850304],[ 5.4592547 -5.3621354],[ 5.0125394 -4.8907576],[-1.4072397  1.6488931],[ 6.0776052 -6.0218906],[ 5.5433273 -5.458664 ],[ 4.617718 -4.629985],[ 5.600887  -5.5724335],[ 5.892711  -5.7557473],[ 4.8182964 -4.787713 ],[ 5.9537115 -5.9225245],[ 2.4886658 -2.3907533],[ 5.0310607 -4.8431306],[ 0.49502766 -0.12182911],[ 5.99689  -5.850427],[ 5.079391 -4.780291],[ 5.253365 -5.058191],[ 5.8337445 -5.6960545],[ 1.9939157 -1.7908272],[ 5.3777885 -5.278475 ],[ 6.0823364 -5.994995 ],[ 6.1272864 -6.076295 ],[ 2.940999  -2.8281853],[ 5.222334  -5.1932106],[ 3.938902 -3.892347],[ 0.85169804 -0.46596757],[ 2.3753607 -2.2056262],[ 3.5637288 -3.3136454],[ 3.4330604 -3.3763275],[0.17807634 0.0756892 ],[ 5.4762664 -5.3995504],[ 3.5890777 -3.1744673],[ 1.5388143 -1.2996154],[ 4.424213  -4.2489467],[ 5.9730334 -5.793928 ],[ 4.106837 -3.93032 ],[ 4.7218    -4.5132866],[ 5.037475 -4.828214],[ 6.0869007 -5.9903355],[ 2.42658   -2.3045475],[ 5.50093  -5.373584],[ 3.20363   -3.1734293],[ 4.2544637 -4.114785 ],[ 5.2917747 -5.2765574],[ 4.844704  -4.8141804],[ 2.8733137 -2.798726 ],[ 1.0069493 -0.6581364],[ 5.4395766 -5.3882933],[ 5.130083  -4.8935413],[ 0.913383  -0.5922014],[ 4.814109 -4.690608],[ 5.8602037 -5.788558 ],[ 4.4644637 -4.367802 ],[ 5.589786 -5.39552 ],[ 5.0941615 -4.981969 ],[ 3.891932  -3.6432185],[ 4.633195 -4.641188],[ 6.083647 -5.956705],[ 4.852117 -4.918681],[ 5.7879825 -5.8554296],[ 5.9640365 -5.8535757],[ 5.676761  -5.6122546],[ 2.566738  -2.3799813],[ 1.0667925 -0.7944707],[ 2.3392236 -2.1512866],[ 4.2684817 -4.181552 ],[ 4.2894807 -4.1388345],[ 4.674158 -4.560702],[ 5.7100897 -5.6801333],[ 5.6171713 -5.4474916],[ 5.311693  -5.2476816],[0.05587263 0.44030783],[ 3.6629527 -3.443601 ],[ 6.1486917 -6.0490246],[ 5.1551776 -5.047007 ],[-3.024864  3.57291 ],[ 1.6917256 -1.2385945],[ 4.417252  -4.1448827],[ 5.003061  -4.7752156],[ 4.8535814 -4.781498 ],[ 3.7069876 -3.5942376],[ 2.9538186 -2.8926425],[ 5.6881814 -5.5953584],[ 1.9559412 -1.818511 ],[ 4.921465  -4.8418217],[-0.21530673  0.5798022 ],[ 3.5450017 -3.4778967],[ 3.4962206 -3.4248009],[ 6.209341  -6.1490784],[ 3.0043519 -2.7171147],[ 3.9447708 -3.685041 ],[ 3.830108  -3.7418022],[ 3.4284685 -3.2036014],[ 5.638593 -5.480546],[-2.3536854  2.7886372],[ 4.811571  -4.5842357],[ 5.947888  -5.8824964],[ 2.759841  -2.6632426],[ 4.0112967 -3.977987 ],[ 3.320793  -3.0686812],[ 6.14965   -5.9919972],[ 5.995107 -5.852642],[ 3.1474502 -3.0071895],[ 2.8861668 -2.6401825],[ 5.9925528 -5.9318004],[ 0.6153647  -0.31364405],[ 4.6025333 -4.471637 ],[-2.0594747  2.511152 ],[ 2.5382154 -2.2794583],[ 4.4416428 -4.464966 ],[ 6.0211973 -5.8439527],[ 6.114522 -5.993982],[ 5.823922  -5.7764626],[ 6.0869637 -6.0203786],[ 2.7856708 -2.6660016],[ 5.974889 -5.970916],[ 5.804143 -5.768732],[ 4.904106  -4.8177056],[ 5.800861  -5.6641865],[ 0.6968529  -0.39934507],[ 3.4670072 -3.3509536],[ 3.1820586 -2.97636  ],[ 1.2978487 -0.8432211],[ 5.3330636 -5.199718 ],[ 3.8836086 -3.8652859],[ 0.42921776 -0.09633569],[ 1.0787679 -0.7713201],[ 5.545959 -5.428382],[ 2.5784366 -2.2808788],[ 5.172765  -5.1504364],[ 3.7081182 -3.5278776],[ 5.524468  -5.3996673],[ 3.4937475 -3.3118489]
[-1.6230419  2.0602286],[ 0.81808555 -0.46152946],[-5.092827  5.593794],[-3.6995165  4.0575795],[-0.6705676  1.0147413],[ 4.6124063 -4.4356823],[-3.749816  4.328171],[-1.3227301  1.5980282],[0.267376  0.0682473],[-1.5795813  2.1084359],[ 0.9742359  -0.75166374],[-4.881574  5.448933],[-0.4061263  0.8327557],[ 6.275283 -6.195013],[-1.0808358  1.5581986],[-1.606091   2.0828924],[ 0.67546874 -0.2892325 ],[-0.9983035  1.4192746],[-2.205848   2.5234985],[-2.0399373  2.5047226],[-4.0329804  4.5135756],[ 1.8712527 -1.7553346],[ 2.7882466 -2.5479202],[-3.9281638  4.349386 ],[-0.5168384   0.86492115],[ 0.91165775 -0.607557  ],[ 2.4263728 -2.146948 ],[ 3.1083863 -2.8709466],[-0.90919894  1.4214506 ],[ 0.5754862  -0.35661215],[ 2.4510837 -2.2448466],[-2.525315   3.0165622],[0.17352602 0.21262276],[-0.13718364  0.4140813 ],[ 2.5335326 -2.4218311],[ 1.1930522 -0.9758368],[-0.3479202  0.68112  ],[-3.248737   3.7093816],[ 2.1026478 -1.7705524],[-0.8280805  1.4339046],[-3.579129   4.0295877],[-1.1780657  1.4965458],[-2.9518511  3.4964359],[-1.8021829  2.1079931],[ 1.4980656 -1.1696976],[-2.612853  3.064218],[-1.8630881  2.2413437],[-3.2381897  3.7446308],[-0.2795923   0.66618013],[ 1.3951116 -1.0741775],[ 1.6332269 -1.3580652],[-1.1057752  1.761978 ],[-4.475491   5.0177493],[-0.03461261  0.28962755],[ 2.413078  -2.3348315],[ 3.0689275 -2.9636164],[ 3.4110706 -3.1983855],[ 1.2370188 -0.875263 ],[ 5.8772717 -5.715823 ],[ 2.7084198 -2.582041 ],[ 4.565473 -4.364744],[ 0.3332592  -0.06635159],[ 3.9322264 -3.7392607],[-1.3385396  1.6350795],[ 0.6406911  -0.38973007],[ 4.347592  -4.1479363],[ 1.4312282 -1.0862588],[ 2.5335813 -2.4357228],[ 1.0645018 -0.8823138],[-3.26852   3.657405],[ 5.7384505 -5.554725 ],[-1.2177318  1.7135106],[ 1.2745111 -0.9157725],[ 0.47846174 -0.00113679],[ 0.5251558  -0.24923956],[0.35681242 0.00355895],[-0.54305726  0.7755022 ],[ 0.51980174 -0.1165857 ],[-1.5099462  2.0093913],[-0.9781144  1.3091818],[-2.784583   3.2328327],[-0.01360238  0.39297733],[-1.1639717  1.5931869],[-0.62876296  1.0923961 ],[ 2.7972682 -2.7018485],[ 0.39290604 -0.08256151],[ 2.23946   -1.9546082],[ 0.76053053 -0.38412866],[-1.6681362  2.1930547],[ 1.3620924 -1.0338597],[ 0.84305805 -0.532613  ],[ 3.0521116 -3.0401752],[ 1.1035572 -0.740717 ],[ 0.7993951 -0.4036288],[-2.8290734  3.16131  ],[ 1.013798  -0.6538414],[ 1.5608095 -1.2156467],[ 1.7034177 -1.3651471],[-4.347209   4.6578984],[ 4.042238 -3.956143],[ 2.0716183 -1.8056902],[ 1.7071887 -1.5511696],[ 4.431804 -4.229717],[ 2.894697 -2.80471 ],[0.19767131 0.06573056],[ 2.3483236 -2.1335719],[-3.1688788  3.6030138],[-1.3528652  1.6395955],[-3.676617  4.244414],[ 2.402935  -2.2202652],[-0.7777722  1.2261993],[ 2.2694306 -2.0932927],[ 2.5312207 -2.3007917],[ 1.1870306 -0.8535884],[-2.789982   3.2932866],[-0.05267055  0.4493077 ],[-0.43428692  0.9025366 ],[-1.3110899  1.7185119],[-0.5806765  0.9809588],[ 1.3442779 -0.9856331],[-0.29043257  0.55043614],[-1.147187   1.4442033],[ 0.34691152 -0.0058171 ],[-1.8217752  2.1289802],[ 1.6936481 -1.3072182],[-0.2920312   0.62350714],[ 2.1264358 -1.9155611],[ 0.6857536  -0.43948093],[ 0.61329067 -0.22955826],[ 0.80352616 -0.56466126],[-4.1557236  4.694392 ],[0.12100805 0.24623266],[ 4.31815  -4.279533],[ 3.3754082 -3.1644619],[-0.25326312  0.71970075],[ 3.0090246 -2.9329379],[ 2.9236488 -2.658795 ],[-2.239075   2.5485017],[-1.9299042  2.4098754],[0.23139656 0.08576921],[ 1.4095356 -1.1178602],[ 1.1969068  -0.83576727],[ 0.89934444 -0.59231126]
[-0.53993875  0.9332041 ],[-0.8463044  1.2604429],[-0.04632785  0.3694793 ],[-0.03670279  0.3323432 ],[-2.303883  2.667395],[-3.1273005  3.570057 ],[-0.39576378  0.86765665],[0.26465547 0.06454436],[ 1.8899223 -1.5310751],[-1.9477463  2.3013716],[-0.90400827  1.5065994 ],[-1.6772435  2.0246441],[-0.23199359  0.62644666],[-1.4651012  1.9145008],[-4.8668485  5.3384676],[-3.136712  3.60974 ],[-2.3905609  2.9437356],[-0.8972946  1.1452305],[ 0.96459424 -0.63195354],[-0.38865685  0.86224806],[-0.17558466  0.3859732 ],[-0.3266387   0.73918355],[-0.845612   1.2527084],[-1.3203084  1.7319708],[0.24897039 0.09397297],[ 1.011598   -0.77329665],[-1.1965537  1.5826043],[ 1.5474291 -1.273149 ],[0.02158193 0.5241698 ],[ 4.2437615 -4.0981164],[-5.0122805  5.2935963],[-4.0894527  4.545709 ],[-3.2191277  3.4349208],[ 1.6592485 -1.2720547],[0.04778546 0.3637428 ],[-0.35978806  0.76213354],[ 1.7304242 -1.5011587],[ 4.012858 -3.824422],[ 0.8156077 -0.5763479],[-1.4296694  2.050756 ],[-1.751266  2.115146],[0.17015481 0.19966424],[-0.5524787  1.058735 ],[-3.4859164  3.9954448],[-0.79286534  1.1538444 ],[ 1.37457   -1.0810192],[-1.237138   1.5163081],[ 0.88936245 -0.4363656 ],[-0.16317426  0.4710661 ],[0.21286772 0.3005755 ],[-0.07053779  0.31945974],[-2.556568   3.0188687],[ 0.86369044 -0.6401582 ],[0.06678165 0.3464488 ],[ 0.83956003 -0.5765401 ],[-0.15301377  0.48421034],[-3.236141   3.6232502],[-0.17492509  0.47278652],[-0.2825767   0.62550724],[ 1.5966396 -1.3937032],[-3.3791485  3.892914 ],[-0.42751852  0.9468717 ],[ 1.9463379 -1.7005495],[ 2.1703155 -1.9575075],[ 2.3683484 -2.136994 ],[-4.1736445  4.60011  ],[ 0.8079182 -0.5217811],[-0.07816099  0.40474564],[-4.254013   4.8674226],[ 1.0918515  -0.81811565],[-0.5047365   0.82624125],[ 2.4024503 -2.1889026],[ 0.4419145  -0.14772984],[-1.8385476  2.1631873],[-0.97328275  1.2936156 ],[ 1.3518422 -1.0244262],[-1.0436925  1.5041099],[-1.8047527  2.2846603],[-2.3838298  2.7031355],[-0.19806266  0.4774938 ],[-2.2764966  2.5719151],[-0.7553809  1.1065931],[-1.2414942  1.6244769],[-4.2774067  4.6743426],[ 1.6546315 -1.4100116],[ 2.8536289 -2.784039 ],[-3.1635957  3.7841446],[-2.8093226  3.3302839],[-4.3156624  4.548846 ],[-0.1843504  0.4463366],[-0.18587701  0.58592635],[-0.16044904  0.47134414],[ 0.68982315 -0.5256761 ],[0.25119504 0.01028077],[-0.7160328  1.0172341],[ 2.6550558 -2.562496 ],[ 0.8808503 -0.5987957],[ 1.0811254 -0.8007664],[ 4.9780393 -4.7290196],[-0.78426903  1.0000912 ],[ 3.994744  -3.8568695],[-3.1258266  3.5584633],[ 0.6213564  -0.40881404],[ 1.8077561 -1.7205065],[ 0.98283106 -0.68336225],[ 1.5043434 -1.225267 ],[-0.5987893  0.9819851],[ 3.5164032 -3.3754652],[ 0.3346679  -0.04395553],[-0.6731754  1.0789078],[ 0.69874567 -0.3606939 ],[ 1.4014268 -1.16426  ],[ 1.6344849 -1.3888379],[ 2.1088738 -1.7698629],[-2.696924  3.07605 ],[ 0.90763855 -0.5933613 ],[-1.9684057  2.6842387],[ 0.6252674  -0.28724304],[-1.6793356  2.059477 ],[0.2712235  0.06329978],[ 3.7898278 -3.5067317],[ 5.1943593 -5.093446 ],[-1.9928772  2.362478 ],[ 0.64044785 -0.38344243],[ 3.8565984 -3.6254432],[0.07442569 0.33867043],[ 1.2071961 -0.91046  ],[-0.76385534  1.1100036 ],[-3.5000303  3.778628 ],[-0.02235392  0.37874997],[-2.424776   2.8196416],[-1.0473764  1.6000283],[0.29051238 0.00122921],[ 0.9236928  -0.60741365],[-0.6311389  1.1830745],[-0.36364174  0.7753276 ],[ 0.6640368  -0.41474187],[-1.2203969  1.4498932],[-3.1876285  3.5792642],[ 3.082086 -2.957675],[-1.1921619  1.475646 ],[ 1.586741  -1.2573072],[ 1.3347526 -1.1339643]
[ 3.4084702 -3.2169738],[ 4.5233927 -4.43856  ],[ 6.3361864 -6.2785816],[ 5.3568406 -5.2649884],[ 4.315471  -4.1847777],[ 4.349541 -4.216603],[ 4.3305483 -4.346261 ],[ 3.407213 -3.280599],[ 5.530997  -5.4095793],[ 5.891265  -5.8890476],[ 1.348614  -1.0148717],[ 5.955685 -5.767037],[ 5.386436 -5.385743],[ 4.4100976 -4.3886685],[ 4.315439  -4.1625657],[ 4.5213695 -4.375127 ],[ 4.5124207 -4.424286 ],[ 4.4004974 -4.150295 ],[ 5.379088 -5.300467],[ 4.787935 -4.681307],[ 5.479019  -5.3667974],[ 2.1770062 -2.0196416],[ 5.5229216 -5.5546303],[ 6.2258625 -6.187407 ],[ 4.9620404 -4.8428864],[ 4.343654 -4.058804],[ 5.232243  -5.1303577],[ 3.7078493 -3.6056788],[ 1.2184395 -0.7795969],[ 3.7106586 -3.6145103],[ 5.7101455 -5.643636 ],[ 2.8905451 -2.7516677],[ 6.360471  -6.3224325],[ 6.230845  -6.2042174],[0.16144374 0.294082  ],[ 2.9467115 -2.881082 ],[ 4.905858 -4.695257],[ 5.8580575 -5.7716165],[ 1.6289024 -1.2849681],[ 0.6501227 -0.227588 ],[ 5.526833 -5.497975],[ 4.071075  -3.7763987],[ 6.0039883 -5.983287 ],[ 1.9761906 -1.6128721],[ 4.6083937 -4.4471908],[ 5.297599  -5.1920156],[ 6.2816267 -6.17755  ],[ 5.591032  -5.4330664],[ 6.0291014 -5.93359  ],[ 2.3596923 -2.207333 ],[ 4.4272556 -4.2998   ],[ 4.9470024 -4.878038 ],[ 3.6923106 -3.5562365],[ 5.4275074 -5.3525043],[ 4.418042 -4.303469],[ 3.233585  -3.0165515],[ 5.546284  -5.4821067],[ 4.75013   -4.6528254],[ 2.8576488 -2.7432208],[ 0.42224303 -0.07023133],[-1.088368  1.596985],[ 4.13229   -4.0911593],[ 4.011943  -3.8653026],[ 5.252218  -5.2148137],[ 4.475793  -4.2600408],[ 5.218551 -5.171146],[ 6.021171  -5.9984884],[ 4.3843117 -4.2826967],[-2.1067998  2.6060512],[ 4.123179 -4.004675],[ 1.578145  -1.3484428],[ 4.548017  -4.4475102],[ 5.02023  -4.892928],[ 5.616753 -5.58067 ],[ 3.5074844 -3.3763034],[ 4.031287  -3.9098341],[ 4.6165075 -4.4970303],[ 2.6861346 -2.4832206],[ 4.894204 -4.83766 ],[ 4.885259 -4.682192],[ 5.567055 -5.467824],[ 4.4179945 -4.292996 ],[ 3.8875341 -3.8469138],[ 4.9206157 -4.850003 ],[ 4.4224586 -4.3124104],[ 4.877489 -4.648013],[ 3.6610284 -3.702848 ],[ 3.958127 -3.88372 ],[ 6.134008  -6.0064635],[ 5.4433875 -5.3817596],[ 3.7555573 -3.679991 ],[ 4.1735115 -4.0302486],[ 3.3821228 -3.1392012],[ 3.1369834 -3.091496 ],[ 5.837252  -5.8010406],[ 2.3591373 -1.9806854],[ 4.409899  -4.3039064],[ 4.4265256 -4.3194957],[ 5.6781178 -5.615565 ],[ 3.3888962 -3.1450787],[ 5.1816735 -5.0559134],[ 4.7116804 -4.5475883],[ 3.961919 -3.895495],[ 4.4758725 -4.285636 ],[ 3.6641984 -3.3677835],[ 5.411246  -5.3290977],[ 5.133648  -5.0922375],[ 6.0059285 -5.9251184],[ 4.610562  -4.6062584],[ 3.383855  -3.1312923],[ 3.9721498 -3.7759988],[ 3.5345619 -3.4838436],[ 4.9761887 -4.8575277],[ 5.653222 -5.596929],[ 5.428634 -5.415395],[ 2.765939  -2.5127192],[ 3.271989  -3.2548702],[ 5.8899045 -5.884482 ],[ 5.854401  -5.8179603],[ 2.351232  -2.1959116],[ 4.3087516 -4.204133 ],[ 2.4659097 -2.2545872],[ 5.4485993 -5.364703 ],[ 5.3429017 -5.230165 ],[ 5.369308  -5.3055854],[ 4.825833 -4.772045],[ 3.9653823 -3.8368556],[ 5.3629785 -5.2297688],[ 5.8140044 -5.836561 ],[ 3.0117726 -2.8717513],[ 2.1703606 -1.8046788],[ 2.8474627 -2.851343 ],[ 3.0764625 -2.9759874],[ 3.226181  -3.1324613],[ 3.7717876 -3.7455797],[ 5.4482427 -5.3735538],[ 5.3085275 -5.23343  ],[ 5.778259  -5.6826625],[ 6.288101  -6.2293425],[ 5.085391  -4.9892664],[ 4.6586  -4.45724],[ 4.54654  -4.428929],[ 5.3617544 -5.211746 ]
[ 2.325135 -2.331946],[ 3.190999 -3.118314],[-1.9365226  2.5854445],[ 2.507719 -2.250541],[-0.07764938  0.56675184],[ 3.1580174 -2.947522 ],[-1.4801075  2.2979307],[ 0.609656   -0.23897591],[ 2.1494849 -1.9406412],[-0.6519823  1.3857859],[ 4.331165  -4.3329444],[ 2.9796207 -2.7489438],[-1.0521827  1.7268715],[ 0.6128227 -0.2900524],[-2.6849666  3.4051046],[-2.5596044  3.3631456],[ 1.4792316 -1.2878054],[0.10174858 0.07730772],[ 3.999322  -3.9389904],[ 3.8183675 -3.8543427],[-3.002937   3.3889773],[ 3.5700572 -3.526404 ],[-0.9340913  1.5658605],[ 2.1876566 -1.9985276],[ 1.8169345 -1.5383726],[ 5.095611  -4.9289327],[ 3.1599233 -3.0686557],[ 4.8026185 -4.779346 ],[ 4.785457 -4.627888],[0.20332006 0.18715328],[ 4.3463235 -4.1706614],[-3.6700945  4.2255387],[ 3.9067779 -3.7166328],[-2.5934443  3.0807698],[-1.7905822  2.5788424],[ 3.9933555 -3.8612227],[ 2.9164026 -2.8063793],[-2.3317065  3.0227733],[ 5.1693854 -5.165268 ],[ 4.178638  -4.2539873],[0.41222996 0.04812922],[ 5.7077274 -5.592733 ],[ 3.5856621 -3.6422977],[ 5.6517344 -5.557895 ],[ 3.6325047 -3.4745271],[-0.7117025  1.2554806],[-0.33416906  0.6613177 ],[0.13726333 0.24512497],[-0.69347626  1.2156029 ],[ 4.4755745 -4.323402 ],[ 0.88704187 -0.5081471 ],[0.24954289 0.23840669],[ 3.5683618 -3.4291837],[0.36624336 0.11767956],[-2.0168374  2.9269624],[ 4.3725553 -4.2740126],[ 3.5919807 -3.6227822],[0.15164128 0.24741876],[ 1.4558746 -1.2573113],[ 2.1335883 -1.9319546],[ 2.8483915 -2.5492644],[-1.5797765  2.2868562],[ 2.2115734 -1.9918666],[ 3.796326 -3.645804],[0.30570206 0.0676787 ],[ 1.3558584 -1.0821623],[ 1.2302854  -0.97100806],[-0.81255865  1.4295261 ],[-3.6925423  4.170194 ],[0.52016556 0.0057231 ],[ 3.784424  -3.7346528],[-3.0062242  3.6788828],[ 2.9275267 -2.843484 ],[-2.1279714  2.874003 ],[ 4.779447 -4.769512],[ 1.3780117 -1.1135241],[-1.3942689  2.2240155],[ 1.8397307 -1.6278676],[ 3.2657197 -3.088553 ],[ 1.7421455 -1.5111327],[ 2.4531217 -2.1780868],[ 3.2709422 -3.1291175],[ 1.4177567 -1.2193782],[0.05209646 0.36488062],[ 1.2837456 -1.0338302],[ 1.5244713 -1.277179 ],[ 4.8964367 -4.961377 ],[ 1.2938014  -0.98994285],[ 4.045228  -3.9076042],[ 2.7150564 -2.5936131],[-0.6057427  1.343913 ],[ 3.9162557 -3.711778 ],[ 2.2825115 -2.1727624],[ 0.49565196 -0.1849527 ],[ 1.1545408  -0.84239197],[ 3.2433662 -3.2409189],[ 1.8024746 -1.6681042],[ 1.7459164 -1.6142542],[ 0.3791857  -0.12449493],[ 2.5939608 -2.562264 ],[ 0.967589   -0.81775105],[ 1.3990856 -1.1156877],[ 4.28486  -4.098982],[ 1.6540635 -1.4831436],[ 5.6445713 -5.648887 ],[ 1.0144674  -0.80364376],[0.12335619 0.31080744],[ 3.559237 -3.458662],[ 3.7057085 -3.6457536],[ 2.1102414 -1.9602189],[ 0.39526787 -0.0685102 ],[-0.33140087  0.91723776],[-3.1615543  3.5951955],[0.10383634 0.3176949 ],[-0.78352875  1.4093063 ],[ 3.932603  -3.7673297],[-0.04442459  0.6103432 ],[ 2.5131874 -2.2544096],[ 0.6844046  -0.45203733],[ 3.1177945 -2.9968295],[-5.7559958  6.2877307],[ 2.2891877 -2.0244718],[ 2.4838104 -2.3546932],[-1.4007791  1.8999996],[0.11201032 0.2701259 ],[ 1.8682028 -1.723053 ],[ 0.57287014 -0.26877812],[ 5.353194 -5.282284],[-0.20851824  0.76432955],[ 3.585908  -3.6322725],[ 0.47042498 -0.15372984],[ 2.2824266 -2.1754882],[ 0.6619753  -0.31323352],[ 2.6133351 -2.4469092],[ 3.6358962 -3.5525322],[ 2.9461393 -2.7857726],[ 3.5224738 -3.3781822],[-0.6055517  1.0310944],[-0.4892377  1.1090037],[ 2.9082654 -2.9443374],[ 2.787999  -2.5617146],[-0.6819977  1.2415036],[ 2.475982  -2.3805573]
[ 3.2489288 -3.155449 ],[-0.23443416  0.7313524 ],[ 2.2150435 -2.1321518],[ 1.0374988  -0.80177903],[ 3.1228917 -3.1071157],[-0.2074998  0.668984 ],[-4.8201976  5.36173  ],[0.3262167  0.04805075],[ 4.8279223 -4.7093873],[-3.096842   3.8803816],[-2.2892714  2.8465254],[ 3.6664472 -3.3877618],[ 1.8005013 -1.5634102],[ 1.6727351 -1.4408832],[ 0.7051851  -0.37998343],[-0.17814773  0.6721149 ],[ 0.80896825 -0.51462096],[ 6.224743  -6.1261754],[ 4.175699  -4.1891913],[ 1.3788874 -1.1409413],[ 5.1294465 -5.178783 ],[-4.0148473  4.611052 ],[ 3.4261472 -3.3435194],[-0.20322609  0.70557797],[ 4.0156574 -4.0505314],[-0.3720969  0.832134 ],[-0.25339013  0.7336277 ],[ 2.7760189 -2.6527953],[-2.4070222  2.9648101],[ 2.953507  -2.8989744],[ 2.5920284 -2.49096  ],[ 4.8187594 -4.7421327],[-3.01924    3.6618865],[ 4.188647 -4.118282],[-0.35817322  0.86348426],[-0.6784743  1.2882961],[-0.12716933  0.6474482 ],[ 3.0452256 -3.048133 ],[-5.237094  5.795993],[-3.879624   4.6011047],[ 1.1621304  -0.88150996],[-0.5182531  1.0710946],[-1.8298954  2.5047464],[ 0.85078263 -0.55144805],[ 4.393118  -4.3480473],[ 4.5341988 -4.56499  ],[ 5.511357 -5.452353],[ 3.9289296 -3.8625305],[ 1.2593112 -0.9358688],[-5.573349   6.0560374],[ 3.3693106 -3.1502464],[-2.6489766  3.3290725],[0.41839382 0.06360976],[-0.60785264  1.1291403 ],[-3.9658225  4.536929 ],[ 1.3177762 -1.0450352],[-0.15096706  0.60276896],[ 2.0073965 -1.7727078],[ 2.1304128 -1.9632123],[-4.652905   5.2311916],[ 3.6988313 -3.4805126],[ 0.49102664 -0.1431849 ],[ 2.4555416 -2.2077236],[ 2.0628128 -1.7026018],[ 4.6686683 -4.4435253],[-1.491323   2.1406155],[ 4.4647446 -4.2798343],[ 2.7104564 -2.6765685],[-2.5039482  2.7862158],[-3.0740154  3.7885685],[ 1.3200703 -1.003619 ],[-0.8825545  1.5702593],[ 3.706684  -3.6420224],[ 1.8692657 -1.5790302],[-1.0065366  1.6313875],[ 3.392292  -3.2182205],[0.2706376  0.25276047],[ 2.3368144 -2.1581132],[ 2.090801  -1.9711051],[ 0.8411749  -0.41197836],[ 3.0237377 -2.7623575],[-4.458373   5.0771346],[ 2.7478065 -2.5787103],[ 4.1334195 -4.1574965],[ 4.9360247 -4.7896643],[-3.1451268  3.7284532],[ 1.0340496 -0.6932697],[-0.50249875  1.0194459 ],[ 3.6401684 -3.420286 ],[ 3.7172203 -3.5984302],[ 3.5509408 -3.3785095],[ 1.9587483 -1.648456 ],[ 3.9963546 -3.7607992],[ 1.4735631 -1.3200402],[ 5.3722353 -5.292403 ],[-4.2909827  4.9689965],[ 3.9923625 -3.9250937],[ 4.01762   -3.9520514],[ 2.9494348 -2.8127418],[ 5.6387954 -5.5852304],[ 4.436841 -4.423247],[0.32788995 0.0178854 ],[ 2.495413  -2.1680188],[ 1.7897333 -1.6168325],[-5.337407  5.894024],[ 3.5433598 -3.305677 ],[ 4.779877 -4.827822],[ 1.4224324 -1.1663347],[-0.4192304  1.119228 ],[-0.7385681  1.2383223],[ 2.156995  -1.9540752],[ 2.8968723 -2.883482 ],[ 4.510236  -4.4457045],[ 5.005304 -4.957516],[ 2.5515106 -2.5325212],[0.1240574 0.4078568],[ 1.1629264 -0.8337821],[ 3.7728949 -3.7813878],[ 1.826855  -1.5364681],[-0.7878621  1.5360993],[ 0.5280354  -0.24542275],[ 4.3189163 -4.17894  ],[-0.9546338  1.5214376],[ 5.328524 -5.31695 ],[ 3.644293  -3.5367756],[-0.6175523  1.1586657],[-0.59720975  1.1342067 ],[-2.038418   2.7707279],[ 1.3211447 -1.0252168],[-1.2194123  2.0053465],[ 5.047329  -5.0203457],[ 3.3255763 -3.439029 ],[0.32887256 0.11890966],[ 4.915244  -4.7087436],[-3.1403441  3.908587 ],[-2.227788  2.754234],[ 2.4206884 -2.2759602],[ 5.2054086 -5.1146164],[ 2.7183347 -2.5474946],[-0.5846536  1.0090088],[ 3.4234438 -3.3701942],[ 2.5185597 -2.3046138],[ 0.87587965 -0.4537684 ]
[-2.5539603  3.1371126],[-2.3243017  2.968712 ],[-5.2585187  5.741196 ],[-4.5002785  4.965245 ],[-0.8436848  1.301594 ],[-1.1537215  1.7556068],[ 0.58976495 -0.2425932 ],[-0.3803577   0.89613426],[-3.9382808  4.423605 ],[-3.4042845  3.922393 ],[-0.21899742  0.67829674],[-5.8069615  6.201131 ],[-1.5887108  1.9714574],[-1.6222639  2.1357658],[-0.04804907  0.33056897],[-0.76046044  1.227516  ],[ 1.9286655 -1.7223645],[-3.6141608  3.9678912],[-4.9541626  5.3889756],[-2.8070207  3.2733922],[-1.5721368  1.8749537],[-2.9253945  3.4156053],[-4.1927786  4.6506042],[-3.4824262  3.8774054],[-3.6741092  4.193582 ],[-3.029702   3.3596106],[-4.171188   4.7019405],[-0.76586974  1.2412075 ],[-3.1968253  3.743058 ],[-2.6820931  3.1654043],[-2.8814218  3.4392674],[-0.83597606  1.3205088 ],[-2.828389  3.222216],[-4.7775054  5.2890806],[-4.8612843  5.3879333],[-0.9296966  1.4840876],[-2.4595273  2.8523173],[-1.0608423  1.521065 ],[-2.3066761  2.7037573],[-5.3889394  5.925636 ],[-4.4786906  4.997876 ],[-4.688732   5.2166395],[-4.7336397  5.225744 ],[-3.3757734  3.7886877],[-2.156146   2.4409506],[-4.5632715  5.076072 ],[-4.607843  5.061885],[-4.4201407  4.8971868],[-4.3209743  4.80092  ],[-0.896342   1.3536471],[-3.2338367  3.747796 ],[-2.0734808  2.5118883],[-3.868577  4.287611],[-2.6444592  3.068348 ],[-1.9621177  2.5046933],[-0.8036969  1.1091436],[-2.6016407  3.2870512],[-3.1477337  3.6220005],[-2.9432302  3.5223176],[0.04354177 0.4299962 ],[-1.581233  2.152656],[-1.6304344  2.0398731],[ 0.5370315 -0.2989438],[-4.411318   4.9182525],[-1.0275463  1.4536808],[-3.7717927  4.2749434],[-3.2888393  3.8191037],[-0.91228265  1.4341239 ],[ 0.7401029  -0.58221656],[-3.501872   3.9384785],[-2.5247436  2.9190688],[-4.8136654  5.27442  ],[-3.1720526  3.6129684],[-5.184921   5.6246357],[-3.7554092  4.2266417],[-0.8009041  1.1866987],[0.08726445 0.25983724],[-2.454383  2.904219],[-2.5504558  2.9865897],[-3.0077655  3.3721476],[-4.2129517  4.5457196],[-5.552336   5.9921875],[-1.2440494  1.8819925],[-3.3060267  3.7884064],[-4.2014036  4.6908636],[ 0.7768346 -0.5405348],[-3.4726958  4.1672974],[-3.5211606  4.0155387],[-4.273962  4.749437],[-4.0597453  4.449446 ],[-1.1406109  1.691974 ],[-1.4727246  1.9311513],[-1.4682988  1.9325074],[-0.3807426  0.8003758],[-3.313269   3.8481696],[0.18806122 0.25887936],[-1.1247181  1.5129017],[-1.1901218  1.5967115],[-3.0463111  3.4001322],[-0.55955607  0.90153754],[-2.9389076  3.3472538],[ 2.2354796 -2.0884128],[-4.4346476  4.8771734],[-4.2163963  4.68426  ],[ 0.6686323 -0.4260766],[-3.1693656  3.5481803],[-2.4243653  2.9239237],[-3.4843369  3.9504066],[-5.292458   5.8701777],[-0.14155261  0.57040995],[-1.474117   1.9669191],[-5.1780863  5.7654257],[-2.3264582  2.7253916],[-4.2316804  4.7543535],[-5.1554055  5.643865 ],[-0.6842912  1.2145764],[-4.8876348  5.463727 ],[-5.0224276  5.40918  ],[-5.0360775  5.4751635],[-1.9150509  2.3640552],[-5.2632546  5.63425  ],[-3.2254899  3.661214 ],[-1.9806082  2.41186  ],[-4.161721  4.585423],[-2.0442023  2.526261 ],[-3.530709  4.139636],[-1.234311   1.7346413],[-5.1189666  5.5332856],[-3.0355473  3.5812178],[-2.764409  3.330397],[-3.43276    3.9327786],[-3.00258    3.6942596],[-4.206507   4.6387076],[0.12626398 0.2134946 ],[-2.372029  2.919666],[-3.422567  3.762699],[-0.8772344  1.2774277],[-2.8400931  3.2683582],[-4.964267  5.296358],[-0.9914767  1.3630775],[-2.9418445  3.3574562],[-3.7780468  4.242473 ],[-4.176327  4.680129]
[ 1.903868  -1.7234429],[ 3.492111  -3.4643474],[ 5.574896  -5.5667906],[ 5.093739  -4.9124284],[ 1.7115957 -1.4341636],[ 2.7161949 -2.7285678],[ 2.5232704 -2.335069 ],[ 0.59681517 -0.15225339],[ 3.8377218 -3.448487 ],[ 5.2980084 -5.2429924],[ 1.7737702 -1.5907809],[ 5.994197  -5.9045506],[ 3.8197904 -3.7069128],[ 0.5438438  -0.15515436],[ 4.1816587 -3.884456 ],[ 3.1466646 -2.948542 ],[-0.78694093  1.3534055 ],[0.30758205 0.04036938],[ 2.1336114 -1.7894279],[ 2.2819002 -2.0904996],[ 3.8740401 -3.596326 ],[ 0.771253   -0.35947558],[ 3.0113707 -2.7789679],[ 2.9929056 -2.937383 ],[ 1.4043982 -1.0250487],[ 5.5088882 -5.374758 ],[ 4.176088  -4.1538925],[-2.1622806  2.8248835],[ 2.3943028 -2.239241 ],[ 0.57247555 -0.14238319],[ 3.1330254 -3.0607073],[ 3.7677405 -3.4353027],[ 4.718834 -4.515475],[ 4.542322  -4.4929013],[ 2.7613962 -2.4557457],[ 1.9229196 -1.4951632],[ 3.81852   -3.6428187],[0.3241791 0.1645838],[ 4.876014 -4.803648],[-0.2121355  0.7260501],[ 4.5500927 -4.437057 ],[ 0.66893756 -0.33507827],[ 3.8812456 -3.831491 ],[ 4.010074  -3.8542476],[ 3.4155042 -3.1858704],[ 3.582738 -3.418173],[ 1.899492  -1.6241322],[ 2.8560438 -2.703609 ],[ 5.1558213 -5.005517 ],[ 1.7090249 -1.3088914],[ 2.8919811 -2.4450133],[ 1.3152452 -1.0707127],[ 1.2401919  -0.93664145],[ 5.2187424 -5.0941787],[ 1.7068692 -1.4198456],[ 3.665708  -3.4948714],[-0.5311712  1.3237239],[ 3.7389252 -3.5223567],[-2.478024   3.0378792],[ 0.9756416 -0.5476246],[ 1.8709909 -1.7598392],[ 2.4949045 -2.3436027],[ 4.3598847 -4.355111 ],[-0.8058861  1.2877964],[ 3.3493724 -3.1070585],[-0.7239961  1.2445283],[-1.3330953  1.8418477],[ 2.9379756 -2.79628  ],[-0.65954125  1.0459015 ],[ 2.9191546 -2.674431 ],[ 1.6260259 -1.3429193],[ 4.9713726 -4.973085 ],[ 4.295876 -4.284856],[ 6.292168 -6.250242],[ 3.622357  -3.4992857],[ 2.9658458 -2.6365435],[ 2.2547393 -2.0267239],[-0.2791423   0.80899024],[ 3.0043716 -2.8993073],[ 3.8507419 -3.480501 ],[ 4.5338974 -4.2620816],[ 5.8451495 -5.891346 ],[ 3.0519915 -2.9208922],[ 3.8813045 -3.6859603],[ 3.552039  -3.2585313],[ 1.3876334 -1.0380074],[0.12805723 0.43869182],[ 3.9437156 -3.7517018],[-4.0394654  4.5511627],[ 4.8258395 -4.410126 ],[-0.06692025  0.74233484],[ 4.9972205 -4.825976 ],[ 2.3612976 -1.9693633],[ 2.1995046 -1.9640875],[-1.3589168  1.9864067],[ 3.6384509 -3.669495 ],[ 4.650053  -4.4925256],[ 4.6767097 -4.525594 ],[ 2.6388376 -2.52397  ],[ 1.0973479  -0.84322333],[ 3.1431837 -3.023995 ],[ 1.1029814  -0.79184884],[ 0.43940702 -0.00185614],[ 2.8173504 -2.4716127],[ 2.0171807 -1.8602824],[ 1.7001545 -1.2665972],[ 0.73094195 -0.32455385],[ 1.1161057  -0.88411105],[-0.5506441  1.1200564],[ 0.5199179  -0.05647169],[-0.44973502  0.8518635 ],[ 1.0107951 -0.5256535],[ 4.9899693 -4.917796 ],[ 3.98597 -3.68929],[ 1.8749673 -1.5210612],[ 1.387734  -1.0513375],[ 0.75890774 -0.21720982],[ 5.630898  -5.6874866],[ 4.477416  -4.3744435],[ 2.4019918 -2.346017 ],[ 6.429289  -6.2813616],[ 2.9516451 -2.7146153],[ 5.495752  -5.4686546],[ 2.6521113 -2.3513093],[ 3.5278325 -3.4052427],[0.20475985 0.2340818 ],[ 1.866734  -1.5367343],[ 3.7203705 -3.4874258],[ 1.9107189 -1.6460886],[ 1.7212759 -1.4267651],[ 1.2594204 -1.0080776],[ 0.56797    -0.19871873],[ 1.38273   -1.0290172],[ 3.669401 -3.438989],[0.11869588 0.40385094],[ 2.7787194 -2.5731342],[ 4.816109  -4.7145057],[ 2.01929   -1.7034972],[ 5.6027756 -5.459786 ],[ 3.2213295 -2.9784184],[ 3.2006078 -2.9779937],[ 5.006218  -4.8206315],[ 2.1150155 -1.9858551]
[-1.6241144  2.2832797],[-3.664119  4.256529],[-0.7789087  1.4393378],[-1.2747611  1.8905857],[-1.0200167  1.6956408],[-1.9115813  2.59265  ],[-3.7050803  4.23871  ],[0.15299392 0.38417956],[-0.825494   1.3919857],[-4.701083   5.2465205],[-4.109032  4.678896],[0.29842433 0.079904  ],[-0.6623628  1.1924363],[-5.183177  5.694448],[-0.991999   1.5090398],[0.26765218 0.13306242],[-2.9976354  3.5234191],[ 0.667892   -0.35902458],[-1.380498   1.9635133],[-2.8466966  3.4363985],[-0.4003991  0.8445761],[-3.2054935  3.724818 ],[-3.6354     4.1685066],[-3.6197565  4.2830567],[-1.3319318  1.9058313],[-4.6477532  5.182543 ],[-3.5522008  4.23925  ],[0.06986507 0.39519864],[-0.9623547  1.5950605],[-0.30897203  0.9235563 ],[0.45685756 0.01648108],[-3.7164934  4.1922035],[-2.9195218  3.4744399],[ 1.5185018 -1.1493763],[-4.4023976  4.881062 ],[-0.3967094  0.9443794],[-2.0084753  2.5354562],[-3.5302768  4.1880465],[-2.8571234  3.5911207],[-4.6028523  5.0793576],[-2.9085705  3.487116 ],[-1.5223881  2.0691864],[-5.5952535  6.1258364],[-1.4314723  2.0969667],[0.03388352 0.3084528 ],[0.22614574 0.30627698],[-0.03288847  0.43901405],[-2.8749528  3.4595826],[-1.6725122  2.2301502],[-3.2376757  3.8725724],[-0.44093916  1.0089469 ],[ 1.3183469 -1.0591254],[ 0.9126006 -0.6599353],[-1.5756006  2.1268222],[-1.1368783  1.8325274],[-1.2691783  1.7787904],[-4.957674  5.547739],[-0.41630462  1.0484087 ],[-1.5171427  1.972757 ],[-3.3132246  4.0133834],[0.2750826  0.04058145],[-3.1064742  3.8056164],[-2.9078577  3.3539991],[ 1.6978674 -1.3267834],[-1.3001885  1.9478041],[0.18728803 0.22714847],[ 1.90052  -1.653061],[-0.6513361  1.226158 ],[-1.5938247  2.0689921],[-1.4249806  2.0065773],[-2.1213453  2.659898 ],[ 0.8315308 -0.6240971],[-0.4095911  1.0095756],[-2.9370778  3.489772 ],[-3.7714913  4.4028206],[-0.1326443  0.6720591],[-0.9968597  1.6418912],[-0.9227871  1.5555161],[-1.5880818  2.244575 ],[-0.284585   0.7087571],[-2.4885254  2.8564038],[-4.519387  5.004733],[-4.236524   4.8992233],[-3.448166   4.0599585],[ 2.1050766 -1.9220419],[ 1.0250397  -0.72910357],[-5.7666636  6.2827845],[-0.13176802  0.492964  ],[0.1991681  0.13137376],[-3.246986  3.723121],[-0.79162085  1.4777354 ],[ 1.0818142  -0.80014575],[0.20105523 0.20742857],[-3.5632534  4.345602 ],[ 0.7168391  -0.37802956],[-2.9213061  3.7089505],[-0.8093015  1.3157814],[-0.8638606  1.3794369],[ 0.64592415 -0.28825685],[-2.7805576  3.2758198],[-0.319298    0.67605096],[0.0437199  0.48345456],[ 2.3327215 -2.1773381],[-1.1313707  1.7543523],[-3.7932858  4.361148 ],[ 2.22914   -2.0765948],[-0.16171645  0.6831527 ],[ 0.6548156  -0.31509793],[-3.2089808  3.7899983],[ 0.43533427 -0.06168855],[-0.00060094  0.37479416],[-2.6188135  3.2839856],[ 2.1372278 -1.926795 ],[-0.43334162  0.910317  ],[-1.5995286  2.2571507],[ 0.85451627 -0.5845217 ],[-4.376917   4.9548755],[-4.407806  5.053769],[-2.0298212  2.7030602],[-3.508836   4.0702357],[-0.9599009  1.4300545],[0.18485115 0.2119421 ],[-1.9642341  2.5487401],[-0.53380686  1.093662  ],[-0.04841029  0.5423428 ],[-4.186816   4.6763406],[-1.184452   1.7097996],[0.23215488 0.18306842],[-2.712449   3.3230278],[-4.070854   4.6823325],[ 4.1521225 -3.9860754],[-5.277655   5.8430524],[-1.2065276  1.7807838],[0.10102761 0.36879957],[-0.14606167  0.71502626],[-0.5173278  1.1698989],[-1.8717905  2.4354768],[0.06543142 0.4189864 ],[-2.6300018  3.2521284],[-2.3957822  2.8779154],[ 0.8227972  -0.37812552],[-2.4703605  3.0358562],[-1.2781508  1.8989291]
[-3.3547895  3.9854803],[-1.0721806  1.6972553],[-4.335751  4.932672],[-1.3769096  1.8507894],[-2.3986828  2.9416158],[-0.5292966  1.2302917],[ 0.4243093  -0.14435425],[-0.631194   1.2271655],[-2.1455843  2.6368458],[-2.345522   2.8940723],[-0.40332437  0.9102942 ],[-4.494453   5.0822215],[-1.40852    2.0133939],[-1.1833912  1.6756057],[-1.1464652  1.5592964],[-3.367334   3.9818015],[-0.5432681  1.1880724],[-1.6997132  2.0784616],[-3.9038193  4.370255 ],[-3.3750217  4.034995 ],[-3.9886596  4.5201344],[ 0.95835483 -0.6658286 ],[ 1.2407821 -0.9306766],[-2.8893328  3.4462583],[-1.6169943  2.250361 ],[-1.150419  1.494831],[-4.432538   5.0500035],[ 0.7894928  -0.49625275],[-3.4203048  4.023276 ],[-2.3098617  2.906419 ],[-1.4199291  2.0830534],[-3.2790928  3.7502427],[-0.21897742  0.7931003 ],[ 0.9505596 -0.6752806],[ 1.0311675 -0.6915813],[-2.9896905  3.6237335],[-0.5542918  1.0131065],[-3.3832061  3.9907475],[-3.8498645  4.500733 ],[-0.75491    1.1450623],[-1.7221861  2.4035676],[-3.112478  3.835897],[-3.0034058  3.3729913],[-1.5910397  1.9900864],[-0.61850023  1.1342316 ],[-4.759688  5.422565],[0.15894404 0.27226996],[-2.7716904  3.3359861],[-2.8913763  3.4674   ],[-4.702554   5.1554093],[-1.4915137  2.1043043],[-1.5102357  2.199414 ],[-1.519612   2.1753435],[ 1.1779778 -0.9667617],[-2.9629996  3.5435812],[-0.08331417  0.50934094],[-3.6427698  4.115738 ],[-0.7534965  1.2941467],[ 4.0469728 -3.9091856],[-4.264394   4.8364134],[-0.09188199  0.50755894],[-3.396988   3.9323885],[ 0.79562575 -0.42525205],[-1.8162575  2.3159506],[-2.4958723  3.111112 ],[-3.9831722  4.5764337],[ 0.47330952 -0.15192255],[-2.821077   3.2949898],[-3.4897492  3.8256423],[ 2.1967223 -1.9836353],[-1.9254938  2.5976992],[-0.75538623  1.4135145 ],[-1.4686819  2.1778805],[-3.7156198  4.256784 ],[-1.0806797  1.8055235],[-0.96554154  1.5176146 ],[-0.2330415  0.6918205],[-2.08079   2.810127],[-0.4288982  1.0657165],[-2.1052897  2.81714  ],[ 4.7226524 -4.4887204],[-1.0666826  1.599026 ],[-4.971025   5.4748783],[-2.3412223  2.8639693],[-3.2463746  3.848113 ],[-2.5684602  3.1874266],[-0.29954377  0.790406  ],[-3.973611  4.475456],[-2.6712515  3.2711866],[-3.915259  4.394085],[-2.8597531  3.530235 ],[-0.362612   0.8757856],[-0.45680574  0.93537915],[-4.10773    4.6144586],[0.3998034  0.00189968],[-4.3635907  5.0129714],[-1.1365048  1.6955427],[-1.1508168  1.7107394],[-0.11961178  0.52381176],[-0.40428683  0.80559176],[-0.81803524  1.3250871 ],[-3.4697225  4.143754 ],[ 0.6227579  -0.32967466],[-0.3884731  0.9631312],[-2.4044847  3.0725286],[-1.6407348  2.1930995],[-3.7076197  4.1791005],[-0.66306233  1.1714538 ],[-3.3775277  3.931064 ],[-1.6602057  2.3528633],[-0.24959552  0.6094039 ],[-3.4814556  4.037065 ],[-2.7405457  3.1158319],[-0.49129137  1.0524026 ],[-1.826847   2.5034966],[-0.4997258  1.0654101],[-4.857719  5.305503],[-1.2013468  1.7994933],[-3.5753753  4.014985 ],[0.31181526 0.16004777],[ 0.34433165 -0.02390384],[-2.9346783  3.4818096],[-3.385973  3.902921],[-0.802443   1.3510747],[-0.7367142  1.3131856],[0.28964224 0.1065001 ],[ 1.8989289 -1.5363175],[-0.68040395  1.1937882 ],[-0.77942026  1.3628589 ],[-3.1387322  3.665983 ],[-3.1834295  3.8646226],[-4.301703   4.7104073],[-0.01678955  0.47839537],[-0.52334714  0.9851277 ],[-1.6008025  2.331102 ],[-2.438854   3.1957839],[-1.2429426  1.814768 ],[0.27085304 0.20909655],[-3.5988626  4.0528116],[0.19667396 0.27185747],[-3.862239   4.3336024],[-2.9656963  3.5216372],[-1.8768983  2.5896742]
[-3.9514253  4.5071607],[-2.2125254  2.8958957],[-2.2302732  2.9265451],[0.22160245 0.19080916],[-2.7471921  3.3297482],[-5.073282  5.630394],[ 2.341189  -2.1385098],[-2.0784419  2.6955574],[-0.52239597  0.930681  ],[-2.017397  2.472761],[-3.5996225  4.080738 ],[ 3.8937716 -3.9136767],[ 0.34721756 -0.03507584],[-3.29336    3.6631389],[ 0.67671925 -0.545714  ],[-0.6707213  1.1749973],[-2.0620134  2.7800572],[ 1.1884488 -0.9237421],[ 0.41265476 -0.12494117],[-1.9654703  2.3953211],[-3.6253045  4.1383862],[-1.6193154  2.0083869],[-0.00132231  0.3930022 ],[-3.7326624  4.1980734],[-1.0314692  1.6537334],[ 4.378949  -4.1930184],[-3.2181315  3.734137 ],[-2.7807903  3.3516548],[ 0.7753233 -0.5179981],[-0.3595793   0.84060866],[-0.7676955  1.4876763],[ 2.2358584 -2.275082 ],[ 0.8858561 -0.5378637],[-2.9154067  3.5446107],[-4.1429267  4.5650578],[-0.36643365  0.76191133],[-1.0940185  1.5287677],[-1.9450727  2.5369666],[-2.6396766  3.1184518],[ 0.8451939 -0.518802 ],[ 0.45671844 -0.24038428],[-0.49982408  0.8898647 ],[ 1.2584398  -0.83685315],[-1.1192145  1.6354419],[-1.2297332  1.8428295],[-3.186192   3.7371614],[-1.995434   2.5292811],[-0.36636084  0.8115483 ],[-0.34859756  0.7970912 ],[-2.0767531  2.4962595],[-0.0968051  0.3662662],[-3.4194367  3.9244912],[0.19369926 0.16361329],[-4.101504  4.503636],[0.02435813 0.38921863],[ 0.9006113  -0.68383664],[-0.59964305  1.0998992 ],[-1.2393116  1.7793651],[-3.331432   3.8603215],[-1.3424933  1.859098 ],[-0.6167986  1.0466497],[ 1.1093653  -0.90238106],[ 0.52720135 -0.24965522],[-1.199432   1.6325319],[-2.15955    2.7031014],[ 0.9386042 -0.8117794],[ 1.083659  -0.8830966],[-0.863051   1.5851562],[ 4.772613 -4.590403],[-4.334108  4.856501],[-1.7732072  2.2428653],[-3.888197  4.450304],[-1.9260783  2.4349926],[-2.6465678  2.938655 ],[-3.4193258  3.8589535],[ 0.6510115 -0.2591743],[ 0.8114286 -0.5118479],[-2.655118   3.1911201],[-3.2275355  3.8078167],[ 0.5013384  -0.19443008],[-3.2152898  3.7401404],[ 0.8579495 -0.5766796],[-0.985843   1.5511392],[0.03378807 0.32652053],[-1.1328498  1.5771751],[-0.03442953  0.42221525],[-1.1144625  1.5872546],[-0.28376418  0.6275413 ],[-1.3405924  1.8229244],[-2.6465297  3.1292439],[-0.9147552  1.4865223],[-1.5118268  2.0475886],[-0.11647007  0.5213888 ],[-0.2894833  0.669589 ],[-0.49472705  1.0204527 ],[-3.4247518  3.9742312],[-1.8538277  2.355372 ],[-1.9830813  2.4791586],[-0.26680982  0.80950683],[ 1.4773005 -1.1328404],[-0.81319284  1.2858837 ],[-0.3378207  0.7065593],[-2.0961754  2.7993991],[-2.4631312  3.0625052],[ 1.7517235 -1.5280269],[ 0.42929626 -0.10831647],[-1.4797661  2.0011792],[0.29869878 0.08799968],[ 1.6258086 -1.3917092],[-1.7983555  2.2987092],[0.35496533 0.0161917 ],[-2.8949306  3.3680398],[ 0.90192765 -0.69595927],[-2.2335799  2.6856205],[-2.4851847  3.170257 ],[-1.5273933  2.0082195],[ 0.67212373 -0.29093316],[-2.0238802  2.705802 ],[-1.3557749  1.7826182],[-3.6111393  4.0751433],[ 0.47313648 -0.25134787],[0.18057954 0.25300136],[ 0.77785105 -0.47343972],[0.34313875 0.08214012],[-1.1957932  1.7207813],[-0.7195048  1.0855206],[-2.647739   3.2257352],[ 1.3559295 -1.0817626],[-0.6702533  1.245451 ],[ 0.47769934 -0.15501575],[-3.4986427  4.042792 ],[ 0.43756986 -0.17822397],[ 0.75611866 -0.400845  ],[-0.9386379  1.5203304],[-2.9440434  3.5900626],[-1.7499155  2.256588 ],[-1.7990723  2.3106375],[-1.144225   1.7848293],[ 2.1584399 -1.9307933],[-0.5293177   0.91731447],[-1.315224   1.8081023],[-0.4652811   0.88509923],[-0.16329779  0.6173809 ]
[ 1.864836  -1.5092014],[-1.2788823  1.9517713],[-0.7474302  1.1832082],[ 3.301128  -3.1604414],[ 1.0999092  -0.80180824],[-0.6093065  1.1342161],[-2.35008    2.8053977],[ 0.59022355 -0.20882744],[ 1.0040197 -0.6924296],[-3.0755036  3.5471487],[ 5.7489476 -5.771166 ],[ 2.0506554 -1.9524511],[-0.42462105  0.9775864 ],[-0.8404593  1.1868557],[ 3.8023555 -3.7829175],[ 3.0317273 -2.9375584],[ 0.7935636  -0.31433126],[ 3.2581453 -3.070142 ],[-0.7759136  1.2368258],[ 3.738603 -3.63981 ],[ 4.051001 -3.888093],[ 5.5320525 -5.4070497],[-2.4805648  3.0265672],[ 0.46291018 -0.06812637],[0.08785077 0.3048725 ],[ 4.5511703 -4.3794613],[-0.5899773  1.1658876],[-1.5915934  2.1308212],[ 2.8273656 -2.716946 ],[ 0.64626074 -0.33308107],[-3.1439626  3.5894737],[0.08070858 0.39549717],[-0.7444808  1.226625 ],[-2.299243   2.8494477],[ 2.018669  -1.5559473],[ 0.7154609  -0.37517613],[ 2.8467069 -2.5910704],[ 2.5598998 -2.5568473],[ 4.2747254 -4.221919 ],[ 5.716835 -5.612509],[ 0.44331935 -0.06948389],[-2.231992  2.501411],[-0.3953422  0.9129976],[ 1.3550396  -0.95234215],[-0.5157344  1.0053416],[-0.30722156  0.687562  ],[-1.3923354  1.9928943],[0.13565896 0.1147309 ],[0.14987713 0.16719252],[ 3.218615  -2.8788683],[ 2.2818165 -2.124973 ],[ 1.2542543 -0.9887291],[ 1.5529138 -1.4773649],[-2.0937767  2.625496 ],[ 3.2725775 -3.2707922],[ 0.62516576 -0.46369427],[-0.32304513  0.75736046],[-0.46647164  0.9702461 ],[ 2.5440912 -2.5467865],[ 0.4677873  -0.11116945],[-3.6855388  4.2924523],[ 2.0801625 -1.9464881],[ 2.4883475 -2.3209531],[ 0.90629286 -0.49215177],[ 0.91788626 -0.62521356],[-0.86072356  1.3411435 ],[0.02241749 0.35227144],[ 1.7000027 -1.4982562],[ 4.907964 -4.820149],[0.16447946 0.3029487 ],[ 2.383131  -2.1058462],[-0.7262203  1.2104604],[-0.98648316  1.5511281 ],[-0.71447676  1.0286028 ],[ 3.7519155 -3.5242338],[ 0.47275215 -0.10101012],[ 2.1296866 -1.9301724],[ 1.0065684 -0.6703912],[-0.3749491  0.9558076],[ 1.0332353 -0.708663 ],[-1.2636857  1.6766942],[ 0.7768067 -0.5491432],[-3.6610153  4.0885763],[0.29137698 0.21648735],[ 3.021979  -2.8885794],[-0.19699389  0.58878726],[ 0.37187067 -0.07501437],[ 1.9006913 -1.5696253],[0.26505685 0.09772439],[ 1.1937487  -0.77617073],[-1.839771   2.3719246],[ 1.5581995 -1.4198122],[-0.3435369  0.7742251],[ 0.3981977  -0.07435688],[ 1.0590966 -0.7570465],[-1.140544   1.5912526],[ 0.920587   -0.67483217],[ 0.903501   -0.66401404],[ 0.45653152 -0.11000907],[-4.005783   4.4730163],[-4.24293   4.704982],[ 2.1089847 -2.0396798],[-2.9597716  3.4290211],[ 1.721695  -1.5273677],[ 3.9600403 -3.9042082],[ 0.75488716 -0.44067577],[ 1.6032004 -1.4254533],[ 1.2051768 -1.0178353],[-1.6569815  1.9718987],[-0.19967285  0.73489213],[ 1.5852704 -1.2912382],[-1.0555795  1.4869792],[-1.7273494  2.163771 ],[-0.79398525  1.2609805 ],[0.01394759 0.5137536 ],[0.3303649 0.0697223],[ 0.97074014 -0.7438824 ],[ 0.6726241  -0.42674655],[ 0.71503705 -0.35719436],[ 4.2380304 -4.287012 ],[-0.0014543   0.33285928],[ 0.67402613 -0.4119417 ],[-0.6240107  1.054779 ],[0.23009501 0.31886166],[-0.30339417  0.73599184],[0.01010486 0.27296886],[-0.17373304  0.68568856],[ 4.5821857 -4.472413 ],[0.3406815  0.14067176],[-0.38410455  0.7824184 ],[-1.0890374  1.5527103],[-2.5602083  2.968883 ],[ 5.355645  -5.3582873],[0.06445853 0.5576503 ],[-0.0581855  0.6534642],[ 0.4724954  -0.09563601],[ 1.6874242 -1.4281561],[-0.23490697  0.7305935 ],[ 1.3844956 -1.0607235],[-0.22473347  0.5193243 ],[ 1.3167882 -1.0088534],[ 3.882616  -3.7637725],[-0.8171486  1.3910975]
[0.14062671 0.46597084],[-3.9688094  4.4558177],[-1.8730948  2.4599595],[-0.1953435   0.67900133],[-0.9414868  1.459914 ],[-0.23615566  0.7587304 ],[ 4.996312  -5.1533203],[ 0.5807242 -0.1945323],[ 1.1297127 -0.7666927],[-2.347093  2.749505],[ 1.181583  -1.0009329],[ 3.6669135 -3.6721075],[ 4.537603  -4.6237745],[ 1.9857689 -1.6041108],[ 2.5962389 -2.452915 ],[ 1.0253665  -0.75333816],[-1.2858161  1.8988317],[ 2.3246708 -2.1190903],[ 0.51232195 -0.11035011],[ 2.4728765 -2.27991  ],[0.39295885 0.03995744],[ 4.3493714 -4.2055087],[-0.43568116  0.9631692 ],[-3.2417855  3.7879462],[ 1.0133766 -0.6090663],[ 3.696788 -3.762444],[-4.9244094  5.413015 ],[ 0.4288245  -0.04468951],[ 3.0875642 -3.0785356],[ 1.8767717 -1.5603014],[ 4.058166  -3.8682332],[0.2732992 0.2559591],[-0.8738435  1.3428221],[-1.4046729  1.9433831],[ 0.9915706 -0.5526348],[ 2.5904605 -2.5395262],[ 2.014746 -1.856474],[-4.3433547  4.940562 ],[ 4.6329546 -4.683624 ],[ 1.7682352 -1.697557 ],[-0.00549575  0.4631649 ],[0.0134527  0.30613437],[-1.5782131  2.0296571],[ 5.9494495 -5.9526234],[ 0.9603154  -0.58460367],[ 0.92083055 -0.6008462 ],[-2.5649827  3.0113077],[-1.8191038  2.3626342],[ 1.5409472 -1.0962425],[ 5.0445123 -5.0740986],[0.20663457 0.2016527 ],[ 1.611876 -1.492297],[ 0.7428624 -0.4872111],[ 0.95798755 -0.6665189 ],[ 0.8250424  -0.49206337],[ 4.991722  -4.9524527],[-0.9344936  1.2476035],[0.2489267  0.12998301],[0.1117636  0.23144442],[ 5.4139905 -5.543722 ],[-4.7889876  5.257656 ],[ 2.145958  -2.0436168],[ 0.92965114 -0.7438928 ],[ 3.678275  -3.5338688],[ 0.37460226 -0.02442514],[ 0.33407506 -0.08205368],[ 1.5211389 -1.2751045],[ 1.3585522 -1.0567566],[ 4.429069 -4.365128],[ 0.8439553 -0.6310487],[-2.3171067  3.0993478],[-2.9606338  3.6007679],[-2.1973057  2.6862102],[0.23529276 0.18031153],[ 5.1236215 -5.1388164],[ 0.34345007 -0.06577916],[ 2.1041293 -1.912535 ],[ 0.8028008  -0.53393817],[0.19103153 0.2099351 ],[ 2.812446  -2.6945188],[ 4.730147 -4.380681],[ 3.6999164 -3.7291427],[-0.05830434  0.40464142],[ 1.403415  -1.0961347],[ 2.8333366 -2.874464 ],[ 4.404553  -4.4339833],[-0.49391314  0.88812625],[ 6.5806026 -6.587904 ],[-0.43321833  0.85534656],[ 2.351151  -1.9684126],[ 0.40819114 -0.03101068],[ 2.7665524 -2.6848435],[ 1.5466883 -1.2066582],[ 4.1535125 -4.24605  ],[0.34844735 0.11323313],[-2.9663994  3.570759 ],[ 1.4671831 -1.0858042],[ 1.4019508 -1.0193495],[-2.0193515  2.6019452],[-2.4654403  2.833924 ],[-2.0308094  2.4654086],[-3.968109   4.5720997],[-1.1694328  1.7007368],[ 0.46823704 -0.12191655],[ 0.64344764 -0.3908884 ],[0.35843578 0.00635806],[ 3.943226  -3.8004727],[-1.1256951  1.6019684],[0.33566675 0.08888834],[-0.76107335  1.3962281 ],[ 3.2814314 -3.1211743],[-0.45053586  0.99000704],[-2.593811   3.1391222],[ 1.910826  -1.7246509],[ 2.545462  -2.4371717],[-1.1652101  1.7334613],[ 2.3218198 -2.095736 ],[-3.702437   4.3318467],[ 0.40184385 -0.05229529],[-3.6042712  4.2495375],[-0.5948163  1.074071 ],[ 1.610916  -1.3553548],[ 4.051146  -4.0881796],[0.33324113 0.05957085],[0.11095195 0.47461787],[ 0.29811582 -0.00167096],[-0.7100915  1.2254245],[ 1.7173177 -1.491126 ],[-1.4288641  1.9895054],[ 3.84249  -3.797527],[ 5.509659  -5.4345694],[-1.8696016  2.348324 ],[ 3.8537526 -3.8408003],[-0.28355148  0.77182674],[-1.7142339  2.414616 ],[ 4.9570804 -5.0229216],[ 1.5298191 -1.2622603],[ 0.96498454 -0.509009  ],[ 0.9745802 -0.6225049],[ 0.44033965 -0.09668346],[ 2.5009336 -2.3323607],[ 2.4840076 -2.446369 ],[-1.0793296  1.6798564]
[-0.50263    1.1094097],[ 3.2343078 -3.314018 ],[ 2.789505  -2.8467903],[ 1.7754472 -1.8210338],[ 3.5653696 -3.50037  ],[ 2.5972085 -2.5161593],[ 2.7593808 -2.679748 ],[ 0.9453436 -0.7212235],[ 2.633347  -2.5881429],[-2.583556   3.0798643],[-0.6602815  1.3874621],[0.04334833 0.5140685 ],[-0.99415344  1.7873235 ],[ 5.792069 -5.704216],[ 2.8848953 -2.8652198],[ 3.2900443 -3.3437662],[ 3.1371572 -3.1313748],[ 1.8499    -1.6697586],[ 5.119414  -5.2607155],[ 1.2784383 -1.125356 ],[ 2.0422356 -1.9339459],[ 0.6706802  -0.32684064],[ 2.7118442 -2.351031 ],[-0.11624706  0.5695415 ],[ 3.0749996 -3.051327 ],[ 1.833106 -1.654627],[ 1.2914383 -1.0297312],[ 3.890004  -3.8733363],[-4.024507  4.616605],[ 3.0304735 -3.19679  ],[-0.6227398  1.1962693],[ 5.128242  -5.1037035],[ 5.3682947 -5.324012 ],[ 3.0308712 -2.9885235],[ 4.2493224 -4.1886177],[ 2.2843032 -2.2146611],[ 5.4638343 -5.508622 ],[0.16543603 0.39779347],[ 3.4995394 -3.5318472],[-4.3756824  4.9940686],[ 3.0731075 -3.1342452],[-1.7995509  2.4442034],[ 5.0455666 -4.98521  ],[ 2.366033 -2.232516],[ 1.2799122 -1.0713162],[ 2.9842184 -3.103096 ],[ 3.8752768 -3.749128 ],[-0.12928535  0.6600319 ],[ 3.0362504 -2.879144 ],[ 2.1983182 -2.0187554],[ 2.0146353 -1.9981505],[ 0.7444806 -0.4040185],[-0.1777504  0.7419638],[ 3.4977717 -3.3069012],[-0.7589893  1.4259288],[-0.9687001  1.5073814],[ 1.3355725 -0.9384668],[ 1.7970353 -1.5739052],[ 3.8750925 -3.888012 ],[0.4865252  0.02072304],[-3.594229  4.062803],[-0.07383579  0.5650539 ],[-0.9471243  1.7026656],[ 3.690642  -3.5765913],[ 1.0863138  -0.90816784],[ 3.962365 -4.04876 ],[ 0.5138403 -0.0380633],[ 1.9289234 -1.8755774],[-4.832129   5.4182043],[0.43723336 0.0247259 ],[-2.7979093  3.3550088],[0.1907626  0.27301362],[ 4.120682  -4.0621486],[ 5.4664865 -5.3462057],[-0.03573054  0.5288553 ],[ 0.61585456 -0.44287208],[-0.68833274  1.2557946 ],[-0.16154104  0.6443337 ],[-0.9170723  1.5360547],[ 2.897196  -2.9619522],[ 4.857974 -4.788608],[ 3.7417238 -3.8045459],[ 2.417461 -2.163575],[ 2.7224262 -2.7068138],[ 1.288326  -1.2234758],[0.16193818 0.36928725],[-0.00473564  0.48462525],[-1.3345689  2.0900173],[-0.04942638  0.59056383],[ 4.864341 -4.784819],[ 2.6477513 -2.6263592],[-0.07897353  0.4636992 ],[ 2.128208  -1.8914607],[0.33162686 0.01771719],[ 1.6383836 -1.5101782],[0.28289244 0.29165104],[ 2.1933846 -2.0687778],[ 2.257526  -2.1462162],[-0.56931853  1.0702931 ],[ 2.2415035 -1.8169509],[0.1275142  0.18734437],[ 3.9856622 -4.0440097],[ 0.44741908 -0.05331194],[-0.89372563  1.5238509 ],[ 0.747293   -0.49670628],[ 3.801302  -3.8596435],[ 2.7338321 -2.7255578],[ 0.42740315 -0.08187522],[-3.3976347  3.9235766],[-4.2528014  4.799215 ],[ 0.9389217 -0.6632311],[-4.5594234  5.110512 ],[-0.9277926  1.4330503],[ 2.3553846 -2.2988636],[-3.603765   4.2285933],[ 0.95148575 -0.85636425],[-4.5112667  4.9424253],[0.10358296 0.40502593],[ 2.0206108 -1.5525684],[ 2.963269 -2.895698],[ 3.7892704 -3.5847452],[ 2.0353565 -1.677069 ],[ 4.3354855 -4.3776493],[ 2.165923  -2.0812912],[ 1.8384799 -1.5380731],[0.22459833 0.15877527],[ 2.9095933 -2.7611668],[ 1.5599289 -1.4646853],[ 3.3173594 -3.3472228],[-1.447484   2.2140784],[ 5.009977 -5.025899],[-1.9948094  2.461975 ],[-2.1611326  2.9549363],[-2.3450794  3.035968 ],[-2.2750359  2.8933575],[-2.0795827  2.9248137],[ 2.9473903 -2.92772  ],[ 2.3153725 -2.1399093],[ 2.4938495 -2.214438 ],[ 1.5639423 -1.4102962],[ 1.8478277 -1.8268434],[0.1942327  0.37103513],[-0.9474365  1.6510236]
[-2.7363     3.1213293],[-4.607534   5.1152186],[-3.6107538  4.089891 ],[-0.7199664  1.3286185],[0.28067663 0.09454722],[-4.6224775  5.175556 ],[-1.6416317  2.411614 ],[-1.5869217  2.282494 ],[-2.5926824  3.073895 ],[ 1.397408  -1.1250359],[-4.949243  5.450193],[-3.8259342  4.426828 ],[-3.334145   4.0053296],[ 3.9317486 -4.0712905],[-3.9396398  4.5155673],[-4.611895  5.221631],[-3.2485352  3.9010103],[-0.10362332  0.47554877],[ 0.9049214  -0.57252324],[-3.021839   3.6333039],[ 3.8876143 -3.7483351],[-5.014523  5.4384  ],[ 1.4518359 -1.2946223],[ 3.6409585 -3.536008 ],[-1.0728937  1.6184427],[-1.5887145  2.0735168],[-3.135843  3.545007],[-4.012798   4.5392833],[-5.036706   5.5222254],[-1.7132751  2.3865132],[ 0.9015419  -0.69805247],[-4.166499   4.7341437],[-4.9003596  5.386491 ],[ 2.0393379 -1.9410237],[ 1.4715353 -1.2133254],[-4.578641   5.1546607],[-1.2832428  1.975298 ],[-0.53200895  1.0691899 ],[-5.491924   6.0571856],[-2.2034116  2.6605575],[-5.0065928  5.5905957],[ 1.4465635 -1.2947044],[0.19013825 0.2215665 ],[-2.487619   3.2225978],[-3.471325   4.1253557],[-5.019618  5.523524],[ 1.7390339 -1.569716 ],[-1.9395404  2.4502578],[-1.40432    1.9686068],[-4.016697  4.532813],[-3.1668277  3.7478216],[-4.469939  5.039166],[-2.8907435  3.5303447],[0.07314973 0.33553845],[-2.0716212  2.5340104],[-2.641669  3.146769],[-1.6613045  2.1744466],[0.22396782 0.18216515],[-4.8269105  5.3001194],[-3.4894464  4.1004252],[-2.0514436  2.2928224],[ 0.8598427 -0.7064225],[-2.784892   3.4687202],[-1.2401067  1.738515 ],[-2.9479892  3.5348341],[-1.4114189  2.029616 ],[-2.4296272  3.056076 ],[-1.1223985  1.7965301],[ 2.5484202 -2.5159833],[-2.9282327  3.5861118],[ 0.5084521  -0.12308456],[-5.247014   5.7582636],[-0.49424675  0.9823395 ],[-4.5429797  4.8871784],[-5.578683   6.0948052],[ 0.4778824  -0.22596365],[-0.914547  1.413428],[-2.8020482  3.4015691],[-1.5231147  2.1900513],[-1.950562   2.4210281],[-0.69296634  1.2177778 ],[-5.071728   5.6309247],[-1.5282247  1.9932066],[-2.061132   2.6823595],[-3.9909418  4.6417584],[-4.5369124  5.1488004],[ 1.4239507 -1.1952055],[-4.030815   4.5727744],[-1.6461632  2.242828 ],[ 1.5172101 -1.2493536],[-4.12031   4.638695],[-5.0013304  5.5419035],[-0.24721453  0.7194538 ],[ 1.818912  -1.7837168],[-1.8959557  2.3992612],[-4.05109    4.4800262],[-0.6017769   0.98934674],[-0.6116995  1.0023363],[ 2.2120829 -2.0349658],[ 5.904803  -5.8944283],[ 6.270113  -6.1532273],[-4.7197495  5.3216834],[-1.41248    1.8650895],[-2.69336    3.2247074],[-5.00387   5.588492],[-1.9715543  2.6474934],[-1.2164124  1.862124 ],[ 4.5015798 -4.4823613],[-1.3071281  1.8200405],[-3.9271274  4.3928466],[-0.13780625  0.45033723],[-3.2044294  3.495742 ],[ 6.352466  -6.2437124],[-1.6115959  2.166172 ],[-1.0501481  1.6195935],[-2.4765213  3.140923 ],[ 1.297929   -0.91732645],[-0.1460465  0.6486036],[ 5.3204765 -5.2201986],[-0.00102766  0.49319187],[-4.275815   4.7580924],[ 1.0200634 -0.8764584],[-3.6404345  4.3212457],[-2.1714156  2.9300683],[0.22585    0.15634924],[-1.8428881  2.2267957],[-1.204602   1.7963517],[ 0.499513  -0.1062092],[0.05986792 0.43108398],[-5.1567006  5.650011 ],[-4.0822115  4.756565 ],[-2.4355555  2.9142988],[-5.079324   5.7115865],[-1.5925279  2.1677022],[-3.5227559  3.9679532],[-5.211839   5.8042173],[-0.68608403  1.2716961 ],[ 2.3421643 -2.2009537],[ 2.926728  -2.8754888],[-0.47748473  0.8605761 ],[-0.12216744  0.60551584],[-0.75525844  1.3486068 ],[-2.9780886  3.4846714]
[-1.5205323  2.0707808],[0.00847374 0.39305755],[-3.0175076  3.6146305],[-1.3040985  2.0092027],[ 0.563049   -0.20830652],[-2.7712066  3.1896572],[-2.8754895  3.4362218],[-0.4184551  0.8764727],[-0.3300918   0.78002083],[ 1.092649  -0.7151198],[-2.7554538  3.2583168],[-3.31059    3.9806476],[-4.0863385  4.6582685],[-3.4110174  4.143256 ],[-1.155087   1.8320922],[-1.5055212  2.1640399],[-2.1853333  2.8170514],[-0.8598105  1.3391604],[-2.4460218  3.1103044],[-2.4565518  3.1137056],[-0.6168485  1.0573671],[0.07460088 0.31617728],[-1.0166498  1.6646731],[-3.2484128  3.6974702],[-0.7001275  1.1340753],[-0.67950946  1.174365  ],[-0.76764315  1.1869154 ],[-0.17852439  0.46248803],[-3.310994   3.6358378],[-1.6892473  2.3086226],[-3.4596775  4.0501733],[-3.2459257  3.808849 ],[ 3.4806914 -3.2704425],[ 0.9888691  -0.74696124],[-0.8654971  1.2572149],[-3.946615  4.399079],[-4.26939    5.0176353],[-3.9212232  4.450135 ],[-4.960695   5.4330544],[ 0.4538478  -0.18776718],[-1.6967592  2.2722306],[ 0.31774136 -0.24475461],[-0.19811192  0.70936286],[-4.937989  5.505159],[-2.460462   2.9254627],[-2.3376167  2.773163 ],[-1.0707964  1.6015857],[ 2.0914237 -1.9327526],[ 2.541948  -2.4225945],[-4.4236135  4.9868393],[-0.89635944  1.3455662 ],[-2.60014    3.1474462],[-4.7657976  5.378171 ],[-3.4955924  3.797141 ],[-1.2095675  1.76594  ],[-2.6175027  2.9845877],[-0.78107476  1.3393892 ],[0.20879233 0.20634842],[ 0.6424498  -0.47339937],[-4.730179  5.215359],[ 3.6082263 -3.2981083],[-4.4128413  5.030083 ],[-2.8784058  3.4061024],[ 2.5439641 -2.4880145],[-4.738984  5.231725],[-2.713097   3.2580361],[ 1.1674666 -1.0089781],[-3.0383086  3.5618038],[-0.9767043  1.481822 ],[-2.7791321  3.203268 ],[-0.16245614  0.42040774],[-3.5146565  3.8674107],[-0.31384093  0.7210149 ],[ 5.9840755 -5.9754243],[-1.6121053  2.1691427],[-0.45262071  0.81754863],[-0.50709474  1.0082965 ],[-1.7297524  2.2559829],[-2.826489   3.2347627],[-0.6837048  1.1725603],[ 0.73970103 -0.43888053],[-1.5591217  1.9470824],[ 2.1550865 -1.9374716],[-1.1375128  1.8493783],[-3.813621  4.371614],[-4.937086  5.385859],[-1.5021929  1.9644092],[-1.9951222  2.5709145],[-2.2417629  2.7396238],[ 0.6618277  -0.46029484],[-0.5684403  0.9465392],[-3.2784166  3.656237 ],[-0.5727188  0.9711343],[-4.5984726  5.1929855],[ 1.7649231 -1.7176743],[-1.5622628  1.9783319],[-0.05343352  0.38206756],[-0.07900736  0.40778133],[-1.4783483  2.0806165],[ 1.3768501 -1.0577801],[ 2.728834  -2.4726558],[-3.6701446  4.2615   ],[ 0.2443245  -0.02502778],[-3.3320262  3.9424589],[-4.367722   4.8509274],[-3.424853  3.954287],[0.16433181 0.21327114],[-4.3101377  4.987113 ],[-0.8843963  1.2929504],[-0.27098203  0.68085   ],[-0.8275791  1.2618779],[-2.9649906  3.4504712],[-0.50313306  0.93295   ],[ 0.6797124 -0.5271596],[-3.0076668  3.5107493],[-2.3724468  2.9710066],[-0.7078156  1.1590596],[-5.161768  5.754308],[-1.6697245  1.9512625],[-1.1077076  1.6688343],[0.11089561 0.25368077],[-0.95323724  1.4489465 ],[-3.1568677  3.732685 ],[-2.4349942  3.0915697],[ 1.5623813 -1.4155959],[ 4.662789 -4.571626],[ 0.9234839 -0.7035448],[-1.1817837  1.8000239],[ 0.7922453  -0.49895146],[ 0.6186657  -0.45334402],[-4.57755   5.236992],[ 2.2038586 -2.0344303],[-4.778876   5.2442427],[-0.02590826  0.3400752 ],[-1.4803076  1.9425241],[-3.620886  4.136469],[-2.0507224  2.7336876],[ 0.5446734 -0.1984348],[-2.4277256  3.027306 ],[0.18117993 0.11182442],[-0.2084221  0.6465315],[-2.1048098  2.8079247],[-0.8437911  1.251047 ]
[ 2.482226  -2.2632797],[ 1.7489487 -1.4997622],[ 0.97586405 -0.70064217],[ 0.8355204 -0.5590323],[0.16918974 0.29362175],[ 3.2764976 -3.060471 ],[-3.506728  4.056792],[ 2.341201  -2.3449323],[ 3.1042387 -2.830863 ],[-0.56267166  0.9392696 ],[ 0.52893317 -0.2631126 ],[-2.9819932  3.485385 ],[ 1.0862738 -0.8791986],[-1.0578107  1.7825425],[-1.0300069  1.6921521],[-1.2321144  1.8383245],[-1.5900766  2.1001787],[0.28511882 0.18991154],[-0.46369115  0.9808382 ],[-0.5745942  1.1904643],[ 1.1691508  -0.97317594],[ 3.5886126 -3.3449547],[-4.026604  4.427034],[-1.5134251  1.947169 ],[ 1.9369996 -1.7771347],[-0.688233   1.2406603],[ 2.808579 -2.497814],[ 1.7425606 -1.5353149],[ 2.8139198 -2.6117241],[-0.15922585  0.6581438 ],[ 1.4131728 -1.1651512],[ 2.0124934 -1.5825257],[-2.0535593  2.5572526],[-0.5605249  1.1718993],[-1.541859   1.9560335],[-2.4526556  2.9365737],[-3.0804474  3.677993 ],[-2.3339696  2.7700884],[-1.2000136  1.6109499],[ 3.0225275 -2.907323 ],[ 1.7467203 -1.6458588],[-2.1384065  2.8196967],[-1.4411016  1.974152 ],[ 3.375988  -3.2244136],[ 2.5178788 -2.5725148],[ 1.4802545 -1.2071408],[-0.05864967  0.5138464 ],[ 1.800735  -1.6888919],[ 2.9703789 -2.7902   ],[-2.2261095  2.716841 ],[0.05884953 0.4630737 ],[-0.6986186  1.1761957],[-4.538951   4.9570413],[ 1.202914   -0.82939017],[ 0.43192273 -0.10106807],[ 3.28196   -2.8535788],[ 0.3614853  -0.09217283],[-0.49615565  0.9866189 ],[-0.9786642  1.5671637],[-1.0448412  1.5088896],[ 3.2466524 -2.928578 ],[-1.6668141  2.2087502],[ 3.0956435 -2.9739735],[ 1.4572493 -1.2682073],[ 0.97250164 -0.6794228 ],[ 1.6297735 -1.517437 ],[0.22971667 0.0908717 ],[ 1.3402615 -1.0489239],[ 1.9190055 -1.8237021],[ 1.0951695 -0.6273001],[ 1.0153639  -0.67990243],[ 2.3128493 -1.9483864],[-0.21204147  0.7548527 ],[-1.1248264  1.6790177],[-3.0893042  3.4777732],[-0.49547902  1.0157498 ],[ 1.0971631  -0.98339826],[-1.833529   2.4214368],[ 1.2297161 -1.0758492],[ 2.0727813 -1.8488209],[ 0.7166524  -0.23367813],[-0.493777    0.96338737],[-0.48316124  0.8512528 ],[-3.3560607  3.8965585],[ 1.0186375 -0.5441232],[ 5.6061907 -5.5782886],[ 1.0778028  -0.72934616],[ 0.92413634 -0.6452481 ],[ 2.3886554 -2.3518717],[ 4.068386  -3.9350896],[ 1.3028095  -0.98299235],[ 1.0112927 -0.5912836],[ 0.5793505 -0.1409634],[0.20259763 0.34832945],[ 0.62084    -0.23132598],[-0.71250623  1.1043942 ],[ 0.45716405 -0.07916366],[ 0.47613296 -0.09629558],[ 0.87379897 -0.6034153 ],[ 2.0998511 -1.8213309],[ 0.95033777 -0.6137097 ],[-2.8458512  3.3154917],[-0.07637726  0.4869239 ],[0.20713666 0.40445396],[ 1.3165208 -1.0700971],[ 1.2603365  -0.99089223],[ 1.3305659 -1.0915023],[-3.6792924  4.094109 ],[ 1.0303502 -0.7264619],[ 1.3778163 -1.1920531],[ 4.2906013 -4.06242  ],[-0.4139575   0.81172323],[-0.42026553  0.72385794],[-1.4261057  2.0984209],[-0.18326578  0.65427285],[-3.5170534  4.0937   ],[-1.4656836  1.9198436],[-2.774356  3.052438],[ 5.6861343 -5.680035 ],[-3.2837725  3.8681066],[ 3.1043968 -2.8749292],[0.37354642 0.00759838],[ 0.68005216 -0.35081866],[-0.91058195  1.4528912 ],[-0.38479415  0.8791974 ],[ 2.4662678 -2.2472405],[-0.43956086  0.94383854],[0.1268782  0.41241974],[-3.227327   3.7585914],[ 3.1869268 -3.029089 ],[-2.9747467  3.545143 ],[ 3.5583806 -3.3214111],[-2.5782075  3.0395155],[-3.1057756  3.5937026],[-1.508669   1.8780576],[ 0.84666187 -0.6793685 ],[-0.95385295  1.4762295 ],[ 0.54804856 -0.13815632],[ 1.8102528 -1.6212771],[ 1.614038  -1.3028163],[ 1.0701054  -0.86719227],[ 2.435333  -2.3353286],[-2.050087   2.5365682]
[-3.0085993  3.4341729],[-3.395243   3.8563495],[-1.8540628  2.4260285],[-3.7247412  4.355629 ],[0.06672962 0.47665778],[-1.7227159  2.1819131],[-4.0491614  4.4840865],[-3.6321154  4.3622785],[-0.49452356  0.9847573 ],[-2.3179455  2.7081945],[-4.7158904  5.2035046],[-3.4394867  3.9191816],[-3.66332    4.2262764],[-3.7082534  4.366411 ],[-5.115894   5.6358366],[-5.299763  5.772455],[-3.0301445  3.6159394],[ 0.7530773 -0.3909192],[-0.58505714  1.2169937 ],[-4.918756   5.3489375],[-0.02127067  0.5649749 ],[-4.9727645  5.482066 ],[ 1.3419672 -1.0175389],[-3.3091571  3.5694506],[-1.8540193  2.501258 ],[-2.4839542  3.225921 ],[-2.2451992  2.5882027],[-3.3292217  3.8343294],[-4.714092  5.133933],[-1.1476672  1.8101925],[-0.30016464  0.773666  ],[ 0.38945532 -0.02396296],[-1.734174   2.4238012],[ 0.9110576 -0.6118505],[-2.2660215  2.7006948],[-5.213769  5.705053],[-3.8902378  4.4121346],[-3.7216258  4.2070093],[-3.2988756  3.723004 ],[-2.8963268  3.4012592],[-3.9566858  4.55198  ],[-0.00313868  0.23901132],[-4.402577  4.926054],[-4.7936864  5.44235  ],[-0.90273786  1.4594966 ],[-2.678022   3.1865678],[ 1.5673467 -1.2857392],[-2.3941917  2.8755758],[-1.7676581  2.3104818],[-4.5608773  5.098393 ],[-3.4632418  4.1321044],[-2.9182134  3.3840628],[-4.3413177  4.842999 ],[-2.848479  3.120068],[-4.1226964  4.68598  ],[ 2.5572577 -2.3455372],[-4.3091297  4.801155 ],[ 0.6634642  -0.34752402],[-3.5565917  4.108621 ],[-3.9267876  4.3961697],[ 2.6417685 -2.3286479],[-2.2039726  2.7559066],[-1.5132569  2.3357518],[-3.2713256  3.8393302],[-2.3752952  2.8621025],[-2.4499502  3.0992908],[-3.14154   3.945722],[-0.95121545  1.5156059 ],[-4.263234   4.8307276],[-2.71383    3.0035362],[ 2.248775  -2.0006282],[-2.3984704  2.924072 ],[-0.9690874  1.5706908],[0.13455923 0.4065915 ],[-1.2378541  1.8187501],[-0.38340226  0.7970526 ],[-2.8967245  3.5371218],[-3.943227   4.4028373],[ 2.0413218 -1.8804178],[-1.2312242  1.8987919],[-2.0495963  2.5938702],[-1.640867  2.226222],[-2.3313932  2.9481807],[-4.4334908  4.9878316],[-1.002703   1.4912902],[-4.1258435  4.669096 ],[-4.4295125  4.9218645],[-3.9867318  4.6570134],[-2.392697  2.95497 ],[-2.2096019  2.8507485],[-3.60379   4.323211],[0.06452588 0.36114043],[0.29548952 0.07846843],[-1.5987813  2.0165129],[ 0.9233102  -0.52820534],[-3.6628156  4.084188 ],[ 3.271099  -3.1159723],[ 3.2934737 -3.1372154],[ 3.100985 -3.139025],[ 3.323268  -3.0609846],[ 3.2570207 -3.0752747],[-3.7760322  4.2431917],[-2.828749  3.388284],[-0.48793593  0.9511521 ],[-3.5832279  4.1194177],[-0.74934083  1.3573261 ],[-0.07455271  0.5704144 ],[ 3.7057745 -3.4997478],[ 0.7855865 -0.4476271],[-4.3513713  4.8560925],[ 0.5619517  -0.17668611],[-1.1142768  1.404062 ],[ 2.4811945 -2.1294   ],[0.2183493  0.16025761],[-3.1809452  3.6204343],[-4.172476  4.684627],[-0.4503179  0.9224916],[-2.90553    3.3761878],[-0.4704512   0.92202073],[-0.16814692  0.7459478 ],[-3.845291   4.4421735],[-0.07899646  0.6486889 ],[-4.587955   5.2501407],[-0.15550293  0.61866206],[ 0.9898388 -0.7751554],[-3.2348323  3.5718503],[-0.7739425  1.1947687],[-4.1468034  4.83294  ],[-1.6756256  2.4739013],[-1.2264534  1.8412594],[-2.5084035  3.061531 ],[-2.0953577  2.5894868],[-3.070498  3.538702],[-3.64601    4.2009573],[-2.7137055  3.1361394],[-3.0988064  3.652454 ],[-0.2729859  0.7798561],[ 1.1880133 -0.9147988],[-3.3468459  3.9749718],[0.2952477  0.01685617],[-0.22567603  0.78114283],[-4.423315  5.051279],[-1.8800882  2.4261696]
[-1.3320118  1.7305957],[0.00595597 0.34469777],[-0.37559226  0.8577813 ],[-3.5672512  4.152958 ],[-4.92659    5.4420137],[ 2.2091348 -2.0908637],[-1.3430392  1.7250698],[-4.9743767  5.427876 ],[-2.2873144  2.7790728],[-2.694251  3.06103 ],[-1.0722818  1.5009822],[-1.9148706  2.325215 ],[-1.5193918  2.118465 ],[-2.8996737  3.4093235],[-0.7950883  1.2966024],[-0.21870601  0.6879588 ],[-3.9710886  4.3020773],[-1.7912896  2.265759 ],[-5.472589  5.979952],[0.1972241  0.24203253],[-4.9025984  5.457408 ],[-0.04363888  0.3821508 ],[-4.4687514  4.9869905],[ 2.0010543 -1.6598154],[-3.6948092  4.172688 ],[-3.1876693  3.8159473],[-1.571929   1.8657176],[-4.0395603  4.408438 ],[-0.11037652  0.4771041 ],[-5.283786  5.74627 ],[-1.1003805  1.599223 ],[-1.8432771  2.1912267],[ 1.9449706 -1.9966614],[-3.7695596  4.405112 ],[-1.39872    1.7585455],[0.19777155 0.19006881],[-2.40966    2.8380063],[-3.2083893  3.5251622],[-0.25556695  0.73059285],[-0.8596953  1.3673575],[-4.2432885  4.6675887],[ 3.6354039 -3.7256029],[-2.2590613  2.7910004],[-3.2615047  3.7069464],[-3.8611     4.3713536],[-3.247007   3.6237824],[-4.282687   4.9059615],[-1.0999075  1.4454783],[-4.2079782  4.7950535],[ 2.7516193 -2.494007 ],[-4.404051   4.9257784],[-1.5547676  2.1736863],[-1.6630054  2.0490346],[-0.52459997  0.78114194],[-4.7052016  5.0633388],[ 0.7184805  -0.42197624],[-0.8975536  1.2407733],[-5.114547  5.672576],[-5.1642494  5.5505304],[0.28840336 0.01786352],[-2.5871613  3.0078855],[-4.3672533  4.83875  ],[-3.895962  4.436778],[ 0.71360123 -0.45225683],[-2.3370907  2.6890194],[-4.2647567  4.7512236],[-2.7378657  3.3285344],[-4.7540827  5.181377 ],[ 0.9484136 -0.689023 ],[-2.6326015  2.9362414],[-0.4118199  0.6837223],[-1.5206957  2.0430524],[-5.0034857  5.5459533],[-5.693595   6.1482873],[-3.2949653  3.6885493],[-3.8893464  4.431691 ],[-4.8811793  5.4367228],[-2.9978027  3.447395 ],[-4.588291   5.1852503],[-5.4750233  5.895089 ],[-1.9894071  2.3300033],[-1.0084579  1.4415505],[-4.5123487  5.003926 ],[-0.5411451  0.9940599],[-2.0508103  2.5811112],[-1.4783797  2.0141788],[0.15622243 0.28825685],[-5.2578216  5.6383853],[-2.1570034  2.5053723],[-4.2114096  4.7455177],[-4.2597504  4.6184096],[-0.15284331  0.3165971 ],[-3.451995   3.9541955],[-1.8082511  2.3024006],[-5.103198   5.5387034],[0.3167949  0.02586541],[-3.5561059  3.8794773],[-3.6422744  3.9669943],[-2.1569588  2.858547 ],[-0.9247511  1.3359671],[-1.5112902  2.0260332],[-1.3541905  1.7940465],[-1.2592645  1.7374259],[-3.2677743  3.7625847],[-0.7925522  1.2945986],[-5.469853  6.002274],[-5.643813  6.160563],[-2.1935096  2.8123412],[-1.4792126  1.8705484],[ 0.9012154  -0.75266653],[-1.655477  2.177788],[-1.5257264  1.7946377],[ 1.8271775 -1.4490881],[-5.5590615  6.0434785],[-3.4946377  3.882034 ],[-1.0667883  1.5278188],[-2.227444   2.7040832],[-1.2599549  1.6464449],[-1.5566113  2.2405984],[-4.6660767  5.1970224],[-2.709979   3.1447153],[-0.96919066  1.5234032 ],[-2.7582493  3.292734 ],[-2.1137714  2.769197 ],[-4.364914   4.9265637],[-2.6517954  2.9304435],[-2.8570266  3.3153958],[-5.3083425  5.782356 ],[-4.996349   5.4957895],[-4.502863  5.007693],[-1.5552207  2.108108 ],[-1.3053036  1.8549471],[0.2568306  0.09563828],[-2.2217624  2.445686 ],[-0.6972692  1.0804033],[-0.63948023  1.0108941 ],[-4.3360553  4.9225163],[-2.9399655  3.4783697],[-0.99304086  1.44238   ],[-2.349731   2.6268687],[-4.926083   5.4392877],[-0.99339706  1.5810395 ],[-1.077111   1.2933753]
[ 0.79495937 -0.5280602 ],[ 0.5227922  -0.12684084],[-0.7947703  1.3707919],[-3.9509985  4.4376783],[ 3.3997366 -3.4575357],[-1.9048744  2.3809783],[-0.7240298  1.0556992],[-0.7495321  1.1681172],[ 1.4649838 -1.2046558],[ 4.2327485 -4.2129407],[ 2.3830223 -2.2543585],[ 2.236514  -2.1427104],[-3.7082224  4.0927258],[-0.79915357  1.251329  ],[-0.6001339  1.0112405],[ 1.1636776 -0.8659401],[ 1.040945   -0.84496886],[ 2.5394075 -2.4134073],[-0.5722692  0.9529062],[-0.65379834  1.112635  ],[ 0.5280751  -0.09387757],[ 4.3408947 -4.1307   ],[-0.69919616  0.9692967 ],[-1.333168   1.4801424],[-0.5577531  1.0249233],[-1.2978908  1.7435639],[ 0.84889835 -0.7116401 ],[ 1.1132032  -0.78893137],[-0.15990865  0.46506247],[-2.0609026  2.412583 ],[-0.23804158  0.6181705 ],[ 4.9581566 -4.8432207],[ 1.896652  -1.6629934],[-4.0365915  4.582525 ],[ 2.463557 -2.1042  ],[ 1.3523833 -0.9517695],[-1.914336   2.3622727],[ 1.4447808 -1.1499856],[ 0.77016443 -0.46566114],[ 0.44938135 -0.08874778],[-0.48208824  0.94235736],[-2.7220862  3.3890958],[ 1.1604401  -0.94535613],[ 2.925131  -2.8157034],[-1.5047714  2.015381 ],[0.03987207 0.21879685],[ 1.3189467 -1.0892799],[ 1.3746686 -1.2618713],[-1.3625599  1.8427855],[ 0.36546904 -0.10741746],[ 0.325194   -0.05808792],[-1.704763  2.115077],[ 0.85581297 -0.5539081 ],[ 1.7811244 -1.4687897],[-0.30054137  0.632109  ],[ 4.8256426 -4.73235  ],[0.03285049 0.25883085],[ 1.1023735  -0.81742203],[ 1.0582079 -0.8771299],[-0.2830515   0.56920564],[ 2.6367764 -2.4889848],[-2.2349417  2.6792178],[ 1.7096311 -1.5598694],[ 1.4052153 -1.3171256],[ 2.0210478 -1.8956698],[ 1.88656   -1.7025005],[ 1.8842337 -1.8203208],[ 0.8249284 -0.6461368],[ 1.95935   -2.0050113],[-0.1665619   0.47683486],[-0.10817677  0.409352  ],[-0.24667865  0.55367035],[ 2.5996366 -2.4161205],[ 4.5952253 -4.4499407],[-0.4863046   0.80020696],[-0.76485014  1.1016253 ],[-2.0471168  2.5289724],[-0.168146    0.53871757],[-4.9540133  5.34323  ],[-0.5220665  0.9190915],[ 0.75038064 -0.37462014],[ 0.43895897 -0.20269874],[ 2.2616446 -2.0194962],[-3.8367758  4.3221855],[-1.7162604  2.1859546],[-1.4554466  1.8140178],[ 3.6069984 -3.5746505],[ 4.0854   -3.882593],[-1.8483528  2.0937748],[ 1.2547152 -0.932787 ],[0.0201901 0.3823098],[ 2.4592    -2.2903864],[-0.71497047  1.0668472 ],[-0.23577514  0.58192325],[ 1.1599773  -0.92907244],[-1.048689   1.4407576],[ 1.9940984 -1.6755018],[ 2.1479452 -1.8335527],[-4.0503473  4.559666 ],[-0.6744635  1.1696241],[ 2.242108  -2.0745528],[ 2.236492 -2.039386],[-2.1777174  2.460822 ],[-2.8693295  3.3025928],[-0.5700628  0.9894469],[ 1.815334  -1.6627368],[-2.9057071  3.2040694],[-5.064075  5.516516],[0.02256053 0.3570874 ],[ 1.9648081 -1.8237981],[ 2.6475506 -2.4824886],[-0.6069542  0.8276512],[ 1.2187239 -1.0750208],[ 3.2150226 -3.0718575],[ 0.3945041 -0.0606291],[ 2.3502803 -2.1116786],[ 3.1337743 -3.0172184],[-1.0854156  1.5585114],[-4.0968976  4.5602636],[-2.658297   3.0624626],[ 0.48328978 -0.08066964],[-2.426077   3.0829864],[-3.1932113  3.593765 ],[-3.7332504  4.2415915],[ 2.9581487 -2.984115 ],[ 2.4612567 -2.192326 ],[-1.888071   2.2034414],[-0.8014629  1.2484738],[-1.9529533  2.3463893],[ 1.0866705 -0.8235441],[ 1.9989358 -1.7248297],[-1.1816164  1.7052009],[ 0.76887304 -0.5486632 ],[ 1.1890973 -1.0083313],[ 0.63840234 -0.4000366 ],[-0.08315851  0.41515073],[-2.4091992  2.9289823],[ 1.0506864 -0.7670721],[ 2.2108202 -2.1322796],[ 2.6218784 -2.3504064],[ 2.7742236 -2.7723029],[-1.4035614  1.8578371],[ 1.0554612 -0.8994386]
[0.2312631  0.12716311],[-0.746327   1.1350237],[-4.390352   4.8334227],[-3.2575855  3.7283163],[-4.9460616  5.4714494],[-0.87844604  1.3288658 ],[ 1.050631  -0.8853032],[-1.7854749  2.160704 ],[-2.7584875  3.2934456],[-0.11550865  0.5199298 ],[-2.6460624  3.064489 ],[ 1.0691713  -0.81843233],[-3.0327528  3.4220746],[-2.5672166  3.018605 ],[ 1.8845226 -1.8176059],[ 1.0716418  -0.96316445],[ 0.35557547 -0.13601133],[-1.1592004  1.5963198],[-3.6380496  4.0267534],[-2.6699808  3.0795743],[ 1.9205999 -1.7580065],[-3.473326   3.7218406],[ 4.434608 -4.259568],[ 5.7911296 -5.7605333],[-3.3330615  3.8205583],[-3.5543773  3.9856896],[-3.0728612  3.3957653],[ 5.398117  -5.3050265],[ 1.0489954  -0.66621345],[-1.9079833  2.2658374],[-0.7233548  1.2821753],[-2.9369895  3.4258432],[-2.841828   3.2802007],[-3.8583848  4.395134 ],[ 4.074773  -3.8978553],[ 1.2829645 -0.9830072],[-0.2809509   0.69650316],[ 0.3583974  -0.08558097],[-0.16783465  0.44955295],[-3.9363225  4.311242 ],[-1.8742932  2.29591  ],[-4.104218   4.4380174],[-4.342635   4.7040873],[-2.15962   2.635291],[-4.9304466  5.3754373],[-2.7424533  3.1761837],[-1.7057921  2.3277225],[ 0.72407603 -0.5030825 ],[-3.1155176  3.571228 ],[-0.41374472  0.8432093 ],[ 1.038454  -0.9967639],[-0.6029564  0.9791502],[-0.72347903  1.1826065 ],[ 6.1590447 -5.974241 ],[-0.0703471   0.33582765],[ 0.53573054 -0.24127427],[-0.44081578  0.85338587],[0.01813509 0.44941005],[-1.2494191  1.4858671],[0.2491686  0.15796766],[ 2.5494993 -2.4955142],[-1.9488332  2.267059 ],[-2.6973913  3.231819 ],[-4.554867  5.177552],[-2.1778014  2.695163 ],[ 0.8827475  -0.70787996],[-3.1479237  3.8041837],[-2.2529328  2.6480398],[-2.8158226  3.505673 ],[ 5.583255  -5.4833155],[ 0.6085116  -0.09386704],[-1.3072069  1.7973843],[-3.732236  4.108538],[-3.7969956  4.3454266],[-1.8107011  2.0659716],[0.11163969 0.15378678],[ 1.1104206  -0.91651934],[-1.5118294  1.9677209],[ 3.0582516 -2.8796206],[-4.527826  4.868104],[ 4.906467  -4.9529696],[-2.6349697  3.1056783],[-2.5941823  3.044078 ],[-2.2390268  2.630401 ],[-0.9601256  1.3303283],[-0.8196462  1.2822742],[ 0.5941444 -0.2653118],[ 2.152193  -1.9266131],[ 0.8652202  -0.71368486],[-3.9087777  4.4875216],[ 0.85275996 -0.58077323],[ 2.8348322 -2.6197858],[-0.5921725  1.1251395],[ 2.7043405 -2.644555 ],[-4.028392   4.5164704],[-0.35121512  0.68961185],[-0.54749864  0.8256474 ],[-0.7214202  0.9728532],[-2.4595976  3.0958762],[ 0.5759602  -0.37404266],[-0.7858178  1.3916316],[ 1.3479023 -1.0904961],[ 3.253844  -3.3400671],[-2.2719576  2.5355337],[-0.87467355  1.3646626 ],[-2.8233876  3.2143764],[0.07152908 0.384874  ],[ 1.6762214 -1.3337364],[-0.93765354  1.3706511 ],[ 1.3048135 -1.0023487],[-4.2225585  4.784329 ],[ 2.002663  -1.7382576],[-1.0580459  1.6492223],[-3.3522985  3.8192263],[ 0.3496812  -0.07979357],[ 1.2424744 -1.1921253],[ 3.894108  -3.9564872],[-0.276931    0.60478437],[-0.21338406  0.7178397 ],[ 0.56265146 -0.30325598],[-2.277785   2.6639924],[-2.2540665  2.8808792],[0.0972357  0.28472412],[-1.0484172  1.4740582],[-3.50242    3.9496398],[ 6.3156204 -6.2199764],[ 4.943879 -4.832166],[-0.45518395  0.9219788 ],[ 2.8185658 -2.5709498],[-1.3128704  1.8499942],[-3.9096582  4.34406  ],[-1.6979144  2.2332664],[0.18223885 0.20993176],[0.2842153  0.02735496],[ 0.45938239 -0.18858996],[-0.9005727  1.4329805],[-1.420166   1.8993034],[-0.27287465  0.7086447 ],[ 1.4277456 -1.2386632],[ 4.359368  -4.3150396],[-5.4414654  5.9226236],[0.21369676 0.18099633],[-0.5048459  0.5397737]
[-0.8628693  1.3142016],[ 0.7742637 -0.5776981],[ 0.70198894 -0.4417792 ],[-0.9082526  1.3584212],[-3.1764102  3.6118958],[-3.1921606  3.7051735],[-1.6301068  1.9446735],[0.10965267 0.27919254],[ 2.141645  -2.1289868],[ 3.3031645 -3.3131044],[ 2.0764444 -2.082919 ],[ 2.5569057 -2.5650365],[0.13097683 0.1859065 ],[ 1.4999468 -1.3524998],[ 2.3183503 -2.2537918],[-0.10933574  0.42572734],[-2.034893  2.605214],[-1.7197337  2.227303 ],[ 0.7475992 -0.4169145],[ 3.663512  -3.6195343],[ 3.335802  -3.3522453],[ 4.6690907 -4.5269527],[ 5.6070185 -5.6359816],[-0.4134213  0.7747768],[-1.6686882  2.1557794],[ 2.3828642 -2.4052732],[ 1.2842467 -1.2683733],[ 3.456746 -3.435581],[ 3.0612242 -3.061248 ],[-0.17825072  0.57924825],[0.27248722 0.08128552],[ 5.3438935 -5.408018 ],[ 3.1508865 -3.13713  ],[-0.7960115  1.480888 ],[ 0.4686145  -0.27218276],[ 3.8447595 -3.890404 ],[-2.87587    3.2394161],[ 3.674249  -3.8223639],[0.2310182  0.04638777],[ 2.9400861 -2.8558872],[0.15336801 0.24922106],[ 1.6737493 -1.4998577],[ 4.27597   -4.3445606],[-0.73719776  1.2739885 ],[-0.2883423  0.6338317],[ 1.3523667 -1.1457952],[-1.221787   1.9556978],[ 3.2542686 -3.162371 ],[ 1.876626  -1.6553508],[-1.0002682  1.4606246],[0.16195463 0.14006895],[ 3.4229345 -3.4810252],[-0.59449166  1.0427926 ],[ 3.4534318 -3.4003522],[ 2.3244624 -2.0875235],[ 4.6039553 -4.4624443],[ 0.60639006 -0.46228567],[ 3.0517476 -2.9995313],[ 3.9270978 -3.819033 ],[ 1.7325749 -1.6909366],[ 0.6945804  -0.37963748],[ 2.2481415 -2.1560395],[-2.1371632  2.5837822],[-0.17979255  0.5746834 ],[ 1.0243845 -0.84238  ],[ 1.5197071 -1.4463913],[-2.2808285  3.008615 ],[ 1.2803386 -1.2233632],[-5.122567  5.652598],[ 4.259111  -4.2906923],[ 5.6024218 -5.5779433],[ 1.141655  -0.9058325],[ 0.76694524 -0.47445083],[ 1.6722611 -1.4955535],[ 1.0234199 -0.6697895],[-0.8180829  1.1212476],[ 2.4663527 -2.5381422],[-0.46711096  0.8407315 ],[ 0.538079   -0.21718872],[ 2.493073 -2.198464],[-0.8258123  1.2213516],[ 4.05221   -4.0522203],[ 2.7266347 -2.7298567],[-1.0572492  1.4897637],[ 2.6219652 -2.5057867],[ 2.2609644 -2.1622312],[ 1.5868211 -1.5086713],[-0.76373786  1.3354862 ],[ 0.96838534 -0.7500918 ],[ 3.7046506 -3.6673844],[-0.67260545  1.0196561 ],[ 3.0514348 -3.0597246],[ 1.5715246 -1.3809144],[ 3.4576535 -3.490117 ],[ 0.8394055 -0.4536187],[ 4.881636  -4.8223014],[ 5.9024982 -5.7425275],[ 5.9047976 -5.743367 ],[-4.4522634  5.0750093],[ 2.5580807 -2.395384 ],[ 1.6180538 -1.4060463],[ 0.6801187  -0.36824563],[ 3.1233065 -3.2466404],[ 2.522759  -2.3099265],[ 1.1853309 -0.9446878],[ 1.7380601 -1.5921963],[ 1.8397733 -1.7064662],[ 2.2499065 -2.0403175],[ 1.9049269 -1.7718995],[0.14409292 0.08713836],[ 3.3174043 -3.2713854],[ 5.0079284 -5.036974 ],[0.11152896 0.24441534],[ 3.0702362 -2.8929448],[ 1.2616581 -1.2208084],[-0.82936066  1.3294022 ],[ 0.93400997 -0.65122986],[ 2.7781475 -2.773506 ],[-0.6150274  1.2636206],[ 2.8038945 -2.7239575],[ 2.821362  -2.7576272],[-0.66399527  1.2878939 ],[ 2.4671297 -2.3032491],[-1.600061  2.133121],[-0.44597134  0.9791992 ],[ 2.0695698 -1.952146 ],[ 1.5712298 -1.4038066],[ 2.4889948 -2.4247327],[ 3.28453   -3.2660856],[ 0.77593166 -0.48482558],[ 5.4804397 -5.387725 ],[ 2.4495306 -2.3304887],[-0.5987658  0.9914961],[0.33674616 0.00108377],[ 2.4709213 -2.4583628],[ 1.1180806 -0.8720197],[ 1.6575029 -1.5704701],[-0.17873651  0.61876935],[ 1.7976674 -1.8441795],[ 2.2572558 -1.9799224],[-3.5412195  3.9264717],[ 2.940632  -3.0467656],[ 4.5020957 -4.4277115]
[ 1.7361898 -1.4700652],[-1.4615742  1.8682438],[ 1.7797503 -1.5666729],[ 1.7636703 -1.473918 ],[ 2.8457665 -2.5754137],[0.27404916 0.08532272],[ 3.6147144 -3.533833 ],[0.01140273 0.40724385],[-1.4825596  2.023111 ],[0.18498836 0.24942806],[-2.9159255  3.2512648],[-5.2941694  5.816846 ],[ 0.56826335 -0.28035846],[-1.0598476  1.5656198],[ 0.94032145 -0.6987002 ],[-0.540587   0.9718393],[-0.10786016  0.4554654 ],[ 1.8143455 -1.7763067],[ 0.9109701  -0.62901217],[ 1.4499836 -1.1499883],[-1.1616797  1.8443518],[-2.5482635  2.8569577],[-0.8682396  1.6140302],[ 5.3578944 -5.2395463],[0.1513376  0.16298226],[-2.7414343  3.1073706],[ 0.82380664 -0.36334255],[0.20113084 0.14411578],[-0.8946731  1.413016 ],[-0.22025242  0.65223515],[-1.7658757  2.304621 ],[-2.537644   3.1196225],[-5.588318   6.1479464],[-0.22518024  0.6491218 ],[ 0.5419216  -0.23969376],[-4.6753635  5.144244 ],[ 0.5705379  -0.20789215],[ 0.6945006 -0.2580919],[-1.2506757  1.700997 ],[-4.643196   5.1693783],[0.05952287 0.3356843 ],[-0.4195874  0.8031805],[-0.91338664  1.4349517 ],[-2.817917   3.2296383],[ 1.2912037  -0.90673655],[ 1.2512962 -1.0029339],[0.34344992 0.0341186 ],[-1.175484   1.5301222],[0.03581668 0.35378683],[-1.7786233  2.272672 ],[-0.5401541   0.96409917],[-2.9257312  3.4550154],[-2.104909  2.434638],[ 2.7731826 -2.5745685],[ 4.863122  -4.7208505],[ 2.6315458 -2.4646246],[ 1.2893124 -1.02217  ],[-2.3593805  2.9716475],[ 0.99651897 -0.6808896 ],[-1.8429304  2.4115028],[ 0.51617205 -0.09144516],[ 3.0982091 -3.0729122],[-0.33819315  0.73263043],[-1.4585944  2.066076 ],[ 0.4310402  -0.02466463],[ 2.3073542 -1.9716127],[-4.808373  5.250033],[ 5.57673  -5.688574],[-0.14733571  0.51411515],[-1.0885402  1.5963281],[ 1.515443  -1.1598521],[-0.6135436  1.0896842],[-3.627106  4.107057],[-4.827845  5.215425],[-0.32250625  0.6774389 ],[ 0.61534816 -0.39810002],[-3.4085798  4.0436597],[0.31934676 0.0188935 ],[ 1.4845027 -1.2569412],[-0.9705598  1.2680397],[-0.9574042  1.3680798],[-4.5262823  4.9645624],[ 1.3645872  -0.88657343],[0.16677722 0.16717279],[-2.550294   2.9296658],[-1.4045439  1.9662684],[-0.34639627  0.99667776],[ 2.0445933 -1.7868817],[ 0.6028719  -0.19041508],[ 0.30677807 -0.10559393],[-1.0027733  1.37998  ],[ 2.5486848 -2.3387184],[-1.5170298  1.9830455],[-1.85327    2.3390596],[-2.4209707  2.8733878],[-1.2414031  1.7327433],[-1.2268239  1.6533288],[-1.2114621  1.6353805],[-3.8732388  4.36776  ],[-0.657727   1.1298022],[0.11361665 0.3103167 ],[-1.3912622  2.0034235],[ 0.7188336  -0.58172834],[ 2.032835  -1.9630767],[-2.7208834  3.162745 ],[-0.9232822  1.3689091],[ 3.5927808 -3.374827 ],[-2.9985073  3.500444 ],[-0.39357376  0.8049392 ],[-2.9534605  3.5803185],[ 1.0866766  -0.95627594],[ 2.651575  -2.6734545],[ 3.4356253 -3.3626058],[0.19338486 0.14297488],[ 0.38589928 -0.0223696 ],[ 1.222533  -1.0120257],[-2.0708609  2.8376796],[-0.01916628  0.31477353],[-2.5079772  2.972101 ],[-2.2788367  2.8375912],[ 2.561754  -2.4206119],[-1.8903166  2.5771976],[-1.3666228  1.8804779],[0.09681195 0.28695428],[-3.8527408  4.3784375],[ 3.584541  -3.3908656],[ 3.409054  -3.2424192],[ 0.46534893 -0.13902622],[ 1.0182819 -0.6947193],[-0.47568247  0.9330827 ],[-3.4964676  3.9993172],[-0.6556458  1.1010257],[0.3612218  0.01856137],[ 0.48489806 -0.16541904],[-0.8003485  1.1603011],[ 0.74838686 -0.48875004],[-0.74417704  1.2008709 ],[-1.6444633  2.3041701],[-5.35838   5.881368],[ 4.3025255 -4.1743774],[ 2.9226668 -2.8311553],[-2.1260767  2.631553 ],[-0.42716828  0.63420856]
[ 0.7083063  -0.43490958],[ 1.9957731 -1.9117813],[-2.4886057  3.1157975],[0.06673749 0.38037232],[ 2.31795  -2.185344],[ 2.891219 -2.867156],[-0.90560323  1.5409359 ],[-0.19061047  0.694639  ],[ 2.0046294 -1.7012634],[ 2.335223 -2.240623],[ 1.0083584  -0.88699466],[ 2.2393675 -1.9820194],[ 2.9244337 -2.7222242],[-0.00794845  0.4497483 ],[ 1.5823784 -1.4400953],[ 1.9852941 -1.8677192],[ 0.8023422 -0.5123721],[ 0.8432423  -0.70035034],[ 3.8499799 -3.7989075],[-0.30729985  0.788321  ],[-3.3167002  4.054946 ],[ 5.0626097 -4.9882393],[-5.576808  6.004758],[ 0.9159338 -0.6849353],[-1.5540224  2.167857 ],[0.11312491 0.06001272],[ 1.5676975 -1.4544975],[ 3.4510694 -3.394626 ],[-0.85937405  1.4586992 ],[ 3.1562345 -3.0420368],[-4.6092362  5.108547 ],[ 4.0189576 -3.9674358],[0.16173738 0.26223245],[ 2.7872527 -2.750242 ],[ 4.8251967 -4.823621 ],[-0.26576015  0.79621917],[ 0.31261146 -0.0499833 ],[-0.28746745  0.8603171 ],[-0.7026675  1.1164575],[ 2.9760544 -2.7362561],[-0.38535702  0.8838944 ],[-2.9083269  3.1310654],[ 0.9688546 -0.6341572],[-1.1589587  1.7285602],[ 0.681665   -0.40311578],[ 1.06117    -0.97792757],[-3.0735202  3.6590922],[-0.7543093  0.8872232],[ 2.6938877 -2.6022542],[-1.3060064  1.7814351],[ 0.3478185  -0.01830099],[ 1.3594278 -1.2959707],[-0.9162899  1.4032681],[ 3.3558521 -3.2987738],[ 1.4976037 -1.3054198],[ 3.498908  -3.3511558],[ 2.084373  -1.9853915],[ 1.653777  -1.5579935],[-1.876295   2.2663677],[-0.06716307  0.5285955 ],[ 3.3965359 -3.3405747],[-0.68358415  1.1175269 ],[ 4.6051955 -4.615194 ],[ 1.7111802 -1.6926343],[ 1.0420473  -0.76576996],[ 0.6825165  -0.40254304],[-2.438263   2.9199376],[-0.6320112  1.1394552],[-0.30737424  0.5317901 ],[ 3.239272  -3.1412265],[-0.82739294  1.2639436 ],[ 1.6921839 -1.5852512],[-1.228809   1.7017702],[ 2.7065706 -2.5880532],[ 4.8038907 -4.8068285],[ 3.18482   -3.0882354],[-3.5625923  3.9688663],[0.24244013 0.05776015],[0.17664732 0.27905178],[ 4.3401527 -4.1323647],[ 5.5182624 -5.496296 ],[ 1.7363741 -1.4688685],[-0.12403288  0.5074677 ],[ 2.2447698 -2.1297102],[ 5.252332  -5.2179885],[-2.885922   3.5320399],[-2.4262557  2.8826146],[-2.6174362  3.252703 ],[ 1.843881  -1.4637246],[ 0.33118507 -0.02577337],[-0.87216425  1.4273648 ],[ 1.7076205 -1.6744957],[ 4.2175984 -4.220629 ],[ 1.8927534 -1.7109787],[ 3.7183561 -3.60543  ],[-1.5085291  2.0534832],[ 5.477656 -5.335582],[ 5.48964   -5.3418493],[ 0.90183085 -0.653428  ],[ 1.6208975 -1.5298185],[-2.2357042  2.7128272],[-0.0888263   0.64565533],[-4.2813725  4.8472056],[ 2.321763 -2.151013],[-0.00124474  0.5213611 ],[ 3.4800353 -3.2978873],[ 2.2892385 -2.2346604],[-0.61050886  0.8617059 ],[-0.04201146  0.58578616],[ 2.1849794 -2.0097694],[ 4.1316366 -4.163351 ],[ 1.1378175  -0.95073307],[-2.5734794  3.1298673],[ 3.324298  -3.3899238],[ 2.5748563 -2.4957936],[ 1.2897185 -1.1616088],[-2.7805305  3.3848798],[0.02516126 0.30516303],[ 1.2119254 -1.0424305],[-4.19432    4.5195184],[ 4.234937  -4.3598833],[-1.7454387  2.4429398],[-0.46629623  1.0870657 ],[-0.8640513  1.4065396],[0.2517421  0.02253522],[ 3.1579747 -3.1113136],[ 4.6102505 -4.621427 ],[-0.69782645  1.3660132 ],[0.13184066 0.30151972],[-2.695118   3.2318447],[-2.3784688  3.0370264],[ 2.9338083 -2.8367577],[-3.3354096  3.7791812],[ 0.90937036 -0.766221  ],[ 1.2916504 -1.2374216],[-3.4129627  3.952909 ],[ 2.667177  -2.6212375],[ 0.42755312 -0.11404122],[-0.87757933  1.3593366 ],[ 4.828445 -4.685574],[-0.86911464  1.2535695 ],[-1.4186392  1.8625286],[-0.47406068  0.7094702 ]
[ 2.8151267 -2.5901973],[ 2.2868395 -2.1566703],[-0.00868342  0.43482372],[-1.4815311  1.9569829],[-0.7891621  1.2805678],[-0.13956118  0.5847719 ],[-1.8568481  2.315681 ],[-1.8464724  2.320636 ],[-0.600615   1.1688619],[-3.0519192  3.578916 ],[-3.0588555  3.5160728],[ 0.98771816 -0.64201313],[ 2.174492 -2.118633],[-2.6481173  3.232368 ],[-1.5923207  2.2314045],[-2.3998334  2.9160993],[ 0.54661876 -0.29034206],[ 3.2989066 -3.12794  ],[ 0.99492306 -0.8000929 ],[-2.1797237  2.66059  ],[-5.136698  5.71825 ],[ 4.61774  -4.517664],[ 4.7369275 -4.666841 ],[-1.7461458  2.2722096],[-0.9327275  1.4208847],[ 0.37596905 -0.20401254],[-1.7481654  2.2486446],[-2.797416  3.310366],[-3.1981487  3.5865145],[ 0.50723773 -0.22057125],[ 3.3355722 -3.053482 ],[-3.9953206  4.6702056],[-3.6412537  4.0611124],[-0.69719666  1.1686635 ],[ 2.4977064 -2.4358   ],[-0.5616472   0.98655844],[-1.0884293  1.4287797],[-3.5951037  4.0448465],[-0.15952863  0.45512083],[-0.3652384   0.82003474],[-2.5770566  2.9467387],[ 1.9100144 -1.5827816],[-3.5988767  4.0359745],[-2.8380737  3.272538 ],[-0.36684346  0.83967716],[-1.7826631  2.2445006],[-2.094306   2.5634596],[ 4.2504616 -3.9396424],[-2.3291173  2.7747695],[ 0.44615245 -0.04189101],[-1.8087832  2.3310235],[-0.6565717  1.2901329],[-0.44541022  0.8561011 ],[ 1.507507  -1.2472292],[-0.5522367  1.0221654],[-0.3394274   0.73582613],[-0.7321171  1.2288889],[-1.2082149  1.8135396],[-1.3664666  1.655942 ],[-2.7130525  3.1432006],[ 1.0133682 -0.883262 ],[ 0.560112   -0.20479909],[-0.85090786  1.4327139 ],[-0.01186426  0.40520757],[ 0.8624211  -0.63943493],[-0.7956824  1.1990039],[-0.7561348  1.1885134],[ 1.0502173 -0.8181077],[-1.5709584  1.8853194],[ 1.7397385 -1.5764807],[ 2.1051252 -1.9011247],[-1.0801891  1.5563799],[ 5.356392 -5.374255],[ 2.6881883 -2.3997583],[-1.427012   1.7897328],[-0.46391067  0.8241098 ],[-2.10957    2.6399817],[-0.89712685  1.4392776 ],[-3.3567464  3.8532233],[ 1.61576   -1.3869953],[-3.032871   3.7344134],[0.02524511 0.22654924],[-3.481875   4.0034842],[-1.9179115  2.392227 ],[-0.78165567  1.3313984 ],[0.04654522 0.47827032],[-3.8680494  4.348581 ],[-0.4709237   0.92218316],[0.11941098 0.19954792],[-0.42782888  0.9623722 ],[-3.1423147  3.573248 ],[-3.7540803  4.337313 ],[ 0.6033683  -0.26516533],[ 2.8679314 -2.6490595],[0.28142357 0.07822578],[-3.9351547  4.4110365],[ 1.8442633 -1.4947829],[ 1.8814058 -1.5252191],[-1.8949322  2.2416067],[-0.43841276  0.9617772 ],[ 0.5150683 -0.1563316],[-2.9951437  3.4760594],[-1.8336403  2.254554 ],[ 1.8193798 -1.7341477],[-2.2033844  2.6379294],[-0.0264602   0.48295274],[-3.2025073  3.8925226],[ 6.055293 -5.909329],[-1.4768881  2.0045872],[ 1.2179487 -1.0521383],[ 0.71076155 -0.535871  ],[ 0.7227162  -0.36510846],[ 1.8109727 -1.5612062],[ 1.7733895 -1.5051051],[0.00305057 0.5643754 ],[-1.9920473  2.6113534],[-0.6948045  1.2838029],[-1.5270857  1.9598138],[-2.9343069  3.4540403],[-0.43326783  0.7951765 ],[-0.32574847  0.88252115],[-3.8720596  4.251795 ],[-4.521689   5.0004025],[-2.319993   2.8745599],[ 4.7556343 -4.704939 ],[0.11240391 0.22949171],[ 2.511     -2.3717375],[-3.302749   3.8663146],[-4.21384    4.7601852],[-3.9017773  4.2194366],[-2.110473   2.5850472],[-3.718234   4.2210464],[-0.53016967  1.0077908 ],[-1.1319269  1.7441756],[-0.67116904  1.2988439 ],[-0.14124605  0.5821355 ],[ 0.5438323 -0.1708754],[-1.249617  1.866363],[ 2.2508285 -2.0597408],[ 4.4642777 -4.353435 ],[ 0.45157644 -0.02319031],[-0.08980021  0.5716668 ],[-0.29527327  0.43938473]
[-0.22195306  0.63222   ],[-3.6219656  4.150789 ],[-0.78686833  1.3372744 ],[-1.2057302  1.8051493],[-0.48498622  1.0700202 ],[-0.6907156  1.1640793],[-0.81748396  1.5264505 ],[-0.3186871   0.83089066],[-5.3093495  5.8742466],[-1.4775304  2.1436694],[-0.74888694  1.3081812 ],[-1.7491301  2.2146268],[-4.8468475  5.4365716],[-3.392116   3.8554428],[-4.5634537  5.1530433],[-3.5378575  4.104083 ],[0.01448778 0.2861497 ],[-4.903342   5.4143705],[-3.9390528  4.6294374],[-0.08478954  0.5281947 ],[-3.8184295  4.294196 ],[-1.2386093  1.8794589],[-3.4893837  4.1972594],[-2.8730655  3.529777 ],[-3.0046954  3.460495 ],[ 1.1335378 -0.904772 ],[-0.49831662  0.9760853 ],[-1.1233451  1.8269671],[ 2.859726  -2.6437695],[-3.19686    3.8014631],[-0.4892955  1.0652825],[-5.66262   6.157087],[ 1.3212348 -1.0129944],[-2.6677845  3.3062453],[-1.0525635  1.769894 ],[ 3.0119884 -2.8345256],[ 1.8063844 -1.5626495],[-2.0280597  2.4763207],[0.33777976 0.10404711],[-0.73414564  1.3689255 ],[ 0.6002088 -0.2511568],[ 3.7352445 -3.5645142],[-0.4208507   0.93061936],[-0.7408692  1.316449 ],[0.19201526 0.31603906],[-3.8995798  4.4980245],[-3.8397777  4.290634 ],[ 2.2073953 -2.0022485],[-2.60479   3.065283],[ 1.620005  -1.2888545],[-0.49095467  1.0038508 ],[-3.5967505  4.273158 ],[-0.7696541  1.3377367],[-1.2957687  1.9155381],[ 3.0895374 -3.1387908],[-0.79274875  1.1530166 ],[-0.6932707  0.9668094],[-4.6648364  5.2542396],[ 0.43426812 -0.04121721],[ 0.54225695 -0.02591437],[-0.13708857  0.49430594],[-4.091303   4.7562723],[-2.1208396  2.6754022],[-4.155668   4.8147726],[-3.6617203  4.3148546],[-3.2197504  3.6020074],[-0.8804693  1.3352345],[-4.49984   5.102138],[ 2.9661992 -2.850988 ],[-5.700156   6.2500343],[-0.6239893  1.2108394],[-0.53824973  1.120314  ],[-1.5857738  2.295037 ],[-3.626843   4.1692867],[ 1.9825386 -1.8034266],[ 1.7410766 -1.5002223],[-4.093123  4.544061],[-0.5482279  1.061152 ],[-2.9680653  3.5573452],[-4.033131  4.560925],[-5.880563   6.4204736],[-1.1792705  1.6380507],[ 0.7422506 -0.3666474],[-2.6752148  3.2704515],[-5.239982   5.8410025],[-0.4788644  1.081098 ],[0.4012528  0.03437665],[-3.471461   3.9012182],[-0.60843956  0.9788817 ],[-5.3649683  5.911471 ],[-3.0479589  3.488024 ],[-4.5553885  4.953404 ],[-5.527862  6.106046],[-4.576952   5.2818966],[-0.06187774  0.51769364],[ 1.7648925 -1.5588481],[-2.5034664  3.0945327],[-2.4844437  3.082728 ],[ 0.6987093  -0.36269173],[-0.48257366  1.1319947 ],[-2.367495  3.020915],[ 1.8390185 -1.6461195],[ 1.1425735  -0.87572664],[-3.4357417  4.127858 ],[ 1.3958627 -1.0912881],[-4.5414057  5.1573772],[-4.975425   5.5851517],[-0.70016915  1.1783205 ],[ 0.65358704 -0.28806   ],[-1.1646671  1.7877705],[-3.2930946  4.077523 ],[-1.7920847  2.5552301],[-1.4930807  2.118057 ],[-4.1958723  4.895992 ],[-3.6217024  4.308046 ],[-2.2649915  2.9359765],[-5.1828427  5.746228 ],[-1.2626337  1.816365 ],[-2.2818358  2.973798 ],[-0.42857555  0.9549033 ],[-3.4097474  4.077704 ],[ 0.8447526  -0.48857942],[-0.3236045  0.8195794],[-2.2553687  2.6874733],[-3.3737445  4.0574274],[-1.9245479  2.6178026],[-5.632      6.1009173],[-2.9138052  3.4643576],[-3.5278597  4.0641713],[ 3.5981762 -3.4888859],[-4.2953396  4.7500877],[-1.3255916  1.8485245],[0.05463571 0.41408646],[0.23157023 0.2074858 ],[-3.8993027  4.497681 ],[-1.5311034  1.9903611],[-3.4853182  4.000709 ],[-4.76078   5.296874],[-5.7860065  6.212696 ],[-4.0192866  4.623214 ],[-1.6117605  2.0409095],[-4.615393  5.076591],[ 5.356974  -5.1343646]
[ 2.11447   -2.0761452],[ 1.6670011 -1.3635174],[-1.3213109  1.9376223],[-3.5036154  3.9782562],[-3.0089965  3.5614543],[-0.5903519   0.98126125],[-4.570708   5.1620936],[-0.26331934  0.7880588 ],[ 0.7936733  -0.40182543],[-0.7940037  1.4143862],[0.13101831 0.40721324],[-1.3337798  1.7061762],[-3.7943835  4.3580823],[-0.68975294  1.0893874 ],[-2.6387155  3.2319808],[-0.4428858   0.97794855],[-0.00075285  0.2795197 ],[-4.0497756  4.557929 ],[-4.7945747  5.297728 ],[-2.057544  2.668119],[0.2604906  0.04791492],[-0.7766616  1.2884657],[-4.628099  5.214198],[-1.4251353  1.9684047],[-2.3335178  2.6633816],[ 1.5621895 -1.3255669],[ 0.43351164 -0.01234616],[-0.3747922   0.93217415],[ 1.567512  -1.3830009],[-3.977647  4.431664],[-2.9297187  3.3672256],[-3.0742102  3.4678893],[ 0.6364875  -0.28460923],[-2.8675478  3.3063796],[ 1.0403194  -0.77192557],[-0.7367175  1.2518327],[-1.2645302  1.6383723],[-0.75944656  1.2213167 ],[ 0.4748517  -0.15654388],[-1.4532045  2.0626009],[-3.033969  3.62814 ],[ 0.98173964 -0.64870614],[-2.5394077  2.988988 ],[-4.6381083  5.021303 ],[-2.7483904  3.4340498],[-4.132964   4.6350822],[ 5.1084805 -5.108937 ],[-1.2741828  1.6006002],[ 3.7307367 -3.7969112],[0.03006946 0.45011094],[-1.6823846  2.2966173],[-2.664228   3.1533747],[0.06685148 0.3311889 ],[ 1.9865174 -1.7567358],[-0.31485972  0.9253362 ],[ 3.8185465 -3.5384445],[ 0.7988935  -0.49247855],[-1.0957733  1.6738546],[-1.1416755  1.4889405],[0.39725178 0.04737348],[ 0.6730332 -0.4922633],[-2.1433864  2.6725295],[ 0.49346337 -0.14922343],[-2.816783   3.1167629],[-2.5352483  3.1405616],[ 1.2800437 -0.8684729],[ 2.9021878 -2.7500117],[-3.5924382  4.1653485],[ 2.2505136 -2.219381 ],[0.05614899 0.47268716],[-3.7535057  4.3764772],[ 1.3646963 -1.15581  ],[-1.5001142  2.1885073],[-1.3217208  1.9133167],[-0.5222411  0.9187363],[-0.67952645  1.0601013 ],[ 1.51862   -1.2010336],[-0.3755197   0.89559263],[-0.9981161  1.4927967],[-4.379134   4.9090786],[-4.2473354  4.7102833],[ 0.38778418 -0.0610044 ],[-2.4680326  2.9345303],[-2.1932032  2.6004124],[-1.8778791  2.40558  ],[ 0.3371184  -0.03005504],[-0.52432495  1.1402903 ],[ 4.14616   -3.9357889],[ 2.6748981 -2.5036519],[ 1.8618937 -1.7047226],[ 0.72863334 -0.31395102],[ 2.861367  -2.7541583],[-1.9494135  2.5209115],[-4.620833   5.0122867],[-3.4605837  4.076404 ],[ 4.152554 -4.105236],[-2.6094797  3.2121375],[-2.638468   3.2406578],[-1.4160786  1.7260005],[-0.5335467  1.1045758],[ 1.2475736  -0.87804615],[ 1.2093643  -0.90963084],[-0.3809465  0.5339078],[-4.836819   5.1556764],[ 0.9008289  -0.65663356],[-3.4348297  3.8985026],[-3.6580594  3.9912663],[ 1.2779179  -0.93798614],[ 1.5052713 -1.3595854],[-3.8833513  4.4637494],[-5.327963  5.822376],[-2.9786615  3.489595 ],[-3.320104  3.990182],[-4.4432135  5.010511 ],[-3.1666582  3.817645 ],[-0.56455904  0.9789163 ],[0.1490398  0.24589428],[ 2.0763342 -1.8031833],[-1.425189   1.9578651],[ 0.8524786  -0.41906703],[0.03157623 0.46832588],[-0.53491706  1.049896  ],[ 0.93860745 -0.6343374 ],[-0.2801621  0.6106453],[-4.1352158  4.718425 ],[0.07128553 0.41844416],[0.10219568 0.44664243],[-1.1850797  1.722807 ],[-0.04716373  0.3957464 ],[ 1.2544545 -0.678131 ],[-1.2056303  1.4727248],[-1.6111633  2.2312925],[-0.00235658  0.35127452],[ 0.4592942  -0.17789063],[-3.1855922  3.6116207],[ 1.5442921 -1.2839456],[-0.77618575  1.3395216 ],[-2.9335287  3.4557242],[-0.6332612  1.0927979],[ 0.43379986 -0.07512335],[-2.6496325  3.1000192],[-0.11993483  0.53807926],[ 1.0792624 -0.6820986]
[ 3.9985154 -3.7645864],[ 1.330402  -1.1623881],[0.06614179 0.42844382],[ 2.0117726 -1.9552095],[ 2.5949922 -2.5412216],[ 4.0855503 -4.0010357],[-3.1436274  3.6937592],[-0.23023108  0.62506485],[ 1.3627006  -0.97976834],[-4.0530763  4.549038 ],[ 0.7739461 -0.5682006],[ 0.881449  -0.6699583],[-2.189045   2.6015515],[-0.67764026  1.0442617 ],[0.20250906 0.10323019],[-0.01528524  0.45745018],[ 1.8122903 -1.7381387],[ 2.9114437 -2.6203253],[0.00328286 0.41877684],[ 1.0845908  -0.96165264],[0.31132126 0.16555613],[ 0.8265355  -0.63518095],[-4.0988593  4.5064144],[ 1.7944764 -1.607449 ],[ 1.2150791 -1.0185592],[ 3.4421325 -3.3360176],[ 0.5295367  -0.24715582],[-0.5520571  1.070938 ],[-1.8638352  2.4469986],[ 0.9183701 -0.6794925],[0.04050247 0.3764947 ],[ 3.1099246 -2.902094 ],[-5.139184   5.5259166],[ 0.947726   -0.75378287],[-4.101989   4.7975597],[-2.4171371  2.880728 ],[0.31767488 0.07880574],[-0.48355564  1.0313109 ],[-1.653634   2.2294118],[ 2.551865  -2.6521351],[ 2.1637332 -2.088548 ],[ 0.5437955  -0.29496473],[ 1.2094527  -0.94783014],[ 0.9564885 -0.7180926],[0.37991562 0.04144561],[ 0.659055   -0.42571253],[-2.4717913  2.9752488],[ 2.768374  -2.6082764],[ 3.5638888 -3.6353824],[-1.379658   1.7141708],[-2.500335   2.9650967],[ 1.146389  -0.9393762],[ 3.715145 -3.708352],[-3.3272796  3.9345644],[-3.2830849  4.0017433],[ 4.86437  -4.786528],[-2.853423   3.4223547],[-0.4302578  0.8993121],[ 4.7337403 -4.506469 ],[-2.456626  2.883908],[ 1.9672112 -1.8853921],[-1.2795501  1.8319466],[0.27767044 0.15452513],[ 3.6556113 -3.4579365],[ 1.1340989 -1.0266023],[ 3.0555258 -2.806882 ],[ 2.315042  -2.3349364],[-2.518141   3.2878892],[-0.9915461  1.3890805],[-4.4772263  4.9127965],[ 0.5821088  -0.24893034],[-3.2232668  3.8806357],[-1.4287409  1.9841543],[-1.8479773  2.351081 ],[-4.283429   4.7678375],[-5.1976614  5.671597 ],[ 0.66644126 -0.3616751 ],[-0.5653551  1.011778 ],[-0.21693659  0.7193393 ],[ 4.7901244 -4.837409 ],[-2.637531  3.067476],[-4.108568   4.4602466],[ 1.499557  -1.3009114],[ 1.3669002 -1.1446801],[ 3.1514335 -3.003622 ],[-3.5095415  4.061895 ],[-3.454042  3.900941],[-0.7542981  1.249639 ],[ 1.1638752 -0.7860086],[-1.4304982  1.8757495],[-0.66704834  1.1321427 ],[ 2.3505423 -2.4380536],[-3.9710748  4.481864 ],[ 0.42235488 -0.17463717],[-0.52292794  0.9575209 ],[-2.6791265  3.1791694],[ 1.0649627  -0.78626144],[ 0.9874664 -0.7138535],[ 0.42281464 -0.13721249],[-1.9368464  2.3569467],[-3.1862667  3.5460403],[-0.14586496  0.60894495],[ 0.8456343  -0.69889426],[ 1.6192844 -1.5882543],[-2.0609927  2.6874552],[ 1.149447  -0.9345495],[ 3.2280025 -3.1539233],[ 1.5651635 -1.3950282],[ 1.6151384 -1.6010518],[ 1.9561076 -1.7302824],[-0.26132694  0.6750203 ],[ 1.7897165 -1.6432326],[-4.318263  4.799664],[-4.43298    4.9243526],[-3.509634  4.02209 ],[-0.76667297  1.2479357 ],[-1.5096602  1.984892 ],[ 0.33100224 -0.00227152],[ 3.50031   -3.4408686],[ 2.182026  -2.1155138],[-0.42806548  1.029005  ],[-1.2075069  1.8297782],[-1.8531864  2.4232504],[ 0.78352076 -0.5118127 ],[-1.6583905  2.1191232],[-3.8442228  4.513171 ],[-5.3376317  5.744838 ],[-1.1848266  1.7667317],[-2.207481  2.614255],[ 0.6194106 -0.5599754],[ 3.291337  -3.0462458],[-0.07179257  0.46717575],[-0.08134526  0.43770483],[-0.10232724  0.5655415 ],[-0.1889661   0.61736655],[ 0.57659125 -0.23959902],[-0.03848809  0.48772898],[-5.273205  5.65326 ],[ 4.6553745 -4.3689947],[-1.0930513  1.6683013],[-1.8088107  2.404259 ],[-0.2815707  0.7789468],[ 0.70310193 -0.5063129 ]
[ 2.7604208 -2.7967947],[-3.2314343  3.9047918],[-2.4239845  2.949754 ],[-1.6850731  2.2448971],[-2.7932532  3.2464833],[-3.1377726  3.7884154],[-1.184557   1.7191426],[-0.19363582  0.72421414],[-3.0282035  3.5030534],[ 1.2473807  -0.98916864],[-2.5340185  3.0432973],[ 1.8998475 -1.9286005],[-1.1615051  1.7433608],[-2.3362465  2.704934 ],[-2.620839   3.1006992],[-3.703754   4.1958904],[ 3.3716333 -3.3606522],[ 0.46152598 -0.14966542],[-2.3312337  2.8942068],[-0.7143595  1.211501 ],[-5.0165396  5.455916 ],[-5.462616  6.034268],[-0.5608947  1.1097034],[-2.7519727  3.2522166],[-4.719911  5.17536 ],[-1.0512449  1.3640981],[-0.03112413  0.4057622 ],[-4.1164126  4.621238 ],[-2.0730639  2.5385036],[-3.2315366  3.7494164],[-0.4226893   0.80917877],[-3.2751706  3.7792444],[ 3.3777146 -3.2905912],[-0.53791094  0.9690603 ],[-3.4164782  4.093268 ],[-4.275362   4.6765275],[-1.7746999  2.2414746],[-4.992155   5.4611397],[-3.5807557  4.086654 ],[-4.1919804  4.7558727],[-1.6502067  2.175642 ],[ 4.696347 -4.489554],[-2.2520087  2.7879272],[-0.40396845  0.77803016],[-2.3324058  2.8249612],[-2.156673   2.6417317],[-3.5721    3.969884],[ 3.257326  -3.0691044],[-5.00298    5.5387754],[-0.3011392  0.8131601],[-1.8460389  2.2544606],[-2.4533448  3.1444087],[-2.9000096  3.2986138],[-2.0949445  2.584687 ],[ 0.49970865 -0.20603627],[-0.14221884  0.58263713],[-2.6245053  3.0696168],[-3.0673897  3.5497983],[-2.1915772  2.5244424],[-0.9536211  1.3556995],[0.1229085 0.3416009],[-0.22386324  0.76072246],[-3.4581387  4.0071435],[-3.7291338  4.194567 ],[-3.2387028  3.762816 ],[-2.5658307  2.846918 ],[-4.0428205  4.5694637],[-5.173276  5.569541],[-1.6165057  2.0844746],[-1.7682617  2.148165 ],[ 0.38255557 -0.01750151],[-0.9024696  1.4725157],[-2.10204   2.678465],[ 1.641223  -1.4277393],[-0.6027045   0.99252963],[-0.85297054  1.1980684 ],[ 2.6321144 -2.5160968],[-0.9108383  1.4519156],[-2.4774067  2.9507382],[-3.894843  4.456114],[-1.5870943  1.9415587],[ 2.2208748 -1.9225205],[-1.731567   2.1934128],[-2.280108   2.7744555],[-2.4670444  2.9640398],[-4.6244864  5.1164827],[-1.9554818  2.2787063],[-1.8774734  2.2471783],[ 4.5112963 -4.4089184],[-4.3098392  4.590884 ],[-0.81542766  1.1294781 ],[-1.3464795  1.9086006],[-0.85622424  1.1692891 ],[ 0.31039295 -0.02248193],[-3.6694021  4.1329384],[-2.8868196  3.4757037],[ 0.3602522 -0.0463037],[ 0.4506007 -0.1509457],[-0.93608934  1.2602165 ],[-1.4235109  1.9671346],[0.00622512 0.34025472],[-4.0177684  4.5310183],[-1.7836444  2.1408434],[-2.216674  2.576354],[-2.3068743  2.7986236],[-3.010151   3.4338322],[-1.2731789  1.7398449],[-4.9643264  5.4001045],[-5.137486  5.778621],[-2.452274   3.0912855],[-3.8387256  4.2613864],[-1.2254174  1.7130953],[ 1.9387647 -1.5852538],[-1.284311   1.6020097],[-2.2267146  2.7049575],[-2.5466065  3.1419165],[-3.2600899  3.6226943],[-4.7637954  5.2589417],[-3.4515357  4.0593653],[-1.0948974  1.6605076],[-5.1265135  5.625747 ],[-1.5287486  1.9346014],[-4.1327066  4.533308 ],[-2.322315   2.7113104],[-1.0094949  1.5314564],[-1.5882107  2.1590593],[ 1.6848711 -1.4112656],[-0.9203937  1.3343779],[-0.4332      0.73041445],[ 1.432317  -1.0773408],[0.25883502 0.06076033],[-0.62848204  1.1816105 ],[-1.0047048  1.4273067],[-3.9839003  4.578793 ],[-0.02586391  0.5262167 ],[-4.435488   4.7557435],[-4.101103   4.7172103],[-0.9405511  1.3221526],[ 2.8795893 -2.6036963],[-1.6054955  2.1438665],[-4.767559  5.210753],[-2.9689693  3.2902966],[ 4.8115106 -4.6730447]
[-6.08384   6.610215],[-3.669573  4.327205],[-0.00678378  0.597809  ],[-0.03124949  0.5404035 ],[ 0.99741036 -0.6820499 ],[-4.2004623  4.814195 ],[ 1.0046427 -0.8351655],[ 0.9812422 -0.6904261],[ 4.7678785 -4.7967725],[ 1.2539827 -0.9129917],[ 0.59912527 -0.19641367],[ 1.6398119 -1.3465545],[-2.9391525  3.401517 ],[0.06400741 0.2784987 ],[ 0.5664979  -0.18426612],[0.43587846 0.02580407],[-1.1679841  1.8952439],[-2.195265   2.5241542],[-1.7197641  2.3339372],[-0.00573774  0.50506693],[0.2789188  0.07500082],[ 3.1619258 -3.15032  ],[-3.4513757  4.041732 ],[-0.08568038  0.7044212 ],[ 0.9693179  -0.69149065],[ 2.6663423 -2.5701458],[-4.5159726  5.1790967],[ 3.2404206 -3.2477489],[-2.1948073  2.6624346],[-0.97936624  1.5472018 ],[0.167106   0.21087697],[ 1.1266001 -0.7890733],[-0.97006255  1.4751487 ],[ 1.5930938 -1.3739537],[-3.5679157  4.162302 ],[0.4296221  0.09059282],[ 1.7224921 -1.6005502],[ 1.7331703 -1.4509729],[-0.23772213  0.60341465],[-0.21027336  0.68374944],[0.01151831 0.42085555],[ 1.318345  -1.1124444],[-3.8073938  4.2212987],[ 0.97378415 -0.7310287 ],[ 0.56530553 -0.39566714],[-0.14960973  0.6406086 ],[ 1.6352606 -1.4734114],[ 5.8305497 -5.8533545],[0.08818428 0.3784166 ],[-1.8999661  2.4336083],[-0.48422596  0.77043754],[-4.493511  4.972473],[ 2.1392293 -1.9532408],[0.33021632 0.24842328],[-5.171685  5.72279 ],[-2.0417492  2.5039217],[-2.703032   3.0218978],[-2.1225495  2.564736 ],[ 4.0013046 -3.9268966],[-2.7571583  3.24497  ],[-2.6178951  3.2619066],[-2.7713785  3.3924181],[-0.27365014  0.81038153],[ 0.6877269  -0.38975948],[ 1.1721878  -0.97665465],[ 4.265618  -4.0063386],[ 0.83738565 -0.5431968 ],[ 0.92604053 -0.60602367],[0.2650844  0.01588462],[ 5.012174  -4.8516307],[0.25171876 0.05652191],[-0.12574813  0.69444174],[ 0.84167427 -0.5850561 ],[ 3.8738222 -3.9779394],[ 1.4188653 -1.0115176],[ 2.040833  -1.7447281],[-2.937809   3.4957783],[-2.8990517  3.377699 ],[-0.4288722  0.8884431],[ 1.5663661 -1.3737613],[ 0.8772954 -0.4327068],[ 5.02751   -4.8745394],[-1.0564264  1.5297145],[-1.8797053  2.1328604],[ 1.0112591  -0.82122326],[-2.7963727  3.1764083],[-1.1313614  1.6738077],[-0.10689119  0.50412893],[ 5.0991745 -5.0481725],[ 1.9908177 -1.776073 ],[ 1.378522  -1.2610528],[ 1.0809673 -0.8192975],[ 2.182461  -2.0459495],[ 1.5560629 -1.3549628],[ 3.605554  -3.4660785],[-1.8296047  2.2382169],[ 1.5817118 -1.2697861],[ 1.6497802 -1.3534095],[ 2.379087  -2.3085136],[ 0.9496262  -0.56334084],[0.06056654 0.43673304],[-1.5482347  2.189624 ],[ 0.8670618 -0.5632692],[ 1.4342442 -1.3610647],[ 0.69940776 -0.27224857],[0.0312794  0.32198054],[-0.46475682  0.9368988 ],[ 3.8009765 -3.8654885],[-1.4444286  1.9611133],[-4.666137  5.157218],[ 3.3956645 -3.2383492],[-0.06603764  0.5757949 ],[-0.89439946  1.5066897 ],[ 0.9376781  -0.76189804],[-0.20445365  0.765746  ],[-3.195362  3.607234],[-1.5908223  1.9186897],[ 1.4772135 -1.2110015],[ 3.1544266 -3.0876567],[-0.05367274  0.55900663],[-2.0953846  2.6332443],[ 1.0443325  -0.83271044],[ 2.1642306 -1.7577624],[-1.0684975  1.5316257],[-0.14714733  0.6237142 ],[0.22340836 0.35563698],[ 1.4385189 -0.934696 ],[-0.92791003  1.4652567 ],[-0.32385248  0.7014097 ],[ 1.5057911 -1.2240434],[ 2.206961  -2.3058581],[-1.9102259  2.48585  ],[-0.41285634  0.822953  ],[-1.3470994  1.9661235],[-4.894865  5.344308],[-0.35159466  0.57430136],[-3.9700496  4.357973 ],[-1.8030989  2.2463913],[ 1.6117665 -1.3912314],[0.3575965  0.09924147],[-1.3794537  1.7113681],[-0.19973636  0.55467796],[ 4.4957504 -4.366165 ]
[ 4.718829 -4.712242],[-3.1304352  3.5511148],[-2.6524074  3.1739013],[ 2.282759  -2.2125432],[0.04367829 0.45330945],[ 3.1662316 -3.096151 ],[-2.1255286  2.6008697],[-0.6823702  1.1747404],[ 5.1403604 -5.1712317],[ 1.4247749 -1.1574606],[-0.33534738  0.97296214],[ 2.9143598 -2.653135 ],[ 2.4453177 -2.1934276],[ 2.7924018 -2.7429183],[ 0.84502536 -0.63887125],[ 1.6901292 -1.531358 ],[-5.592109   6.1273303],[ 5.997546  -5.8869877],[ 0.8026353  -0.47217053],[-0.67878646  1.2127666 ],[-1.4710712  1.8829708],[-2.1032279  2.6269531],[ 1.0382035 -0.7299889],[ 1.8091766 -1.5413502],[-1.9416773  2.3920083],[ 2.7448518 -2.6330056],[ 2.5247972 -2.3051772],[ 3.9744976 -4.014608 ],[-1.2172741  1.7600328],[ 1.2389959  -0.95155364],[ 1.9444494 -1.7918508],[ 0.80971545 -0.4912727 ],[ 4.8938203 -4.9192467],[-3.3055713  3.8226836],[-3.8582387  4.3697386],[ 5.3791456 -5.205283 ],[ 1.3884673 -1.2731482],[ 1.692048  -1.4119273],[ 1.2208447 -0.8317515],[ 0.7721571  -0.29410592],[ 1.518179  -1.3072325],[ 3.9802947 -3.8184428],[ 3.728732  -3.5399625],[ 0.7015963  -0.40586308],[ 1.7990676 -1.8338456],[ 0.8961256  -0.64527076],[-4.48287   4.998313],[ 1.838033 -1.536615],[-4.7396092  5.143753 ],[ 3.9168882 -3.6106331],[ 1.2284999 -1.1220802],[ 2.9254405 -2.6920888],[0.46489444 0.05272822],[-0.17312002  0.6445303 ],[ 0.6450254  -0.32079735],[ 3.3412955 -3.208157 ],[ 3.8427987 -3.7195797],[-1.993964   2.3679674],[ 3.6143417 -3.6323225],[ 0.8855758 -0.5969599],[-2.042258   2.7698247],[ 1.1610694 -0.8343428],[ 0.50698465 -0.15778814],[ 1.2256514 -1.0939099],[0.3328922  0.09077983],[ 5.501657 -5.380031],[-0.01613115  0.44447672],[-1.8213952  2.1837258],[ 1.700115  -1.4813539],[-0.23291588  0.58638406],[ 0.9239875  -0.60184246],[-0.05039929  0.60896444],[-4.5600643  5.071751 ],[-1.8505828  2.578129 ],[ 0.83278155 -0.46879968],[ 3.9495838 -3.8457668],[ 2.755398  -2.6259573],[ 3.0396354 -2.9172294],[-1.0153047  1.4324971],[-0.37635434  0.85725707],[ 0.37547153 -0.13338366],[ 3.7473166 -3.4347968],[ 6.0014434 -6.059421 ],[ 2.0486794 -1.8254765],[ 0.9220586  -0.72932124],[ 4.764334 -4.648222],[ 5.9202895 -5.8613477],[-2.4285314  2.675465 ],[ 4.267547  -4.1462545],[ 2.7879412 -2.8383396],[-1.0078274  1.3844967],[-0.59796023  1.0313    ],[-0.08199903  0.39406675],[ 3.3747737 -3.24793  ],[ 1.6549399 -1.4964503],[ 3.5338821 -3.4793434],[-2.9341335  3.4039454],[-2.947044  3.432342],[-0.38741958  0.9990599 ],[ 2.9635348 -2.8349156],[ 2.7482185 -2.6391532],[0.39690587 0.02313134],[ 1.4097003 -1.1062818],[-2.843608   3.2223058],[ 2.8949897 -2.8425748],[ 1.5753162 -1.3148146],[ 3.1653562 -3.0686944],[ 4.5262294 -4.5270176],[ 4.8448453 -4.8519545],[ 3.7117548 -3.741775 ],[-3.9061341  4.254859 ],[-2.822986   3.3313704],[ 5.8646894 -5.9450183],[-0.8734678  1.283927 ],[-0.9413958  1.4265684],[ 1.7975591 -1.7513422],[ 0.6119355  -0.19073191],[ 2.167635  -1.7787551],[-4.7399464  5.288216 ],[ 1.6832905 -1.441913 ],[-0.20971337  0.83101696],[-3.2929869  3.7068176],[-0.42857322  0.87164795],[ 0.67244005 -0.2071324 ],[-4.0239716  4.512672 ],[ 0.6335385  -0.45149177],[ 3.6725514 -3.4919722],[ 0.44435167 -0.05082041],[ 3.6091735 -3.5769079],[0.15633483 0.24602592],[-1.4916029  2.0665214],[ 3.873181  -3.8486984],[-0.2820833   0.51839024],[-2.615429   3.2009878],[ 1.282272   -0.96289694],[-2.9805677  3.2585673],[-0.8780681  1.2695285],[ 2.3795352 -2.0352569],[-0.22276852  0.57004386],[-1.729076   2.2572577],[ 5.214825  -5.1390657],[ 3.0223005 -2.8115551],[ 3.4175842 -3.2489643]
[-2.3339746  2.8516445],[ 5.257916  -5.3631196],[-0.4504986  0.8882901],[ 0.89248556 -0.59565794],[-1.9005356  2.4855046],[ 3.738163  -3.7731187],[ 3.5904388 -3.4425764],[ 3.6827765 -3.7722404],[ 0.66539246 -0.46552804],[ 5.245321  -5.1809216],[-0.8849434  1.3984385],[ 4.712495  -4.8378496],[ 4.3135314 -4.3772335],[ 4.4178915 -4.367426 ],[-4.1528635  4.628707 ],[-0.30586907  0.8395442 ],[ 6.2329144 -6.1555705],[ 2.7361002 -2.689182 ],[-0.5551158  1.025549 ],[ 3.3497221 -3.3444433],[ 1.7602987 -1.6040504],[ 4.5841875 -4.671169 ],[ 1.3436421 -1.0166239],[-1.1342502  1.6682913],[ 3.1833537 -3.1280117],[ 4.253333  -4.1312923],[ 1.9795705 -1.7897103],[-1.3046665  1.9164994],[ 3.9535382 -3.7906828],[ 1.567546  -1.4000106],[-0.26799685  0.80204254],[ 1.1864082 -0.9226845],[ 0.49333465 -0.1685175 ],[-0.8151866  1.2662287],[ 3.1700022 -3.0901406],[ 5.4924784 -5.524204 ],[ 0.84954095 -0.5236858 ],[ 1.0360903 -0.6873216],[ 3.1167116 -3.0812345],[ 5.2927628 -5.3819637],[-0.96725804  1.5249666 ],[ 5.162219  -5.0578656],[ 4.250223 -4.224371],[-0.42748162  0.82022154],[-0.22173837  0.59353614],[ 1.8844529 -1.6951632],[ 4.3116393 -4.139833 ],[ 4.9447875 -4.941282 ],[ 5.127883  -5.0444217],[ 3.7922583 -3.7022896],[ 0.78913623 -0.62514424],[-1.5571685  2.1821132],[ 1.55712   -1.3958714],[ 2.0706532 -1.9857528],[ 1.5227789 -1.2606956],[ 1.9038308 -1.7443188],[ 5.053474  -5.0932827],[ 2.9091034 -2.7327724],[ 1.3133202 -1.3532047],[ 4.2878394 -4.311206 ],[-2.6161222  3.2462046],[ 1.2570443 -0.9794297],[ 1.5844326 -1.4353348],[ 2.0570395 -1.903929 ],[ 1.6686316 -1.4361674],[ 5.138131 -5.027756],[ 3.4629083 -3.459115 ],[-0.09358244  0.6075422 ],[ 1.6643767 -1.3540176],[ 5.9791594 -5.9788404],[ 2.181764  -2.0879056],[-2.1556275  2.7259986],[ 4.860231  -4.8068833],[-3.833429  4.430995],[ 4.958167  -4.9357452],[ 5.7932525 -5.8378158],[ 2.8884401 -2.8949046],[0.15899292 0.2750843 ],[ 2.1735094 -2.0111628],[ 0.55411756 -0.19323033],[ 4.102324  -4.0658846],[ 2.557469  -2.5353951],[-1.3786039  2.0454214],[0.25447068 0.0221022 ],[ 4.0591807 -4.2359953],[ 5.127251  -5.0201163],[ 3.7338488 -3.7917447],[ 6.106322  -6.1371365],[ 2.9821537 -2.9106886],[ 0.4784514  -0.40333918],[ 2.9149237 -2.8287017],[ 4.221033 -4.387873],[ 3.5355203 -3.5995905],[ 5.1615977 -5.2061925],[ 4.1292877 -4.200169 ],[ 3.5003574 -3.4503505],[ 4.1528053 -4.2315283],[ 4.1808662 -4.2668586],[-0.05113505  0.53803986],[ 0.7403272  -0.49601656],[ 0.9571747 -0.7298675],[-1.7307922  2.1933033],[ 4.124418  -3.9990525],[ 2.4876127 -2.4261513],[ 1.5934078 -1.5305369],[-0.17913632  0.63924915],[ 0.416473  -0.0855197],[-1.3965648  2.114597 ],[-4.847069  5.534518],[-3.9699    4.590137],[ 3.137529  -2.9839602],[ 4.324719  -4.3590713],[-0.7813754  1.325316 ],[ 3.9221642 -3.9397397],[ 0.7279864 -0.3812602],[-0.2034094   0.69527376],[ 1.3966914 -1.1207149],[ 1.607573  -1.2293802],[ 1.1295241  -0.96057457],[-0.00600258  0.50097436],[-5.177412  5.573784],[ 4.49816  -4.441872],[ 3.924131  -3.7530215],[ 4.294349 -4.270315],[ 3.5057845 -3.288863 ],[ 3.5404372 -3.6125407],[ 4.333351 -4.406552],[ 1.2370838 -1.0899967],[ 2.811407  -2.7997415],[ 3.6689522 -3.6663542],[ 2.320697  -2.1981497],[ 1.9721582 -1.8418715],[0.02369531 0.35103735],[-4.927473   5.4107885],[-0.64745486  1.208488  ],[ 2.2242734 -1.9485743],[ 3.313041 -3.098591],[ 4.9708695 -4.8091397],[ 4.364341 -4.396644],[ 5.122704 -5.277407],[ 4.340993  -4.2721972],[-2.3034492  2.8418624],[ 3.3074298 -3.2151084]
[ 2.6661174 -2.6050453],[-2.551999   3.1233342],[ 0.9573008 -0.6443864],[-2.7359574  3.308774 ],[-4.1755133  4.641775 ],[-2.2585108  2.8911538],[-0.09771055  0.69860727],[-1.4325526  2.0128372],[-5.08265    5.6920223],[-5.178733  5.6822  ],[-3.7650197  4.3861165],[-3.9539478  4.5092254],[-2.3142488  3.0032885],[ 2.6238525 -2.6534078],[-0.28749436  0.89982915],[-2.299994  2.942917],[0.16090296 0.17279586],[-4.144159   4.7692766],[-1.6858289  2.1825593],[-1.5302011  2.1895378],[-2.6096814  3.0378537],[-4.162045  4.764898],[-2.4284992  3.1116738],[ 2.9131346 -2.9626193],[-0.96793574  1.3882415 ],[-0.7640637  1.0538539],[-0.610726   1.1926371],[-4.544155  5.159914],[-1.0591133  1.3706126],[-2.759426   3.2029011],[-0.93678105  1.5689881 ],[-0.22072971  0.665171  ],[-4.9429917  5.443662 ],[-1.3896335  1.8795664],[-3.7080564  4.280606 ],[-3.8250923  4.401363 ],[-1.9117092  2.4780533],[-1.5642109  2.0743606],[-2.8266754  3.4200473],[-4.684824  5.271001],[-2.8276737  3.4491034],[-2.3758588  2.734722 ],[-1.283891  1.804274],[ 0.6845155  -0.37912622],[-4.7777295  5.322678 ],[-2.2597308  2.7277312],[-2.5658507  2.8965456],[-4.7373095  5.2518005],[-3.9656236  4.3170953],[ 1.6115605 -1.4277365],[-2.5726929  2.9265835],[-3.399126   3.8482938],[-0.38357866  0.970155  ],[-3.487425   4.0727396],[-2.0982811  2.6915085],[ 1.198502  -0.9786366],[ 1.8922684 -1.7328149],[-1.3359463  1.801429 ],[-1.7894645  2.4561021],[-1.705354  2.315731],[-3.7512827  4.186154 ],[-0.8046935  1.4437295],[-0.83168805  1.3532407 ],[ 0.9590521 -0.8043972],[-0.73209625  1.2782077 ],[-0.27314237  0.57357985],[ 0.40395167 -0.02957715],[-1.3270876  1.8436491],[0.0363314  0.19395712],[-3.539085  4.256541],[-1.0054506  1.6483399],[-2.2005012  2.6338995],[-2.2154408  2.889841 ],[-1.4665799  2.1250606],[-1.4146012  1.9040989],[ 3.026288  -3.0040922],[ 0.632311   -0.29240042],[-1.2206419  1.7840991],[-3.6830885  4.1999555],[-1.6508476  2.2375076],[-2.5734692  3.1892343],[-3.6126034  4.0594296],[ 1.0788124  -0.96734124],[ 4.101157 -4.116404],[-2.6044364  3.2751517],[-3.1544952  3.6362646],[-4.1854906  4.6375933],[-0.54909354  0.8987992 ],[-3.478972   3.8807898],[ 0.31443018 -0.10795112],[-1.2502115  1.7698337],[ 0.9608057  -0.82257646],[-3.5778563  3.9825053],[-1.0532345  1.6142077],[ 2.5778203 -2.5476644],[-0.1750236  0.7591424],[-0.20387557  0.68664503],[-0.29842848  0.79954606],[ 0.6356602  -0.29924634],[-1.9185121  2.514386 ],[-0.2332303  0.7745149],[-3.3532982  3.8164718],[ 0.96807253 -0.68494076],[-3.0684645  3.5330617],[-3.3312047  4.0033355],[-2.913238   3.4013507],[-3.2174861  3.776576 ],[-2.2650418  2.974122 ],[-5.2806334  5.681878 ],[-4.301527   4.8229356],[-0.03682887  0.56998307],[-4.1455755  4.7139616],[ 0.44803807 -0.14068103],[-1.1954997  1.6961213],[-4.241924  4.735321],[-3.3682957  3.9285593],[0.16912274 0.09480528],[-0.6996526  1.0569676],[-1.9712238  2.554764 ],[-4.744268   5.3578424],[-0.75065863  1.1117041 ],[-1.7589658  2.3272784],[-2.8297672  3.1280334],[ 4.6268187 -4.739056 ],[-1.280684   1.9388701],[-4.2500305  4.9295044],[-2.6769822  3.3308237],[-0.21215999  0.7467536 ],[0.13220942 0.19437405],[-3.56003   4.254061],[-2.607399   3.2023664],[ 3.0346494 -3.056403 ],[ 1.4999133 -1.221784 ],[-1.4881288  1.7621514],[-2.2209282  2.907382 ],[ 6.2997947 -6.2387466],[ 1.0471833  -0.81100667],[-1.3260946  1.8459635],[ 2.8154755 -2.704325 ],[-1.142262   1.6889812],[-5.550914   6.0370994],[-2.0584261  2.5993714],[-3.3587422  3.7561913]
[-4.38636    5.0503106],[ 2.3790555 -2.1702874],[0.29593515 0.13103536],[-0.55884695  1.1279948 ],[-1.6505677  2.0448282],[0.18554008 0.3123232 ],[-3.7120268  4.376856 ],[-3.0920706  3.7198615],[-3.242219   3.8680792],[ 4.772386  -4.6999407],[-3.9072423  4.4723396],[ 0.46723372 -0.08378261],[-2.182839   2.8259027],[ 0.4941651  -0.06581089],[-5.092969  5.554052],[-5.4344983  5.9237366],[-1.4468718  1.9289972],[-3.6311522  3.902217 ],[ 1.0053773 -0.5386152],[-4.6070147  5.254442 ],[0.24577664 0.172896  ],[-5.259793   5.7467723],[-3.221426  3.570103],[ 3.0618727 -3.1156852],[-1.1659274  1.615607 ],[ 5.5674267 -5.463696 ],[-3.083619   3.7742999],[-1.4434142  1.8692169],[-1.724669   2.1670432],[0.18751094 0.1687409 ],[-0.86138576  1.4978793 ],[-3.4300075  4.002698 ],[ 1.9443191 -1.8827324],[ 0.8613993  -0.52997625],[-2.0619276  2.4062994],[ 2.572129 -2.430099],[-1.2877064  1.782842 ],[-3.3604794  3.9568603],[-2.0901356  2.7812488],[-4.340461   4.8704705],[-4.434067   4.9203963],[ 2.0872972 -1.7365814],[-0.3303894   0.89548475],[-2.3371677  2.8728032],[-0.12367836  0.47084007],[-0.4771978  0.9046825],[ 0.6049833  -0.28515497],[-1.7409737  2.1928887],[-0.72672904  1.2848984 ],[-1.4749477  1.9380955],[-1.4726272  1.7452772],[0.1817183  0.25309324],[-0.84876406  1.5230299 ],[-2.1857576  2.784457 ],[-2.8243122  3.4989903],[-2.623283   3.2538958],[ 0.60685384 -0.2744255 ],[-1.2130054  1.8358426],[ 0.43607116 -0.03452685],[-2.9960756  3.683647 ],[-2.564853   2.9973454],[-3.2137895  3.7797148],[-0.7266828  1.2574581],[ 3.4605088 -3.1844654],[-4.435058  5.017122],[ 4.678709 -4.450408],[-4.2361593  4.808847 ],[-3.179797   3.6378605],[ 0.48269024 -0.14839554],[-5.0829554  5.7776117],[-0.96031684  1.4460003 ],[-1.0231059  1.7047424],[-3.873211   4.4661803],[-3.9431422  4.4927783],[-2.3723507  2.8326383],[-1.0780307  1.5449564],[-5.093142   5.6165476],[-4.015695   4.4983172],[-0.35248265  0.79928255],[-4.4734316  5.0186253],[-4.4787593  5.0143285],[ 0.5148408  -0.18100694],[-2.3907328  3.1310112],[ 1.1794243 -0.7260026],[-4.582417  5.121572],[-0.6657217  1.1245964],[-3.3901923  4.0069942],[-0.04410251  0.5036032 ],[ 1.7266291 -1.4620898],[ 0.44536442 -0.18612152],[-4.1386056  4.7279634],[-4.9842777  5.5570073],[ 0.82411635 -0.44147205],[-3.916398   4.5670586],[-4.3508453  5.023774 ],[-5.2370963  5.830644 ],[-2.8735669  3.5915349],[-2.9321043  3.6498318],[-1.6130333  2.1604595],[ 0.4037465  -0.00782333],[-3.1381948  3.792233 ],[-2.619074   3.0297232],[ 4.15138  -3.899204],[-2.10624    2.6069617],[-3.5028296  4.109734 ],[-2.9710279  3.4383733],[ 1.3504741 -0.8670753],[-4.911633  5.446713],[-1.054686   1.5798529],[-0.5912476  0.9248286],[0.26077384 0.2802514 ],[-0.5934414  1.1014743],[-4.4029455  5.0454288],[ 1.6615946 -1.4823071],[-1.6799061  2.1445932],[ 5.129136  -5.0437145],[-1.820207  2.071777],[ 0.44730312 -0.16634214],[-1.7954907  2.361424 ],[0.30411616 0.14781791],[-0.02237664  0.43041664],[-2.7788413  3.538262 ],[-1.8214598  2.15699  ],[0.22604893 0.22116733],[-4.450874  5.029708],[-3.874719   4.5319295],[-5.01763    5.6460557],[-2.0926206  2.6341658],[-0.09523433  0.55034786],[-2.114421   2.8343954],[ 2.2972593 -2.109438 ],[-4.0802336  4.7960534],[ 2.0356045 -1.8057544],[ 0.8451388  -0.59982336],[ 1.0011976 -0.6521552],[ 4.039983  -3.8215532],[-2.527567   2.9004734],[-0.8102309  1.3525732],[-1.2709138  1.7893562],[-4.7217846  5.401021 ],[ 0.48991892 -0.11363657],[-4.4232717  4.857644 ],[ 1.47896   -1.1803832]
[-5.3900585  5.8518558],[-5.3474708  5.8875623],[-0.76507616  1.3709903 ],[-0.59213865  1.2273145 ],[ 2.5925314 -2.370505 ],[-5.2181616  5.7116117],[-1.5350041  2.1257503],[-1.8058779  2.3566594],[-3.878796   4.3593807],[-4.719692  5.311722],[-2.1206195  2.73531  ],[0.01205806 0.474193  ],[ 1.0101966 -0.692693 ],[-2.0190399  2.6503923],[-1.0033495  1.5911609],[-0.7098726  1.2851568],[-3.9208076  4.3798366],[ 4.8313937 -4.5607944],[-0.44703403  0.9168029 ],[-4.711549   5.1339965],[-1.6205356  2.2052114],[0.06292556 0.3538015 ],[-0.21239012  0.6622106 ],[-2.9779913  3.8381555],[-1.8285558  2.0409257],[ 0.5535983  -0.24454102],[-4.773795   5.3096423],[-2.5594711  3.1161637],[-3.538037   3.8902123],[ 1.8447856 -1.4238476],[-4.5369782  5.0958257],[-2.8141239  3.5294597],[-2.7819154  3.4069862],[-4.3199267  4.8728   ],[-2.5008075  2.9580932],[-5.013345  5.56503 ],[-4.7788305  5.305459 ],[-1.7122762  2.1587358],[-4.5208926  5.165026 ],[ 0.5817264  -0.26731637],[-1.2834109  1.6489457],[ 4.7620277 -4.6281304],[-3.14648   3.758868],[-0.80717516  1.2918187 ],[-3.459698  3.886666],[ 0.51403844 -0.10907455],[-0.48392656  0.7513695 ],[ 0.89587927 -0.5295548 ],[-5.4612136  5.7555146],[ 1.7847366 -1.4837238],[-1.4785223  1.7663594],[-2.711884   3.1999521],[-3.4629457  4.142289 ],[-1.1207199  1.6128944],[-2.4017951  2.8903196],[-5.5122576  6.005546 ],[-3.6936448  4.220945 ],[-4.812102   5.2744446],[-4.8049803  5.3261366],[-2.1483266  2.685004 ],[-2.335874   2.8404212],[-0.20436585  0.74389714],[-5.423038  5.912878],[-1.0739223  1.4790776],[-3.770892  4.308384],[0.29797935 0.07180285],[-2.4310553  3.0004983],[-2.065725   2.6428251],[-0.2909976  0.6692524],[-3.919085   4.3977666],[-4.277441  4.722227],[-0.31115124  0.9085444 ],[-4.1109266  4.572119 ],[-2.6139374  3.162447 ],[ 6.0866456 -6.0331492],[-4.876582   5.4525084],[ 1.9546493 -1.3816175],[-0.98844856  1.4312906 ],[0.32998553 0.18817505],[-3.249062   3.6516361],[-1.178681   1.6167839],[-0.6813069  1.1736344],[-2.303056   3.0363042],[ 5.3108206 -5.117575 ],[-1.3572897  1.866879 ],[-3.0001884  3.5381162],[-2.106052   2.7280667],[-5.7048163  6.1690397],[0.01738857 0.4652432 ],[ 0.63321114 -0.46790108],[-0.57697034  1.1294692 ],[-0.66675544  1.2367443 ],[-4.921571   5.4013686],[-4.888127   5.3552094],[-1.9242803  2.677401 ],[-3.5829544  4.106735 ],[-4.6670027  5.2020054],[-4.6037173  5.1460414],[-2.9905336  3.6735172],[-4.193436  4.709101],[-4.4394417  4.951352 ],[-3.4953527  3.9459956],[0.02882394 0.3788826 ],[-2.816069  3.268999],[-3.6937447  4.260694 ],[ 5.3673854 -5.325425 ],[0.14379087 0.39089423],[ 1.8282498 -1.6244893],[-3.7544236  4.1813393],[-0.84999114  1.2711416 ],[-0.68786484  1.268518  ],[-2.9530652  3.5195422],[-4.5902443  5.1392517],[-4.7316337  5.2979016],[ 0.9901955  -0.66033864],[-0.7373058  1.2209369],[ 5.1615953 -5.0999603],[-0.79309857  1.3872159 ],[ 0.4810171  -0.05647882],[-5.398902  5.849036],[-0.14167456  0.5922927 ],[-2.791288   3.4477625],[-0.46485093  0.84581155],[-1.9022245  2.6058922],[-4.5830193  4.995294 ],[-3.0205991  3.5482135],[-2.094228  2.618667],[-0.9455202  1.5593427],[-2.3241353  3.1253486],[-4.968212  5.466378],[-5.009978  5.606412],[-5.0412207  5.5886474],[ 0.4577011  -0.11384184],[-0.16091888  0.711279  ],[-1.7026093  2.2771068],[ 1.0464276 -0.670273 ],[-2.7023835  3.461529 ],[-4.3821096  4.958665 ],[-4.86503   5.341123],[-3.7518857  4.2844768],[-3.1719813  3.7049272],[0.14939553 0.3073966 ],[ 1.6687328 -1.3976138]
[ 0.7989019 -0.433169 ],[ 0.8186359  -0.51437825],[-3.2739127  3.7972164],[-4.690632   5.1882534],[-2.465301   2.8696015],[0.19265553 0.20659897],[-3.5098605  4.087571 ],[-1.7539908  2.4340765],[-2.4558053  2.817186 ],[-5.0473275  5.360607 ],[-0.06657943  0.44635895],[-3.768429   4.4037256],[-0.52913934  1.0529543 ],[-2.947559   3.5962653],[ 1.07507   -0.6075751],[0.2290704  0.19848412],[-4.6957636  5.05014  ],[-3.7764895  4.3782234],[ 0.6686167 -0.3056199],[-0.19839808  0.44171196],[-2.0423484  2.4779663],[-0.5668008  1.0022596],[-3.0135832  3.5063803],[-5.182258  5.634618],[-1.0905377  1.5785617],[0.16476066 0.08631892],[-3.6632142  4.0766487],[-2.8596    3.214752],[ 4.140591  -3.8916461],[-0.9522839  1.4854814],[-3.878579  4.364774],[-4.4178104  4.832698 ],[-5.028101   5.5045238],[-0.09735875  0.5164641 ],[ 0.9590127 -0.6231916],[ 3.2811167 -3.0009618],[-0.8509215  1.25901  ],[ 0.52434134 -0.14066185],[ 0.760715  -0.4657712],[ 2.5570982 -2.3506346],[ 1.0888567 -0.6983368],[0.1988104  0.03849717],[ 2.3816326 -2.311379 ],[ 2.5086215 -2.2402775],[ 0.6274017  -0.34793752],[-0.07034974  0.5869457 ],[-1.2983254  1.4357618],[ 0.51558137 -0.26252997],[ 5.9833546 -5.7461395],[-1.2033914  1.687697 ],[0.21393235 0.04786727],[ 0.64288527 -0.2609443 ],[-4.52289   5.030784],[-0.24727651  0.7331492 ],[-0.95188254  1.4156168 ],[ 2.5240595 -2.2503552],[-1.0327189  1.2830099],[-0.46443102  0.8288277 ],[-0.710542  1.18818 ],[ 4.0058484 -3.7796378],[0.18890566 0.14476019],[-1.15043    1.7037183],[-0.15762357  0.53638536],[-4.463833  4.949407],[-5.091107  5.497252],[-4.3787017  4.9272323],[-0.7789992  1.3214833],[0.09094244 0.38264793],[-2.4088578  2.6352966],[ 0.7154842  -0.34521204],[ 5.6886964 -5.598601 ],[-3.922658   4.5688972],[-0.10228407  0.48728195],[-0.50344783  1.0230973 ],[-1.304411   2.0085688],[ 1.1743867  -0.91159344],[-3.5297565  4.0875316],[-0.27275175  0.6693716 ],[-0.12312062  0.46505955],[-1.6655508  2.0927236],[ 0.4601102  -0.23241472],[ 2.2273576 -2.1282196],[-5.521019   6.0160055],[-1.0071391  1.3052096],[-4.0467134  4.416181 ],[-0.852114   1.3226975],[-4.8469276  5.4294677],[-1.1991798  1.5221364],[-4.6748385  5.2647862],[-2.1765373  2.591881 ],[-4.1506753  4.671417 ],[-4.8369756  5.2666907],[-1.3445421  1.610595 ],[ 0.49588367 -0.24258503],[-5.1783314  5.630655 ],[ 1.5173788 -1.1713486],[ 1.8516365 -1.7477453],[ 1.541481 -1.415369],[-3.5402567  3.9967732],[-3.00939    3.5163639],[-3.4909658  3.7916064],[-0.5283175   0.94843596],[-3.4949114  3.8455966],[-1.513008  2.011455],[-2.7137897  3.1309152],[-5.260237   5.8207784],[-4.8475256  5.329622 ],[-4.6030307  5.148758 ],[ 0.5894376  -0.39108163],[-1.1526783  1.5492859],[-3.1372278  3.7211945],[-2.4761155  3.012689 ],[-4.2403846  4.695673 ],[-0.09071429  0.40035054],[-1.6401848  2.2102723],[-4.0174384  4.6363177],[0.03726549 0.26800543],[-4.518138   5.0833178],[-1.389237   1.8762789],[ 2.8475854 -2.6764257],[ 0.8368592  -0.49631312],[-3.7214453  4.1811996],[ 0.678274   -0.23618308],[-5.3237     5.8044343],[ 1.237281  -0.9493764],[ 1.2065415 -0.9249982],[ 0.83705074 -0.47002223],[-0.9258497  1.3968443],[-5.6114783  6.0703516],[ 2.3937154 -2.1396515],[-0.51258403  0.95529   ],[-1.9603009  2.3233173],[ 2.5920324 -2.3966053],[-4.154164  4.615174],[-1.9072138  2.319127 ],[-2.324716   2.6906407],[-3.703392   4.0301824],[-0.59049237  1.0748762 ],[ 1.3716028 -1.0467536],[-1.2693044  1.680956 ],[-0.53126705  1.0334507 ],[-3.447632   3.8179808],[-0.39566556  0.7065904 ]
[-2.0084584  2.458179 ],[ 1.2353896 -0.9308721],[-0.92575246  1.514775  ],[-0.9117776  1.386722 ],[-3.0497315  3.5197983],[-3.8152077  4.2715864],[-1.4902261  1.8102789],[-3.8582602  4.396369 ],[-1.8654312  2.1605852],[ 6.277727  -6.2086945],[-2.3679984  2.7611659],[-4.6371126  5.14172  ],[-0.5877268  1.1489605],[-1.817042   2.5212271],[-0.38457248  0.7874574 ],[-1.2918547  1.7132156],[-3.3795142  3.6175256],[-0.16595268  0.548306  ],[-4.7845573  5.1897693],[-1.2484044  1.6059481],[ 1.3872727 -1.0626007],[-3.9011135  4.359264 ],[ 0.9269394 -0.6194503],[ 3.8526635 -3.8225267],[-0.657169   0.9044382],[-0.27563316  0.54125804],[-1.4705321  1.8547688],[ 0.30796012 -0.09885505],[ 5.7706537 -5.6846447],[-4.388159   4.8158174],[ 0.94702387 -0.6596608 ],[-1.8910823  2.3551097],[0.23444393 0.15297425],[-1.7614448  2.0916207],[ 4.311245 -4.283547],[-2.2169487  2.6888137],[-3.8189878  4.206525 ],[ 3.8647738 -3.7690024],[-0.19576508  0.56515133],[-2.8958607  3.2265046],[ 1.3112949 -0.997923 ],[ 0.8908675 -0.7433485],[-1.779655  2.439066],[ 5.4929886 -5.4285703],[ 0.78071666 -0.62897474],[-4.2982693  4.7327495],[ 5.9581804 -5.9205055],[ 2.8519197 -2.6584747],[ 3.9206295 -3.6961985],[-2.12804    2.6525636],[ 3.1151743 -2.8535144],[-2.1735234  2.5411499],[-1.221358   1.6591164],[0.09113151 0.2799851 ],[ 3.1458626 -3.0417736],[ 3.3947883 -3.2683842],[ 6.5049534 -6.448354 ],[ 3.2605538 -3.0893204],[-4.8608165  5.31567  ],[-3.1208317  3.65579  ],[ 0.97079676 -0.9252157 ],[ 2.301152  -2.1688917],[ 5.1477675 -5.1564918],[-3.8504207  4.1576037],[-0.5428956  0.8867623],[ 1.0952902 -0.8294205],[-3.2048762  3.7557774],[-2.4753175  2.870524 ],[ 5.3483667 -5.130301 ],[ 1.2247895 -0.9738797],[-4.4205856  4.829362 ],[-2.9811802  3.3161812],[ 3.8768313 -3.769375 ],[-2.4054494  2.9286423],[-3.3383033  3.9079785],[-5.550052   6.0051517],[-3.1772115  3.6420255],[-4.0073214  4.399777 ],[ 1.7273315 -1.6196723],[-2.49318    2.7810295],[ 1.8986254 -1.9127514],[ 2.0605779 -1.7348505],[-2.1089678  2.395555 ],[ 0.543557   -0.23713726],[ 0.41083068 -0.30045298],[-0.5099119  0.8832424],[-2.5731647  2.9403265],[ 5.2073774 -5.0944614],[-2.2671134  2.706811 ],[-0.6491935   0.97242403],[-2.1876085  2.6193528],[ 0.57303715 -0.35393736],[ 3.6547642 -3.6120954],[-2.4839392  2.8825805],[-1.5186474  1.8772535],[-1.2542987  1.8749359],[ 0.7991789 -0.6889604],[ 0.8471837 -0.7467715],[-2.5982368  3.022227 ],[ 1.9485726 -1.6865534],[ 2.5334327 -2.3881516],[-0.34836462  0.6910423 ],[ 2.643314  -2.4086924],[-3.486898   3.9452937],[-1.6080256  2.0692754],[-3.5027952  3.8149865],[-0.664692   1.0621568],[-3.3837945  3.9068804],[-1.640128   1.8600122],[ 1.625947  -1.4991286],[-3.1307073  3.5073943],[-2.1587024  2.622758 ],[ 0.45310044 -0.13229762],[ 1.1972115 -1.1069908],[-2.8015723  3.1646495],[-2.4437606  2.8819644],[0.19189812 0.04959532],[ 2.407904 -2.011911],[0.17526546 0.2928127 ],[-0.3014387  0.7044252],[ 0.5813214  -0.31651044],[ 1.5080204 -1.2494446],[-0.3144891  0.5972766],[-0.9964799  1.43096  ],[ 2.1408224 -1.87488  ],[ 1.1577432 -0.8908815],[ 3.91375  -3.866397],[-0.78361434  1.3344474 ],[ 0.98286366 -0.7260335 ],[ 0.98618585 -0.7154327 ],[-0.42341107  0.9633492 ],[-1.5104375  1.8911456],[ 4.822835  -4.7145233],[-0.04609436  0.30391374],[-0.7477538  1.0825192],[ 2.3277419 -2.1472547],[ 5.3653946 -5.3528466],[ 2.742627  -2.6630895],[ 3.9882925 -3.8289895],[ 0.2248861  -0.02019762],[-5.444394  5.812853],[ 2.6456816 -2.5278199],[-0.03088683  0.42235094]
[ 1.0898069 -0.7797959],[-0.6753781  1.093063 ],[-0.53235435  1.0298315 ],[-0.6820781  1.0723405],[-3.866737  4.347268],[-0.41058195  0.7617049 ],[0.16762604 0.1558393 ],[-0.8800417  1.435723 ],[ 1.6790512 -1.5290862],[-0.64633995  1.0372823 ],[-1.5876597  1.9625694],[ 5.1629477 -5.1564116],[-0.79634476  1.3723347 ],[-1.5975598  2.2804837],[ 0.45397887 -0.21464676],[ 1.2657975 -1.0588733],[ 3.7991555 -3.5526164],[-3.2383785  3.4705014],[0.37909847 0.02059535],[ 2.8484511 -2.5852425],[ 2.8240547 -2.6844628],[0.15422626 0.07870772],[ 4.719856 -4.513587],[-3.367187  3.877844],[ 3.7553694 -3.561366 ],[ 1.9503219 -1.8383777],[ 5.3578763 -5.2325554],[ 0.9727882 -0.8098335],[ 2.435564  -2.2533033],[0.3287969  0.10079276],[-4.8200364  5.1840076],[-0.36819562  0.8452396 ],[-2.3065903  2.8364408],[ 1.8087101 -1.5308292],[-2.901608   3.2610564],[-2.4437573  2.7602851],[ 5.4044137 -5.267703 ],[ 3.2274485 -3.268516 ],[ 4.396205 -4.265686],[ 0.46865338 -0.01607754],[ 2.3932996 -2.1580162],[-0.3406751  0.7690078],[-3.2845027  3.8961759],[0.22911286 0.10370453],[ 1.7538165 -1.590682 ],[ 2.7332294 -2.386315 ],[ 2.387434  -2.1394289],[ 3.5143602 -3.4870107],[ 1.7023507 -1.4682919],[ 3.8835702 -3.667272 ],[ 2.9577882 -2.702791 ],[ 0.4289433  -0.07017211],[ 3.070866  -2.9092274],[-2.5831072  3.039875 ],[-0.2938533   0.71660465],[ 2.09867   -2.0306606],[-4.6467667  5.22374  ],[-0.34796757  0.87975365],[ 1.8806007 -1.7054546],[ 1.0794419 -0.8004526],[ 1.4797846 -1.3209051],[-1.9599292  2.4995432],[-2.987379   3.5573125],[ 4.9834085 -4.7503023],[ 1.2975053 -1.0405762],[ 3.744905  -3.6323924],[-1.831623   2.1909194],[ 1.1668916  -0.95319515],[ 5.800538 -5.709563],[-3.9561102  4.5637183],[ 5.149697  -5.0008535],[ 3.4498508 -3.1532793],[ 1.47429  -1.352182],[-1.3592551  1.8123374],[-3.6246867  4.199299 ],[ 3.9594    -3.6882045],[ 3.7846715 -3.5241282],[ 3.1697605 -3.0035791],[0.06474046 0.28821355],[ 5.4592633 -5.4854574],[-2.7223918  3.092187 ],[ 5.1895466 -5.2354555],[0.35027507 0.08621904],[ 0.9932806  -0.70816797],[ 1.898648 -1.856814],[ 1.9695812 -1.6204873],[ 4.7552123 -4.4863753],[ 5.132378 -4.972646],[-0.07775697  0.6673878 ],[ 3.0870514 -2.9911098],[-0.58876896  0.9810432 ],[ 0.6313362  -0.46958977],[-0.4556187   0.95995677],[ 2.56928   -2.5250201],[ 2.9659245 -2.7500668],[ 1.0856477 -0.8250862],[ 2.6792102 -2.8887982],[ 3.122425  -3.3496711],[-0.44776157  0.8744534 ],[ 2.638458  -2.3198352],[ 1.6319793 -1.4268245],[ 3.8435328 -3.6579208],[ 5.0279493 -4.8204246],[ 0.7076174 -0.5702512],[ 0.86608326 -0.5118116 ],[ 0.29607934 -0.02829889],[ 3.3721216 -3.1164155],[-0.17225423  0.65617746],[-0.1120405   0.40441868],[ 0.85332066 -0.70336473],[ 3.139146 -3.025921],[ 1.7003037 -1.494577 ],[-0.90923756  1.3445204 ],[ 1.8502107 -1.8643624],[0.00096868 0.31386113],[ 1.6218745 -1.382236 ],[ 1.7277155 -1.3980069],[ 6.3149004 -6.397257 ],[-0.07843721  0.4581742 ],[ 4.346971  -4.1780343],[ 1.5737935 -1.4586734],[ 0.9305151 -0.6914197],[ 0.55310595 -0.3052811 ],[-1.9601059  2.3270853],[0.1278556  0.21799412],[-3.555889   4.0404725],[-4.681782   5.2685194],[-2.9710207  3.4089077],[ 3.1286943 -3.0575335],[ 1.4980626 -1.1715559],[-0.53892916  0.96457624],[ 1.1222795 -0.7796939],[ 4.7440324 -4.7180805],[ 1.0809358 -0.8793891],[ 0.5659818 -0.1934698],[ 2.0489197 -1.9909893],[ 1.3006908 -1.0067176],[ 2.009636  -1.9121127],[ 2.6458414 -2.56278  ],[-1.0732976  1.3682271],[ 2.8236132 -2.5672588],[ 3.8921003 -3.8864837],[ 1.652041 -1.624546]
[ 1.2680372 -0.8723362],[ 2.9947948 -2.9710171],[-0.28170764  0.7974762 ],[-0.07074583  0.47040936],[-0.94505924  1.3525876 ],[ 1.2866031 -1.0429417],[-2.4523697  2.7760854],[-1.2589337  1.8389156],[ 1.0490817  -0.81786996],[ 4.725645  -4.6116066],[0.12058689 0.2468805 ],[-3.9329789  4.560404 ],[ 3.2269526 -3.1374936],[-0.6019304  1.1834697],[ 0.7321537  -0.29220715],[-0.2837455   0.74773407],[ 5.003547 -4.862436],[ 5.388389 -5.175105],[ 3.5982227 -3.53218  ],[ 3.8955927 -3.7639058],[-2.7670105  3.374084 ],[-0.9427087  1.3457719],[ 3.5112264 -3.5138607],[-0.13716216  0.6294657 ],[ 1.5093588 -1.2345034],[-2.4482005  3.0392005],[-2.89132    3.3570118],[ 1.5187949 -1.3108139],[-1.0543615  1.438319 ],[ 5.7713003 -5.7958393],[ 4.2269135 -4.0088387],[0.34016532 0.07750279],[-4.2560287  4.7152743],[ 2.7959263 -2.7842984],[0.01199104 0.4005059 ],[-2.2620044  2.7617884],[ 4.5550675 -4.483482 ],[ 0.7776063  -0.58033514],[-1.8029088  2.395111 ],[-4.635331   4.9987926],[ 3.0083926 -2.9272618],[-1.8758203  2.514084 ],[0.01604617 0.5012658 ],[0.38436812 0.11090188],[ 1.8868402 -1.6944845],[ 2.9643426 -2.7824962],[ 1.4062542 -0.9991252],[-3.1588702  3.7563512],[ 5.1235976 -4.9830284],[ 1.9036921 -1.7574422],[ 3.2053263 -3.072267 ],[ 0.88605994 -0.6211792 ],[-4.7005754  5.2410417],[-0.6846147  1.2002677],[ 0.7044106  -0.35003924],[-0.80858403  1.2953459 ],[ 0.43357334 -0.1675179 ],[-1.3422863  1.7953132],[-0.61572784  0.98782384],[-0.6433841  1.1383682],[-1.5547271  2.0529985],[ 1.1611174  -0.77395004],[-3.551635  4.199201],[ 5.10175   -4.9579887],[-0.28322965  0.63051456],[0.14409412 0.22353292],[0.4065328  0.04191926],[ 0.8231058  -0.46983707],[ 1.5387126 -1.1811057],[-3.7924447  4.1576133],[0.34797117 0.09917032],[-2.4072893  2.8899395],[-3.396173   3.8817368],[-2.5461023  2.8453794],[ 2.918986  -2.7839887],[ 3.0754268 -2.8942308],[ 3.6451538 -3.4876783],[ 5.1638174 -5.19724  ],[ 1.1561449  -0.82697326],[ 0.7182763  -0.35885558],[-2.218555   2.6348364],[-5.4527397  6.066368 ],[-1.585871   1.9653267],[-2.847606   3.5174367],[ 0.9254301 -0.789639 ],[-5.118113  5.556009],[ 0.709851   -0.48600084],[ 1.4393913 -1.2918634],[ 1.2140956 -1.1748924],[ 0.49043977 -0.3591949 ],[0.13488546 0.1715293 ],[ 1.0690753 -0.769177 ],[-0.87776184  1.3652197 ],[ 2.3266463 -2.3761957],[-1.7363704  2.243608 ],[-4.7522955  5.2374563],[-3.9423716  4.607464 ],[-3.9076915  4.582874 ],[ 4.8979278 -4.8478065],[ 2.4139786 -2.255674 ],[-0.35678187  0.8733787 ],[-2.8963006  3.342368 ],[ 5.145548 -5.111727],[ 2.3971536 -2.3101718],[-1.3899852  1.9883434],[ 3.180942  -2.9705386],[ 2.1729097 -2.0682495],[ 4.043332  -4.0571847],[ 2.0577116 -1.8141185],[-0.700889  1.162773],[ 0.5675827  -0.41619056],[ 2.4003394 -2.2286665],[ 3.2483623 -3.2312393],[-0.29892904  0.7378004 ],[ 2.7403703 -2.5776892],[ 2.10536   -2.0910318],[ 1.3430133 -1.054094 ],[-1.9259008  2.6946206],[-0.3935327  0.886772 ],[-4.3451204  4.8624926],[-1.9710579  2.409706 ],[-2.0297968  2.4421442],[ 5.067585 -4.9222  ],[ 5.529028 -5.502862],[-0.14731053  0.5704736 ],[-1.3195368  1.7239934],[0.29642975 0.20044345],[0.27878094 0.16568905],[ 0.6884383  -0.39629468],[-5.3901296  5.865565 ],[ 2.5789623 -2.4391015],[-0.3317322  0.851867 ],[-5.1378193  5.711123 ],[-0.30508146  0.5967829 ],[ 0.4311384  -0.03682583],[-1.2146379  1.9235306],[-0.29673952  0.90541357],[-0.4598709   0.90773267],[-3.8258567  4.4644036],[-0.4509242   0.64871556],[-0.07467644  0.35567582],[-0.18870589  0.5682403 ],[-5.2246413  5.849876 ]
[-0.5364141  0.902237 ],[-4.3181124  4.8067408],[ 2.0281246 -1.8866589],[-0.39218277  0.8512601 ],[ 4.569428 -4.582317],[-0.610769   1.0531296],[0.20506185 0.07726541],[ 1.1780657 -0.9724273],[-0.17879584  0.50046796],[ 0.7992764 -0.699072 ],[-0.88164836  1.2708075 ],[-0.07758528  0.36316139],[-1.4892832  2.1431575],[-0.41764647  0.9189321 ],[-0.03184466  0.36760688],[-0.29492196  0.75263655],[ 6.1533437 -6.0712028],[ 4.554025  -4.4208903],[ 0.42927778 -0.17125744],[ 1.5868564 -1.4173235],[ 4.414711  -4.2384734],[0.03191446 0.10979497],[0.0563295 0.3558331],[-3.8038251  4.155701 ],[ 2.9833465 -2.8669388],[ 1.4141368 -1.1581979],[ 2.0456054 -1.7952462],[ 0.6975701 -0.6202839],[ 5.281993  -5.1637597],[ 2.4361112 -2.4110074],[-0.7047603  1.0152124],[-1.0866423  1.3768336],[ 1.53733   -1.1902244],[-0.9869781  1.5281737],[-1.6638675  2.0031874],[-3.8655229  4.2195473],[-0.16715695  0.65231293],[ 1.1512135 -0.8522383],[-2.5706325  3.1736288],[-1.0830201  1.3061887],[0.02998813 0.33756277],[ 0.48910138 -0.08851186],[ 4.6197166 -4.613304 ],[0.29892722 0.09072698],[-0.3779854  0.8582843],[-1.3511555  1.8654389],[ 5.909005 -5.83486 ],[-1.2024964  1.6805315],[ 1.4269853 -1.2021432],[-5.243263   5.8490696],[ 2.5769846 -2.3004675],[-1.2065634  1.5852907],[ 2.599237 -2.468265],[-0.62669694  0.9924282 ],[ 1.2264752 -1.2004007],[-3.2626157  3.6988325],[ 3.9891386 -3.8878207],[ 3.0454416 -2.8036368],[-2.2946353  2.6899905],[-1.0995594  1.6982449],[-1.7971786  2.2054906],[-3.4080372  3.9446247],[-4.8519635  5.1548944],[ 1.5584613 -1.1961612],[-0.5552767  0.9373966],[-0.25084844  0.7017509 ],[-4.605527  5.007798],[ 1.0479062 -0.7842606],[ 1.9410372 -1.6959445],[-0.93246335  1.2838157 ],[-5.729017  6.238716],[-1.7224091  2.2568023],[-3.174508  3.709859],[-0.3899333  0.7482564],[-2.5876572  3.195267 ],[-0.36862496  0.5800313 ],[0.17501767 0.16024649],[-2.252145   2.8343852],[-0.17691275  0.69606483],[-1.3656284  1.7816387],[0.00396705 0.28334644],[-3.2484853  3.6667986],[ 2.6998353 -2.5553594],[-0.3434097  0.8506443],[-4.24887   4.651264],[ 5.3886514 -5.2777443],[ 1.4318552 -1.3047534],[ 0.6128553  -0.31898984],[-0.93042034  1.3973049 ],[ 0.39667976 -0.09914111],[-0.18467471  0.45438558],[-3.0658333  3.1352503],[ 0.8245335  -0.39918077],[-0.40608725  0.65353554],[-3.2155142  3.5889497],[-0.9608882  1.4361204],[-4.985575  5.476365],[-4.88536    5.3831553],[-1.4815363  1.9676954],[-5.4433193  5.8968663],[-2.0988517  2.3801281],[ 2.4027781 -2.32393  ],[-0.9013488  1.2363093],[ 0.23641562 -0.01848003],[-3.9973423  4.322697 ],[-0.37486964  0.8021994 ],[ 1.5922321 -1.5763087],[-3.5968273  4.121642 ],[ 2.466988 -2.286984],[-1.7207961  1.9198798],[-0.08607423  0.50080687],[-0.43200213  0.7868947 ],[ 2.980157 -2.882323],[-0.5439358  0.9649794],[ 0.9083516 -0.6201789],[-3.656143  4.173466],[0.19866    0.16488352],[-3.647937   4.3189874],[-2.907888   3.4865682],[-0.7565752  1.2424417],[-0.02799683  0.28508925],[0.23989618 0.11644202],[ 1.1908529  -0.89026177],[-4.0579653  4.5476613],[-0.05319059  0.4457894 ],[-0.860784   1.3154315],[-0.73811483  1.1985434 ],[-2.283804   2.7033837],[0.18395199 0.21636525],[ 0.6709654  -0.51498246],[-2.94451   3.466431],[-3.0097334  3.4545114],[ 0.8101685  -0.48131505],[ 0.40331453 -0.02360079],[-2.4721344  2.9741404],[ 1.1815656 -0.8660122],[-2.6857812  3.2215638],[-2.6821787  3.2365153],[ 5.3634286 -5.381416 ],[-0.1429491   0.31094795],[ 0.72729015 -0.45371315],[-0.0764257   0.49003342],[ 2.6895726 -2.7099268]
[-0.527635    0.85879827],[ 5.1103187 -5.183139 ],[-3.8681488  4.2869678],[ 2.3001575 -2.191058 ],[ 1.4603642 -1.4067521],[ 3.128116  -3.1108656],[-1.4235266  1.7977076],[ 0.9680736 -0.730286 ],[-2.107431  2.276606],[-0.8062098  1.1673383],[ 0.2716468  -0.00292895],[ 0.6971403  -0.44932476],[-3.9355655  4.4116535],[-0.43697307  0.78626806],[-2.0310912  2.6126916],[-0.5140073  0.8975044],[0.19239527 0.12283122],[0.096995   0.12635586],[0.05687597 0.25402945],[0.1179914  0.06992531],[-2.78605   3.312713],[-0.2892877   0.63304245],[-1.4544334  1.8321569],[0.02681908 0.3825088 ],[-0.11916098  0.5224209 ],[ 0.60336345 -0.39883092],[-0.2269716   0.47734144],[ 5.1569514 -5.198105 ],[ 3.3434339 -3.2669332],[-3.100713   3.5647464],[-1.1958287  1.5865624],[0.18459584 0.08524339],[ 0.46138346 -0.18748131],[-3.8228416  4.288127 ],[ 1.9263756 -1.7506794],[ 4.2805905 -4.1883802],[-2.8605306  3.1986175],[-2.495179  2.959607],[-3.5973794  4.144351 ],[-1.6641482  1.8836551],[-1.6709317  2.126082 ],[-0.3488371  0.79158  ],[-2.3366423  2.9814475],[ 0.5388709 -0.3237548],[-2.2576482  2.4960685],[-1.2672119  1.6261208],[-1.6385856  1.9770378],[ 4.5091505 -4.3543296],[ 2.0812376 -1.9930744],[ 1.4606415 -1.2084303],[ 1.6394962 -1.4153116],[0.25103596 0.04035249],[-2.9884775  3.429803 ],[-2.7850611  3.2004607],[-4.953461  5.480408],[ 2.4458566 -2.4047732],[ 3.82045   -3.8381374],[-2.0365543  2.5358703],[ 6.0632553 -6.0917416],[-1.4717131  1.9564419],[-2.0814507  2.5707674],[-0.20874268  0.6128065 ],[ 3.5357063 -3.4099417],[ 3.6703713 -3.4915664],[-2.7919233  3.0750847],[-2.4516954  3.1051605],[ 0.51374495 -0.27670345],[-1.2225224  1.7587016],[ 0.6529319  -0.41452003],[-0.46862838  0.8688546 ],[-1.2498169  1.4772227],[-0.9995497  1.4133404],[ 0.48793113 -0.20155251],[0.05737389 0.21044663],[ 3.1827934 -3.072163 ],[ 2.679849  -2.5278997],[-2.3648953  2.6553698],[-0.16219518  0.4518542 ],[-4.1254206  4.6198525],[-0.18846366  0.45117566],[0.03619331 0.29637638],[0.4217294  0.05221064],[-4.156724   4.5351915],[-0.26002908  0.66557574],[ 0.80044276 -0.55821013],[-2.4798326  2.7835467],[-3.385967   3.7489705],[ 5.874713  -5.9622693],[-4.780561   5.2490993],[ 2.3805633 -2.2070985],[ 1.289564 -0.981269],[ 4.1481743 -3.9643004],[-2.3442276  2.7351139],[ 0.29866454 -0.07452191],[-2.3442929  2.8551648],[ 2.4280193 -2.3364244],[-3.1526566  3.5092394],[-3.2438111  3.6531684],[-4.1210246  4.429147 ],[-0.17788117  0.41079763],[-0.8248092  1.163359 ],[-1.226764   1.7091168],[ 4.9531507 -4.9290676],[ 2.4392812 -2.2603316],[-0.8364688  1.2602874],[ 0.3566011  -0.07325624],[0.09490995 0.24842834],[ 1.9806238 -1.8913451],[ 0.280353   -0.02591033],[-0.6489926  0.9115689],[-2.4313707  2.714871 ],[-0.07318407  0.3756188 ],[-3.574755  4.046772],[-0.4274292   0.77075845],[ 2.1744344 -2.0322921],[-0.37487128  0.57181346],[-1.3426588  1.7195346],[-5.7771187  6.2184114],[-0.43368775  0.6604061 ],[ 1.0092431 -0.7953279],[ 0.67061734 -0.37224224],[-2.82642    3.2806036],[-0.159562  0.540955],[ 3.8743792 -3.761954 ],[0.26471636 0.07104464],[-0.4961349  0.9024486],[ 0.9756107 -0.756946 ],[-1.0078411  1.4814883],[-1.8176374  2.2055066],[-0.36455822  0.8098903 ],[-2.2267098  2.7925034],[-0.7372986  1.208507 ],[ 2.1718817 -1.9844373],[ 1.1005803 -0.8892218],[ 1.7964997 -1.4754623],[ 0.79109687 -0.5711203 ],[-1.3449311  1.896358 ],[-1.6915841  2.1323664],[-3.002395  3.455413],[ 1.7963002 -1.7071924],[ 3.6812437 -3.6972709],[-4.4166527  4.931406 ],[-1.3882574  1.985032 ]
[-1.4101623  1.7025636],[0.16865811 0.2812414 ],[-0.58482444  1.0389823 ],[ 3.1458805 -2.9687436],[-3.007163   3.5168626],[ 0.8645542 -0.5316033],[-1.8125213  1.979175 ],[0.33146566 0.06492029],[ 1.7931993 -1.4260229],[-1.0044205  1.4493958],[ 1.1845769  -0.85929257],[ 2.2952154 -2.1089933],[ 0.8179562  -0.41271117],[-1.1124907  1.6893082],[-0.35229224  0.74319404],[ 1.5348742 -1.2850603],[-0.7757328  1.1859386],[ 2.965178  -2.8876202],[-0.7145515  1.1963004],[ 2.2834015 -2.1152236],[-1.8757548  2.3964307],[ 2.1781707 -2.070372 ],[0.2271695 0.260913 ],[-2.6553874  3.1565516],[-0.43015498  0.91709197],[ 2.1266205 -1.9661905],[ 1.7629135 -1.5366293],[-0.9528733  1.399378 ],[-0.19958943  0.6503161 ],[-0.4965798  1.0195589],[ 1.0108778  -0.64058864],[-0.11965764  0.5168656 ],[-0.9636921  1.3784935],[-3.3402143  3.7320719],[ 1.706755 -1.534022],[ 4.2294283 -4.149134 ],[ 1.8647413 -1.522921 ],[ 5.2655306 -5.238169 ],[ 1.2287332 -0.8709743],[ 0.5137566  -0.19814274],[0.38211733 0.0248749 ],[ 1.0849596 -0.8147879],[-4.146681  4.662814],[-3.1735659  3.7123902],[ 0.98526984 -0.58891326],[-0.3351675  0.7137247],[ 3.545365 -3.324544],[0.40258038 0.00750898],[-1.9057709  2.4673598],[ 5.421904 -5.429544],[ 3.6897163 -3.5635197],[-0.6440784  0.9859811],[-0.24304503  0.6960041 ],[ 2.9487808 -2.8479638],[-1.2262914  1.6636989],[-0.7562737  1.119889 ],[-2.155736  2.790613],[-3.2286634  3.544325 ],[-1.1616774  1.6727973],[0.24682215 0.02892888],[ 0.43658903 -0.17191246],[-2.6452372  3.0520558],[ 4.3601847 -4.3472686],[ 2.8743331 -2.5589561],[ 0.42519933 -0.10599568],[-4.6090546  5.1778264],[ 1.4589702 -1.1848532],[-0.20103967  0.76374096],[ 3.45051  -3.252067],[ 0.95366603 -0.6397827 ],[ 5.2524843 -4.9739957],[ 1.810207 -1.581207],[-0.0870603   0.50619787],[ 0.36075813 -0.03134966],[ 0.7764021 -0.4693276],[ 0.43149284 -0.11999829],[ 1.6832272 -1.4674999],[ 0.8675793  -0.48592362],[-2.6052203  2.9835105],[ 4.1143847 -3.8534086],[0.3245096  0.01632913],[-0.6053049  1.1567478],[ 1.5248632 -1.3347604],[-0.6053189  1.1159872],[ 1.4618856 -1.1883965],[ 6.111303  -6.0172057],[ 1.8506902 -1.5622036],[ 2.0428262 -1.8893538],[ 1.7846195 -1.7564639],[ 5.751241  -5.6301026],[ 5.7543225 -5.652931 ],[ 0.6150721  -0.37074506],[-1.4476881  1.6182927],[ 1.1356847 -0.8216476],[-3.3125203  3.642302 ],[-0.52670807  0.874541  ],[-2.7450526  3.063091 ],[-2.3941145  2.7055368],[ 3.8578677 -3.6805332],[ 6.228709 -6.169665],[ 4.735021 -4.432556],[ 1.1683072 -0.860282 ],[ 1.4094902 -1.0600641],[-1.0650134  1.3942618],[ 0.7831437  -0.45762345],[ 2.505865 -2.226445],[0.32901782 0.04495262],[-1.8220416  2.2100742],[ 0.84608966 -0.69092757],[ 3.0196111 -2.7640514],[ 1.3324702 -1.1128767],[ 1.2397888  -0.96137077],[-0.7438935  1.1538415],[-1.5595082  1.9360496],[ 1.9507921 -1.7611282],[ 3.5255606 -3.0996885],[0.21261692 0.12621829],[ 0.7960855 -0.4772666],[ 3.442474  -3.2962842],[-2.2030463  2.6508558],[ 1.8374835 -1.6527174],[-5.2211676  5.722849 ],[ 0.55124104 -0.34719348],[0.21298668 0.12766066],[-0.9531031  1.2231987],[ 0.6378505 -0.3589861],[-0.41961473  0.9445689 ],[ 0.99596363 -0.6753025 ],[-2.1202278  2.6529238],[ 2.8802958 -2.8450308],[ 2.2314653 -2.0949967],[-1.5423495  1.8814337],[-4.4857564  5.1909075],[ 2.1540174 -1.8990865],[ 3.3814712 -3.1217337],[ 1.6088362 -1.2946068],[-2.62885   3.136785],[ 1.2449672  -0.99717873],[ 3.6300378 -3.6247237],[ 1.885458  -1.7823223],[ 4.7163863 -4.676841 ],[ 0.7048578  -0.31295556],[-1.0874754  1.7315627]
[ 2.685241  -2.3513932],[0.11597057 0.2549509 ],[-0.08448012  0.48232028],[ 0.47928134 -0.267999  ],[-1.2573171  1.7734845],[0.30490804 0.08333547],[ 3.7033668 -3.5387983],[-3.5681114  4.1117673],[-2.1963096  2.5014732],[ 2.8985825 -2.697521 ],[ 0.9159358 -0.6152666],[-1.7963201  2.3178   ],[-3.747681  4.226037],[ 1.1584864 -1.0004307],[0.39542043 0.05258986],[-0.5854958  1.1585404],[-0.12461381  0.37322566],[ 1.4516621 -1.2704842],[-3.771855  4.321779],[-3.8296092  4.178769 ],[0.1727586  0.30518445],[0.07191679 0.19592679],[-3.5681865  4.19384  ],[ 2.7725995 -2.6731007],[-0.19145048  0.64900786],[ 0.5143509  -0.25425565],[-0.9149345  1.3823636],[ 1.1755532  -0.84907836],[ 1.8076246 -1.7123278],[-2.983823   3.3861613],[ 2.5612752 -2.4080126],[-0.16424179  0.7847771 ],[-0.171345   0.5327814],[ 1.5234922 -1.1867253],[-0.09453718  0.34255943],[ 3.8912628 -3.8085325],[-3.8705568  4.197166 ],[-5.5270424  6.0480123],[ 2.4905229 -2.3571882],[-0.15962072  0.35763267],[0.08826954 0.39338875],[ 2.0164242 -1.8953462],[ 0.86407554 -0.5600224 ],[ 3.791286 -3.756902],[-1.989593  2.298391],[-1.9192421  2.3758628],[ 3.2046812 -3.240522 ],[-5.3217716  5.7955384],[ 0.77034956 -0.3512058 ],[-5.4639196  6.0046563],[ 1.0172073 -0.7450412],[ 0.3981725  -0.19986609],[ 0.47405154 -0.23069891],[-1.9904087  2.3630514],[-2.1900342  2.6310503],[ 0.6985445  -0.60898685],[-1.0068705  1.4124349],[ 0.7472238  -0.31275335],[0.351296   0.00920294],[ 4.6586843 -4.5583487],[ 2.2515543 -2.3617733],[-2.8619409  3.2590857],[ 4.0409513 -4.0735555],[ 0.38413525 -0.1387167 ],[-1.1944902  1.5832431],[-4.5869513  5.0764   ],[ 1.9326457 -1.8892901],[-0.5550465   0.96417224],[ 0.6840511  -0.35296646],[-0.40791103  0.73900384],[ 5.901421  -5.8032575],[ 5.1147404 -5.258779 ],[-0.64732355  1.0426328 ],[-1.4196583  1.8095795],[-5.9095902  6.362847 ],[ 1.1350329  -0.88464326],[-2.9047685  3.2668839],[-2.036678   2.6940138],[-0.62482893  1.0800539 ],[-5.343279   5.7637296],[-2.6571958  3.0131931],[-3.7869523  4.1242   ],[ 1.7314944 -1.4365982],[ 0.36877665 -0.05254921],[ 0.28709713 -0.01938515],[-0.01345653  0.33265206],[ 4.2216587 -4.1284723],[-0.68770754  1.1973692 ],[-4.821759  5.326952],[0.06340589 0.15895197],[ 1.29624   -1.0632337],[-1.755587   2.0788496],[-0.01088922  0.33311427],[-2.7118855  3.2462506],[ 2.3078847 -2.2709591],[ 2.1359706 -1.9849226],[ 0.7955169  -0.45539752],[0.33688292 0.0196716 ],[ 3.9259627 -3.911662 ],[ 0.3789768  -0.04591022],[ 2.0928516 -1.9009341],[-2.7096379  3.4138136],[ 0.9699244  -0.58246744],[-0.64078534  1.0384907 ],[ 0.4552331 -0.1847584],[-0.25416628  0.6043128 ],[-3.9290562  4.5516067],[ 0.89430916 -0.66962373],[ 3.0989947 -2.9218564],[ 1.2250825  -0.85420555],[ 0.31880903 -0.0326761 ],[-1.6092075  2.1844406],[-0.11841591  0.5911112 ],[ 2.3116093 -2.1600816],[-2.3799448  2.825981 ],[-0.7972888  1.0691131],[-0.05713267  0.2966286 ],[-1.4756283  1.9494293],[ 2.1386096 -1.9045962],[-0.08004166  0.40649927],[-2.3440175  2.849098 ],[ 0.9104309 -0.6056634],[ 5.834234  -5.7773542],[ 0.7256294  -0.34996253],[ 0.4392283  -0.03640234],[-2.5859454  3.007487 ],[-3.1510034  3.5078635],[-1.6364115  2.137414 ],[ 0.753332   -0.37510765],[ 2.9717333 -2.8361037],[-3.6473505  4.2482686],[ 1.9202858 -1.8204352],[ 2.3635361 -2.2992613],[ 0.45441386 -0.18238238],[ 1.4227458 -1.0475643],[-0.4505534  0.9494942],[ 0.510773   -0.10258313],[-0.16556127  0.65217257],[-3.5043802  4.218314 ],[-0.98939806  1.3497207 ],[ 0.99006265 -0.6625154 ],[ 3.2982428 -3.0067055],[-4.6907334  5.1945596]
[-0.11187766  0.47320083],[-1.1609867  1.6886364],[-1.5936142  2.0111518],[0.19280383 0.2263611 ],[-0.7878606  1.3088917],[-4.283053   4.8662715],[ 2.7485795 -2.4755778],[-1.7750826  2.2868373],[0.09572301 0.17050624],[-2.833921   3.3277879],[-1.1915414  1.6030998],[-3.3648345  3.6064324],[-1.5544864  1.8453915],[-0.14284869  0.64009774],[-0.02712234  0.34858462],[-0.93032193  1.19635   ],[-0.85899395  1.2481601 ],[ 2.2292168 -2.151894 ],[-0.03252019  0.39631742],[0.23782806 0.13219318],[-1.7369146  2.0735772],[-0.00141705  0.18333265],[-5.289658  5.669387],[-0.88698304  1.3508807 ],[0.4489461  0.04681437],[ 3.0046344 -2.8824306],[ 1.4457883 -1.0951325],[-1.9534969  2.2952442],[-0.43070614  0.7526583 ],[-0.0653999  0.509872 ],[-0.8790584  1.171224 ],[-0.9647929  1.2869148],[ 1.6894166 -1.5084193],[-2.3554456  2.750582 ],[ 1.8026977 -1.6279943],[ 2.4057136 -2.198511 ],[-0.16572775  0.69785845],[-3.5781596  3.9233506],[-0.18645939  0.49467483],[ 6.455097 -6.394603],[-0.9375434  1.284376 ],[-1.0095917  1.5098201],[-2.6765974  3.1696591],[-0.55024797  1.1513544 ],[0.03676635 0.16204539],[0.0388446  0.33605382],[-2.169994   2.6864662],[-1.2872006  1.5108494],[ 3.0369444 -2.7920814],[ 2.3756359 -2.2263334],[ 2.5731902 -2.4239178],[-1.705224   1.9651784],[ 2.8342757 -2.7312536],[ 0.42051858 -0.23806852],[-0.16720465  0.54787725],[-1.6569512  2.1312184],[ 3.2811384 -3.1372893],[-0.77807266  1.1491315 ],[-4.283817  4.690828],[ 4.077606  -3.9832106],[ 2.426141  -2.5442715],[-2.775771   3.1817086],[-3.2126427  3.7719636],[ 0.50900054 -0.21260199],[-0.114287    0.45082143],[-1.7617148  2.0635326],[-0.6362082  0.9910853],[-0.67391974  1.123923  ],[ 0.804892  -0.3917024],[ 1.3349878 -1.1196588],[-3.0139909  3.4561713],[-2.079635  2.688874],[-2.531207   2.9078019],[-1.3618368  1.6595628],[ 5.1854386 -5.070736 ],[ 0.40658152 -0.12390129],[ 1.6914017 -1.2881312],[-1.6776143  2.184097 ],[ 0.8461854  -0.51021826],[ 1.6743518 -1.2480323],[ 0.7274838  -0.33106747],[ 2.7774465 -2.6124544],[-0.7351725  1.0532337],[ 1.1110823 -0.8216709],[-1.7057298  1.9965342],[ 2.648714  -2.4823477],[ 3.7503786 -3.5718806],[-2.4828956  3.1338067],[-1.1518515  1.3610815],[ 2.735626 -2.585884],[-0.40406436  0.8716668 ],[ 0.37313342 -0.10436133],[-0.54116964  0.87288195],[-0.4098791  0.6404022],[ 2.9366114 -2.6604836],[ 0.9239937 -0.7173383],[-0.5725148   0.99486923],[ 0.39478105 -0.04065825],[-5.0627337  5.6433034],[-2.9680264  3.3138137],[-5.3071113  5.7469544],[-0.29865643  0.67795825],[-0.6886392  1.0974355],[-1.9431245  2.37767  ],[ 1.2062511 -0.9296594],[0.20367827 0.16279802],[-4.9840655  5.326884 ],[-4.063418  4.485257],[ 3.3391662 -3.1821325],[ 0.4553113  -0.16571996],[ 0.41157556 -0.03165663],[-2.3868003  2.753531 ],[-3.1035118  3.5653262],[-4.3758593  4.851135 ],[-1.7071381  2.1048803],[ 0.6813941 -0.3741746],[ 3.6339426 -3.4880235],[-0.4318228  0.9053921],[-1.1441016  1.4388497],[ 2.1353407 -1.974339 ],[-1.2156318  1.6409038],[-3.2142453  3.5617461],[ 3.522329 -3.493685],[-3.9445283  4.399673 ],[-3.315019   3.7532837],[-0.31855473  0.59637785],[ 1.5921153 -1.3100427],[-0.3617532   0.61951697],[-1.0495591  1.4024779],[-2.4073713  2.8711827],[-4.417818   4.8997474],[-0.05068504  0.41544625],[-1.8250223  2.3284967],[ 0.811421  -0.6042341],[-0.6903546  0.9687779],[-0.38523635  0.83503896],[-3.784832  4.145793],[-3.791632  4.300507],[-3.2867928  3.764746 ],[ 2.4194107 -2.3236797],[0.19941641 0.28367627],[ 4.313118  -4.1877885],[-1.496925   1.8567047]
[ 1.8636132 -1.6132561],[-4.7276654  5.2043734],[-3.267747   3.6813152],[-4.637065   5.0513964],[-3.4493473  4.103189 ],[-4.8705106  5.328939 ],[-0.72974694  1.0854082 ],[-4.754976   5.2412643],[-2.5619125  2.915849 ],[-4.150404  4.590315],[-2.3459854  2.7184358],[ 2.615939  -2.5643578],[-2.1305523  2.4778032],[-4.853779   5.3547544],[-0.79797953  1.1822567 ],[ 1.0326775 -0.6443255],[-1.9606485  2.4477265],[-4.2323513  4.870818 ],[ 0.61767125 -0.3806169 ],[-4.311946   4.7238317],[-1.4821492  2.0640283],[-0.41623122  0.7581632 ],[ 1.9153808 -1.5577301],[ 1.7050576 -1.505492 ],[-2.3639092  2.9040806],[-2.1619804  2.6593907],[-5.020151  5.479559],[-4.713683   5.1738367],[-2.241083   2.7727654],[-2.3391874  2.8261936],[ 1.705808  -1.4864417],[-0.34086177  0.8206695 ],[-1.1245303  1.6680814],[-0.16944723  0.5581577 ],[0.07936274 0.2384508 ],[-2.3317313  2.686783 ],[-4.93106    5.2576942],[-2.4459188  2.7089667],[ 0.84764534 -0.63513887],[ 0.4446471  -0.23941156],[-1.6624018  2.0989878],[-1.2290325  1.7551905],[-5.096246   5.6021047],[-5.9702687  6.4376507],[-4.057352  4.343151],[-0.09777105  0.3921477 ],[-3.2233365  3.7955613],[ 0.31101704 -0.1398736 ],[-3.455696  3.997838],[-5.748055  6.206467],[-0.5736183  0.9825851],[ 3.1532469 -2.9923627],[0.04904497 0.32370943],[0.21903856 0.11948197],[-1.228182   1.5309788],[-5.122408  5.646132],[-4.13289  4.87791],[ 2.0846975 -1.9819727],[-4.3499503  4.795495 ],[-4.6633916  5.1714544],[-2.263511   2.8796632],[-1.6616693  1.9321299],[-4.8142486  5.378076 ],[-2.520437   3.0746548],[-0.04120019  0.32841223],[-0.32767987  0.50918853],[-3.0908506  3.4863296],[0.12342608 0.14367098],[ 1.1425935 -0.9416822],[-0.19211534  0.45368454],[-5.427038  5.892655],[-3.100844   3.5637786],[-1.1695881  1.5581952],[ 1.1866679  -0.88818514],[-2.687083   3.2503185],[-2.5759847  2.931769 ],[0.25493443 0.11613563],[-3.5806785  4.056271 ],[-0.00195353  0.42432818],[-3.9081414  4.193843 ],[ 1.092373   -0.80989856],[ 0.5161944  -0.30913565],[-3.2125182  3.669099 ],[ 0.8226742 -0.5874976],[ 2.6825006 -2.641989 ],[-1.0260428  1.4060532],[-5.8047953  6.228196 ],[-4.446197  5.045798],[-1.865014   2.1050737],[-3.1620524  3.6805363],[-4.50194    5.0780525],[ 5.63176   -5.5701003],[0.07211848 0.29275241],[ 0.6916163 -0.4729457],[-2.8022742  3.4051747],[-2.7217636  3.1699023],[-0.05886698  0.53469974],[-0.61354077  1.0668738 ],[-0.17056492  0.57729614],[ 0.96006507 -0.64331406],[-1.1175473  1.33923  ],[-1.6308439  2.225635 ],[-2.4809644  2.9119303],[ 0.33055824 -0.11826091],[-2.1760147  2.7828543],[-0.55966204  0.9850992 ],[-0.12994274  0.5290624 ],[0.24253865 0.15249822],[ 1.0182898  -0.75343364],[-1.1765926  1.717468 ],[0.09800303 0.32596818],[0.01189629 0.46439454],[-1.622692   2.1505854],[-1.7578982  2.0981486],[ 1.454237  -1.1262227],[-3.0685267  3.473557 ],[ 1.4613734 -1.1622261],[-3.3607154  3.6913335],[-3.4834933  3.9406652],[-0.04856734  0.24606726],[-2.7599826  3.0649097],[ 0.36939847 -0.1275604 ],[-3.902444  4.560306],[-3.118243  3.712574],[-0.01689826  0.27232555],[ 0.79961884 -0.46390465],[-1.7246251  2.2561054],[-2.373178   2.8527749],[-3.8115287  4.2463617],[-4.630234   5.0930443],[-0.24128821  0.6439722 ],[-2.9812875  3.3200815],[-1.4760206  1.8463268],[-3.0245993  3.5573704],[-2.3724706  2.8472123],[-3.3098207  3.803824 ],[-0.01639507  0.32251602],[-0.52873135  0.9721968 ],[-2.464539  3.035435],[ 0.49905375 -0.27481854],[-3.4974616  4.062074 ],[ 2.0812304 -2.007632 ],[-2.3002498  2.6983724]
[-5.306674  5.621253],[-0.52958834  0.9765307 ],[-0.72408444  1.138235  ],[-0.07036626  0.465907  ],[-3.0135067  3.4281154],[0.34500787 0.05512477],[ 1.0968765  -0.83655477],[-2.542941  2.888836],[ 2.3524275 -2.132086 ],[ 4.852626  -4.6091137],[-1.2151681  1.6396662],[ 1.7870778 -1.5871187],[-2.9857621  3.2357821],[ 1.6311004 -1.335765 ],[-3.5672731  3.9332304],[-3.137552   3.5358393],[ 0.5547958  -0.19264522],[-4.497556   4.8561244],[-3.9756477  4.3520894],[ 3.9367223 -3.7003067],[ 0.91268605 -0.59251165],[-2.59143    3.0093427],[ 2.0743752 -1.775866 ],[-4.6688914  5.0994325],[ 0.72501117 -0.3844141 ],[0.12387823 0.07971849],[ 1.0509644 -0.7340953],[-1.7247094  1.9748005],[-0.7526762  1.2267345],[-4.3237543  4.715925 ],[-4.196533  4.483673],[0.1492834  0.09024776],[ 1.4663733 -1.2269195],[ 1.137526  -0.8885711],[-3.2537456  3.5074506],[-0.407989   0.8458077],[ 4.117554  -3.9784849],[ 3.3116996 -3.0894632],[-3.01105    3.5545347],[0.05757364 0.25799176],[-0.25783473  0.52751654],[0.25630838 0.07157533],[-2.1111948  2.3235269],[ 2.7552576 -2.3996856],[ 2.602514 -2.343158],[ 1.9539107 -1.7332436],[ 0.50668764 -0.07148807],[-4.235266   4.6290107],[-2.194897   2.5046415],[ 1.241085  -1.0634893],[-1.179692   1.4942257],[-1.9601641  2.3924463],[-4.7135153  5.188004 ],[-4.8417225  5.2195106],[-1.3511645  1.5372169],[-1.5341842  1.7611814],[-5.5193157  5.9479046],[-2.32847    2.7058814],[-1.9764574  2.2890508],[-4.593334   5.0539713],[-0.6060258  0.9867226],[-0.24371657  0.6174792 ],[-0.6101874  1.1493715],[-3.0143325  3.3928294],[0.06366182 0.28231236],[ 2.5884535 -2.2844598],[ 1.4195534 -1.1135722],[-0.30535498  0.81061685],[-0.6235051  1.0433698],[-1.3530208  1.6317195],[-0.74705    1.0170707],[-1.5088564  1.8928552],[ 0.5879999  -0.22770816],[ 0.97576046 -0.57859373],[-4.7262664  5.175132 ],[ 0.5554783  -0.36670765],[ 1.1714879  -0.92698044],[-1.8443347  2.250107 ],[-0.43202195  0.8891626 ],[ 1.5698495 -1.1209412],[-2.530899   2.8001478],[-1.2864869  1.7109885],[ 1.2018354 -0.8788983],[-0.9239747  1.3883117],[-0.27043608  0.53873014],[-1.0734166  1.5075233],[ 1.0706122 -0.7161869],[-3.12789  3.59318],[ 2.7071357 -2.3955271],[-3.7686498  4.2294626],[ 0.741321   -0.35602027],[-1.6729423  2.0109525],[-4.7642956  5.122884 ],[-0.17000088  0.3611772 ],[0.22192624 0.10092852],[-0.7892016  1.3095137],[ 1.0491712 -0.866147 ],[ 2.455107  -2.3954265],[-3.2191596  3.5848093],[ 1.2966725 -1.0393841],[ 1.0298545  -0.75472647],[ 1.167196  -0.6798832],[ 1.7003156 -1.4896421],[ 2.6356044 -2.5612347],[-2.2519073  2.5644317],[-3.4387689  3.7996793],[0.24565911 0.10802617],[ 0.31583494 -0.01551296],[ 3.0880911 -3.0212433],[-0.3929372  0.6815558],[-3.1997998  3.683254 ],[-4.1119375  4.6277795],[-0.5138778   0.88713044],[-0.5737102   0.83427244],[0.24556455 0.1089825 ],[ 0.8517036  -0.61906344],[ 0.71052414 -0.43782336],[ 1.3210145 -1.0255119],[ 1.1772838 -0.7588285],[-0.8442205  1.2161031],[ 2.5336866 -2.2324092],[ 1.0074202  -0.52107894],[-4.1103067  4.620322 ],[-0.34640467  0.72809595],[0.20116918 0.16137898],[-0.9762468  1.2380964],[-4.895203   5.2523317],[-0.21241668  0.51527715],[ 1.6017563 -1.2755733],[ 2.8300257 -2.6073482],[ 0.37702093 -0.12639694],[ 0.6195961 -0.2506364],[ 2.4855707 -2.2767823],[ 1.1301119 -0.7023056],[ 0.9611616  -0.75018996],[ 0.56072    -0.06350644],[0.27929744 0.0178108 ],[-2.5961564  2.9324481],[-1.6919954  2.0993633],[-0.77273506  1.0903686 ],[-2.1647437  2.5958657],[-5.568024   6.1055665],[ 0.44695786 -0.19021448]
[ 0.6024413  -0.24572673],[-3.4975963  4.007752 ],[-3.8151357  4.2239337],[-0.9201772  1.5387757],[-1.9858809  2.5223181],[-3.505821  4.034595],[ 2.024789  -1.7692677],[-1.5763111  1.8337736],[-0.15432854  0.4541836 ],[ 1.3767055 -1.1108768],[0.16647723 0.0852101 ],[ 0.3496642  -0.07885575],[ 1.4520987 -1.2407652],[ 1.6084893 -1.216928 ],[ 0.7999788  -0.44806013],[ 0.7559699  -0.40978527],[0.22512794 0.10476973],[-0.25500256  0.6625929 ],[ 2.850724  -2.5644903],[ 0.71663016 -0.48135635],[ 2.1064413 -1.9249967],[ 1.4357096 -1.088781 ],[ 2.4449298 -2.3080535],[-1.9730189  2.5513291],[-5.8525586  6.318892 ],[ 1.444695  -1.1365999],[ 3.7143545 -3.5990841],[ 3.8271356 -3.5983984],[ 1.2179072 -1.0382419],[ 0.7743026 -0.3708415],[ 1.5874348 -1.2679611],[ 0.96833616 -0.6454528 ],[0.07023066 0.33968863],[ 1.0657043 -0.7523248],[-0.0058651   0.42969674],[ 1.1012456 -0.7668209],[ 1.4042195 -1.0098948],[0.16946512 0.18205479],[-4.7056365  5.1803536],[ 0.94320315 -0.55483574],[-3.3171372  3.73164  ],[ 3.4499483 -3.5036325],[ 0.72950125 -0.5156371 ],[ 1.5802366 -1.235568 ],[0.2281138 0.0859132],[-3.7337663  3.990296 ],[0.33586988 0.05264432],[ 2.2336478 -1.8764558],[-0.00356275  0.4295653 ],[-4.833977   5.3404293],[0.16524248 0.16713256],[0.08182665 0.47284815],[-1.404887   1.8946589],[ 0.9270942 -0.6189954],[-0.19418958  0.6211652 ],[ 2.1742432 -1.9819466],[ 1.8488957 -1.548191 ],[0.01271256 0.4163419 ],[ 2.0179744 -1.6743069],[0.229074   0.08711084],[-1.6260012  2.1628597],[0.2845954  0.11482146],[-2.986753   3.5134392],[ 1.503079  -1.1613035],[ 1.2620952 -0.8569471],[ 1.944029  -1.7112007],[ 2.1274958 -1.9444735],[-2.472563   2.9978316],[0.34810135 0.1618019 ],[ 2.692439  -2.6142383],[ 4.4954224 -4.388587 ],[-3.681917   4.0995846],[-2.868421   3.3459735],[-0.1790071  0.5569883],[-3.0111785  3.3260915],[ 2.4778652 -2.1492069],[-5.260283  5.703703],[-0.03424233  0.41664508],[-3.6425688  4.308655 ],[ 0.9877584  -0.68858093],[ 0.52824646 -0.26555926],[-0.0065121  0.2779044],[ 1.6103127 -1.3723722],[-2.8548603  3.2868614],[ 1.7264019 -1.4630785],[ 0.7062598  -0.42470485],[ 0.46826673 -0.1569131 ],[ 0.7052723  -0.33500376],[ 1.6826224 -1.5095899],[ 1.4843684 -1.0604044],[-1.2769315  1.7499167],[ 2.8357697 -2.6957045],[ 2.623524 -2.316499],[ 1.450946  -1.1721923],[0.15225013 0.30288827],[ 1.9778394 -1.6976554],[-1.6450807  2.0904112],[-2.2499478  2.7779977],[ 1.7318293 -1.4188352],[-2.2303138  2.8552978],[ 4.5792694 -4.574177 ],[-2.4468765  3.0095372],[ 0.8191369 -0.4854297],[ 0.8864347  -0.73579687],[0.05104115 0.40961426],[ 1.933129 -1.615322],[ 0.5930049  -0.23598966],[-0.6198132  1.0520474],[ 0.8906104  -0.54132855],[-0.3574555   0.76471853],[-2.1187353  2.4521976],[-0.00675331  0.4932525 ],[ 0.9113956 -0.7032917],[ 0.5287864 -0.1708925],[-2.6840472  3.190296 ],[-0.6989433  1.1781213],[ 0.80011904 -0.5819997 ],[ 0.87246794 -0.49610326],[-2.549928  2.917366],[ 0.37523603 -0.1239486 ],[ 1.1768718  -0.85036474],[-0.36202747  0.7426208 ],[-3.3895688  3.882942 ],[ 0.42351294 -0.11388617],[-0.14804332  0.5426821 ],[ 1.4719672 -1.2790929],[-0.01986891  0.45556316],[ 1.5069408 -1.0837835],[ 0.4380799  -0.18662739],[-1.2492496  1.7272342],[-0.81319416  1.326982  ],[-0.99345416  1.305823  ],[-5.336965  5.781713],[0.225668   0.10562434],[-2.5225146  3.0968943],[-0.3324625   0.89410675],[ 2.8869765 -2.7600667],[ 0.47759697 -0.07171951],[-4.1298223  4.548386 ],[ 2.8737261 -2.6499126],[-0.49860975  0.9978272 ],[-0.69413906  1.3323063 ],[ 1.9806987 -1.7586963]
[ 4.883531  -4.9429946],[-1.6996379  1.9948915],[ 0.5444009  -0.12911099],[-4.794582   5.2176857],[-2.1474082  2.5428636],[-2.6728344  2.8854792],[ 5.468573  -5.3906183],[ 3.059673  -2.8264394],[ 3.0188715 -2.6332555],[-0.2172887   0.59293354],[ 2.5839682 -2.205874 ],[ 3.4540484 -3.2754793],[ 3.080093  -2.8218272],[-0.12621313  0.53159916],[ 3.2706175 -3.1443326],[ 2.7614398 -2.5811672],[ 3.4532158 -3.2294948],[ 5.1574054 -4.9736814],[ 5.2665005 -5.246597 ],[ 1.1621383 -0.8763216],[ 2.662561  -2.5962298],[ 1.8806489 -1.6071795],[ 4.050968 -3.780773],[-1.1173049  1.4237905],[ 5.4065733 -5.2140446],[ 4.3245296 -4.1544156],[ 4.1360693 -4.00593  ],[ 4.081341  -3.9208329],[ 2.7614787 -2.6146483],[ 5.7564445 -5.668523 ],[ 1.7518225 -1.4685762],[-0.2128329   0.54841274],[ 0.6776653  -0.34825894],[ 3.3215415 -3.3522508],[-2.5797899  2.6967359],[ 1.0055593 -0.8004405],[ 5.4829636 -5.4549093],[ 4.826614 -4.670106],[ 4.8747916 -4.6686826],[ 4.3069563 -4.2669024],[ 5.8774643 -5.800582 ],[ 1.8457068 -1.7219907],[-0.51324356  0.98199403],[ 2.6727839 -2.5719957],[ 4.1272373 -3.8413138],[ 6.2383084 -6.172406 ],[ 3.4872057 -3.32703  ],[ 5.069152 -4.822688],[ 4.9646626 -4.798222 ],[ 4.0425725 -3.8231847],[ 4.805824 -4.71225 ],[ 1.4827138 -1.1959074],[ 2.8367252 -2.646942 ],[ 0.6034356  -0.22719112],[ 3.0470102 -2.8530545],[ 2.7371185 -2.678557 ],[ 5.612543  -5.5314765],[ 2.6240358 -2.506821 ],[ 3.1051683 -2.919604 ],[ 5.659057 -5.52319 ],[-0.76611435  1.2493333 ],[ 3.163421  -3.0391715],[ 4.973937  -4.9409566],[ 4.216477 -4.00424 ],[ 2.6637025 -2.486279 ],[ 2.6184955 -2.4671059],[ 3.0723026 -2.809555 ],[ 5.0866427 -5.041405 ],[ 2.095479  -1.8156542],[-1.4966577  1.8276206],[ 3.8316443 -3.8111937],[ 4.7237463 -4.621203 ],[ 4.267535  -4.2015557],[ 2.541792  -2.3181849],[ 5.108987 -4.860054],[0.16270868 0.11853426],[ 5.055865  -4.9096665],[ 3.8435407 -3.687741 ],[-4.3077683  4.6074753],[ 4.6375203 -4.4110265],[ 0.84316057 -0.5460597 ],[ 0.94887704 -0.8517742 ],[ 3.6532605 -3.5964696],[ 5.2388415 -5.1844916],[ 2.7272358 -2.6154408],[-0.11902481  0.57842445],[ 5.35031   -5.2450867],[ 5.34376   -5.2558484],[ 3.545606  -3.3867018],[ 4.726408 -4.483319],[ 1.4650595 -1.1046435],[ 3.1428998 -3.016697 ],[ 4.5191793 -4.3798423],[ 1.2876394 -1.0689903],[-1.3104576  1.823009 ],[ 2.9409266 -2.844728 ],[0.18268333 0.11441774],[ 0.9231211 -0.6986672],[ 4.757009 -4.595517],[ 3.8578427 -3.7721145],[ 1.8760381 -1.6390133],[-0.17152584  0.5843615 ],[ 2.4287262 -2.2396996],[ 1.0754756  -0.73119366],[ 1.1136571  -0.76038563],[ 4.726347  -4.6569567],[ 4.1352863 -3.923708 ],[ 1.9100873 -1.6982476],[ 5.0830894 -4.967913 ],[ 3.649759  -3.5403755],[ 4.749989  -4.6620364],[ 1.4795392 -1.2003546],[ 2.430729  -2.2993994],[ 2.1933007 -2.010035 ],[ 5.8597336 -5.674635 ],[ 2.4690795 -2.2463114],[-0.58175635  1.0545452 ],[ 2.88501   -2.8092344],[ 5.144948  -4.9912415],[ 3.7933166 -3.6137397],[-2.5038104  3.18775  ],[-0.34205723  0.78083116],[ 6.185639 -6.131552],[ 4.556138 -4.382007],[ 1.9828937 -1.7103258],[-0.34329486  0.60778403],[ 0.42286676 -0.07639403],[ 4.063332  -4.0840163],[ 4.8829684 -4.709496 ],[ 4.4019604 -4.294786 ],[ 0.5952078  -0.26312453],[ 2.9496362 -2.859366 ],[ 5.0088444 -4.8162413],[ 2.4851425 -2.0042386],[ 2.0758326 -1.6084358],[ 3.4316196 -3.3206635],[ 1.600234  -1.2886977],[ 3.2563741 -3.054464 ],[ 5.211336  -5.0443354],[ 1.8260487 -1.554132 ],[ 2.1243591 -1.7346961],[-4.7765317  5.2511096],[ 2.1025126 -1.974177 ]
[ 1.2998112 -1.0582502],[ 5.408152 -5.317561],[ 2.1799524 -1.8671058],[ 4.3388257 -4.120113 ],[-2.0028667  2.3393607],[ 5.008034  -4.7698975],[ 3.8032515 -3.6852365],[ 3.755299  -3.4942584],[ 3.542161  -3.4459536],[ 6.1297035 -6.100469 ],[ 3.9622262 -3.775333 ],[ 4.251155 -4.188095],[ 3.9269228 -3.7835946],[ 2.2851152 -2.1054237],[ 2.24614  -2.103326],[ 2.2747557 -1.9613124],[ 3.6449652 -3.5089886],[ 4.03577   -3.8608603],[ 3.6048174 -3.6120682],[ 5.373853  -5.3549523],[-0.81008124  1.4736851 ],[ 4.0604687 -3.9371696],[ 3.605987 -3.515939],[ 3.028461  -2.7412436],[ 5.8793163 -5.91306  ],[ 1.945938  -1.7278594],[ 3.2920322 -3.2159915],[ 2.1757736 -1.9435253],[-0.39185408  0.94731253],[ 5.6389723 -5.648667 ],[ 0.29779708 -0.10788916],[ 1.5051739 -1.2777163],[ 1.7621948 -1.3925526],[0.07215984 0.45638   ],[ 6.092038 -5.988968],[-4.149351  4.830487],[ 4.1634026 -4.0292816],[ 3.0724876 -2.7921631],[ 2.7664402 -2.566398 ],[ 3.9598684 -3.9413383],[ 4.5491176 -4.4600134],[ 0.9125511  -0.72453463],[ 2.230344  -2.0312603],[ 4.7884855 -4.7701693],[ 5.1795063 -5.0936923],[ 2.9589505 -2.8781507],[ 3.204031  -3.1037896],[ 5.342876 -5.232456],[ 4.6712747 -4.6258564],[ 4.377716  -4.4237375],[ 4.423867  -4.3933434],[ 4.710265  -4.7435913],[ 5.5062222 -5.516004 ],[ 3.773571  -3.5968149],[ 3.4624138 -3.2493837],[ 2.4473155 -2.4915738],[ 4.7067833 -4.592913 ],[ 2.8176885 -2.6020916],[ 4.9851255 -4.8258305],[ 1.771794  -1.4028512],[-0.04377755  0.22539511],[ 3.5498493 -3.466469 ],[0.27858922 0.04218125],[ 3.767452  -3.7118964],[ 1.5744687 -1.4039949],[ 2.0552819 -1.9245801],[ 2.2523062 -2.0585878],[ 1.0443153  -0.86279404],[ 1.9699318 -1.6429118],[ 3.4470582 -3.281826 ],[ 4.8643365 -4.717375 ],[-2.9326715  3.4114587],[ 5.461402  -5.4556074],[ 3.895777  -3.7296257],[ 5.5927596 -5.582863 ],[ 4.89957  -4.786745],[ 4.4934406 -4.432854 ],[ 5.8662605 -5.900679 ],[ 5.113173 -5.016119],[ 5.654702  -5.6476164],[ 5.000384 -4.831142],[ 1.1992273 -0.9618866],[ 1.5473322 -1.3131576],[ 3.1619797 -3.2794154],[ 4.2177463 -4.2161474],[ 0.6834603  -0.37866324],[ 4.3546667 -4.2565346],[ 2.9567552 -2.7728515],[ 1.231714 -1.063999],[ 4.045477  -3.9041822],[ 3.6602416 -3.343087 ],[ 2.2858562 -2.1692858],[ 5.0495377 -4.995982 ],[ 4.9775443 -4.934206 ],[ 2.4135149 -2.2299168],[-0.14132982  0.6506857 ],[ 3.6165764 -3.6963704],[ 2.910393  -2.8499277],[ 2.1152356 -2.0507438],[ 4.9477553 -4.934759 ],[ 4.845568 -4.824363],[ 3.621151  -3.6026754],[ 1.6007729 -1.4851619],[ 1.8840908 -1.7042023],[ 2.1598966 -2.0563846],[ 4.7454524 -4.7270417],[ 5.1220946 -5.119932 ],[ 1.4376116 -1.1098787],[0.19600251 0.17769998],[ 4.295802  -4.1675625],[ 1.8385991 -1.7094533],[ 3.6636162 -3.6930914],[ 1.1922451  -0.90308315],[ 5.377761  -5.3188095],[ 4.9966726 -4.934202 ],[ 5.198265  -5.2280946],[ 4.2126265 -4.1325006],[-2.6468358  3.1635683],[ 4.622075  -4.5345945],[ 5.1524334 -5.0617876],[-4.0738344  4.5621967],[ 2.660861  -2.5904937],[-1.5487325  2.3692117],[ 5.6636724 -5.6298556],[ 4.2977476 -4.159968 ],[ 2.095932  -1.8213841],[ 4.843358 -4.694689],[ 2.3437953 -2.1260161],[ 5.2291565 -5.1726613],[ 2.8892345 -2.740409 ],[0.02085969 0.4037203 ],[ 3.4428847 -3.337147 ],[ 3.1893232 -2.9100385],[ 2.6914728 -2.4272816],[ 5.3903275 -5.2507005],[ 4.1237907 -4.042231 ],[ 4.7751474 -4.7229323],[ 3.9884667 -3.928821 ],[ 6.104844  -6.0461173],[ 4.9800467 -4.8169594],[ 0.9183124  -0.60560864],[ 1.3014684 -1.0853097],[ 1.2499801 -1.0613166]
[-1.3217766  1.8269169],[-1.9223866  2.4194267],[ 1.1906968 -1.0279896],[ 2.6859257 -2.5698128],[ 4.2331886 -3.9897547],[-0.29139677  0.6811224 ],[-0.424572   0.8173108],[-0.48513427  0.8506807 ],[-1.5942526  2.1108277],[-4.822551   5.4712033],[0.33644602 0.0563577 ],[-0.07111703  0.35608193],[-1.2114159  1.6644601],[-1.4432086  1.8782642],[-2.4352875  3.0265555],[-0.68478054  1.1031023 ],[-1.1717018  1.6457648],[-1.1096388  1.607852 ],[-5.062299   5.6755157],[-2.1149306  2.5703201],[-4.8376546  5.281665 ],[ 1.301673  -1.0823681],[-3.0210278  3.5748699],[-2.4305203  2.980716 ],[-1.7143152  2.3646934],[0.17343771 0.15325657],[-2.6889253  3.2141848],[ 0.21466015 -0.06338944],[-0.22619873  0.665056  ],[-4.0764813  4.765846 ],[ 2.9956365 -2.94291  ],[-1.1657672  1.6997905],[-4.2448072  4.7213984],[-3.4688728  4.073637 ],[ 2.8667262 -2.6603694],[-1.5884249  2.0525405],[-0.77269274  1.210169  ],[ 0.64872086 -0.19129398],[-1.5955778  1.9578669],[ 1.6351779 -1.4963498],[-1.6648376  2.3643098],[-3.1046262  3.6124487],[-3.6331336  4.0174575],[-3.4366786  4.0368857],[-1.6641934  2.1345193],[-4.6320624  5.321583 ],[-1.7005726  2.2636492],[-0.08800371  0.43631235],[0.02715543 0.3785749 ],[-1.9594059  2.5367863],[-1.0954527  1.537336 ],[-3.5692842  4.2411747],[-0.5397751  1.107257 ],[ 3.6303437 -3.5443604],[-0.14208485  0.53303397],[-0.1049944   0.40245065],[-2.1209478  2.6153717],[-2.485114   3.0797396],[ 2.190939  -2.1110895],[ 4.9002533 -4.815924 ],[-1.621583   1.8903483],[-2.2913437  2.853238 ],[-1.4802786  1.9164932],[-2.5312111  3.1251812],[-3.0317852  3.7159662],[-0.3396997  0.6133325],[-1.4330784  1.8752478],[-1.036278   1.6738837],[-0.54805034  0.91445285],[ 3.2077532 -3.1912367],[ 0.4031666 -0.1980404],[-1.8785919  2.4476495],[-1.5287392  2.163072 ],[-1.8301032  2.3554533],[-4.3147273  4.877709 ],[ 1.8409479 -1.7078205],[-2.9526708  3.555203 ],[-3.318818   4.0393934],[-0.10504054  0.6147578 ],[-0.36401117  0.9500708 ],[ 0.9895737 -0.7247725],[-1.9506164  2.2279646],[-3.6723464  4.3161654],[-2.746073   3.4345508],[-0.70974314  1.1470206 ],[ 1.3945185 -1.200922 ],[-1.5153208  2.0056653],[0.10532451 0.32990196],[-0.47578213  0.8548602 ],[ 1.7173005 -1.4924837],[-2.5396397  2.9090266],[-0.27752838  0.59517294],[-3.9724562  4.6182623],[ 0.52370095 -0.26408893],[-3.854617  4.427785],[-2.554918  3.074134],[-5.0647974  5.563855 ],[-4.960852   5.4651966],[-1.305364   1.8317587],[-0.42340246  0.983572  ],[-2.234025   2.8775709],[-2.627537   3.2509794],[-2.666265   3.1698096],[-0.17099248  0.5191287 ],[0.26164317 0.02332654],[-2.0214472  2.5803287],[-2.517487   3.1268947],[-2.079576   2.6037204],[-1.8048135  2.403205 ],[-2.432555   2.9154224],[-3.8403108  4.4531507],[-3.794994   4.2830358],[-2.2053707  2.689858 ],[-1.8228018  2.351064 ],[-3.9413993  4.4744544],[-1.0537096  1.4759287],[-2.7878745  3.2374105],[-0.30136406  0.79568696],[-1.906385  2.484572],[-2.7344308  3.08282  ],[ 3.2975407 -3.2569184],[-1.3976907  1.9296116],[-4.883742   5.4367104],[-4.98215    5.5041137],[-1.5483127  1.9156866],[ 3.4645648 -3.4956374],[ 1.6141187 -1.384607 ],[-4.210293  4.783879],[-1.879102   2.3908374],[-1.3097439  1.8608507],[-0.21064693  0.61321974],[-2.2805777  2.9801667],[ 2.8572853 -2.730438 ],[-0.7383444  1.25396  ],[-0.44373712  0.8213134 ],[ 1.120765   -0.87979716],[-3.2799103  3.8129444],[-3.4241948  4.0610723],[-2.0178466  2.4586914],[ 1.3231883 -1.1667486],[-0.7221885  1.1973293],[ 1.6705014 -1.2722086],[ 0.381554   -0.20191038]
[-0.69829965  1.2378944 ],[0.24128641 0.12619588],[-2.6958346  3.1504028],[-0.3850653   0.72402203],[ 3.310262  -3.2608383],[ 1.1389209 -0.8760024],[-4.428941   4.9582925],[ 0.3937508  -0.04896203],[-0.46857014  0.9388216 ],[-4.6950865  5.36423  ],[-0.11775824  0.42236447],[-0.8602814  1.248041 ],[-1.2772447  1.6409901],[-0.27798775  0.69734687],[-1.2801061  1.8560787],[ 0.4330841  -0.11573195],[ 0.79857874 -0.4991441 ],[-5.3688307  5.830996 ],[-1.7037332  2.3342023],[ 3.16403   -3.0884628],[ 2.854436  -2.8045797],[ 0.7463137  -0.42060083],[ 0.7923193 -0.4221026],[-1.3163356  1.8055508],[-1.0533341  1.7269406],[ 1.0757841  -0.76905704],[-0.01306623  0.43240237],[ 3.052174 -2.911269],[ 1.6778134 -1.3843904],[-3.397586  4.035383],[-0.36629263  0.8506039 ],[-3.005222   3.6272132],[0.3385996  0.01627553],[-1.6468377  2.2314157],[-0.24436754  0.66573465],[0.23045784 0.15185168],[-2.9700506  3.4934502],[-0.14869684  0.61932045],[-0.16573969  0.45042452],[ 1.5184593 -1.1366943],[-2.0799549  2.7516117],[-1.3995858  1.9581602],[ 0.54689425 -0.15089352],[-0.40046927  0.9507053 ],[-0.7201681  1.269775 ],[-5.4626493  5.9769497],[-1.5257965  2.1611993],[-2.3788743  2.809964 ],[ 1.0167114 -0.7822576],[-3.0083184  3.4956884],[-2.180254   2.8332293],[-2.7615209  3.5169296],[-2.2007055  2.940881 ],[-0.6402545  0.9945797],[-1.6681931  2.221466 ],[0.1751037  0.18109098],[-0.7186302  1.2607932],[-1.1741582  1.7443534],[ 3.912081 -3.768752],[-0.5170071  0.8127687],[-1.5279708  1.8024194],[-2.6758611  3.2489781],[-1.6330544  2.1936133],[-5.3148947  5.8490963],[-3.940294  4.571689],[-1.0054154  1.3385195],[ 0.7016719 -0.4048857],[-4.2234836  4.7543974],[ 0.6801975  -0.44836462],[ 0.39544937 -0.04454355],[ 2.0714746 -1.682284 ],[ 0.7595486  -0.41803154],[-3.496661  4.213999],[-0.01110585  0.5008486 ],[-0.74294174  1.215265  ],[0.05415006 0.4766784 ],[-3.0162625  3.634764 ],[-4.266389  4.991333],[-1.3595706  2.0227854],[-2.0509858  2.7902045],[ 0.42200062 -0.01011739],[ 2.6656394 -2.4987457],[-0.31949094  0.8916057 ],[-3.313817   4.0601315],[-1.1565993  1.6406996],[-5.4819064  5.9925537],[ 0.6850201  -0.28973678],[-1.7864789  2.2099288],[-0.49579445  0.78838986],[-1.3410437  1.8080634],[ 0.6294962  -0.40812865],[ 0.7730163 -0.4244133],[-2.8795652  3.5179503],[-3.6164398  4.147627 ],[-1.6687444  2.3525474],[-1.3021885  1.6142327],[-1.743049   2.3479917],[-2.064778  2.691832],[-4.1200147  4.6423855],[-5.762201  6.284749],[-4.3443775  4.916866 ],[-0.9588426  1.4105042],[-0.5797395  1.050402 ],[-0.13683729  0.70332295],[0.3033525  0.16338286],[-2.219339  3.000512],[-5.058332  5.609509],[-2.5026004  3.0293202],[0.19492161 0.32604936],[-0.9636838  1.3962066],[-5.0787506  5.5879455],[-0.6888137  1.3238426],[-1.6587366  1.8650014],[-0.26807156  0.715378  ],[ 0.7479619  -0.45617846],[-2.8656747  3.436241 ],[-0.86721545  1.3065822 ],[-1.44399    1.9274585],[ 3.1285214 -3.146012 ],[ 3.2442164 -3.0961478],[-5.35399   5.869037],[0.34689894 0.13381079],[0.3199223  0.09789581],[0.33656192 0.19344112],[0.2877012  0.10821476],[ 2.0954535 -1.83683  ],[-1.6564339  2.117746 ],[ 1.107158  -0.8205581],[-2.1900427  2.6823761],[-4.6856604  5.2023034],[0.16564883 0.3654372 ],[-1.5198593  2.218107 ],[0.12960058 0.31466186],[-1.321269   1.9776005],[0.06474703 0.26219663],[-0.6715774  1.2777737],[-1.3490201  1.9273294],[-4.278483   4.8509793],[-2.1557574  2.5458426],[ 0.43820754 -0.10352397],[-1.9133247  2.4450448],[-3.8051279  4.244439 ],[-1.8210936  2.3480132]
[-0.84581596  1.3800948 ],[ 2.0977304 -1.929987 ],[ 2.665585  -2.5061667],[ 4.2195854 -4.2256   ],[-0.8066648  1.2327714],[ 2.9287229 -2.8935633],[ 2.1778924 -1.8883684],[ 1.7754865 -1.560878 ],[-1.0545131  1.5610821],[ 2.0024734 -1.9468342],[ 1.5044961 -1.3011111],[ 3.144893 -3.050454],[ 3.3816717 -3.252431 ],[ 0.37888047 -0.18068773],[ 0.87751144 -0.63023233],[ 4.4044266 -4.3447814],[ 2.269766 -2.009578],[ 0.6890372 -0.3699147],[-3.0753257  3.6141267],[-0.08028147  0.48395512],[-2.3001454  2.9774716],[ 0.69260585 -0.46237236],[ 1.2038567  -0.96554124],[-0.26132464  0.6034169 ],[-5.9949017  6.44162  ],[ 2.2045429 -2.043943 ],[ 0.5565091  -0.17433217],[0.08068804 0.21869114],[ 1.0559889  -0.68470365],[-4.623574  5.129232],[-1.9825282  2.611184 ],[ 2.385902 -2.344194],[ 2.7534752 -2.599093 ],[-1.884537  2.403893],[ 1.4586848 -1.2480215],[ 4.7392735 -4.7141323],[-2.4895701  2.9225311],[-0.08915704  0.5530179 ],[ 4.37833   -4.0811977],[-2.1676736  2.546166 ],[-2.9673226  3.4894803],[-0.6734207  0.8982798],[-1.2795558  1.5009179],[ 0.36085778 -0.08495633],[-0.05304835  0.50617117],[ 0.5171682  -0.17422086],[-0.9879181  1.5549135],[ 0.34560132 -0.0604277 ],[-4.5164833  5.0594583],[-1.1133868  1.5610578],[-2.2113113  2.7424545],[-3.6001728  4.2019367],[-1.0527678  1.5090004],[ 4.500494 -4.334628],[ 1.9666066 -1.7644708],[-1.5890853  1.9782339],[ 0.4102726  -0.11867696],[-1.4481922  1.8538858],[-1.2155637  1.6978077],[ 3.314041  -2.9435515],[ 0.38080207 -0.13084804],[0.30600014 0.0536131 ],[-2.3129642  2.8284125],[ 1.3273615 -0.8463411],[-0.73546416  1.2327015 ],[ 1.3625835 -1.163892 ],[-0.6430332  1.1044294],[ 2.2776458 -1.9609413],[0.02134783 0.22023359],[ 3.579644  -3.3912563],[-4.171639   4.7408695],[ 3.5767927 -3.4923027],[-2.6142702  3.1824367],[ 0.482027   -0.08574496],[-1.5160333  2.1198468],[ 2.255615 -2.343106],[ 0.9045381 -0.6849601],[-3.7883477  4.2685957],[ 1.034146  -0.8456748],[-5.7997456  6.282469 ],[ 2.4156394 -2.2330244],[ 3.1892564 -3.0592082],[ 0.6255948 -0.3443052],[-1.4859037  2.2211022],[-2.1001346  2.5698385],[ 4.668179 -4.430205],[-1.4399328  1.9658085],[-1.9778357  2.561578 ],[ 1.5799565 -1.4567115],[ 0.5994857 -0.4052317],[-0.4092022  0.7710697],[0.04787426 0.19391787],[ 1.1039033  -0.90883875],[-1.3261294  1.6219532],[0.06199302 0.3383275 ],[ 2.8552513 -2.6522684],[-0.7717065  1.2151448],[-2.1242726  2.4680736],[ 3.720513  -3.7978463],[ 0.8238721 -0.5137316],[0.06034838 0.4074885 ],[-0.39188746  0.74925315],[ 1.207424 -1.171579],[-3.6468105  3.953085 ],[ 1.2605507 -0.9834558],[-5.5499325  6.0327334],[ 2.1469796 -2.0557396],[ 2.6792507 -2.4619105],[0.35203785 0.03196535],[-2.4564524  2.866538 ],[-0.34936166  0.6906857 ],[-4.2917576  4.851886 ],[ 0.66017467 -0.35832047],[-1.2978929  1.8295488],[-0.12318085  0.5522144 ],[-3.4503279  3.8817053],[ 2.91595   -2.8066185],[ 0.7135926 -0.5885692],[ 2.939633  -2.9172904],[ 2.9822147 -2.700792 ],[ 2.0393088 -1.8103085],[-0.78954077  1.1983753 ],[ 1.3726491 -1.1504074],[-0.09802541  0.6451498 ],[ 1.0698923  -0.79383165],[ 4.4694777 -4.3864746],[0.04735029 0.26217148],[-0.11809626  0.69496065],[ 0.9022377  -0.64800346],[ 5.3113785 -5.1254807],[ 1.7760856 -1.6142782],[ 2.6663053 -2.6867921],[ 1.7367058 -1.5919276],[-1.8315328  2.3757646],[ 3.124177  -2.9894447],[-5.986253   6.4226217],[-1.1967583  1.4599966],[ 1.5956615 -1.2825221],[ 0.39019412 -0.08500281],[ 1.2950774 -0.9691043],[ 1.6099697 -1.3371673],[ 1.7967591 -1.3748957],[ 1.7993289 -1.687295 ]
[ 1.1899389 -1.0948875],[-0.45043507  0.87563026],[-2.1188102  2.5577335],[-3.9913514  4.5524745],[ 4.015434  -3.9330688],[-1.8874474  2.4653072],[0.00218467 0.37612757],[ 0.34103748 -0.02996289],[ 2.1806822 -2.1118774],[-0.7001363  1.0968062],[ 5.34499   -5.2654033],[ 2.7535136 -2.6422327],[ 1.232458  -1.0601723],[ 1.1706473 -0.7046802],[0.3109892  0.07540358],[ 4.814072 -4.591825],[ 1.6317133 -1.3140442],[ 5.07346   -4.9691987],[-1.3089812  1.9343216],[ 2.7319944 -2.546292 ],[-3.9925807  4.559449 ],[ 0.7844717  -0.49632362],[0.0005861  0.30868712],[ 4.0958996 -4.020349 ],[ 1.0424542 -0.8360772],[ 1.1535383 -0.9339787],[ 0.961231   -0.71244687],[ 3.0081213 -2.8063066],[ 1.4776798 -1.0551728],[ 0.79042137 -0.49658948],[-0.35367435  0.76217383],[-1.4219556  1.987456 ],[ 2.5660715 -2.1580954],[-1.1660135  1.8339783],[ 3.4948437 -3.2088275],[ 2.6133063 -2.4825635],[-1.8765433  2.1559587],[0.26269364 0.04276071],[ 5.6095157 -5.5344076],[-1.9353178  2.404894 ],[ 0.32792184 -0.00422451],[ 2.6275032 -2.5316553],[ 4.6442895 -4.486946 ],[-4.1041903  4.683934 ],[-1.4924392  2.0511367],[ 3.1082253 -2.9395952],[-1.2278817  1.8145804],[ 2.921756  -2.6530094],[-1.2318999  1.6954262],[ 3.1325026 -3.020524 ],[ 1.1447474 -0.9099405],[-4.541765   5.0517573],[-1.0218477  1.5817672],[ 3.4664373 -3.1283133],[ 2.1537282 -1.9242404],[ 1.9353428 -1.9119626],[0.08661622 0.16314462],[-1.0391847  1.3747711],[ 1.3026149 -1.1530465],[ 1.8067708 -1.4973094],[ 1.8128711 -1.632468 ],[ 1.8456936 -1.7165523],[0.05266418 0.29914126],[ 1.1191944 -0.9551784],[ 1.432281  -1.2012807],[ 0.4201279  -0.28753242],[ 0.58567613 -0.2263099 ],[ 4.3819203 -4.215041 ],[ 0.30829337 -0.04025224],[ 3.626598  -3.2912412],[-0.47830638  0.8335173 ],[ 1.3751483 -1.1620067],[-3.9460242  4.5043907],[-2.9431453  3.5116787],[0.04758967 0.313605  ],[-5.5250545  6.0618987],[-4.569218   5.0532546],[ 1.1825734 -1.0191056],[-1.8634024  2.4786196],[ 3.6815116 -3.4192367],[ 2.8725066 -2.3964193],[ 4.211079  -4.0632977],[-1.3644773  1.8841424],[-4.818477   5.3052216],[ 2.0216773 -1.6911591],[ 3.8061228 -3.6327598],[ 1.2603333 -1.0583568],[ 2.3197765 -2.3003898],[ 0.7961116 -0.621572 ],[ 2.772854  -2.6105711],[ 2.4538949 -2.3180277],[ 2.5727699 -2.4553628],[-4.006039  4.578857],[ 2.4112015 -2.0694253],[-0.8970825  1.4662927],[ 2.1522703 -1.8295954],[ 0.9273    -0.6510873],[ 0.32382464 -0.02541065],[-5.086341  5.591347],[ 1.8140957 -1.5450417],[ 0.6280748  -0.40623298],[0.27668512 0.03504632],[-2.7840016  3.2551358],[ 0.3124294  -0.04246553],[ 1.1497895  -0.88809556],[-0.21442088  0.7565061 ],[-4.8816485  5.4607363],[-3.116666   3.5988407],[ 0.44956502 -0.12252529],[ 4.9297523 -4.8397093],[ 1.958406 -1.859159],[-0.08694199  0.49861404],[ 0.6280698  -0.29584065],[-0.7961804  1.1855172],[ 0.9375314 -0.6404087],[-1.387845   1.8895465],[ 0.6834499 -0.4361373],[-2.61762    3.0613966],[-1.0333935  1.6270353],[ 0.29461065 -0.00832013],[ 2.874393  -2.5187507],[-0.16814956  0.587537  ],[ 1.8413053 -1.6815655],[-2.0686114  2.601405 ],[ 0.3862926  -0.01099793],[ 3.547781  -3.1588795],[-0.08254825  0.3778506 ],[-4.253703  4.803944],[-0.3741444  0.7052589],[-1.5006703  1.7753303],[-0.42060903  0.83843887],[ 0.3823495  -0.08803943],[0.2648451  0.05030733],[ 4.684133 -4.696431],[0.13705546 0.2669441 ],[ 3.7226012 -3.326172 ],[ 2.8544374 -2.5023253],[-0.7614451  1.1202404],[-0.7180393  0.9280938],[ 2.5610516 -2.2454956],[ 1.5712225 -1.4555429],[ 3.8109722 -3.6868682],[ 0.9455918 -0.7379021]
[ 4.17936  -4.136937],[-0.7079909  1.2887627],[0.26077282 0.21276683],[-0.57558155  1.1851423 ],[-3.4941864  4.1539054],[-1.1010242  1.8255475],[-1.1214528  1.8021811],[ 1.5672361 -1.4806213],[ 3.6618629 -3.6569905],[ 1.9904593 -1.9589863],[-0.32650253  0.8367456 ],[ 3.249508  -3.1354575],[ 4.17079  -4.069793],[ 3.021289 -2.860373],[ 0.62840337 -0.31311598],[ 2.4741278 -2.2767458],[ 0.7253793  -0.42457312],[ 5.08702  -5.124365],[ 1.2603343 -1.0301791],[-1.415519   2.0069847],[-2.0422919  2.4574778],[-0.5032607  0.8573859],[ 2.8699033 -2.73084  ],[ 1.3697363 -1.2056712],[-2.4694889  2.9517953],[ 3.9609506 -3.9277244],[ 4.3277893 -4.214074 ],[ 1.8764287 -1.7209548],[-3.5981069  4.0591764],[ 2.366271 -2.260731],[ 5.6712475 -5.763022 ],[ 1.5210901 -1.2202779],[ 2.0443811 -1.8548634],[-2.6757798  3.2575176],[ 3.687628  -3.6565552],[-5.8861184  6.3955164],[ 4.707367 -4.546342],[ 2.1380925 -1.9105912],[-1.2594795  1.6474321],[ 0.70163304 -0.39321247],[ 4.620686 -4.710677],[ 1.3469588 -1.2893229],[ 1.937122  -1.8042477],[-4.8292418  5.348212 ],[ 0.40114027 -0.1267513 ],[0.41780597 0.03898768],[ 0.40377325 -0.01996554],[ 2.8077424 -2.6666982],[ 4.218534  -4.1931214],[-2.529766   3.0723112],[ 2.6797194 -2.7876635],[ 0.7379412 -0.4959512],[-4.00042   4.644567],[ 5.7400994 -5.749016 ],[ 3.0140402 -2.911219 ],[ 0.85517603 -0.657445  ],[-0.2632344   0.72549325],[ 1.8103744 -1.635768 ],[ 1.1044769  -0.87777823],[-0.7931695  1.3617843],[ 2.4001284 -2.2102852],[ 2.6162605 -2.5140197],[ 2.9271636 -2.7965627],[ 4.107338 -4.223974],[-1.5846086  2.2912533],[-0.004885    0.20537516],[ 1.9288768 -1.7105426],[ 3.1571016 -3.0501673],[ 1.5257903 -1.5339926],[ 5.170874 -5.104998],[ 3.4284883 -3.2990363],[-0.7502745  1.4096692],[ 0.6776128  -0.32943538],[ 4.8546014 -4.8331585],[-4.2699513  4.8654075],[ 3.405292  -3.3877614],[ 5.489171 -5.627164],[-2.1959999  2.9610918],[ 0.94122696 -0.7152514 ],[ 4.2286034 -4.1215982],[ 4.583023  -4.4979663],[-0.7933665  1.070944 ],[-0.9473632  1.6477958],[ 4.8513303 -4.8221   ],[ 3.7629263 -3.71774  ],[-4.1103525  4.70432  ],[-2.7920651  3.4638445],[0.02980059 0.43737796],[-0.2069323   0.47555628],[ 3.5868244 -3.5650136],[ 3.199288 -3.015471],[ 0.94272494 -0.6587796 ],[ 2.1235578 -1.9569037],[ 5.782535  -5.7242904],[ 1.6392696 -1.4416459],[-3.2174292  3.6673956],[-2.5307827  2.9887152],[-2.66965    3.0569215],[ 2.2495842 -2.1813717],[ 3.2903166 -3.2462797],[0.16916321 0.19888762],[ 3.3406246 -3.271991 ],[-2.0461557  2.4045079],[ 4.523888  -4.4720116],[-2.981977  3.717084],[ 2.136664  -2.0448036],[-2.744525   3.2192714],[ 2.3670905 -2.1056874],[-0.4837496  0.9883231],[ 3.7082794 -3.7416043],[-0.6909372  1.0607824],[ 0.8162309  -0.63205796],[ 1.087973  -0.8777318],[ 2.6632688 -2.763674 ],[ 4.13706  -4.207901],[-0.16266564  0.6600165 ],[ 2.1368918 -2.0728471],[ 3.3029945 -3.245533 ],[-0.01137878  0.5372161 ],[ 0.58355993 -0.23292851],[0.28890872 0.08523466],[-1.0354327  1.4477048],[-2.3964956  2.931636 ],[ 0.6949103  -0.40378755],[ 4.7137737 -4.653554 ],[ 4.174471 -4.181183],[ 6.018282  -6.0212603],[-1.9306676  2.5451639],[ 4.434983  -4.3184247],[ 1.6622977 -1.3977785],[-1.7864351  2.2164176],[-0.56877536  1.3094867 ],[ 1.2428157 -0.9542419],[ 2.4151163 -2.332161 ],[ 0.42082605 -0.07076732],[ 1.527377  -1.2723337],[ 2.853569 -2.665655],[ 1.677341 -1.375719],[ 5.266484  -5.2104955],[ 4.142894 -4.180719],[ 1.6263963 -1.5290236],[ 3.9962077 -3.832272 ],[ 1.5877537 -1.4944006]
[-5.520441  6.068165],[-1.3422103  1.8322291],[-3.117377   3.6243777],[-1.9714346  2.5833166],[-3.5599682  4.194849 ],[-2.7542634  3.2114182],[-3.8060195  4.378743 ],[-3.6689138  4.3317246],[-0.96437675  1.339575  ],[-5.42065    5.9794335],[-2.6429198  3.2383091],[-0.42671004  0.6056407 ],[-4.8007507  5.465244 ],[-3.9166076  4.219825 ],[-4.8385916  5.434053 ],[-5.824886  6.341717],[-1.3411027  1.7422886],[-1.6244417  2.1058037],[-4.580393   5.1345654],[-5.4788866  6.0577426],[ 1.5320925 -1.338138 ],[-2.356996  2.838119],[-4.0461764  4.7369123],[-2.3486598  3.011213 ],[ 0.9072995 -0.6728395],[-3.5110548  3.8736246],[-5.3600345  5.9091697],[-0.6976174  1.0677203],[-3.6990418  4.1653433],[-4.4111834  4.968116 ],[-6.1584253  6.7143855],[-3.0757394  3.6650198],[-5.0971613  5.631666 ],[-3.3361862  3.9549398],[-2.7867422  3.2684898],[-3.9157748  4.3753448],[-1.8756412  2.4689775],[-1.974014   2.6425002],[-4.2363048  4.6880608],[-2.0559883  2.652793 ],[-5.7611785  6.339285 ],[-1.8164626  2.3458915],[-1.5447494  2.2111173],[-2.8819265  3.2548072],[-0.44538966  0.8498396 ],[-5.1946454  5.692636 ],[-3.779418  4.384735],[ 0.87860876 -0.70451903],[-5.0204554  5.641881 ],[-3.5915895  4.130944 ],[-4.36531    4.9989853],[-1.5752399  2.1442165],[-5.237235   5.7186084],[-5.097177  5.688887],[-5.125565   5.6904907],[-2.995461  3.546811],[-0.5406192  0.9840505],[-3.1156602  3.5146406],[-2.0864744  2.6232762],[-5.583172   6.0281196],[ 2.3709645 -2.251376 ],[-4.8114386  5.425535 ],[-3.8308322  4.298115 ],[-3.3834093  3.8468845],[-3.4246807  4.01376  ],[-0.41940224  0.7138812 ],[-4.207172  4.668366],[-5.549646   6.0615125],[-0.21995082  0.51453817],[-3.4703    3.960387],[-2.0162566  2.5687096],[-5.6817293  6.1677356],[-4.629258  5.098748],[-4.2046494  4.730828 ],[-4.236746   4.6538157],[ 0.76641774 -0.475374  ],[-5.5040083  6.017931 ],[-3.6893961  4.175506 ],[-4.0371456  4.5868487],[-4.2498627  4.7817755],[-5.0064545  5.5230465],[-1.3232875  1.6352613],[-5.0387883  5.555795 ],[-4.7248254  5.2788844],[-3.4616847  4.0614257],[-2.9605057  3.4497392],[-5.0662794  5.530087 ],[-3.7150948  4.226878 ],[-0.9484448  1.4517169],[-1.9057202  2.3594286],[-3.0151372  3.5726635],[-0.29640925  0.66586715],[ 0.366293 -0.07173 ],[-3.9705298  4.487284 ],[-3.6127026  4.293136 ],[-4.897761   5.2038608],[ 1.002866   -0.82198733],[ 1.4286004 -1.322953 ],[-4.5576496  5.0193563],[-4.9149647  5.377475 ],[-3.966561  4.264215],[-5.499705   6.0363274],[ 0.19567831 -0.00479264],[-1.3973802  1.6705005],[-2.8862464  3.5580003],[-3.4142401  3.9886012],[-0.0413998  0.4402698],[-1.7843446  2.1505258],[-0.41638437  0.9479775 ],[-4.832069   5.4199524],[-0.18541154  0.5938117 ],[-2.5509698  3.0147262],[-1.377038   1.6882722],[-1.8651016  2.4672062],[-5.3947077  5.985246 ],[-1.2976454  1.6026891],[-5.03526    5.5143886],[-1.2751957  1.9079037],[-5.6833735  6.2451344],[-4.3666964  4.894076 ],[ 0.7880477 -0.4862903],[-0.81946254  1.4310216 ],[-1.8643748  2.4653265],[-4.7762933  5.3318057],[-4.977466   5.4904146],[-4.7386518  5.2289023],[-5.2388062  5.802817 ],[-4.676544  5.134239],[-4.704275  5.197897],[-0.38191125  0.6933258 ],[-0.5641554  0.9687989],[-4.845519   5.4941325],[-4.639434   5.2504897],[-3.9826071  4.610621 ],[-5.2592897  5.7694783],[-3.7797434  4.2255282],[-4.515301   4.8722944],[-2.5728424  2.9739373],[-4.306075   4.7390614],[-3.2470927  3.831851 ],[-3.47419    4.1915164],[-3.0878785  3.673054 ],[ 0.7036523 -0.5334935]
[ 1.3613757 -1.0989544],[0.13628675 0.20740211],[-0.49621424  1.0444452 ],[ 1.1652771  -0.91713184],[0.3777514  0.13318443],[ 0.5055246  -0.02518298],[ 1.8870064 -1.6274432],[0.01871465 0.5434009 ],[ 1.3711281 -1.0831612],[-4.869429  5.352152],[-4.567635  5.111573],[ 2.901446  -2.9160147],[ 1.2887344 -1.1541837],[-0.73508275  1.0431015 ],[-3.8043823  4.3077497],[ 3.5321841 -3.3371742],[ 2.2427194 -1.9133114],[ 0.7722045  -0.54754335],[-2.7236824  3.1628098],[ 1.1577938 -0.9719301],[-4.3140903  4.914148 ],[-0.10474734  0.37782228],[-1.9055818  2.5867164],[-1.709311  2.38086 ],[-2.4592683  2.8878083],[ 4.716344 -4.560149],[-2.811246   3.2316637],[-0.55251276  0.91075915],[ 0.39149293 -0.06456207],[-2.4221702  2.8251703],[ 2.9388945 -2.725546 ],[-1.2572343  1.8367372],[ 4.771105 -4.707231],[ 3.146506  -3.0472682],[ 2.6015196 -2.4448428],[-0.6731964  1.0818138],[ 1.0752019  -0.78040814],[-4.114327  4.579949],[ 5.5693507 -5.503846 ],[ 1.5715536 -1.2227299],[-3.2733235  3.6689255],[ 2.3040864 -2.0296075],[-3.0207675  3.597407 ],[0.15713698 0.3546241 ],[ 1.82318   -1.5146435],[-1.9659042  2.4384375],[-0.5823379  1.1372101],[ 1.5926092 -1.3004568],[-5.1278453  5.609762 ],[ 0.45103878 -0.03951247],[-3.485019   3.9994192],[-0.86257404  1.4113508 ],[ 1.2366894 -0.7653327],[ 3.5450027 -3.3713052],[ 2.5371673 -2.4421155],[ 0.3665925  -0.08470386],[-3.2204466  3.6118279],[ 5.5580835 -5.4310675],[-0.8275869  1.2157172],[ 5.7888465 -5.5669813],[ 4.4751296 -4.366746 ],[ 2.3577893 -2.1922488],[ 0.5630284 -0.2603667],[-0.7856494  1.2833971],[0.1428495  0.34161076],[ 0.8501249  -0.41983038],[-1.9194813  2.2667477],[-0.8857205  1.4324518],[-0.9231134  1.5378231],[ 2.233748  -2.0361056],[ 2.2680106 -2.1117926],[ 3.5690305 -3.539652 ],[ 1.6995747 -1.3621458],[ 1.7261155 -1.446564 ],[0.0231801  0.45613277],[0.10303202 0.36544704],[ 0.72610486 -0.50441605],[-2.1219013  2.616633 ],[ 1.2563932 -1.0318922],[-0.66123265  1.1118294 ],[ 2.9576538 -2.7963688],[ 2.765366 -2.417512],[-1.6298046  2.1257262],[-0.69494575  1.2647249 ],[ 4.339901 -4.285148],[-1.8970948  2.2896333],[ 1.1727148 -0.6350537],[-1.5538238  1.9624659],[-0.10202378  0.549739  ],[-2.8662913  3.306466 ],[ 0.7954612  -0.30729145],[ 0.6159003  -0.03087122],[ 5.9904423 -5.915712 ],[ 4.081992  -3.9709532],[-3.529522   4.0320654],[ 3.3743    -3.0076025],[-1.3007187  1.9263417],[-0.44927207  1.0772973 ],[ 3.94623  -3.799051],[ 0.59923786 -0.25742635],[ 5.6876783 -5.5176687],[ 1.6170118 -1.183726 ],[-0.74144465  1.1603872 ],[ 6.0550203 -5.910904 ],[-4.3430266  4.8778253],[ 0.433891   -0.04928635],[-0.1582988  0.6007825],[ 2.9928572 -2.713    ],[-0.35349014  0.9360218 ],[-0.68759435  1.0849768 ],[-0.6962618  1.1718624],[ 1.0579674 -0.7474134],[ 5.907674  -5.7875695],[ 0.3874654  -0.11454228],[-2.1310706  2.7829137],[ 4.916989 -4.813808],[ 4.49835   -4.2385526],[-2.7922165  3.4452188],[-4.2790694  4.6756577],[ 5.1957088 -5.074509 ],[-0.7143022  1.3191856],[-1.2891471  1.9121108],[-5.1191425  5.5885396],[-0.3752136  0.9102354],[ 3.7685566 -3.5780897],[ 3.7954066 -3.7062309],[ 4.4083443 -4.2525353],[-1.351797   1.9358878],[ 0.71024877 -0.35229203],[ 1.579676  -1.1128312],[-0.04289517  0.36493942],[-4.2790837  4.7621727],[-2.957346  3.555357],[0.08191428 0.4340111 ],[ 1.2873541  -0.87380886],[ 0.55004066 -0.17054775],[ 2.951323  -2.6261642],[ 3.4101305 -3.2416048],[ 4.7635813 -4.6191993],[ 1.7803925 -1.4480438],[0.34305722 0.07661852],[ 4.934044  -4.8171144],[ 2.4188938 -2.0927486]
[ 4.727432  -4.6951146],[ 1.365107  -1.2393113],[-3.630737   4.1609583],[-3.6614714  4.358869 ],[ 1.627992  -1.4244244],[-1.7239972  2.3201494],[-0.72057956  1.2304618 ],[0.4021628 0.0837885],[-0.34145665  0.89320004],[ 0.79805386 -0.49735942],[ 1.9073297 -1.6407868],[ 2.0556395 -1.7447146],[-0.65411425  1.1946491 ],[ 4.662964  -4.4653697],[0.01214296 0.35514235],[0.25925836 0.06245943],[ 2.597202  -2.4288402],[ 1.7680687 -1.8895401],[ 3.4873695 -3.3904414],[ 0.86935234 -0.5760028 ],[-2.0983882  2.4554513],[ 3.1459072 -3.0263011],[-4.1794004  4.698275 ],[0.1423729  0.36961755],[ 1.0512016 -0.7946417],[ 3.4237683 -3.2791655],[ 0.40970954 -0.1908082 ],[ 5.265195  -5.2631145],[ 2.8100095 -2.5399306],[ 0.63485664 -0.3147563 ],[ 2.305384  -2.1185527],[-0.01626537  0.5247219 ],[ 4.8076124 -4.7617993],[ 1.1802018 -0.8542738],[ 0.7372448 -0.514906 ],[ 0.47121096 -0.20114756],[ 5.3481274 -5.4663286],[ 4.473526 -4.365183],[-0.85861933  1.3152534 ],[ 0.37995327 -0.01762067],[ 1.275013  -0.9323173],[ 2.8745508 -2.7084396],[-0.60818243  1.1621923 ],[-2.6750205  3.0695043],[ 0.47132242 -0.12245553],[-1.538545   2.1300762],[ 0.72512776 -0.47540537],[ 1.4175518 -1.196163 ],[-1.8249944  2.1664884],[ 1.183311  -0.9797492],[-1.1716585  1.5140295],[-0.4598246  0.9181809],[ 1.0286617  -0.72179276],[0.07528233 0.3583788 ],[-2.8411906  3.4096944],[ 1.7750926 -1.5970689],[ 5.1272764 -5.135103 ],[ 4.6901703 -4.5934653],[ 4.8977895 -4.8690915],[ 1.183318  -0.9557511],[ 2.0186284 -1.9462805],[ 0.6487943  -0.38293347],[-0.58474123  0.83004045],[ 1.2597245 -1.130108 ],[ 1.3239167 -1.036189 ],[ 0.4345446  -0.23082095],[ 0.6558629 -0.3925781],[ 3.2076583 -3.063502 ],[-0.33354303  0.789695  ],[ 0.5132098  -0.22777396],[-1.2187821  1.580024 ],[-4.841044   5.4478188],[ 3.031183  -2.8868694],[ 0.6691916  -0.35368338],[ 3.5902734 -3.3281507],[-5.351365   5.9064226],[-3.4553888  3.8966517],[ 0.44606745 -0.12866148],[-4.0395007  4.6535397],[ 0.44940722 -0.12784058],[ 0.86715925 -0.6339683 ],[ 3.6775815 -3.3823204],[-0.28336474  0.64177096],[-2.789977   3.3268418],[ 0.98500663 -0.66066307],[ 1.8818592 -1.7433571],[ 2.438309  -2.2187235],[ 2.17549   -1.9117117],[ 1.0825205 -0.8152891],[ 0.4411325  -0.19914818],[ 3.5880637 -3.4947422],[ 2.2058127 -1.9000801],[ 2.6627762 -2.6293156],[ 0.64712095 -0.36080483],[-3.7499652  4.1190753],[ 5.1097746 -4.8732505],[-0.22001737  0.70044285],[0.21682006 0.1392754 ],[-1.8285902  2.440052 ],[-0.11889674  0.5836895 ],[ 4.068635 -4.017156],[ 4.5208683 -4.4045467],[ 2.284477  -2.2910824],[ 4.62657   -4.4294586],[-3.6034982  4.0502496],[ 2.9715536 -2.8148735],[ 0.516835   -0.12865944],[ 4.1680236 -4.0780897],[-0.9762061  1.5491029],[ 4.648801  -4.6014323],[-0.39051524  0.91620123],[ 0.58544564 -0.20615816],[ 3.23079   -2.9642692],[ 3.9612966 -3.9173245],[-2.538377   3.1110132],[ 4.805305  -4.9227405],[ 4.752475  -4.5482235],[0.16291541 0.21795902],[ 3.3450387 -3.1525345],[ 2.7792962 -2.6480017],[-5.0441866  5.562147 ],[ 2.9911819 -2.9552429],[ 0.98674655 -0.6424362 ],[ 2.6895115 -2.5917542],[ 1.6337998 -1.356729 ],[0.29475924 0.07673927],[0.14005205 0.2024971 ],[ 0.7957851  -0.52575934],[ 3.4968576 -3.329442 ],[ 4.442689  -4.2943587],[ 1.3523223 -1.0480372],[-2.0770054  2.476905 ],[-5.280678  5.685584],[ 0.8816847 -0.7368508],[ 3.7556267 -3.6424084],[-4.837853   5.1857343],[ 4.541387 -4.410702],[ 4.4678235 -4.6101794],[ 3.0602899 -3.003089 ],[ 1.6440753 -1.445224 ],[ 1.6607015 -1.4501636],[-2.6665263  3.2242923],[ 2.6427882 -2.2897158]
