-0.03302708220741004,-0.020066462167689116,-0.03663859618182615,-0.051076994921487304,-0.04995539696699281,-0.02657675525585066,-0.06770428015564196,-0.012833168805528044,-0.02066600487320623,-0.04620462046204551,-0.03098437500000002,-0.027782101167315165,-0.02770330652368179,-0.034946236559139775,-0.04245361858599362,-0.043018867924528234,-0.002590365740630631,-0.03164933135215437,-0.04377766847024062,-0.031862994206728334,-0.029596977329974544,-0.036756665825553,-0.010022846193529453,-0.025561475686248086,-0.0009541984732823703,-0.015423819742489228,-0.020358838356770634,-0.00884415980481842,0.034894384495460395,-0.031515151515150684,-0.007072493053801404,-0.04601473543201604,-0.019506450952283483,-0.001431434297165752,-0.014571948998178489,-0.01594643944004871,-0.005527540729247511,-0.016731328806983498,-0.03436826992103384,-0.03669907864246671,-0.052101754863283854,-0.03194713870029083,-0.02714985308521064,-0.008338617628408424,0.004948861761794755,-0.001057641459545143,0.0,-0.03748999885701209,-0.04370860927152198,-0.02111809289369702,-0.042580844808912215,-0.03410245681152498,-0.02856921347443492,-0.020573624519636353,-0.03391279566828145,-0.021126153315512593,-0.032591193078128716,-0.046965317919075045,-0.0015974440894568588,-0.02642905178211154,-0.0908045977011474,-0.02260458839406205,-0.014550009635767854,-0.02150537634408382,-0.011583011583011357,-0.009705966314587538,-0.034871575113158464,-0.03909242707003244,-0.018364348677766807,-0.0035366645035691383,-0.008035172832019087,-0.012961335676625553,-0.023458759500797552,-0.02787075619919402,-0.04824120603015062,-0.07039666993143968,0.0007044833319243664,-0.0513325456216357,-0.02709220280448955,-0.0430932703659972,0.004558319994063583,-0.020354519107636318,-0.027405437672979836,-0.009892086330935227,-0.02667249672059441,-0.0064065786957353535,-0.03102262680506897,-0.022733460386604985,-0.005963183821623045,-0.019120135363789904,-0.009905988498226442,-0.016331017155419594,-0.05123285042693996,-0.06732891832229573,-0.002967359050445102,-0.019088937093275492,-0.023074345293240324,-0.025239777889953297,0.007301587301587292,0.009559576647319878,0.038035961272475535,-0.0054906794427952476,0.02711864406779641,-0.02566844919786075,-0.041254125412541226,-0.019964768056370513,-0.05988739123016533,0.02674897119341555,-0.018141153081510875,-0.04478749761768624,-0.00426439232409378,-0.024236037934667935,-0.03120401463985217,-0.020650490449147955,-0.023116089613034622,-0.03952314507704862,-0.0660434870961184,-0.02085463095481485,-0.04064196742254876,-0.024366471734892762,-0.04341503946821756,0.0015004840271054727,-0.025604813950632303,-0.014285714285714275,-0.026578883199219454,-0.017685749774164428,-0.015318212593094021,-0.04047683895162486,-0.021476510067113944,-0.03591763652641007,-0.01462642071921,-0.033202372698559315,-0.034698081627398,-0.00879765395894389,-0.02351399910166195,-0.024110625221604953,-0.007282772476142576,-0.032865168539325716,-0.07010845282099183,-0.006592501030078236,-0.018115942028984193,-0.04541275234859072,-0.03141510781093808
-0.008569831708377282,-0.0096734924568497,0.0007322654462242143,-0.0017839566929132998,0.045070422535210396,-0.004754142895952174,-0.015996810604739304,-0.0015000000000000495,0.002119424990785063,0.025951557093425157,-0.00783656094296716,0.0011206275514288712,-0.006858031674208166,0.0077701216830376755,-0.012812009076627611,-0.004731861198738163,-0.02130092923516788,-0.0161117078410311,-0.02283950617283926,-0.012309065140937383,0.016223231667748007,0.0,0.007965458199955356,-0.004775747508305546,0.028653295128939278,-0.01348590110339184,-0.0013059299809757767,-0.007076923076923068,-0.0320341461253304,0.008510638297872034,0.005850928516916661,0.004423225444077755,-0.009555636781369085,-0.008027522935779803,0.028342575477510748,-0.028265710044532422,0.008191126279863554,0.0035511713933415725,-0.016727069974909366,0.004983713729958805,-0.02411021814006875,-0.0071388314860041805,-0.01999436211340191,-0.0003516961345397284,-0.02232435981615222,-0.003176283748014759,0.025125104253544323,-0.0059375371096069204,-0.002770083102493037,0.00860300443385612,-0.05604576747794046,-0.009468700683850572,-0.0031125299281724566,0.025934255227522737,-0.00221238938053097,0.0037878787878787407,0.03990323797687479,-0.00010830715910311799,-0.0060799999999998884,-0.00227947779236042,0.017699115044247413,0.006282361063168724,0.003128972328151011,-0.005494505494504774,0.020833333333332902,0.0020178725857597046,-0.011017066740668739,-0.04242052540120613,0.008231479171863296,0.032301129888313705,-0.001375515818431943,0.008902737591809443,0.005573171903526418,-0.005340453938584708,-0.014879523855236602,0.04523903595416828,0.012390177968010807,0.0006919457514530841,0.0022644511765966178,0.008019740900678566,0.005708979242953511,-0.0005503955968351932,0.0032920432987389,-0.009688162276718043,0.003144654088050363,0.0003849485131364548,0.0013179415780153827,0.016924362724613402,-0.00065206051121544,-0.00414007245126786,-0.009685809426621669,-0.03160793391068355,0.0010112245929820337,-0.02307692307692305,-0.02976190476190432,-0.02675807164971241,0.0022340286486313486,0.002589331952356195,-0.001575795776867308,0.022996280013527107,0.015656229180546162,0.008325045043455633,0.004315816197004409,-0.006037321624588267,-0.009552495697073924,-0.002696225284601579,-0.007078039927404651,-0.016604637847122756,-0.0003937118591636689,-0.01556264964086182,0.017130620985010562,-0.001079913606911374,-0.019590278859635338,-0.007907221929362069,0.0007296987386636547,-0.004161787762716516,0.010879025239338508,0.046445723831399256,-0.003620474406991184,-0.025252525252525224,0.0053203040173723844,0.011357595089652497,-0.033587497636902205,0.010410287813839564,0.018370073480293674,0.00967023493067033,0.0427159432746025,-0.012205506670451236,0.0065157750342934515,-0.0032687021766583915,-0.01106173773281651,0.005657370517928205,-0.010470156718906326,0.05621301775147614,-0.025490842462760368,-0.00999152234467723,-0.001138375917025014,0.026866105140865442,0.011182457519765817,0.01907922024056398,-0.0036900369003687837,0.002261401231207413,0.004422821760283048
-0.03620419668023794,-0.01422393924095093,-0.0034299826214213834,6.162568558569601e-05,0.04941599281221834,-0.002593148628360974,-0.030829809323643355,-0.017025538307460994,-0.02455172413793103,-0.0337268128161883,-0.01959987648502386,-0.019828895818341657,-0.04121876557272016,-0.006982833866744252,-0.035257090317561426,-0.04912836767036442,-0.028702892199824834,-0.005614472863381178,-0.009159823120656932,-0.013206494300215301,-0.02873563218390768,-0.029689137268599317,-0.027326440177252543,-0.012100980596703571,-0.051996285979571996,-0.03893951946975969,-0.02111304704314843,-0.01053610164239218,0.0093988404028075,-0.026557458426407884,-0.008219524532119162,-0.10967426254718275,-0.014392661324335684,0.008381502890173297,-0.06411024565608141,0.006364967220418812,-0.012960634490763191,-0.008600776527252166,-0.034495794348360094,-0.04579916624673594,-0.03191176470588233,-0.008325449385052051,-0.029216576606192736,0.003070427940894231,-0.017797179314976413,-0.03239511417950057,-0.007322282111257923,-0.018635766336160535,-0.023611111111110493,-0.0078078866216126554,-0.02944701249785994,-0.025709912217675074,-0.008446081178448441,-0.020381512056340555,-0.026164079822616437,-0.006669591926283366,0.025695200290244895,-0.038669844020797185,-0.00772698003863496,-0.008031016338964315,-0.009937888198757482,-0.013103732162458756,-0.005653572472950634,0.0,-0.014030612244897708,0.004027617951668496,-0.020511813233065918,-0.022843723313407296,-0.015833745670460034,-0.02668517175030764,0.005203550658096085,0.017648356496801156,-0.03717152412804577,-0.024514305898975623,-0.03225492106801789,-0.05317205317205302,-0.012405429461504197,-0.017010095422486562,-0.009281592525875515,-0.006731946144430728,-0.03613699320070507,-0.003441866868589518,-0.005783882987597938,-0.016814429837969935,-0.020600089565606723,-0.03097643097643096,-0.017333432330091138,-0.02691596465995473,-0.003066684066292452,-0.04728910445175731,-0.017821181293343744,-0.0019781578405110977,-0.024749974744923367,-0.05572380375529975,-0.023006134969324802,-0.03453760508975239,-0.02898067596602422,-0.03254132231404786,0.003787878787878728,0.013223140495867682,0.012791079042308983,-0.017739586112775707,0.005055611729019186,-0.0038652678078408666,-0.028412546702580605,-0.011715229798738024,-0.03125571193566068,0.02037845705967965,-0.04360669573779714,-0.021618700175651907,-0.03410526315789443,-0.006486486486486355,-0.007666944742382778,-0.04463336875664128,0.008229166666666626,-0.04444240722398375,0.019156263452432067,-0.037542759407069484,-0.03894666499603223,0.005864601719523967,-0.02149260179285013,-0.013189333843065988,-0.014671361502347399,-0.0092929292929293,-0.00040997048212526035,-0.02299766607844258,0.02217276623804801,-0.023541114058355427,-0.0415672913117545,-0.01214876649027349,-0.056500956022944464,-0.0031693209729815337,-0.0014489823426336854,-0.04201680672268672,-0.0244662271661658,-6.11658205395659e-05,-0.044193997720653466,-0.11695658322726601,-0.0761587973562573,-0.03215303215303193,-0.022222222222220627,0.015961225086700278,-0.0071921326875091195
-0.033144862546305276,-0.005589080139838216,-0.022256895048414476,-0.023169829923588774,-0.03595890410958845,0.0036945812807882296,-0.0159379204932917,-0.01604686704024447,-0.01828808446455489,-0.018324607329842563,-0.0036469125569830074,0.0022024634962067163,-0.014404514404514282,0.01977732200410196,0.010520142223525625,0.006666666666666655,-0.0045366819560367705,-0.017722710163111718,-0.017532674529805423,-0.025070012925463125,-0.011834319526626953,-0.00359971202303815,-0.03219438116932424,0.0017599436818021797,-0.032321253672869074,-0.02715517241379299,-0.01705183425458258,-0.011901033510804846,-0.016854102424572217,-0.08847526772054845,-0.013260232054060857,-0.002276831278951155,0.003797806900240653,-0.023215821152192378,-0.01216389244558257,6.324710644496639e-05,-0.020676139147476708,-0.019680745587943686,-0.012235708692247431,0.015663069961712493,-0.0059243506000303285,-0.006360109393881566,-0.007682702279413165,-0.006696001530514632,0.01470085470085464,0.02963776070252441,-0.027148857699006032,0.012051125989044374,-0.03698435277382532,0.0016532204734823414,-0.015029105662374274,-0.008849557522124005,-0.018610471922812916,0.024661969148733424,0.0016697024893746525,-0.0037105751391466007,-0.028651089240756676,0.0007887323943662466,-0.0012978585334197752,-0.015145170295923932,-0.03513174404014965,-0.01237400069516853,-0.010195078913831934,-0.011049723756905012,-0.0181112548512284,0.015472779369627354,-0.016071275102414954,-0.028075158400699043,0.03519356460532914,0.017824156593317552,-0.02177222898903753,-0.013873834814654252,-0.013497419610956725,-0.017453650057937337,-0.014097271171080426,-0.03513207798256711,-0.0043936236129104664,-0.038688801350590774,-0.0038830164257758026,-0.008626001232285819,-0.03137382974091015,0.01270981556952396,0.0016221961179167983,-0.0059079601990050445,-0.008230452674896967,-0.02819418246798364,0.01113438884500466,-0.004011824324324351,-0.002028928594803411,-0.043636363636362814,-0.01910357927499093,-0.0075979683693271766,-0.028899937849595787,-0.019884541372674765,0.008634222919937025,-0.028947987761826173,-0.027878145248649722,-0.030966364121728294,0.0,0.028384991843392927,-0.013277202072538848,-0.05102367990381089,0.0032696177062372937,-0.006651884700665209,-0.016544446431765322,-0.010334346504558844,-0.04471698113207528,0.028815977175463525,0.003618179143991815,-0.0033144593288219498,-0.02179598953792483,-0.004896626768226311,-0.03907125700560442,-0.02224694104560598,-0.01663394978820125,0.00353096003320303,-0.022597676874339903,-0.007908065041613677,-0.03335433823689184,0.002377448205592687,-0.013686534216335484,-0.024600484261501167,-0.008735358348223017,-0.061990212071777843,-0.025264539414321822,0.003641554506787857,-0.02346584952826376,-0.011567628749292664,-0.011375755421258361,-0.020220310849554973,-0.014489816597426208,-0.021619903028375943,-0.010056356089494874,-0.008771929824561016,0.003935356923970282,-0.02043063371666248,-0.01179120296767351,-0.03026905829596399,-0.02118208173571481,-0.0037846930193439943,-0.018939393939392507,-0.05399958873123562,-0.0069485511531636865
-0.024063991396114745,-0.015383581889023196,-0.0401295409743734,-0.029649255614433472,-0.04973357015985697,-0.023312883435582788,-0.02109469380169124,0.028993010613512633,-0.01392356443249469,0.011555555555555324,0.026986107644954623,-0.018232134136415293,-0.005951484104264034,0.0067519034621462415,-0.01117237376668607,-0.018211920529801293,-0.01772585356027799,0.0020756825802332175,-0.02346960847934203,-0.02795194033973202,-0.011310711909514267,0.018515173410404588,-0.0091008943982425,0.011454673225579713,-0.021255060728744453,-0.022891744203219544,-0.0067179419370003894,0.0,-0.0016912409095801103,-0.008111888111887861,-0.0005168626437524969,0.004013220018885842,-0.012948950229137765,-0.07100938967136106,-0.053791315618924106,0.005502150265621073,-0.020712427456473774,-0.0075853350189633295,-0.003963928252898615,0.015421521590130221,-0.027506112469437568,0.0021122703706074057,0.030392867807021273,0.013257575757575808,-0.018194070080862525,-0.01492537313432811,-0.04875737152485202,-0.027784459947077178,-0.008862629246676378,0.018419489007724187,-0.025394892367205144,-0.0062111801242235405,0.007239819004524844,-0.003298949911718197,0.016063039854523422,-0.008246874168661822,-0.009617856224830697,-0.04751182166178782,0.009096816114359951,0.0301183473885621,-0.046814044213262865,0.0013373689026535236,-0.011587600277310112,-0.027932960893851628,-0.011857707509881184,-0.02031602708803597,-0.013917195597740553,0.023659660559739157,0.01019912578921799,-0.011048492374311396,-0.019299610894941366,-0.012310397889645948,-0.06579476861166986,-0.048721161642220116,-0.019814115003574648,-0.02875663747327754,0.016775106082036816,-0.00892726474462153,-0.0050737864678402625,-0.005593536357986293,-0.026242441951943175,-0.025373439738080462,-0.0077627610856695235,-0.019705974350953934,-0.009681881051175541,0.02574318112166717,0.021140442645000805,-0.007843968624125428,-0.019937040923399676,0.028517110266159152,0.003383738225086805,-0.024965672200723984,-0.06687999999999925,-0.030104712041884776,-0.014785992217898648,0.0009694619486184604,-0.04959508779299892,-0.05564738292010703,-0.022327044025157165,-0.08946700507614154,-0.06235641614702946,-0.04178324939376972,-0.011030333416896354,-0.01450892857142838,0.001727743930162646,-0.006142506142506041,-0.0549081572190399,-0.006100942872989554,0.038894425230083754,0.00013856172925025482,0.007130124777183512,-0.013121924548933732,-0.01733044492584564,-0.043230944254834675,-0.0014708972473208388,0.010071368301168383,0.0028089887640449563,0.023584905660377346,-0.04997077732320282,-0.02659814772983954,-0.02294091316025062,-0.039469764670837015,-0.016422992189064758,-0.03413043478260852,-0.07153075822603659,-0.0018431975849757358,-0.015276630883567288,-0.02100128252106994,-0.030204962243797203,-0.006969043585399621,-0.03639728562615659,0.001218620521569581,-0.005965570138060334,-0.017699115044246788,0.02278861292291865,0.007743224678406299,0.015685748759887423,-0.06044591246903369,-0.05536712368031337,-0.011608273533136296,0.003861003861003618,-0.00934701330319101,-0.01712073842489201
-0.004132516013499546,-0.014054717882240601,0.004645249621045424,-0.011962033545702813,-0.04579439252336368,0.0023729759910665,-0.001966421655048957,-0.015597484276729454,-0.0062323497906320744,-0.021089630931458252,-0.01059503944789146,-0.031006466589288698,0.019098143236074276,0.005565068493150684,-0.02201027146001466,-0.020236087689713286,-0.0013585563416383998,-0.0035054174633525146,0.002658101672388883,-0.019464097974028916,-0.017496635262449257,-0.01950873459253344,-0.0031670625494853474,0.004446605989022499,-0.031023784901757372,0.010429262394195822,-0.009399948969592559,-0.018700475435815975,0.004096656450693728,0.01353637901861205,-0.052230122818357344,-0.021004780938945165,0.012363008152027245,-0.0012634238787114073,0.019863013698630107,-0.008742688219384918,-0.00991110656993974,-0.00254777070063694,0.009053825490001,-0.000593527063670367,0.025298554368321766,-0.007664793050587625,-0.010929187969613579,0.005132266751148363,-0.0102951269732326,-0.01839826839826823,0.012841802280526778,-0.0016083137448966364,-0.005961251862890903,0.01225204200700121,0.014185961043733878,-0.004394531249999997,0.004043126684636153,-0.010861964477180415,0.005667412378821698,0.0077789699570813674,0.0002379149994593627,-0.001063829787234013,-0.02768834513844162,-0.007750871399743204,-0.12960436562073316,0.004077042035709387,0.018236472945891792,-0.005747126436780827,-0.019999999999999466,0.009792626728110642,-0.008562655013582138,0.013834751578369485,0.0012019230769230711,-0.016902768834513835,-0.015711791779082353,-0.01580235922546181,0.0222916217962523,0.005656283898961855,-0.023549025737209517,-0.03067310423175233,0.007122388225801935,-0.023774365032486672,-0.023103952237320854,-0.01812499999999981,-0.018789746430756003,0.0032892434740008475,-0.0014633871784770268,-0.005424377791959087,-0.022346368715083643,-0.0005975500448162748,-0.01589297356271369,0.027065527065527027,0.023286937901498866,-0.04436229205175516,-0.01016348629306338,-0.014722826782742273,0.014060356652948969,-0.00944669365721996,-0.004739336492890876,-0.0004842615012106256,0.013134498098095405,0.015169194865809968,-0.018655516243164742,0.024390243902438855,0.02695134756737814,0.023175066082423288,-0.002534854245880849,-0.020951302378255647,-0.01770152505446622,-0.005871446229913221,-0.03782654127481703,-0.018694196428571293,0.008604880801241355,-0.022513161540592932,-0.042035398230088124,-0.014404432132963798,-0.010259453959640601,-0.002972651605231832,0.0028409090909091326,-0.0377891903903607,-0.03469079939668165,0.029808084932625625,0.057307810614485415,-0.008180077739745965,-0.012369717099988596,0.021708792060784594,-0.0023077445191066713,0.019581363943281454,0.00045318589685486,-0.007778989458378769,-0.014675052410901456,-0.010597234893676788,-0.009084167593622468,-0.010158582451242603,-0.03446436192915066,0.006410256410256289,0.004149519890260597,-0.03603603603603375,-0.004123176966755413,0.004461519395216282,0.0029699049630411787,-0.014413780980840047,-0.010974006270860738,-0.011958146487294466,-0.011538461538460679,0.02966603765304762,0.004847016055740566
-0.038176914032782325,0.004497958618780705,-0.03494597488562247,-0.06132385840242132,-0.04995102840352492,0.040384347583901845,-0.026850379791556304,0.0017889087656529135,-0.019892209701126814,0.009874326750448604,-0.004486434267188534,-0.02335728952772066,-0.033762177437346635,-0.0076628352490421435,-0.03597149287321831,-0.037865748709122134,-0.019379347519186827,-0.027342500799488276,-0.055561692256709885,-0.02390749971021211,-0.0034246575342465287,-0.004883784028217492,-0.04050833995234306,-0.024140554748564736,-0.03094983991462053,-0.01884816753926699,-0.019833137353715183,-0.02196382428940558,-0.013190790987315364,-0.050918196994990186,0.02237075433092318,-0.024577695941077393,-0.017971416382252563,-0.01644528779253623,-0.0181329751511081,-0.006725888324873035,-0.018885448916408584,-0.021404853128991083,-0.01725497929402481,-0.01406679398202071,-0.012413793103448272,-0.0010298661174046775,-0.001883515057656488,-0.020140574274277304,-0.0221914008321773,-0.05788313120176342,-0.0026232375122963417,-0.03209417596034685,-0.02698650674662583,-0.012167787383925696,-0.0426511088563559,-0.03223802517573969,-0.024161073825503376,-0.0014138938637006302,-0.03381284294824251,-0.028923786709253708,-0.02917009038619567,-0.039521950065080934,-0.006291390728476704,-0.011416685925583456,0.03448275862068862,-0.02576309157098861,-0.03788624286557756,-0.0578034682080858,-0.05306122448979455,-0.013120365088419841,-0.02838167847995715,-0.057887041750148895,-0.03217286914765886,-0.011757000163746542,0.016768784263140636,-0.010628674807779213,-0.028547350679447858,-0.03721396101394568,0.0006402731832248654,-0.03545268092587168,-0.027100196138014822,-0.021630615640599038,-0.028425006366182733,-0.03946530872055958,-0.021125683702876,-0.0315987723214285,-0.024575841271630608,-0.04138594802694865,-0.04095238095238054,-0.003188839063278564,-0.019306559227737653,-0.016435506241331492,-0.021514517394716222,-0.012959381044487208,-0.007174349991998235,-0.03768191268191265,-0.01938902040356194,-0.035422343324250635,-0.010317460317460132,-0.017684108527131787,-0.03573926288752054,-0.04080459770114693,-0.026220911176663215,0.011904761904761824,-0.013292433537832144,-0.020834928779292355,-0.017280813214739458,-0.015615962984383955,-0.022733573606875418,-0.13615169412495698,-0.05951346655082507,-0.014216661927779277,-0.017818181818181757,-0.0032598681879384187,-0.060508083140877016,-0.022484541877458995,-0.02034609783260514,-0.03756708407871144,-0.029167978176476768,-0.032285104544890704,-0.049330357142856975,-0.017899626147048896,-0.017858341725411245,-0.005615348619560072,-0.04058912211527301,-0.05357413871604188,-0.008095788829172102,-0.03289183222958038,-0.042489581445913714,-0.0009818288393903599,-0.009787234042553184,-0.03128103277060558,-0.04078578110383512,-0.01899800227192603,-0.03005857000773552,-0.02886398451987414,-0.005293535056862809,0.0031152647975076385,-0.024407747389672246,-0.02319555829734723,-0.03434888464828583,-0.03834492598537528,-0.02909444188781512,0.00410633239680144,-0.023346303501943624,-0.01380897583429227,0.005125113053964376
0.0005752498741640565,-0.029438780196564655,0.004387734516844887,-0.010374316556848404,0.05051546391752479,-0.03868290724133302,-0.00922965217755553,0.023724489795918277,0.013197360527894325,0.045333333333332476,0.007911314330827868,-0.014367060884800754,-0.021088278303701857,0.01587301587301587,-0.01883195206412204,-0.013416815742397113,-0.011595644435137723,0.043728423475258814,-0.011812865497075945,-0.002879790992488872,0.0020618556701031427,-0.005543942561119602,0.04147350993377469,-0.0219733484547774,0.01982378854625504,-0.005488641561213617,-0.0022774705604557705,-0.0092470277410832,0.019164710819590616,0.0026385224274406557,-0.015610406937958454,0.03750820748522631,0.015042085256584315,0.009967845659163997,0.023939808481532113,0.023668072058259826,0.019564531397917185,0.044372520359156356,0.004916223537674292,0.011267539093872708,-0.010242085661080078,0.011404639175257747,0.020128740066676445,-0.002830674215131297,0.008156028368794309,-0.022820362785254303,-0.01742465753424642,0.008449622327486883,0.030816640986131558,0.033646677471636965,0.015102766948029851,-0.007229973985607648,0.0295110666499938,-0.00684349631867094,-0.008902532617037521,0.006395614435815429,0.020847718110341522,-0.04398176666256,-0.01866044651782734,0.025855619973816954,0.04999999999999844,-0.02651624029893634,0.0011250894957552488,0.024539877300610396,-0.007183908045976805,0.07687861271676263,-0.003954022988505773,0.0028164156799632633,-0.09278094765566819,-0.002916224814421965,-0.008246114811290752,0.022399999999999923,-0.016373888527434384,-0.038972471190780844,0.0137570651594326,0.024149453219927026,0.01059117496734616,-0.003401360544217571,0.005471283949808278,-0.005301524188204114,-0.012076569052740358,0.0031693438017720123,0.02802658191274195,0.015729585006693296,-0.016385302879841007,-0.00019994001799453301,-0.020913609010636,0.00958894451103442,-0.010225222214796454,0.020968058005094634,0.06549416943142054,0.007651453776217475,0.004598229681572608,-0.02118644067796607,-0.004811547714514827,0.011344019728730005,-0.010901157793474956,-0.012582384661473234,-0.02961965668125194,-0.01210084033613445,-0.018652849740932436,0.021327141635097118,-0.01939487975174544,-0.009988249118683718,0.0032151300236407452,0.024469233537242726,0.14572748267898322,0.0017306028266513393,-0.005240224418306633,-0.027230714539637327,0.08997050147492529,-0.016676250718803753,0.011324384591841227,-0.013011152416356682,-0.038906300659245566,-0.002742250545798585,-0.0030523597088517223,0.010785557734456129,0.016975414131747437,0.03823529411764701,-0.008944760062855021,-0.017265341030575112,-0.0006172839506173454,0.017119379137183213,-0.01901788248651691,0.001833570475114781,-0.008336914482165912,0.021063679187717954,0.08582016773941842,0.03122504392269596,-0.0164065170331549,0.05379825653798244,-0.019673144269724538,0.0900621118012366,0.0017945339466005484,0.038966780346090524,0.0217376490630324,-0.07288575667655771,-0.018959342742784897,-0.010977184674989239,-0.007968127490039318,0.012705821340593861,0.022345530893821304
0.010707869205892971,0.03922774807173596,0.02515691689681139,0.009349766255843623,0.04906771344455252,0.024784182678919384,0.03916511641016962,0.04834288562172908,0.018255377935662204,0.02551020408163222,-0.020920365535248005,-0.020353746333659075,0.004717351993081209,0.020270270270270264,0.003687988261886892,0.023572076155938305,0.08601467122163067,0.06615214994487299,0.055509527754763366,0.006907640088132038,0.037037037037036376,-0.03472856881740077,0.05142675462999757,0.004783301927815718,0.05075593952483695,-0.01916296182737998,0.008462671868200548,-0.0029999999999999042,0.0019521122464541984,0.025438596491227247,0.0,0.005774859583893815,-0.0012839717526214895,0.017510347023240894,0.01402805611222443,-0.013292146400823702,0.021561951924068967,-0.00779766070178941,-0.007987220447284329,-0.014715844058769937,0.02649733458764509,-0.009110021023125397,0.0761720757198938,0.06148387096774187,0.0056278578965879515,0.02155688622754462,0.02041043943787618,-0.003173797130887385,0.041853512705529346,0.00018815855494226926,0.03001715265866207,-0.015484090522375352,0.0008502368516943631,-0.007223304661882935,0.01068607712560007,-0.0019064911484338676,0.01989832653328383,0.007603092783505105,-0.016977928692699377,0.010551023198578043,0.09090909090908825,0.008341330183804486,0.022272170004086662,0.125748502993997,0.03617945007235785,0.01341921631776697,0.018340718857705527,0.015532756347796111,0.041564123598577814,-0.010170167508641434,0.008314678605692273,-0.01743796109993288,0.019292250027560312,0.00308102256640837,0.022301704186829252,0.013198872905235174,0.018712595880981113,0.0429723859757987,0.005474095796676498,0.025982678214523346,-0.0038679543630037788,-0.016227471817333312,0.015570545250140537,0.023064250411861463,0.020191822311963453,-0.00889911008899106,0.020508451904054596,0.007612263426216808,0.026468602295746112,0.029366602687139573,0.006627259340271947,0.01733071288190088,0.01842316054468453,0.023809523809523774,0.004029008863819436,-0.011216776396001016,0.01285837443707058,0.014563106796115527,0.028442594519597405,0.010207553589656278,-0.00035198873636051403,0.014511481875006019,0.02056962025316448,0.003560830860534049,-0.003393345272881641,0.008781173164734502,-0.018544648256399936,-0.004606968039159267,-0.0024335079733172993,0.008843736295863098,0.05142083897158279,0.013450292397660728,0.00025940337224379965,0.023854362837413278,0.02327673451028899,-0.025902545274059566,0.02731983042863851,-0.0002567760342368304,0.005287685965226822,0.0035127478753541296,0.0029271862422246267,0.002556431873810193,-0.002882437718756305,0.017055655296229648,0.006172839506172648,-0.011156988491610266,-0.011787138152192667,0.008557632547688524,0.0026944494341656086,-0.0005420893673043018,-0.004170045175489286,0.02970141022610887,0.005463523972962525,-0.017094017094016162,-0.029653597566387743,-0.014163272749376893,0.026477257569694386,-0.021204240848169482,0.02158041657719562,-0.0013057671381937327,0.02008032128513895,0.0018776938505526218,0.012468827930174526
0.039960182025028254,0.013500591931518114,0.03751959247648897,0.045263157894736776,0.05051449953227213,0.0021739130434782856,0.03428493930969012,0.021630615640598955,0.011822851051458274,0.016583747927031236,0.016700556685222804,-0.028034839412084952,0.02504108302684087,0.007312362030905076,0.025049387593836445,0.03454384410983165,0.03743080787144284,0.009159403161471454,0.024893473873065418,0.04269915429652834,0.02645502645502611,0.012118916871804516,0.025325068037496182,0.019979803808424536,0.026721479958889568,0.03297905595498587,0.03175732708532841,0.02006018054162474,0.025556333526134675,0.027658967778727436,0.021008403361344217,0.037753657385559164,0.004928219412899098,0.07509386733416723,0.0382081686429512,-0.003668216171773822,0.015148454857604493,0.015717884130982376,0.010165056360708536,0.02021052132476707,0.02062013135787377,0.0039861128970038635,0.033900571057506816,-0.01607609554488545,0.01399090591115765,0.016412661195779478,0.024811454803803538,0.024961793173713522,0.044476327116210974,0.027904935097510467,0.025848025196394158,0.020082958866228785,0.01347087378640783,0.03671437461107664,0.006742261722341358,0.009368746589048512,0.01153064498876877,0.09579230080572936,0.006908462867012043,0.012515503438944633,0.07407407407407222,0.03953147877013171,0.0,-0.005319148936169723,0.026536312849161352,0.02383474576271174,0.01586486159796929,0.02026188057342818,0.03885534260960865,0.01970989188100203,0.023311132254994853,0.04186575654152422,0.04650659744754478,0.06566495102108584,0.019757151677299863,0.02415105386416858,0.015141903632402037,0.03212851405622484,0.03966556484542082,0.03831168831168785,0.04567988668555244,0.008539522662579395,0.008247080312171277,0.032528180354267175,0.04502721425037063,0.015032284100080655,0.03935095755836412,0.02418907679512063,0.008683068017366154,0.048480328174528166,0.0203830499500886,0.044257112750263485,0.07752808988763965,0.026074700493305108,0.025682182985553383,0.006411837237977853,0.043162508878759026,0.04904306220095403,0.01517706576728489,0.08487706298416935,0.06267605633802777,-0.007240411378968654,0.015245478036175573,0.03548196333530414,0.026009647214603214,0.013579387186629075,0.047853768741014414,0.015041943881978475,0.017506600849500623,0.012316163152937749,0.03517803517803495,0.028274668205423664,0.04201244813278017,0.05088902513795163,0.027032967032967,0.0024999033249396966,0.016735442457588214,0.004994149710339314,0.04051885530890615,0.00694444444444441,0.030037699136568143,0.05447048611111097,-0.0016518686764402833,0.06421006178287708,0.07956288343558218,0.02215114901682057,0.007893352043501134,0.03164106939704208,0.04639914009315636,0.01429567642956767,0.024194486448761085,0.03465952563121644,0.042460552440001395,-0.0028985507246375546,0.015791311868014867,0.028116907140214625,0.01884218049509451,0.1275291232372773,0.038360483447188606,0.039660056657223726,0.04724409448818537,0.026494015419346477,0.011445957693422128
-0.009230138110214673,0.004852078981063494,-0.0017467661221791224,0.020208123531386284,0.04986642920747915,-0.020878524945769975,-0.020494866448998877,-0.003722661703117765,-0.0031606167991571196,-0.009787928221859454,0.016426229508196687,0.04471203211051993,0.0068707534926330145,0.012874948637172987,-0.016188714153561504,-0.004280821917808212,-0.0003055660022563163,-0.03147416190894442,-0.028555798687089396,-0.004906131246100539,0.0012886597938145264,-0.0010289990645462178,0.01828504018285034,-0.015416165759140036,-0.0030030030030030563,0.022393705553033775,0.04088326038865517,-0.03244837758112084,0.007569348590765393,-0.030799112097668384,-0.006902960307978085,0.00462331362740632,0.020362473347547975,0.005238649592549313,0.0025380710659898445,0.019487732884755787,-0.01114206128133707,-0.006695764309096313,0.015841386868586174,0.014721089383851985,-0.027387009877282268,0.00044825819672134005,-0.0039531532862895095,0.002162028600549772,-0.001379786133149274,-0.006920415224913513,-0.0036262798634812262,0.009691848906560697,-0.013736263736263358,0.013177159590043851,-0.039383138652644895,0.003998509030531048,-0.008102822017323342,-0.008495705974697605,0.0,-0.008741101198522148,0.006386938499281093,0.01797385620915039,-0.05420240137221236,0.0206681514476615,-0.027093596059112667,-0.0037323943661971455,0.004797121726963767,-0.016042780748661424,-0.00816326530612215,0.006725297465080063,0.009251271678020152,-0.0007744647895115834,0.015415718979024494,-0.0060917382857519145,-0.06245157291182301,0.007861978597947166,-0.0031004547333608862,-0.01682636129936909,-0.011200807265388496,0.008789481206231195,0.003532032820735748,0.009943795936013773,-0.019699519980051053,-0.015634771732332513,-0.01584595443558283,-0.01100014473874658,0.0027448397013614375,-0.00810979413599503,-0.009943181818181698,0.04114899115396073,0.004480405692438402,-0.0046694186912093665,-0.0016955784531108209,0.001244887070958546,0.00920051211544885,-0.002228388832828867,-0.0025026068821689946,-0.009615384615384602,0.002347417840375528,0.0012251899044351858,-0.008692507418177486,-0.009692132269098545,-0.01328903654485041,-0.011797578391803749,0.0003313452617626416,0.01971746653661871,0.04886739628404161,-0.0028555111364934,-0.0030420353982300442,-0.008588114050154291,-0.005880047040376301,-0.04616699914505528,0.0069667738478027316,0.0032920632648680524,-0.008702859510982201,-0.006172839506172739,0.003650240584038377,-0.012835472578763078,-0.019901562165632335,0.021124715236115775,-0.009921082299887165,0.016810540663334917,0.005933256222422098,0.008298289879450483,-0.0031877213695395974,0.008798106606297653,0.02730093071354695,-0.01430644826871243,-0.007369916533475324,-0.0008112179858615502,-0.022363383223111752,-0.004411055207112783,-0.021229241568224505,0.007180779954929212,-0.013515048268029472,0.005989795163795108,0.001837743918738304,-0.0058139534883716315,0.020629528058614052,0.004677941705649481,0.0045915439066386305,-0.0039876744607577255,-0.0024291497975708247,-0.011108782225948416,0.045112781954883795,-0.014606415203950352,-0.004727116458960118
-0.02870747360430602,-0.002526099300292888,-0.030409080160794588,-0.03553566728086334,0.009329940627650343,0.00803101633896419,-0.027630522088353357,0.005371321812237274,-0.012202152190622617,-0.028006589785831544,-0.01716073675042734,-0.06567190850607564,-0.014026840548942278,-0.024475997295469905,-0.027268453220498298,-0.018056749785038663,-0.011332910112623898,-0.049576783555018086,-0.034350715170627065,-0.010630112000912012,-0.023809523809523614,-0.021537597153291465,-0.04221272898414298,-0.031458737341090205,-0.009036144578312985,-0.04543436436288286,-0.05587100185038331,-0.01727642276422741,-0.01835402949018213,-0.05525336387059675,0.0012030477208929582,-0.03651452282157677,-0.019956117438094244,-0.023161551823972074,-0.07215189873417713,-0.025808661000591527,-0.02344064386317898,-0.009886653018425094,-0.034719497842291,-0.03835848581308539,-0.013386674873057247,0.006080778339627464,-0.01687685459940652,-0.014793355317903035,-0.021416234887737293,-0.030778164924505934,0.0005352172982230424,-0.03359586512429239,-0.015320334261837935,-0.04190751445086695,-0.0432019396789243,-0.019845421715211496,-0.022092555331991972,-0.05988637421998697,-0.02054794520547942,-0.038727272727272576,-0.009624679527592182,-0.04379729419857825,-0.02212549873050389,-0.011717727153705114,-0.032911392405062384,-0.024104050328691656,-0.009150586831111909,-0.032608695652170255,-0.039780521262001725,-0.06012332990750221,-0.02045508134873852,-0.04085700049825603,-0.0353409656545543,-0.05436655181553134,-0.008760330578512271,0.0331527627302274,-0.044681733360978575,-0.04888677600824001,-0.01683845290335745,-0.021463483743004823,-0.034329651288715526,-0.012699771689497649,-0.015612082670906162,-0.04320203303684832,-0.052717133364973905,-0.07090589784867535,-0.03366911201138724,-0.021698113207546964,-0.09516977522716316,-0.025298329355608544,-0.021410021740423307,-0.03712265433777525,-0.025934152077345174,-0.04973357015985697,-0.016775196434751855,-0.021870127681092266,-0.035333472715868286,-0.056171983356449295,-0.022638563622169764,-0.015296133137542809,-0.017186992384264795,-0.019573978123199786,-0.0033670033670033443,0.010367577756833148,-0.01954289499834362,-0.024470546567902256,-0.01747148750303327,-0.010882016036655121,-0.020896902450300407,-0.01663201663201607,-0.05796529968454232,0.0017926501344488173,-0.02736618021904142,-0.01690562807618233,-0.048494983277591545,-0.015810276679841626,-0.023061663084807275,-0.052009456264774705,-0.022925764192139687,-0.0126637127632626,-0.01753586882259169,-0.023653932082216327,-0.00696292826267483,-0.01618194961908462,-0.04204666587705782,-0.028816239098281196,-0.0437554526541841,-0.03891459823306673,-0.05063064674836712,-0.05417826490373472,-0.05562972852692474,-0.025291334948655896,-0.03988105649816335,-0.01691380029580184,-0.0333870596361961,-0.001617171420170569,-0.027048660907847882,-0.014619883040934818,-0.025851213154200862,-0.04990448901623688,-0.008696756173427302,-0.05459508644222,-0.040736607142857074,-0.06231454005934699,-0.032374100719422205,-0.050322145955278307,-0.02489925158318927
0.013925399644760129,0.003765127745405687,0.049556140864306084,0.04742085152838422,0.04957983193277232,-0.0027472527472527397,0.009967509224076163,0.006968641114982546,0.029374574457737564,0.06271186440677864,0.020693163543273396,0.0671320646456918,0.03521993232851421,0.024119767119489873,0.011881746415337513,0.010507880910682993,0.005089300577897343,0.008110687022900773,0.035572661534872596,0.009880170526558407,0.03230059327620265,0.005455067470571161,0.019352887813728528,0.020244716351501605,0.07598784194528721,0.054263565891472694,0.058348545766090644,0.019993105825577093,0.0354736573580828,0.04393939393939269,-0.008678237650200227,0.011432150967034777,0.04307036247334748,0.026081802015411857,0.03342428376534784,0.01425284417742565,-0.054908828680333734,0.017398759392808494,0.02286120707173334,0.025147647170889777,0.03399875233936351,0.08130805445985481,0.021618562535370745,0.02443144492758167,0.01729615248852786,0.02216896345116803,0.01743875040119801,0.03781994142365971,0.035360678925034354,-0.04675716440422322,0.03286619312727965,0.020935918184635565,0.011769063001522525,0.019268872597582636,0.026418026418026375,0.03026290902212969,0.030894584960108513,0.02901678657074339,0.024109792284866288,0.027113554569340313,0.018324607329842337,0.027886426191510896,0.030917486448504207,0.022471910112356944,0.028571428571427755,0.04237288135593197,0.0015044833604140329,0.03492063492063488,0.041537667698658104,0.019619521423816684,-0.003001500750375133,0.015729865771812016,0.0391752577319587,0.05148283905364866,0.012144488270707932,0.007890545823077926,0.02565324660760344,0.044659632894926846,0.040149875641977986,0.014608233731739629,0.012938862933226469,0.005591872095770573,0.02407795592317713,0.0012857602057215515,-0.012156448202959613,0.03535749265426037,0.024586234139819457,0.014545968083603925,0.02300315203541019,0.03308411214953215,0.009126469416727056,-0.000646217473720489,0.049848287819678636,0.02571638501102127,0.03274760383386536,0.04771964707344343,0.04532495723710364,0.051673517322369196,0.0108108108108107,-0.007462686567164239,0.012162162162162158,0.016765114040514336,0.03778710792788327,0.008685581933989477,0.010199263386533142,0.02572233967582716,0.020092088740058446,0.0035788845809722083,0.05048381522866019,0.0037730372950225202,0.028558875219683408,0.013195639701663549,0.05829596412556037,0.03491271820448831,0.033296089385474736,-0.009684309078673943,0.01622624014835412,0.03383770487114217,0.0025302341538723876,0.03510061044539896,0.08395153313550931,0.03891397962398899,0.0253351112358761,0.021011162179908036,0.04456798266277169,0.0095188460889959,0.02082940622054655,0.011884751059447599,0.04864274002550546,0.027928866257763214,0.023463554073368132,0.008025327639522786,0.012443438914027204,0.005934718100889729,0.009229983861937104,0.0037697914048755925,-0.007044057377049172,0.03849855630413844,0.03141361256544492,0.018535262206148304,0.03717472118958832,0.03667080525008844,0.05343173431734308
0.0050451965524490475,-0.011610252746271317,-0.02202806952318992,-0.018239854081167326,0.049639711769414646,0.0012396694214875685,0.013345147219192968,0.009688581314878823,-0.058490031182084345,0.043062200956937156,0.020659496133378346,0.0015234339994621515,0.0033427425345416675,-0.0004060638873849485,0.0009154957608564762,0.004332755632582314,-0.014859333222913695,-0.00946521533364881,-0.0250028156323909,0.006874126472517726,-0.01468710089399715,-0.0067580430230343574,0.02432512607534849,-0.002980084314580537,-0.03766478342749458,-0.005735294117647008,-0.0009029886808957416,-0.0020277120648866573,0.010665893775813397,-0.021190130624092387,-0.010235690235690167,0.008593326623828978,-0.008534341782502059,-0.008954361640669983,0.017161716171617138,-0.001165794946121454,0.04665358622193152,0.005948250223059377,0.0058607330883083,-0.09452239360713621,-0.0018099547511312847,0.006119086843963332,0.012371667035970155,-0.0013741297178453639,-0.0055517002081886015,-0.0023446658851113775,-0.020715036803364652,-0.008220858895705556,0.0013661202185791198,-0.007713607594936728,-0.02148619010445697,-0.02077641741711352,0.013096351730589439,-0.010254167274140979,-0.012869038607115801,0.01184138057646396,0.013872879960480925,-0.03717082265206247,-0.030423759507424746,0.02315183043487622,-0.01799485861182462,0.0021140159255866363,-0.010905550146056498,-0.005494505494504774,-0.009722222222221992,-0.024127983215315868,0.03665424828746543,0.006581148912437223,-0.013128560812484482,0.009105590488953022,0.007860846295366968,-0.01961594053272757,-0.17387218045112746,-0.13238789415306595,-0.004409804122654147,-0.01565754506930972,0.013749555804608616,0.011206419479800776,0.021147754797838744,0.004581151832460598,0.025633733151972204,-0.031171679197994902,0.042155344102677565,0.00930979133226311,-0.0016051364365971545,0.00586510263929622,0.04097355864287024,0.014546213808463295,-0.009112363970106249,0.015017188348108978,-0.009699082180070293,0.0014225977497090915,-0.030759702725020224,0.008595988538681936,-0.0069605568445475,0.007828252876289899,-0.12495749649989624,-0.14070351758793184,0.0036764705882353457,-0.029761904761904576,-0.04205607476635494,-0.0090136861442471,-0.010709186101856208,-0.0017221584385762316,0.023090586145648333,0.02164204740638878,-0.02523594583504289,-0.019910846953937442,-0.002385064561230313,-0.017637704207026206,-0.013669372063220681,0.010758776896942154,-0.006675727534377921,-0.10903614457831191,-0.0032439446366781936,-0.00270439794193044,0.03718065693430643,-0.0028220451527225174,-0.013538948539162265,0.006989570250641588,-0.024751910573742437,-0.01915786281150474,-0.013347022587268975,-0.014790996784565805,-0.12998376330506825,0.00873064075311266,0.010894654233219623,0.006668070470976343,0.008165392633773305,-0.01808834015086118,0.0,0.016580235191001397,-0.008836973082783103,-0.008849557522123288,-0.03464873993456951,-0.01877816725087629,-0.02102411969560162,-0.030027803521779396,0.02102240680920882,0.01398135818908106,-0.014336917562722937,-0.003336327473373531,0.01583298304609769
0.03743986613679145,-0.0011068943706516092,-0.004799467781790488,-0.0018578727357175708,-0.04958047292143327,-0.005502820195350102,-0.022948923176260027,-0.01119488233950184,-0.01686069851465267,0.04128440366972397,-0.027518744880599803,-0.036238367931281254,-0.016732064855260312,-0.0006770480704129992,-0.017139902966674572,0.000862812769628989,-0.00689323886153472,-0.0041407867494824245,-0.015132262908628544,0.010311614730878207,0.000648088139986993,-0.02549113560134161,-0.02222704894294816,-0.011154042429102524,-0.013698630136986087,-0.025587930779470514,-0.007248090888870818,-0.006434134778191741,-0.004760470885132234,-0.005634638196915542,0.0058511362090080425,-0.01335584894074289,0.00036080614401321826,-0.01049256776450015,-0.035691109669046026,-0.021450427431311304,-0.022078733597167256,0.0011333399034197064,-0.00819672131147546,-0.06059673157341138,-0.01934119069205185,0.01684210526315785,-0.008025389413781779,-0.022199798183652975,-0.01639916259595259,-0.00646298472385418,-0.008268012455706946,-0.022763825312383933,0.009549795361527745,0.013819679755498077,-0.013638263115906267,-0.037509041435607765,-0.022281103215705148,-0.026072866542276273,0.011503067484662559,0.0031751791708246337,0.004872305006293392,-0.029892290935495426,0.02166604407919301,-0.02947726699722668,-0.04712041884816641,-0.004078475493987727,-0.0008860011813348844,-0.005524861878452506,-0.01823281907433325,-0.008868583714055344,-0.02446093206584745,-0.004931294326241053,-0.000502008032128483,-0.018659765731408384,0.010952538997676614,-0.013268744734625073,-0.003918594362280387,-0.014336590265728965,-0.014936135146271085,-0.002043049981758446,0.015261823868845354,0.015049938432070009,-0.010856673661162379,-0.005211726384364827,-0.03303473469732214,-0.02853678253839927,0.005255334961248583,-0.034669211195928466,-0.03697749196141443,-0.005548763284115351,-0.012003874668405646,-0.016670096727721698,-0.030367184915646727,-0.01301247771835991,0.013753266962998533,-0.01485148514851484,-0.0042598509052183325,-0.004971590909090902,-0.019470404984423373,0.011415793809579758,-0.013655800422653406,-0.015594541910330384,-0.021645021645021502,-0.016144656118824565,-0.02891986062717754,0.017909251888708993,-0.002646139042578688,-0.009200690051753743,-0.007401315789473802,-0.009751176866173147,-0.026731214481161843,0.01091570648878091,-0.06389117889530087,-0.029801324503311213,-0.02295365959289721,-0.007282913165266089,0.003420660791178717,0.004056795131845749,0.0024951182469082917,-0.013412816691505182,-0.007917308115240709,0.014899284168470188,0.014678779731575591,-0.013177159590043886,-0.018479532163742592,-0.006029684601113189,-0.019979188345473405,-0.012184508268059177,-0.01669258683255555,-0.010160307067058024,-0.040003653301671514,-0.005136429135871415,0.010339479579527794,-0.010433785591439008,0.0019783544745723748,0.01860899554533701,-0.0014005602240896038,-0.008928571428571024,-0.008155434984703275,-0.013460066343454887,0.001646903820816862,-0.00038218994840422517,0.01601968563250141,-0.012913110089735067,-0.021818181818180283,-0.003991245010943627,0.015448275862068985
-0.03178763440860208,-0.011239512426784821,-0.03982237501790577,-0.05883135012962832,-0.03932584269662851,0.0006916585973163627,-0.02955956658818991,-0.0166358595194084,-0.009595753368721883,-0.015418502202642907,-0.08059996436496741,-0.028688144090613505,0.0014306151645208103,0.0021680216802168017,0.003924742059477973,0.0051724137931034395,0.04551610718777201,-0.015512553974092277,-0.021581046211587872,-0.021001570210856902,-0.022668393782383126,-0.07208181728783539,-0.014883376527212054,0.014744913005013247,-0.02182539682539642,-0.015786278081359965,-0.022820543823836945,-0.012610770279481813,0.013269172585687784,-0.020280345958842212,-0.01461038961038939,-0.020149369845962384,0.00149422918384176,-0.008836524300441774,-0.06998654104979803,0.013023435737081354,0.06272630457933956,-0.0041836885366934055,-0.015334063526834559,-0.03887538574978832,-0.03852080123266552,-0.009086726478030788,-0.012190637296363063,-0.01582387340901269,-0.020219936147569877,-0.012418687167356415,0.0005413598960588633,-0.02126851500189886,-0.02027027027026972,-0.010616685234943328,-0.022685256509012496,-0.019395934726596134,0.009649338917631593,-0.01744391227627924,0.007429871114480621,0.02930005425935977,-0.016667340094549267,-0.009855289421157631,-0.03912248628884794,-0.004740978070270504,-0.04945054945054801,0.007343077031702377,0.026012415016257687,-0.027777777777774692,-0.03142857142857057,0.002169197396963143,-0.022192513368983893,-0.005122779664792045,0.0037669512807634166,-0.021200555170020775,-0.04038082731451018,0.0068303094983990925,-0.03223350253807095,-0.020844913841022748,-0.028652096622398746,-0.029099948819185414,0.013252948050568382,-0.01738778811160526,-0.03169771874807842,-0.06024885396201617,-0.046494520155106474,-0.017641674294749114,-0.019485662987801685,-0.02009884678747935,-0.011686143572620876,-0.013050879515793602,-0.001973688426367918,0.019185154178875372,-0.010917030567685575,-0.03738486545060435,0.0057631173928530625,-0.01861481319641681,-0.018288770053475675,-0.0364025695931477,-0.03018268467037292,0.005585292064230932,-0.04232602493979619,-0.04818481848184503,0.039142273655547725,0.001312766655727048,0.012917115177610324,-0.0356750286443536,-0.025084418716835463,-0.006384213580963494,-0.015281229862837057,-0.016638370118844885,-0.04692906574394441,-0.009598080383923124,-0.01640980478496993,-0.0297307546454304,-0.043882978723403895,-0.014108352144469368,-0.0014438116627897273,-0.041750841750841115,-0.017205930094145592,-0.018182322126444845,-0.00931057415207277,-0.02260860056316472,-0.04442497542630037,0.0014287284316958642,-0.010843660629170639,-0.04536734588064494,0.0014865151836907383,-0.0268722466960351,-0.007697174188106245,-0.036602798053527945,-0.03567690990391005,-0.012545263403807919,-0.020637898686678948,0.01761161748802732,0.003135888501742206,-0.009451929181067978,-0.021585194814080087,-0.027027027027025367,-0.012925929397329667,-0.03511154219204648,-0.03604077606050633,-0.0022940164404512344,-0.016014234875444868,-0.03303769401330357,-0.029739776951670547,-0.03313512581868318,-0.004754142895952174
0.006802248906781385,0.010017839989021582,-0.01337709483315932,-0.009040824975278949,0.05012531328320718,0.010229471938070164,0.039298584115994656,0.003289473684210457,0.014533085961657265,-0.012677106636837908,0.000739944680326248,0.02437392467979349,0.02744360902255635,0.017306652244456457,0.0057633403192004565,-0.0017152658662092594,0.01774230858200319,0.02777777777777772,0.05166626708223389,0.014320492624946292,-0.0013253810470511226,0.003391267486222896,0.0028562838244136713,0.007919209532112647,0.018255578093306035,0.0037014188772362274,0.00917471258511442,-0.005868139454608136,0.012640409498080422,0.05601217656011994,0.0026084568918176157,0.014529575228265125,-0.007511447239800443,0.013967310549777002,0.0065123010130245925,0.024057279236276808,0.031866920533119555,0.016459074733096046,0.006876327232278344,-0.020074729708610985,0.0251602564102564,-0.0007544979686592879,0.014500307131023883,0.022782879476343373,0.03258508327299035,0.01856287425149675,-0.0062763770154744295,0.018367610917086916,0.017931034482758085,0.033251639398555986,0.016078817733990208,0.012371359754762452,-0.04611818292732523,0.006413874493303908,0.028597230583985507,0.015726585837286797,0.01672385100569096,0.027718281466549,0.0038051750380517215,-0.008048027145778045,0.028901734104045406,0.021237821546225492,0.015845577643330423,-0.017142857142855225,0.011799410029498135,-0.000811688311688338,0.10363686081487548,0.0047573739295908605,0.017012759569677204,0.009571413378708916,-0.006500171057133014,-0.022047911808352624,0.03396275898242841,0.04399659381209188,0.048229088168801774,0.005949243165900934,0.0005766559198973216,0.007133058984910879,-0.006477218606127982,0.031358885017421165,0.013220179407380331,0.01736552308343919,0.0015079707022834724,0.06657700067249456,0.028153153153152838,0.01600229973169798,0.0022793669138656135,0.05195427476213276,0.024903421633554145,0.02251407129455873,0.0031634129309681966,0.012734315864464083,-0.0074082144024403464,0.051851851851851774,0.0049140049140049035,0.021291367738949265,0.04006617230614339,0.045769764216362994,0.009826400262037276,-0.004588659455916175,-0.004605030109812264,0.008930533586099543,0.003216229589312234,0.01168224299065407,-0.002898008787510642,0.015193370165745254,0.05922396187882892,0.010599636583888489,0.033098549513519974,0.04119440318924409,0.032916087158089746,0.01946193474527743,-0.0095590007229497,0.03513703443429325,0.0325919401012991,0.02057984925048704,0.026404117252181607,-0.0002237637055268871,0.015541492430510517,-0.01234635645302896,0.011805806529333732,0.01265479035411684,0.008481764206955034,0.0024898143956540537,0.05493571352672348,0.018720502580777457,0.01785714285714286,0.013509037569792616,0.008707767328456953,0.10099438287536044,0.0210721315271505,0.00875881221961115,0.03160618138591708,-0.009259259259258601,0.014165602016504984,0.015145422865567536,-0.021627891110049806,0.028932745736731106,0.0004520795660036619,0.019490942444393398,0.015325670498083062,0.0030750033423950405,0.0192438924525725
0.008824543260944458,-0.0045063405797100605,0.016481854838709693,0.002280826799714926,0.043754972155926,0.002463054187192205,0.054316369990171386,0.007728337236533949,0.007619628162145672,0.022658610271902982,-0.001866098621551742,-0.011477092469907559,0.007391145261617193,-0.006246677299308877,0.022520536966539682,0.029209621993127096,0.01606927745073523,0.025604551920341202,0.0033055967172003734,0.017930255541437234,0.021234240212342236,0.012674271229404283,0.009144056363363833,-0.013335255532328965,0.018924302788844157,0.023355869698832205,0.02314116942783578,-0.006944444444444396,-0.0009407601903986038,0.012395503026808512,0.014788443105572827,0.027860385036782034,0.001866155201907694,-0.0076201641266118135,0.0560747663551401,-0.010409869177464958,0.0224337185588034,-0.012642839776318977,-0.00030129557095517483,0.019137646069533443,0.014694387994372279,0.02003833420456523,0.00623830318153462,0.010500807754442558,0.015778401122019527,0.021751910640799375,-0.05880431231623579,0.010796392734662744,0.027100271002709293,0.005320853900891046,0.012876701702672223,0.0029559136296457475,0.007333191217224389,0.023656571836443263,0.018437225636523273,0.03468558083210801,0.03287732131670939,0.0031874463650850833,-0.02312357846853668,0.02210332426980093,0.007022471910112162,0.015511324639670471,0.0007562866326337237,0.03488372093022859,0.03790087463556753,-0.0008123476848091247,0.003110890871049367,0.03097147950089118,-0.013776137761377602,0.026264967168790926,-0.0008608815426996608,0.009538261435074698,0.005580215599239018,-0.0059815116911365995,0.06141522029372479,0.018939961072016707,0.019673591281796,0.005584309452465129,0.022850020772746144,0.014864864864864588,0.031941666128928174,0.008742714404662765,0.024790277479027796,-0.010718789407313859,-0.005476451259583731,-0.0076393473545222045,0.01767456758488146,-0.024076002082248797,-0.011980884431581025,0.0036697247706421864,-0.005410269920644374,-0.036139810947460875,-0.0010975743606628605,0.040140845070422475,-0.004074979625101808,-0.0006798096532971018,-0.00754572195932957,-0.008620689655171893,-0.02400259487512159,-0.042805400065854184,-0.053380782918149086,0.06376157000165153,-0.017755856966707652,0.007505773672055407,0.014250890680667573,0.00646258503401343,0.04927163667523544,-0.011387473778843239,0.03729596995522168,0.013438438438438486,0.005834829443446909,0.010106681639528306,-0.004622871046228744,0.007467752885268021,0.00010663254425252988,0.010873072951242834,-0.003706126008284241,0.012533572068039308,0.040207865415951095,0.004389132729596007,0.01131087034170732,0.0021453472780906388,0.004415475189234613,0.014450214495371429,-0.008360193392425361,0.010644726444475543,0.042551129204225865,0.0033847662176988247,0.021408839779005408,0.012409941742217925,-0.017802471935593485,0.021742199632924,0.001389547888565006,0.015576323987537971,0.012554794229050516,0.02693424874570894,0.012203626220362605,-0.017690875232774607,0.012652507907817452,0.029914529914529676,0.011320754716980304,0.033054913808423514,0.0013390465988216355
0.01482949497710655,0.004685971656695581,0.04110675856597403,0.044943820224719065,0.037347560975609234,0.014332514332514291,0.007820288729203033,0.022542412270508815,0.016535591853196266,-0.0073855243722303196,0.003227684004444711,-0.002926184632811148,0.007772773499927379,0.006152200080246087,0.012971744327311338,0.020033388981636025,0.02261542591267008,0.010171058714748039,0.03181095205635044,0.045353675450762805,-0.0006497725795970956,0.052044221944096775,0.01789958407605457,0.021405610753944995,0.008797653958944164,0.0031531531531531778,0.017693812452637327,0.02272727272727257,0.0052422981785473595,0.060649202733483544,-0.015247604911617599,0.03030303030303022,0.02116210482744338,0.02953337271116344,0.06126616746085764,0.010393770018212614,0.006838905775076018,0.014922432898300985,0.024914607193088224,0.014738099980083698,0.06871052226159279,-0.004612230953194469,0.005962583421465265,0.007163499969255417,0.018639972385226085,0.037399309551207856,0.007289135716764875,0.02902739381754205,0.013192612137202818,0.015814309399311263,0.039134596974918535,0.03173633324946974,0.03068523299614845,0.03586014543281211,0.0068965517241378555,0.01805718107339899,0.0193684704777556,0.01857509470854211,0.010089251067132335,0.007873508967647774,0.027894002789399498,0.011759935117599396,0.002078216512374874,0.04494382022471409,0.02387640449438139,0.02005420054200525,-0.007108159288635075,0.011670628917225045,0.0,0.04478735415882575,0.02119593313803163,-0.0006441915396178014,-0.02396266868457555,-0.01741429613420849,0.09695210449927416,0.011020498126515302,-0.022094337683691286,0.011919274007855946,0.03783665562706988,0.018641810918774798,0.048299149574787474,0.011803549319025943,0.04775148239492045,0.04557042702358165,0.037995594713656,0.01853259836532975,0.008932449530715893,0.030404053873849896,0.021186729341235687,0.025594149908591827,0.00982119714928095,0.021803585275737666,0.023623777606856036,0.030467163168584926,0.022913256955809747,0.0038548752834466817,-0.00840330344424828,-0.009364548494982571,0.002991026919242367,0.03130374957000331,0.0018796992481202868,0.013504072147724658,0.016068290233492204,0.016618911174784944,0.028193751155481582,0.03954038526529105,0.03001224989791737,0.0163685965444074,0.0374310700161533,0.017334617379064988,0.01740294511378836,0.0011117287381878066,0.0348325592764605,0.007412398921832746,0.012048192771084385,0.024323837451914517,0.025820568927789847,0.017876878868258245,0.037277730736663905,-0.017258546299369404,0.020602778431834185,0.016804923735616834,0.034052054985695426,0.038281771644780575,0.003961401726764821,0.03494005457946211,0.03718854592785419,0.049646380048390205,0.02974983096686944,-0.017603595628043256,0.026206418840914198,0.02203951913776414,0.04186550241987349,0.0030674846625765428,0.02600033624747808,0.057662638210336806,0.03430933517051318,0.01857819905213254,0.030740244930338605,0.019654946494867792,0.0037313432835817313,0.030750043007052925,0.009895694035838554
0.07454545454545447,-0.004505626372631066,0.000857306153553144,0.0070096638083571115,-0.049963262307126256,-0.005786569775265854,0.022443762124385036,-0.007499999999999992,-0.0034715334259075507,-0.01339285714285703,0.00550281293952183,0.005017513963835979,-0.012181936134938254,0.0018609597235145548,0.0007737542556484054,-0.004909983633387881,0.023252761675598848,-0.005491990846681939,-0.013873596124201467,-0.003688470213612866,0.01755526657997369,0.015961138098542556,0.028675665815395764,0.0016450897646807657,-0.007751937984495946,0.00014967819188747557,0.013205880824977895,-0.009572649572649547,0.020006990562740346,-0.02093959731543571,0.0038366675801589107,0.004433934377771202,0.006232265910012247,0.030407343660355437,0.003848620910840277,0.01140566242968588,-0.018207547169811242,-0.004318711180124264,0.017447559302097546,0.0069535959624282,-0.0037480178751621955,-0.00011440993078188769,0.008084250212981993,-0.004884153972953995,-0.0074550999661132855,-0.014420410427065967,0.025384792097403727,-0.03883258029063363,-0.010416666666666359,-0.037099811676082756,0.031433098721303065,-0.008604472932487913,-0.012976346911957905,0.0008173862871429063,-0.008989726027397183,-0.016340942683527534,0.0012475049900199596,0.013917216556688655,-0.020361121782558472,0.0018306051640095279,-0.018995929443690197,0.005811623246493008,-0.016591251885369415,0.032258064516125444,-0.0041152263374486025,0.004782146652497349,0.016391176958372406,-0.005714590899380492,0.006734846595160968,-0.015195179460309164,-0.0006749915626054416,0.006016330038676406,-0.02351725029073509,0.023011969935974673,-0.02804974861074349,-0.03858731196860681,-0.029608028583438476,-0.010841922098781957,-0.0038233434687057265,-0.00915032679738554,0.014936412874901443,0.009300048947626099,0.036059498171983624,-0.004571776897287385,0.013793103448275687,-0.004105626574601178,-0.0059334406468759615,0.02847159311505108,0.009206137424949924,0.03565062388591737,0.029996796574523338,0.020579438417927715,0.011056247316444721,0.0946123521681996,0.03279999999999943,-0.0009035464196972596,0.017756233222493402,0.02025658338960018,0.03379721669980093,0.06037358238825832,0.049906191369605675,0.0033690553102306052,0.03360513960958724,0.004509582863584972,0.009349995504809928,-0.009427828348504332,0.0285431119920712,0.020578586340590326,-0.012053691275167804,0.017621786936576136,-0.014912280701754281,-0.007773459189339202,-0.012086138341010117,0.016053511705685444,-0.01369574378423933,-0.015320297056152257,0.003626279863481189,0.0066505605472461215,0.005714169098589822,-0.031183158842733198,0.027800207636405543,-0.0015263961261119468,0.012753897024090584,0.008145766345123248,0.00799271549979749,-0.003229390415524802,0.014342058085335235,-0.017686954208963195,0.002626395272488351,-0.0182309718563704,0.026099673754078064,-0.004191171500033825,0.0020790020790021073,0.009174311926604856,-0.0032854579567891443,-0.01610648513948822,-0.003730100579497703,0.02642843848873998,-0.02058781086151337,0.003855215249518106,-0.02230483271375291,0.03329578169983721,0.0019862288135593167
0.00983894215704708,-0.0011599344978166762,-0.0076615589606928245,-0.003987294721903145,-0.05027068832173174,0.006090958310774212,-0.035257457341743556,0.006869704602702053,0.0006967253906638105,0.01809954751131199,-0.0025003059815012635,0.01865109269027896,0.0012405137186221654,-0.03728273849011542,-0.026094015772382847,-0.011513157894736822,-0.0020094916413699905,0.020248504371836177,0.017306833407771102,-0.013316997816012352,0.04856230031948816,-0.022540983606557246,-0.015108526032061231,-0.007926306769494516,0.00976562499999981,-0.019155941334929705,-0.006163091185036276,-0.0006903693476009226,-0.02645430122265474,0.02001645187825566,0.002593502593502527,-0.011845203060623978,-0.00946674052067081,0.016146993318485466,-0.030670926517571844,-0.002058751229105294,0.0053809935620254615,0.0002924119109117932,-0.0027938342967245523,-0.010065992815971954,-0.024743163073361267,-0.011613936724068973,-0.0032545176660973402,-0.021442375532991824,0.004779788323660036,0.005064715813168237,0.01299428699451101,-0.011815525346207653,0.01578947368421015,-0.0014994458569660204,-0.022758127902822358,0.00555184651604052,-0.008861707438841617,-0.02195532068220034,0.004175665946724224,0.013690625260873057,-0.006095573999884848,-0.028162347651165553,0.00941176470588219,-0.019037501327950776,-0.031811894882433384,-0.00026565716942291985,0.05042177914110411,-0.026041666666663955,-0.004132231404958525,-0.015335801163405556,-0.007070789480840877,-0.002685717355105546,-0.002973240832507531,-0.0166600159616919,0.023134076325565373,0.0042716787697564965,-0.004366812227074314,0.03310657596371876,0.00916598602414002,-0.00513983371126224,0.009881690445894356,-0.004871447902571059,-0.003928679359323057,0.0006596306068601122,-0.011848508357429914,-0.017216294859359778,0.012568279595881462,0.013472137170851042,-0.02093144950287786,-0.02511009088353781,-0.003382979658187341,0.015540455517805326,0.010179799048122733,-0.0068846815834766205,-0.016973075791264423,-0.027250459277403414,-0.040025480411932865,-0.020408163265306097,0.0015491866769946861,-0.025435224960434065,0.002775533181546279,0.0033090668431500596,0.005128205128205168,0.027052532242843565,-0.010007147962830563,-0.02212127481383058,-0.01553908677982302,-0.003367003367003298,-0.017903268905317644,0.0016409583196586503,-0.0019271535941414455,-0.01607247223845695,-0.0225809081274965,-0.009087656529517013,-0.011576135351736292,-0.001119194180190187,0.0003188013070852501,0.006583278472679308,0.00042725913266393543,-0.014686000822922428,0.007438894792773614,-0.006121238269873871,-0.0270286723077861,-0.024808273297699277,-0.006172839506172825,-0.003373748023194562,0.0017990405117271069,-0.010206251328938955,0.007828967178560608,-0.002719693254269053,-0.02925061859314235,-0.008303249097472962,0.0022920759659464415,-0.005719127303537319,0.05087161495450046,0.0008824927024643135,-0.005510892116182569,0.0,-0.017582941505277463,-0.009760316283666873,0.0001337166544093369,-0.0163191296464188,0.029468100780904644,-0.015148282483464766,0.00760456273764198,0.001211387038158618,-0.015065415620457327
0.08688097306689824,0.0013206730878703417,0.027190332326283886,0.015673768489618742,-0.03827361563517855,0.004977801695143328,-0.050468872102109916,0.009324539458721866,0.008653272329421154,0.02666666666666623,0.019649430324277007,-0.01433327168485294,0.008016908388601402,-0.008406835722160968,0.026951931091969826,0.008319467554076525,-0.0023991089024076374,-0.010224026462186208,0.019097793875534803,-0.004561896021162901,-0.0018281535648993256,0.03563941299790353,-0.013611811307166053,0.0018714460519687129,0.009671179883945653,-0.01464754348489471,0.01565977058934803,0.011053540587219229,0.007250865880100243,0.024462365591397098,0.015929203539822814,0.011317102226193154,0.0036093742056835594,0.010958904109588982,0.012524719841792995,-0.021030267573975334,-0.0026760967217814673,-0.0006820950060901777,0.008018548932470454,-0.00866348817912048,0.009643916913946558,0.003299374855290599,-0.017372009957787503,0.01338557993730401,0.0010193679918450878,0.030235162374019853,0.0011058277120423886,0.0005142710208280919,-0.0012953367875648436,0.004309219117263076,0.017255876869081924,-0.0027605968480272675,-0.016748520337489005,0.021416642106297325,-0.006882707198164536,0.0012352795849460575,-0.03556344139939451,-0.0018263728235723808,0.012820512820512766,-0.010244969568324906,-0.007142857142856939,-0.003853052547664882,-0.004654133966052108,0.02139037433154863,0.0041493775933608415,-0.027926960257787115,0.0016433403631782196,0.015726827166478167,0.003976143141153118,0.019918163065165216,-0.00544644330747648,0.006167588260314806,0.003189792663476835,0.006848112379280018,-0.006564748201438796,0.011396444309375456,-0.00399442389148025,0.004351373402230129,-0.006583737864077611,0.029663810151614643,0.03099945281088672,0.00781314252816842,-0.0026734138540124622,0.027190332326283824,0.02298236237306235,-0.004805382027871207,-0.001763357432551578,0.0037791958366892565,0.007983248265933798,-0.008145580589254728,-0.006009314634194233,0.008723413822563997,0.0011059500110594252,-0.03860294117647054,-0.01624129930394413,0.00881568263542514,0.010676179373457115,0.011873350923482047,0.014349489795918276,0.0223583460949463,0.01805054151624536,-0.014605955971697707,0.01044196211753276,0.016891891891891702,0.018411028478142723,0.019003931847967986,0.007144236339061655,-0.016335016335016238,0.012093411175979977,0.003971692663200456,-0.013063063063062971,0.01568627450980381,0.034499243088200265,-0.000654022236756004,0.003309844117019022,-0.007193171649496363,0.006751054852320623,-0.005344981957294356,-0.004275375920248596,0.024188263330354398,-0.0013551665725579252,0.005130646355654308,-0.003724642500831328,0.0062298603651986355,0.01752813464794331,0.020207439198855558,-0.0005461993627673268,0.01062522752093188,-0.012250898399215901,-0.00039056952137477214,0.0034428794992174727,0.0021025501899076945,0.003748614642414757,-0.0030303030303028902,0.005388535138436944,0.028321896444167206,-0.005615348619560184,0.019354838709677347,0.00019083059014364325,0.007365684575389867,0.007547169811320158,0.008872756604154097,-0.019589427076344923
0.01530204407902245,-0.02985787379192726,-0.0087768440709618,-0.011423608791502513,-0.038103302286197495,-0.017670682730923707,-0.015485906316439148,-0.016223524109959343,-0.012128981362784778,-0.028860028860028447,-0.007443571539083076,-0.008537386246364685,-0.020605885330055643,-0.004308547602501736,-0.018900742115027677,-0.004950495049504942,-0.02673280082452975,-0.033723226492480426,-0.015616585891222112,-0.0021422566911624137,-0.01404151404151394,-0.021785232311548188,-0.037675233644859696,-0.013578561678281531,-0.03065134099616802,-0.008052028491792994,-0.02828329348657968,-0.0037581141100101077,-0.013153296710976968,-0.012595119391235483,-0.0024122219244171053,-0.030552897003607405,-0.02649174349103429,-0.005962059620596143,-0.020833333333333304,-0.01692143171667615,-0.014662194537613728,-0.01545512164204563,-0.01485528081272759,-0.013066239164668581,-0.028214548126377647,0.0015577222638897147,-0.014062528684988404,-0.008290283663810348,0.0,-0.020108695652173634,-0.011156522699657506,0.00012850167052159956,-0.03372243839169815,-0.007476270966064221,-0.026019766397124902,-0.06500105122993899,-0.012850068306010879,0.0031739924978358676,-0.003465203580710329,-0.008554038493173093,-0.030955666206731083,-0.007684801171017247,0.0034522439585731772,0.0031293767507001194,-0.028776978417265356,-0.007269089696565573,0.007059686439901009,-0.03664921465968217,-0.026170798898070786,-0.015469613259668486,-0.008722758469825839,-0.019778355161991695,-0.0022277227722771603,0.009084880636604798,0.006306007301692603,-0.002959205242020774,-0.03683094859565432,-0.01909661667247979,-0.016203494161310814,-0.02208533653846157,0.0005383145371840763,-0.008935824532900087,0.009101181932015914,-0.02816901408450654,0.0003345947941664708,-0.0025297861922638576,-0.015221865875257144,0.006176470588235325,-0.012016718913270571,-0.008305166586190143,-0.027803013097130673,-0.010554252561412241,-0.010516748896390564,-0.008037742442774519,0.007743881865437982,-0.014175544956091541,-0.002209456473707475,-0.02358189929891648,0.01100628930817586,-0.012763021731631607,-0.007433340018679259,-0.00912646675358484,-0.025463690663313335,0.0023966446974236265,-0.005319148936170175,-0.0256183867293703,0.0036049026676279565,-0.011074197120708626,-0.022352836405735252,-0.014147909967845245,-0.008243865030674945,0.002113526570048262,-0.001758000274687567,-0.09256994893188511,-0.03240529438612474,-0.014340871483728593,0.02025569932224271,-0.009816753926701442,-0.011386612748749624,-0.046071713331561494,-0.012154233025984885,-0.02389525368248769,-0.00555043565683646,0.006456866965272598,-0.024426099739907114,-0.015208125032889456,-0.005741371253087739,-0.013450042698548095,-0.013409024175393865,0.005010224948875281,0.0017305765552416996,-0.007451766136112799,-0.01653712584752764,-0.0124320676304479,-0.03191931794551868,-0.011438240270727627,-0.013347189296268743,-0.009118541033434012,-0.05476168679311233,-0.021232710507158428,-0.007327731092437026,-0.015913200723327164,-0.029430002384927257,0.002580645161290287,-0.007490636704119262,-0.01527083749750141,-0.005884768030655612
-0.041783826341243877,0.002414326566968304,0.01601356443104747,0.0018245708879578604,0.05017605633802731,-0.005451076587626042,0.01251114578689245,-0.010994044892349952,0.003992812936713907,-0.008915304606240498,-0.024056946898056826,-0.011165783497350429,-0.007529898124907577,0.03922389726409826,-0.01378875625418586,-0.0016583747927031481,0.0009707238511263804,0.02562490174500849,-0.0010940919037199937,-0.006032936572639889,0.004953560371517037,-0.031139140717382583,-0.015022761760242734,-0.005171158048069846,0.007905138339920764,-0.004995316890415291,0.0015891491778941744,-0.028806584362139835,-0.010779036827195516,-0.0023917087430242096,-0.013970983342288799,0.0006834750911300802,0.015713616733440752,-0.010905125408942144,-0.040558510638297816,-0.01750063987714352,-0.009725734292939096,0.0017331880756660375,-0.010409572915653297,0.00613805594687057,-0.011492514743686505,-0.007891705069124441,-0.011972814449306425,-0.004803643282697552,-0.005091649694500984,0.007210205213532826,0.0036863270777479293,0.008736990877553709,-0.0026845637583892278,-0.004192048208554452,0.006678720342422751,-0.009519169508675963,-0.006054577693205894,-0.005465004793863893,-0.0014488554042306554,0.0056412809026048965,-0.017313605315833924,0.005900430239704908,-0.025611620795106902,-0.004995745980496876,-0.007407407407407187,0.0032916834609700955,0.028860160233066055,0.005434782608695139,-0.007072135785006871,0.0022446689113355977,0.003972194637537263,0.004814454181542833,-0.0014884644008931276,0.005487283958730304,-0.007750659630606714,0.007631969472122128,0.01815680880330125,0.029424837763356606,-0.022727272727272728,-0.025503149485328003,0.005729965297393193,-0.00396174863387974,-0.00717290638903175,0.0019762845849800987,1.1533892342690831e-05,-0.009326679211322788,0.007096680114713408,0.0005846243788365608,0.0015864621893178648,-0.0013633265167008355,0.0007138175612098558,0.01434720229555235,0.0019026374491535622,-0.022370970583054088,-0.022862176278293296,-0.02446303413972411,0.0016607617360496461,-0.030678851174934685,-0.01477449455676487,-0.010249242953645536,-0.017737676798702307,-0.01973684210526179,0.0012903225806450798,0.11147638971906673,0.015329768270944674,-0.007192489834009597,0.005747126436781527,-0.012877939529675014,-0.010748770267808294,-0.0032615786040442974,0.0027063599458729665,-0.005423320277191756,-0.01769351421259726,0.00261572606214345,0.02641509433962237,-0.03021824286513664,-0.004302861025137798,0.000660938532716411,-0.0017222820236813985,-0.030783021610621148,0.006151887993211757,0.006120053655264945,0.0032435392489312204,-0.006126459368859163,-0.017619102816738157,0.011649032809661179,0.01289196266702479,0.005193681021423862,0.010218253968253878,-0.002674301992645748,-0.003273322422258507,-0.0026537833424060543,0.0010089120564989187,0.00035967341653778346,-0.013747180753946988,-0.002190880460084769,0.0007241129616221024,-0.0061349693251530855,-0.01716896906944187,-0.005082434610140098,0.012122443451171656,0.012679162072767274,-0.004865343031256071,-0.004719004719004675,-0.007547169811320158,-0.00994600738846266,0.004129955947136553
-0.027701156171136797,4.676721618141424e-05,0.0011125533098461386,-0.009038785834738666,-0.02263202011735086,-0.004247739106604413,-0.006714918677931484,-0.02315886984715135,-0.00715848081129441,0.010494752623688042,-0.02582122131714848,-0.011866028708134035,-0.009446593275810789,0.004566823371390194,-0.014221227979067764,-0.023255813953488334,-0.009543541028410254,0.005058246474555576,-0.0015334063526834508,-0.02381342957130355,0.009858287122612289,-0.015256305939788413,0.006778616545986705,0.003440954681894583,-0.009803921568627258,-0.006118606840288618,-0.017296330575291823,0.0028248587570621673,-0.0310714643680465,-0.007725093233883628,0.0006811989100816958,0.0014419063519768237,-0.003380974335331132,0.013781697905181842,-0.015939015939015918,-0.011234491517144804,-0.016008642702808912,-0.0012358495229620827,-0.014451435312622902,0.0004571885760004311,-0.024782010096374475,-0.037566045404401074,-0.001959971354264753,0.00388653816016301,0.011600136472193634,0.0038546255506608446,0.020367278797996578,-0.03171570500573164,-0.010767160161507075,-0.013615733736762493,-0.02859027930503627,-3.783722426119376e-05,-0.014184397163120713,-0.013882194157909925,-0.011462565293093556,-0.0013199142055767478,0.01232675346493066,-0.012098252474642494,0.014515496273048208,-0.030212672659504523,-0.026865671641790198,-0.015400066956812834,-0.01575081851163607,-0.005405405405404897,-0.01139601139601103,-0.017357222844344777,0.0004670842949775448,-0.0054374158815611836,0.023850931677018572,-0.015260939184993886,0.006980222702343272,-0.0031559015358720677,-0.013104566333423424,-0.011917098445595794,-0.016006025797947434,-0.024436386567870054,-0.005964799657625773,-0.039912220545878396,-0.030941348616022418,0.0026298487836949407,-0.015778182740882683,0.0069369890164339325,0.006370963849606548,-0.015483494011101316,-0.0015839493136220073,-0.027011214041930756,0.012820097139633287,-0.002644363815263483,-0.0022919258725689184,-0.022882882882882528,-0.04086743414404325,-0.011495318438861667,0.0016580081795070636,-0.024242424242424208,-0.006314127861089065,-0.014591668627912406,-0.015248763150176375,-0.017449664429529017,0.013208762886597928,0.026351169669265824,0.05161516853932544,-0.017499071281654986,0.005714285714285633,-0.005104934770277909,-0.017863720073664893,-0.006217277486910718,-0.030460767302872574,0.0009088155104512351,0.00493024819317606,-0.03565499248952491,0.013786764705882228,0.006347374495095105,0.0018953752843062913,-0.009247027741083139,-0.0006469700237222573,-0.01086353342298786,-0.005481762597512148,-0.0034441574313251906,-0.020804904163080284,-0.013433356594556805,-0.00719764011799411,-0.005704627086414506,-0.00921445144182968,0.010764262648008565,-0.009132868506333925,-0.019892449613080922,-0.01249771939427115,-0.04446112210320436,0.008231143961028179,0.0030561248337108524,-0.005444843732984851,0.02106491011390131,-0.01785949217208267,0.030864197530862298,-0.004685246400960438,-0.015574383254423105,-0.04208765473402476,-0.01941571402649248,-0.012741369944194851,-0.011853448275862018,-0.00760456273764198,-0.044161062817778984,-0.02070194680559361
-0.006518983521458285,-0.0013328033296700296,-0.0225967771809593,-0.008100197399768461,-0.02401372212692924,-0.0008256501995321605,0.0074529687196962366,0.005215742057847269,-0.007810935309433258,-0.008902077151335307,-0.014391372463292888,0.012783265543288805,-0.010888338214312517,-0.010429201764941835,0.01025246180654057,0.012755102040816304,-0.012394855133739772,0.010218087540033415,0.017441860465116126,-0.027223078000280006,-0.0024405125076266067,0.0,0.01583779648048968,-0.03210272873194217,0.001980198019801969,0.011996842936069452,-0.0008603871388055585,0.012323943661971745,-0.00648746102351145,0.01020134228187899,-0.0012253233492171844,0.01538344953016077,-0.010074530968902538,0.0005437737901032831,-0.014788732394366176,-0.0021736266631537035,-0.006487673420501035,0.0007424272421302704,-0.0128678304239401,-0.0016993930739021253,0.02337254901960773,0.013332528957529025,0.0004720722081649607,-0.0016235286771364293,0.00033726812816196314,-0.0005485463521668768,0.010580279232111564,0.040252565114443334,-0.012244897959183418,-0.0022672712723391967,0.01505546751188592,0.0015892235507794063,-0.020964823233437773,0.00713657248997953,0.003522677234698499,-0.008838592433503883,0.006119443234385046,-0.0017318159327065485,0.008894044856921642,-0.0065789473684209265,-0.01687116564417139,-0.007820469228153678,-0.022655758338577723,-0.005434782608694946,-0.0028818443804034155,0.0017094017094017645,-0.009968967127124972,-0.01082602576594131,-0.0036398932297985746,-0.004446804274241748,-0.0023106123122627205,-0.021950189953566884,0.02217659137577002,0.007079181961195503,-0.011864893311644666,0.007352941176470687,-0.006807846514005911,-0.03414285714285701,-0.003082827393123463,-0.002622950819672134,0.011343661377645612,0.00582301320429765,0.002350007193899615,0.014540059347180856,0.004230565838180872,-0.015233513730206356,0.010634619817143465,0.01788136638303118,0.0003938041480704487,0.01604278074866289,-0.014031035878256702,0.007596361249179527,0.013462811741337292,0.02070393374741198,-0.010325655281969742,-0.0014330069262000601,0.0077424442740263826,0.008879781420764352,-0.001271860095389427,-0.02174482577940783,0.009348914858096804,-0.0006909756406926317,-0.012784090909090795,0.010262257696693058,-0.015188449278079698,-0.003292723081988743,-0.02266852256909909,-0.0021186440677965633,0.0037910464403188666,0.003279226102639772,0.009066183136899284,0.021215596330274922,-0.01755580779417331,0.010666666666666488,0.01704790677600349,-0.01019185864324206,-0.0033919864320541854,0.0034560606482901095,-0.03061618283950091,-0.0011788977306218672,0.019847872593296893,-0.00488737781555463,0.0007359828716714405,-0.0074547390841320236,0.017443012884043343,0.012326404377434878,-0.005542725173210157,0.013352056359481966,-0.0004998333888704884,0.008997060721198612,0.0030658053213621613,0.009407969894496325,-0.007267003784200062,-0.02095808383233395,-0.004203269009216491,-0.02347804075433495,-0.014808605755797562,-0.005551443375277552,-0.008353759191636136,0.005888767720828739,0.011494252873562228,0.0033460598000942445,0.00559988800223994
-0.01111853697065445,0.00121751346288921,0.01928178889520551,0.009470216854240966,0.011423550087873236,0.006197493458201332,0.009309168912601164,-0.01627358490566025,0.005046427129592239,-0.004491017964071747,-0.006801715215141073,0.013291260279212147,0.004099605223200619,0.022294284556141058,0.000481347773766473,-0.00923593618807723,0.0007660935986119363,0.007850241545893765,0.015633423180592854,0.004750525436904382,0.0012232415902139829,0.0003098533360875376,0.023122693379528506,0.01967435549525109,0.001976284584980226,0.051785992824832046,0.0179277644690774,0.029217391304347546,-0.004239178937974117,-0.017804942864735152,-0.0032715376226825467,0.009254421971788824,0.009346279661456972,0.005706521739130466,0.015010721944245868,0.002178361608026901,0.0553546313039983,0.009100351154854268,0.005759902991107437,0.003404571853631915,-0.004138565297363463,0.029469548133595248,0.02523450918219047,-0.013540982581230166,-0.003034389750505826,0.0027442371020855905,-0.006260118726389706,0.0005058168942843828,0.005509641873278163,0.019850287394733327,0.019739043158246858,-0.014809217982621758,0.020692453340546414,-0.0015045622209279297,0.007459412022816881,0.008250687557296313,0.00488639643726028,-0.009293680297397746,0.031046377922575554,0.00029585125509188953,0.010920436817472403,0.0044551062371487255,0.03633520375310453,0.005464480874316226,-0.0072254335260113515,0.04635949943117139,-0.004965325936199745,0.00722337747619558,0.010716025328787033,0.009999999999999993,0.003143093465674021,0.011005610703495903,-0.010178117048346058,-0.006855853510370433,0.016461702333688356,0.006256517205422268,0.010674613925765394,-0.01626978257654188,0.006658041715313464,0.0046022353714661925,0.012884985284234303,0.008480104370515204,9.569377990421911e-05,0.003802281368821304,-0.0005265929436545195,0.010889476898025554,0.004738705978498507,0.005027865277441207,0.012268731137645992,0.00362976406533561,-0.003224183356674971,-0.0009772896500373984,-0.016006097560975423,0.0223123732251521,0.0,0.0026309495336043157,-0.013344014795401083,-0.0148950575490849,-0.012098057943330109,0.06159614354579507,0.013231888852133554,0.0036446364611123936,-0.0071942446043165124,-0.019751693002257115,-0.0019992383853771273,-0.0016518004625040985,0.04089521871820944,0.001516530178950552,-0.00813662871424609,0.006700441248570054,0.023360287511230777,-0.006176305446378339,0.02742047292613426,-0.009894459102902245,-0.009229789942711676,-0.019697453245675622,-0.0063816209317166285,0.002416465294558735,0.016720484805591265,0.013691354381823556,0.02493881831954309,0.005391842835788969,-0.003610349669051336,0.00021459227467815947,-0.0395480225988697,0.006741771073542532,0.013190896423595016,0.005096648425206052,-0.01650275045840964,0.026359728587161096,-0.0015282174435105056,0.017508820983955894,0.011401970044528304,-0.0030581039755350247,-0.00902952900024417,0.018858142699760286,0.016520136131593817,-0.03554149609229615,0.00847457627118641,0.009757155247181225,0.0,0.005857454358886651,0.006125574272588165
-0.024330302285573768,-0.0012628034236003072,-0.007250755287009018,-0.012372535690006813,-0.02693310165073797,-0.0004106214070627804,0.008296889688151336,-0.03907935746823288,-0.007832898172323698,-0.0007518796992480664,0.008169569748399512,0.007077474757006686,-0.0009073037955540725,0.0005286809410520749,-0.017440461871541964,-0.03898305084745756,-0.010379376336823223,-0.03055721989215086,0.0005307855626326606,-0.004556135022064325,0.004886988393402576,-0.0006195147134744672,-0.0038280329799764705,-0.00443557329784874,-0.01775147928994059,0.005487171881951705,-0.010193317945879304,-0.005407232173031278,0.004063036821271165,0.002435064935064769,0.0025984682713347256,-0.038157213636027386,-0.00529862647255526,-0.0013509862199405493,-0.019014084507042225,-0.0007245422210513342,-0.009900047596382742,-0.011468901632112847,0.009243444187682134,0.005944913321167986,-0.008465445590272406,0.006592643997224063,-0.0011597938144330229,-0.00038042099923924427,-0.007101792357118539,0.0038314176245211246,-0.017269468882371807,-0.01807381193124372,0.021917808219177402,-0.017039124451143563,-0.04243219597550291,0.013306235140731572,-0.00759683759551248,-0.012929567880231425,-0.019163763066201964,-0.019507356587865655,0.0015388087568476985,-0.035021888680425176,-0.004460966542750854,0.0010010465486646367,-0.010802469135802179,-0.01740020470829066,-0.007544825137582092,-0.010869565217390085,-0.008733624454148341,-0.019842348464256362,0.008558445540966311,-0.007714875584048573,-0.0033734939759035433,-0.02521452145214523,-0.011048812664907497,-0.0025613660618996445,-0.005411987552428614,0.0005242922055224642,-0.000285795941697584,-0.011877241929055454,-0.0393523482736436,-0.019245226281762184,-0.00626919942323365,-0.03534031413612523,-0.008980254879081153,0.0004042690815006462,-0.008228877619366474,-0.015734265734265576,-0.024236037934667935,-0.00825531058089189,0.0006620553982736116,-0.00018082092700859152,-0.007518309676583136,-0.01392405063291107,-0.00672339307710603,-0.010248288070061016,-0.018368927741507054,-0.02645502645502642,-0.012038523274478137,0.0004770992366411937,-0.02049186312524458,-0.024742268041235495,0.0006445375443119153,0.009838546922300743,-0.005876591576885405,-0.0040047792372973215,-0.01497584541062792,-0.008059873344847215,0.00581894495850437,-0.006287227001985157,-0.020328381548084428,-0.0018170805572379233,-0.007979393566088974,-0.008035714285714346,-0.0026338893766462575,-0.0016949152542373334,-0.030212159832071483,-0.023317788141238867,-0.010921940250562062,-0.0009974997395562795,-0.002140869192892305,0.0012191742865059819,0.0026321514030890492,-0.015311171915934053,-0.009664582148948244,0.0028673073859714782,0.002885325102328356,-0.01201458914396052,-0.0212981744421904,-0.019608415278223514,-0.02594663977262302,0.0011917558536244245,-0.0010169491525424078,-0.00861860094839226,0.018913304908713145,-0.0007197068830150058,0.00030018010806486905,-0.0061349693251530855,0.00531749940713996,0.00031802569647627487,-0.017297900537071854,-0.006174030484275361,-0.007052821128451441,-0.02941808030921179,-0.018939393939392507,-0.01683244070390191,-0.0067801300678014065
-0.050503778337531446,-0.00662639318160536,-0.05599513085818628,-0.04288270925110123,-0.04910714285714198,-0.006709571409009947,-0.013133360356708526,-0.05389221556886206,-0.025910931174089036,-0.045146726862301804,-0.017720350715274568,-0.031484257871064535,-0.01778416830634173,0.00013210039630118887,-0.07079609907373399,-0.05467372134038791,-0.03449060381307717,-0.05098887515451158,-0.052838196286471635,-0.020150263392728622,-0.045592705167172703,-0.014877569996900451,-0.02616021282885016,-0.00304447909705215,-0.047188755020079264,-0.023451327433628214,-0.025007122281662495,-0.04213387699626215,-0.000550455985836889,-0.05587044534412806,-0.02946392033828901,-0.06358114861228563,-0.012463798096814173,-0.037608225108224994,-0.04881550610193819,0.0,-0.014806268628016378,-0.005106847141653117,-0.008860129417620667,-0.015277561259052472,-0.044706612853151154,-0.019361139836837744,-0.004441823174889774,-0.019060002537105124,-0.039168937329700004,-0.03271537622682625,-0.019672855879752225,-0.033595057278929016,-0.042895442359248026,-0.015534368957930629,-0.05356327089995438,-0.025581835383159834,-0.027504561840758435,-0.02319397252179056,-0.018206039076376627,-0.018715225088517962,-0.0012496414962919352,-0.05003240440699925,-0.05227781926811014,-0.0013636983499249959,-0.07800312012480246,-0.044444444444444384,-0.03005097933995157,-0.043956043956039165,-0.03377386196769353,-0.026067665002773105,-0.029354856542650288,-0.052288655278142734,-0.020309477756286252,-0.03541440953412779,-0.03801900950475176,-0.020329552749839417,-0.04652428241055632,-0.014847161572052375,-0.01295978654469231,-0.03993223620522743,-0.030388436209398382,-0.03985896060095036,-0.033467920005046954,-0.06580732700135608,-0.05645915340128587,-0.010345106279802743,-0.031066087795465526,-0.06394316163410271,-0.04427645788336879,0.015429905593340676,-0.004221748938261647,-0.01778394019773328,-0.03226017109645386,-0.01650467632495841,-0.019923590735108552,-0.021226526097801984,-0.05298162552136102,-0.017663043478260844,-0.03330625507717244,0.004649499284692521,-0.046025156234974315,-0.05285412262156076,-0.04090177133655365,-0.05196102922807871,-0.030541871921182105,-0.019560230393514347,-0.013487003433055353,-0.02669762042948328,0.0111911987860394,-0.025974025974025147,-0.06923383878691111,-0.009708737864077749,-0.026642582975840934,-0.023811472056296426,-0.22667253521126562,-0.029428409734012055,-0.018900742115027677,-0.024556616643928688,-0.034643282451012156,-0.002252481248875563,-0.026818279339197483,0.0042342392206785075,-0.017921069189212716,-0.019155728981908506,-0.03685419058553381,-0.04018637157833431,-0.027298273785628196,-0.046688382193267985,-0.03191709844559551,-0.04175719515461774,-0.05346385542168676,-0.018601937215544356,-0.04988123515439409,-0.01047412890161301,-0.021781115879828228,-0.017285405617756714,-0.004334633723450366,-0.03395061728394846,-0.028107166510919067,-0.007820944871876352,-0.010859535808077336,-0.041157056882158725,-0.012090071029167284,-0.03230088495575212,-0.01158301158301058,-0.040034587116299085,-0.019921983839509494
0.009682981827828702,-0.0024278137890395234,0.056092843326885924,0.013592233009708783,0.0018779342723004608,-0.008684863523573115,0.014868972315780748,-0.01318565400843875,0.0011429758935993563,0.013396375098502456,-0.009527388894108766,0.03666795665634677,0.002773711379921337,-0.05151234975564653,-0.004347444229755678,0.002798507462686562,-0.004500683349828068,0.023607945294692203,0.0064971434972554256,0.010693616146185279,0.02484076433120991,-0.003146303093864702,-0.014873273637881226,0.016013704751973758,0.0021074815595361895,-0.013895181996677265,-0.004584988221883206,-0.012415750266051705,0.007100327478416166,0.0,-0.011946591707659826,0.01617405582922825,0.010421576328881943,0.0059038515603036575,-0.023396226415094302,-0.006196031902972684,0.004684297843271148,0.005531745240705734,-0.0043190036159100635,0.014823769842983172,0.01998700032499192,0.010252504540394855,0.008127221563980972,-0.0007435905725646523,-0.005671747607231518,0.013528748590755235,0.004284103720405763,0.01758124667021845,0.0028011204481790336,-0.001625355546525708,-0.002855878685491293,0.012971377529224462,0.027412933046542513,0.005142165759225668,-0.01100557816975719,-0.016494845360824753,-0.016491292843517427,-0.022240414790557935,-0.06579984239558663,-0.011789339523874587,-0.08291032148899886,-0.003633720930232553,-0.019732595666205673,0.011494252873562061,0.0015197568389058583,-0.02733485193621843,-0.007347078254926448,-0.024553700387081833,-0.005923000987166746,0.011267111267111229,-0.03692147685907365,0.0030581039755351053,-0.006277643030389449,-0.0037234042553191825,-0.0015446997489862,0.003445088648012881,0.0013526347598354594,-0.016924796423439047,0.008224274664665077,0.021786492374727354,0.025520565709951235,-0.004736627194773332,0.014885990241959605,0.001265022137887513,-0.0056497175141242304,-0.0006997900629810361,-0.011383770375620219,-0.007426502178849748,0.012551454214184413,-0.003729256013425305,-0.005197017731559417,-0.010001923446816555,-0.03154386382573472,-0.002074688796680495,0.009243697478991394,0.0010679957280170596,-0.002192906864490787,-0.0022321428571426436,0.016789791806581484,-0.05797101449275332,-0.022696476964769455,-0.013275231326733783,-0.01739995028585624,-0.020870602265950857,-0.005815044081785819,-0.006495726495726318,0.021650589496248616,0.007352941176470649,0.02189167246578519,-0.008130762782900276,-0.0045532157085940465,-0.006997084548104809,-0.01307962021825641,-0.003496503496503448,0.005046540316249848,0.0038253208017494616,0.0048500881834214705,0.007936726651417909,0.002076659670827269,-0.005364677516576299,0.0007152223149362514,0.002261694616063621,-0.000137570504883784,0.004100227790432809,0.004174694926139974,-0.0028109081873523806,-0.021280827366746177,-0.0001902587519026307,-0.0037500000000000267,-0.006739115094206442,0.03400241307447618,-0.0007328935971751181,-0.02257124677673221,-0.019169329073481248,0.013526506912614606,-0.01570110228146627,-0.014710103329506294,0.0054666936626848244,0.0060680230482892655,-0.0004572473708275897,-0.0078124999999995,-0.016528553413799187,0.00014214641080315913
0.021873357856016754,0.0030953168564813475,-0.0054005823236592445,-0.0013480913864056252,0.01968134957825637,0.006675010429703714,0.004451999352436457,-0.00534473543559591,-0.005085625324338316,0.007776049766718387,0.009770812779843664,0.005786280914605724,-0.0003841721091048784,0.004456203871327112,0.0417236360428703,0.020465116279069728,0.02059317821383766,-0.0011134086209639623,-0.004785754034501813,0.001249890997878012,-0.004972032318210078,0.009153077327722279,0.006855646279463757,7.330840847455192e-05,-0.0010515247108306227,-0.0029100934293153184,0.005381643702570867,-0.0010775862068963808,0.0007538022673190302,-0.04974271012006704,0.024751066856329794,0.023107376585602215,0.004250025914792064,-0.011179429849077634,0.013137557959814508,0.005869868010877431,-0.014861583292860539,-0.009565346681865459,0.0013114092605669985,0.01572759632975474,0.010514577027242133,0.0056831361633031445,-0.0009732806904784097,0.014979940468487026,0.006773618538324292,-0.008342602892102244,0.004378087112707636,0.00039267015706800223,0.0013966480446928175,0.006376339709672941,0.003912868091972494,0.017099260054441543,-0.007928730512249517,-0.007021767479185468,-0.003506097560975535,0.012840670859538801,0.019416463325616872,-0.0022327658386826934,0.005061155630535668,-0.011262091202210875,0.0996309963099594,0.002552881108679792,-0.013263098485560985,0.0,-0.007587253414263805,0.04039812646369986,-0.004245797234494283,-0.0010660980810235606,0.023584905660377242,-0.012738190274547844,-0.01187904967602577,-0.007839721254355293,0.0008614501076812936,0.001957643708845027,0.013633726551924076,-0.006112878914754599,-0.0017531758349140386,0.016241676140977695,0.0101641148480237,0.00568585643212509,0.0025410383661005308,0.0071387544104373766,0.006131959774343874,0.026847757422615116,0.005681818181818118,-0.012004801920768282,0.005350982186861954,0.016819193668068274,0.01679440186604466,0.005053340819764141,0.0035108812392552606,0.012725859724111032,-0.012045231071779646,0.01039501039501038,0.012489592006660909,-0.004148885727833091,0.0026373015026712565,0.002982848620432227,-0.021466314398943056,0.010909090909090785,-0.029116117850952927,0.024305151907199347,0.0002529724260054778,-0.005481120584652658,-0.003490566037735889,0.0017205781142463521,0.000629458665547531,-0.007603406326034017,0.0012201004454784566,0.024930279726189428,0.014865637507146739,0.0017615971814443888,-0.012095325535906634,-0.007017543859649025,0.007252845347020738,0.005484451177452174,0.009214567792891554,-0.007546138072453834,0.010670429242267363,-0.003333131325374216,-0.01977367480643238,-0.03929770488194177,0.002614199229499296,-0.0065789473684211,-0.03794904594392884,-0.0013237607263552969,-0.010160536476325938,0.0014509990485253,0.022046961821114937,0.0009235906362118246,0.006258618860719173,0.005267368982531058,0.00047966560455000174,0.0,0.004706554176030517,0.0003255420274757467,-0.0049522977204864505,0.0008054772452677721,0.00836289913836796,-0.013037511436413456,0.003937007874015494,-0.008746622704583908,0.0024161455372369626
-0.032975509416982636,-0.018090594304289484,-0.04650833372680483,-0.03133214920071037,-0.046874999999999084,-0.007045171985080824,-0.01586214306820311,-0.05319720580333129,-0.034112247026914226,-0.03549382716049324,-0.0013903763410556607,-0.02997123503757993,-0.0239815526518063,-0.010675169832247328,-0.028578686650577903,-0.03646308113035545,-0.02226499988403645,-0.012261146496815319,-0.02818161485126334,-0.025837542820646795,-0.032479700187382415,-0.01198915763135944,-0.03113763292785537,-0.04090309338806617,-0.03999999999999913,-0.011520737327188904,-0.02311632416922891,-0.007910823444804134,0.0014769303479647896,-0.042117930204571594,-0.03123264852859479,-0.01113480217957821,-0.028746903385631586,-0.053420011305822294,0.005339435545385194,-0.0012528436253337262,-0.024354170774995066,-0.023718975180144136,0.0014104372355429925,-0.004523749685850664,-0.04130537600504469,-0.011071387383231475,-0.024852027498988967,-0.005610277007427209,-0.019830028328611637,-0.025238362310711998,-0.05063149659103555,-0.0480177940599239,-0.043235704323569345,0.00013480722566732624,-0.03760999718728648,-0.035055976478570595,-0.018139367816091777,-0.02520456611778958,-0.020039773596450972,-0.01586890901250544,-0.03443126022913259,-0.059860139860139626,-0.015946286193873182,6.987957420029168e-05,0.015100671140939067,-0.012731902510003619,-0.008960915157292729,-0.03409090909090529,-0.03211009174311841,-0.03714124929656701,-0.049726303658887874,-0.03996205383611988,0.0016977928692699133,-0.017578399662494713,-0.012204007285974308,-0.010096575943810365,-0.06283173145890107,-0.03046181172291287,-0.024325097777353765,-0.04296907911365735,-0.035038723980076646,-0.033722231101166615,-0.02111705707052892,-0.0353356890459359,-0.03344955198305512,-0.017435228939221163,-0.01974646513895659,-0.0362965241464163,-0.02203389830508453,-0.018226002430133618,-0.0025275515856088026,-0.02973729019703237,-0.05505669528740898,-0.02849162011173133,-0.018484345070329804,-0.007482014388489159,-0.04739985070913107,-0.00960219478737996,-0.037828947368420386,0.004285204142364026,-0.05304690358182723,-0.06245353159850836,-0.035099561255484184,-0.022689540675152033,-0.05176722599071723,-0.02263865888736064,-0.0037936267071319993,-0.022657685241885925,-0.00738426583356996,-0.030230161456543073,-0.04759907737471146,-0.02727551333129016,-0.018987700504449347,-0.03463060686015825,-0.07718309859154837,-0.014654161781945903,-0.01398092775173765,-0.04946996466431026,-0.021601861083416368,-0.031186898758426555,-0.0063043478260868795,-0.017135458277087588,-0.04537224876207925,-0.009363979083059616,-0.004982379389962344,-0.021770266399312493,-0.017359681624811406,-0.0417903630965971,-0.06282548476454226,-0.020054268159560913,-0.04506261547936773,-0.020949621149141513,-0.051034724658014584,-0.006636618518649894,-0.00959308454564622,-0.008954035948796167,-0.009383240299989753,-0.013029315960911158,-0.027300312605997197,-0.027011195001301707,-0.040035131376710796,-0.08873239436619687,-0.03950741392309617,-0.04032444959443777,-0.019607843137253365,-0.03372447565370035,-0.026797107613781262
-0.009771337410263245,-0.013985846227659866,0.006140437753788183,-0.018703241895261815,0.007714561234329621,-0.005703951029493458,0.010262989095574057,-0.003688989784335832,-0.003348093746624923,0.012799999999999749,-0.029069220493330064,-0.013296345896307694,0.00047251535674920105,-0.007987668161434976,0.02466875871687581,0.0255439924314096,-0.012477168678985563,0.0008060615831049467,-0.02715765247410785,-0.024555966146143773,0.010329244673983046,-0.013822939748865668,0.0014213518635501827,-0.016126566799144072,-0.01644736842105227,-0.02377622377622363,-0.016290911774473265,-0.03660746647335953,-0.017195611137328978,-0.001570351758793943,-0.04040693509098677,0.024277272001277602,-0.027844200010627575,0.015527022991937936,0.02427921092564488,-0.02366883438418124,-0.014350682162708454,-0.000768836494105586,-0.02494969818913471,-0.023268534881763933,-0.006742312119717166,-0.03282798833819235,-0.017983034872761473,-0.03773040551370404,-0.01661849710982655,0.004602991944763946,-0.011419825759359402,-0.003298515667949382,-0.004373177842565429,-0.02237498315136811,-0.01068848899837163,0.0039064025938513195,-0.021721236509968884,-0.006425203378413429,0.006712457071495391,-0.03461572167207075,-0.021357289658241022,-0.007140731925022394,-0.014498933901918878,-0.016886383751805092,-0.014876033057850725,0.012306558585114237,-0.02404771065794521,-0.03529411764705476,0.0,-0.006721215663354757,-0.010459616783895216,-0.003334980237154202,0.007263922518159771,-0.007085599770970573,-0.04628434445878576,0.009977827050997739,0.007806520740854136,0.016030044884125644,-0.04077043410246368,-0.018135399242891186,-0.001312805824084046,-0.017532252729077054,-0.024518790100824944,-0.013186813186813078,-0.014281141506414198,-0.008955223880596962,-0.007560308380999766,0.0,-0.0034662045060657853,-0.023514851485148536,-0.018567453022875907,-0.016483860858664944,-0.030380800443920296,-0.010350776308222901,0.014111312570150872,-0.03372958345414136,-0.031996865613163866,-0.0034626038781163386,-0.016239316239316008,-0.013748962901505284,0.005555584933480737,0.006344171292624404,-0.017488632388947063,-0.038788221970554676,-0.014683734939759054,-0.004335187941385026,-0.048489464331048164,-0.00877192982456133,-0.046542680019074786,0.0,0.00022016732716869728,-0.02362948960302443,-0.020279639473075973,-0.004270584215920731,-0.00610500610500603,0.006543723973824993,0.011720350790918918,0.017843866171003496,-0.0013586956521739614,-0.035597762914944195,0.005469262743382168,-0.0077080472012781304,-0.0028791444827823407,-0.026025042965872842,0.05776746458231553,-0.018389458272327994,-0.018364639340828097,0.0023832221163012277,0.0057933317569164,-0.01690006365372371,-0.010856712888315488,-0.060409034668477996,-0.010164479763444796,-0.014683815648445831,-0.008834486428951502,-0.009302636862535183,-0.0011062329311715064,-0.006600660066006141,-0.02411761933933364,-0.020335808415278645,-0.02706617871302222,-0.014131154780304592,-0.00015699408655616806,-0.04056991064960137,-0.003999999999999736,0.005832855230445559,-0.02185314685314679
-0.01986977243740357,0.0025789499294439104,-0.007579486169898541,-0.00867030420808739,-0.049760765550238305,-0.00013991884706873156,0.029841269841269783,0.005126744517231399,-0.03489380147377532,0.011058451816745526,0.031199131850244158,-0.011633543383422177,-0.010862720403022795,-0.0036728351462070904,-0.0038706933219906006,0.009225092250922492,-0.003603084240109532,-0.11710695876288611,-0.04459427489945547,-0.004704875962360879,-0.03258785942491968,0.03199229616948417,-0.017662829206749768,-0.00427250835081177,-0.061315496098103425,0.006367398917542163,-0.0032671280406608725,-0.017682468021068296,0.013955163410461867,-0.038062283737023056,-0.04076452142750431,-0.03446125058474953,0.012134462968024062,-0.03175536606880314,-0.0014814814814814792,0.004733567757641328,0.007382343894186435,-0.014106181072069747,0.033429632686751865,0.01481928229871203,-0.011589403973509894,0.001205763549767889,0.007083077395577323,-0.010793523885668621,-0.031227038941954218,-0.028636884306987076,-0.05966416577348989,-0.027992277992278006,-0.02196193265007256,0.04646353233144906,-0.028571428571428473,0.020117514300167234,0.0014490721263964409,0.0013559322033897816,0.025120173670336518,0.004266521423384202,-0.006278551170192035,-0.036559784237338785,0.0056252704456945055,0.040488995237982536,-0.08724832214764813,-0.0013103297663244898,-0.011925882121032917,-0.030487804878044956,-0.05687203791469006,0.007649308620182429,-0.05064493397469288,-0.028318255050192087,0.006730769230769226,0.019354141137461343,-0.013921113689094836,0.0028540065861690574,-0.048298906439853975,-0.007663180670753682,0.012944653959840898,-0.04384470546041404,0.0033460803059274223,-0.030471380471380406,-0.012181616832779676,0.0014847809948033714,-0.011602927584742653,0.01539491298527429,-0.014985215255851166,-0.03223747207149683,-0.041159420289854566,0.024292353189691543,-0.0035379122415665426,0.003951057863879707,-0.030688890478575023,-0.027697075343791823,-0.02162216117390867,-0.006201240248049536,-0.06799784133836938,-0.0006949270326615695,-0.07819287576020716,0.019588991707727356,-0.036832396911804864,-0.04255319148935828,-0.0227839088643643,-0.10839469808541913,-0.04967520061138671,0.00032229099992973665,-0.030683030949839752,-0.005689001264222288,0.05361608482544748,-0.020545518951469405,-0.04710543693594528,-0.014843497902549005,-0.003597334434157064,0.02478984388402817,-0.051597051597051,-0.014184397163120267,-0.01814646791963713,-0.05186267348429431,-0.014285714285714278,0.020406466896637714,-0.008703220191470806,-0.01677871306705825,-0.021197607534890108,0.014998739601714094,-0.010968710310587666,-0.05351709325219242,0.007326789016929819,-0.07322872087494024,-0.05172211120253838,0.007607886302567255,0.0153227559226254,0.013039324537168523,-0.01605675877520536,0.0030457957141303473,-0.025773195876288603,-0.012835236100790364,0.002595604775912786,-0.04983388704318605,0.030131535742568515,0.007784226698531974,-0.037144424418148886,-0.1386338185890251,-0.009787501308489375,0.02315630505914911,-0.008032128514055551,-0.02861488734670574,-0.003574620196604066
0.029860968426820133,0.012546107551931614,0.0393771077167229,0.039131418231169425,0.02316213494461179,0.004478029666946435,-0.000918225463703859,0.015868517993765915,0.043116999775432166,0.029687499999999627,0.006633592663584803,0.04767042667974479,0.013051090243514297,0.008081667375584856,0.0034587300909517497,0.014625228519195585,-0.0008919746389915204,0.029191753329684253,0.05856134703478948,0.018079685677450916,0.013870541611624614,0.011715914981855811,0.038449189275967265,0.020908097987205426,0.06294536817101984,0.02815564694716845,0.028300040643675386,0.01876675603217135,0.015006215592257226,0.05068672334859234,0.035180572851805265,0.010658914728682006,0.013339093805692077,0.044943820224718864,0.06676557863501474,0.00938888141068787,0.016997455470737926,0.0033298647242456215,0.01018370607028745,0.018663949852131653,0.055611390284757006,0.028180887577527486,0.030324978557133387,0.018286522529803898,0.03450891164201727,0.03537735849056562,0.042173252279634886,0.05717122996169663,0.04940119760478889,0.003952569169960469,0.051264227995481755,0.013732072017088792,0.032440253920836416,0.027654809645331017,0.010890939343518258,0.020428455211063994,0.01984792697008657,0.055209953343701226,0.044750430292598606,0.004144086707044904,0.0477941176470571,0.014796996865660706,0.0022942643391520696,0.06289308176099827,0.0184254606365152,0.03766423357664205,0.05053895307558246,0.01887634717173656,-0.00573065902578802,0.025280203655906358,0.033333333333332736,0.022110332749562,0.043408873284391705,0.04697010993004447,0.04216140068424231,0.04276069017254296,0.0013696998570747697,0.03490189268970299,0.019364044027721145,0.043736100815418226,0.040840567623235624,0.03798615688859596,0.015518469522743446,0.03660949868073862,0.055622732769044,0.0,0.01561816745964933,0.03294401421861101,0.058154981549815375,0.051195219123504956,0.02160489891082803,0.02908615136876001,0.04038795599305105,0.022253129346314293,0.019792648444863045,0.00023573785950028905,0.03776287339383663,0.04444444444444071,0.01967213114754076,0.014535844070036358,0.03457981503819845,-0.016328746240627426,0.0465180291769884,0.043229497774951664,-0.0028481913984619743,0.04556962025316297,0.04042504042504024,0.010153946937438407,0.05489464962121209,0.008202896124550043,0.07836787564766734,0.041966426858512686,0.016171617161716084,0.06009244992295734,0.03692201518288469,0.007458998588030767,0.030728709394205307,0.027148931280165465,0.04244708746956361,0.015087545014280487,0.045061872519262115,0.03555219364599079,0.014476378786808821,0.04951257054899926,0.02851121854468785,0.031984963372317085,0.02183452852402876,0.05933628995259204,0.0388994307400378,0.020713588547879726,0.021494708994708945,0.018818859919249958,0.02512944425267523,0.006993006993006479,0.016050100313126852,0.021410664679178713,0.021486123545210237,0.026781071242849456,0.03641841534964839,0.025584255842558246,0.020242914979755448,0.061851634370717966,0.034678624813153924
-0.019418767041298135,-0.011479928100658985,-0.033590991506823195,-0.03018429836018,-0.026574803149605666,-0.0026469768737809583,-0.005369991071897435,0.0016736401673640708,-0.0255113024757804,-0.025037936267071025,-0.0044803703772845205,-0.029117123864806527,-0.01523959151610374,-0.0025316455696202523,-0.026765957446808528,-0.019819819819819784,0.0025335392336647035,-0.0019500088636766862,-0.006783625730994053,-0.009075285675520817,-0.018892508143322266,-0.001024800163968024,-0.01422277189456602,-0.017499617912272527,-0.02458100558659166,-0.03384615384615374,-0.016421220594047835,0.01691729323308258,-0.007479660572128447,-0.010582010582010358,-0.02556390977443575,-0.013822307446468462,-0.022703048390535115,-0.029351932577738923,-0.0257301808066759,-0.00736789464910815,-0.017113690952762196,-0.00041485169052073276,-0.013737892864202362,2.7781636338355056e-05,-0.034274833386226514,-0.0018155197657393296,-0.014817966553204146,-0.021364553361775267,-0.015029325513196454,-0.011389521640090987,-0.021630817839348396,-0.014090177133655355,-0.04422253922967056,6.56167979002027e-05,-0.032688651954707125,-0.006885912101143782,-0.004249740042497438,-0.025643624569227693,-0.004788268741583012,-0.022411196740189685,0.01051057466353339,-0.06720707442888708,0.032948929159802035,-0.0009750566893424444,-0.04210526315789324,-0.013647464444763663,-0.030851910828025415,0.011834319526625987,-0.04111842105263023,0.005346088913899897,0.011827230277709506,-0.026538148588596128,0.003842459173871314,-0.008724739637216417,-0.002466793168880457,-0.01713428999785814,-0.059498317528295895,-0.04477611940298511,-0.020083035628077655,-0.03219424460431645,-0.007017543859649092,0.00134228187919455,-0.014363793907885052,-0.03196022727272682,-0.023431145212397864,-0.02651424942446617,-0.014179067087529511,-0.015590200445434308,-0.019473081328751245,-0.007733553309960801,0.0002763283037297427,-0.015424322497388237,0.028944064723113363,-0.026530225506916413,-0.000748257309460529,-0.03261613691931539,-0.06205649088632177,-0.007482993197278901,0.01663585951940817,-0.011548432712703342,-0.05251032674063954,-0.06146572104018423,-0.016434440871739668,-0.023445131878866814,-0.03031480761756685,-0.006721485302963988,0.0036822724881641947,-0.016453382084094796,-0.008854612967723456,-0.01521964718090578,0.005106571936056841,0.0016212710765239845,0.00670463152579462,-8.302200083014436e-05,0.027627627627627264,-0.004602991944764109,-0.03036700227346528,-0.03343023255813901,-0.006877426511369974,-0.0029431820325743706,-0.00212947189097103,-0.03085055799513331,-0.02603032004491849,-0.009970028747935752,-0.087131367292225,-0.03299245191137082,-0.025128776277321355,-0.015888535810315248,-0.05544172592503241,0.003424710845436572,-0.0207394993191579,-0.022568692555699845,-0.01132420091324205,-0.001983283751239519,-0.006150857882810006,-0.0006716818914562054,-0.005623274294565378,-0.04166666666666375,-0.0016516267139086932,-0.006898839137645159,-0.06198709266193916,-0.0650797670296274,-0.03314973480212155,-0.03286159750539679,-0.011904761904760988,-0.046267281105990536,-0.009534816527015318
0.017022719565954476,0.013625563691024533,0.010170830453243754,0.010474337872213062,0.0212335692618802,0.00279368626903198,0.01656656326315094,-0.000835421888053494,0.012261128907544458,0.04824902723735325,0.03444784068108083,-0.0019286403085824455,0.004068283343969471,0.040891144952058645,0.010275020768658993,0.0018382352941176436,0.026546968639437805,-0.012255772646536328,0.011422515308525524,0.02790117446601358,0.004648074369189959,0.01631103816167425,0.021406727828746107,0.026989188768764088,0.014891179839633074,0.04028662420382145,0.028583441547569016,0.006654343807763394,0.0022916574853465324,0.005976722239697871,-0.0012345679012345228,0.03127278619460429,0.01794088777402119,-0.012275449101796402,0.0506780870806566,0.004802848122522912,0.010691375623663556,0.022566922598049367,0.012426094799078016,0.018529836648516575,0.02990469930989134,0.00797934757099266,0.058698713735799504,0.020175053225643013,0.013770003721622483,0.0017281105990783867,-0.01502918892063089,0.025997005580508853,0.011940298507462288,0.016731185617741597,0.013927457598154544,-0.00666843481226096,-0.004177071509648041,0.010350566940601305,0.0037588332581566623,0.011417180137731166,0.061731005031499704,0.0036340654131775335,0.005980861244019091,0.022584379326781208,-0.010989010989010613,0.018278473638217208,0.021051550626411952,0.0,0.020583190394510495,0.000839630562552504,-0.015393023043993015,0.009387256477850008,0.010765550239234398,0.010575752304748677,0.02149514932470955,0.000871649596862132,0.007806147341031147,0.015534156976744281,0.040003941275002404,0.015889239918230696,0.008624303767143711,0.016420911528150194,0.010515638207945863,0.005869405722670368,0.02761098472134168,0.025523933784555086,0.04462289083146986,0.029734970911441456,-0.017523364485981106,-0.009872181232463868,0.06273489447817288,-0.0006241418050180993,0.001965701891140844,0.03367724352735001,0.014191526823690431,-0.004549360562098767,-0.013054442960984758,0.030157642220699065,-0.009090909090908926,0.011921793037672853,0.02090418695377217,0.02518891687657225,-0.008354522339266236,0.05401800600200046,-0.00040080160320638686,-0.0018206919912647098,-0.0026205450733752483,0.012391573729863539,0.030547550432276586,-0.0014049877063574902,0.001767174729401387,-0.0103593395921009,0.013905144067324323,0.007057455994686138,0.018702513150204443,0.01387283236994207,-0.01624518506112885,0.011278195488721636,0.008377080308276537,0.0019922418803302497,0.02240717029449414,0.02770562770562769,0.017848083752248212,0.019275917459532936,0.010523739598629329,-0.002077300767971768,0.013423777222420512,0.008196721311475256,0.004338394793926054,0.026637087140663165,0.011659000962669768,0.005021662071681784,0.03583964529835584,0.013271823988644453,-0.010206297502714394,0.03777389434063716,0.00941383630760901,0.007246376811593651,6.469560716834051e-05,0.007013559548460347,0.031852543956510604,-0.013271939328277223,0.020149804831733308,0.018849206349206313,0.0,0.016331658291457184,0.010501750291715154
0.03874366497732733,0.003731343283581957,0.024193548387096763,0.016437139049311426,0.047524752475246554,0.004596740493104971,-0.0031424490325931455,0.010590858416945346,0.017241379310344866,0.0022271714922049513,0.0009788992821406252,0.017391304347826052,0.007388575514419591,0.0075860200487672695,0.0025967281225655653,0.025688073394495366,-0.0002813467129325278,0.029670922495953853,0.03935266037955474,0.02977829085634782,0.029081295439523588,-0.00050469365095387,-0.009442653155227956,0.016661617691608576,0.028216704288938417,0.0009184142048063997,0.03218431552711437,-0.001101726037458719,0.016972255199402035,0.025641025641024738,0.020241038318911962,0.017754733286196773,0.00037499330369102947,-0.003637465898757143,-0.008831521739130422,0.011966440485342835,0.002820874471085985,0.011161280503272274,0.009106206077402779,0.004009491858276686,0.0076579451180600715,0.0034342258440047055,0.020875826962983943,0.0070557837551343955,0.006607929515418496,0.02760207015526123,0.006052963430012585,0.019235871583974478,0.026548672566370855,0.025490449148167237,0.011460835124088735,0.005454476103291824,0.00930105320749538,-0.0046846846846846325,0.013930497303774625,0.00600250851101956,0.03335191748636055,0.01479848866498732,-0.03012286959968277,0.02277368374323012,0.02592592592592494,0.020453407709361434,-0.008649301015789894,0.023391812865494254,0.042016806722687663,0.03299776286353436,0.005704594511255007,0.027453977960379548,0.02295857988165667,-0.007814382594925904,0.014338919925511761,0.0013063357282820885,0.025012102630304903,0.015833258788800236,0.011084793936522997,0.03375102899478645,0.008491182233834198,0.029343883943290298,0.000368065314863116,0.017505470459518387,-0.024014033389789493,0.0009541984732824774,0.043154617106159254,0.01977401129943476,0.04221165279429215,0.012174643157010914,0.011147382420505466,0.022108418685985398,0.022865647409010897,0.023917137476458985,0.022415377169008044,0.0006601330421977115,0.019840673380429483,0.043246839654025225,0.0,0.01508011310084832,0.02428580184499465,0.02784602784602555,0.0007326007326006857,0.014552356849098187,0.01884522854851624,0.029026100481390385,0.00026274303730942027,0.004283965728274052,0.01099925428784484,0.010200492437565564,0.04388092613009899,0.0019627085377822012,0.014209152123127606,0.007337785472833579,0.006310958118186929,0.008551881413910964,0.014215185563500198,0.011152416356877158,0.006313690739920284,0.014031272931324888,0.03965769150490486,0.002836281943274334,0.03214771182600806,-0.000363680446114625,0.004964882538144845,0.019365419794360694,0.014655111674769199,0.02439024390243899,0.014356498538940356,-0.004744922630561009,-0.01025586804821307,0.0020574115802879473,0.005172106295701742,0.004832948098339888,0.01491882404563404,0.03465025906735747,0.0026166593981682452,0.014388489208632007,0.010720292774892334,0.010015919342000608,0.012100757326308874,0.01015646445237433,0.026008273009307085,-0.000486854917234634,0.0240963855421668,0.02885803936483771,0.020063510392609774
0.03697759517236941,0.008411972166619047,0.00930565497494631,0.001966783216783247,0.03213610586011287,0.012617859123682589,-0.011437057107127991,0.035024820739106226,0.008367303153829582,0.010370370370370259,0.021750153935310844,-0.009971509971509952,0.0048895899053628036,0.0126378058617908,0.0010360010360010745,0.008944543828264742,0.015126641651031888,-0.009081383164512796,0.0005600985773495755,0.005518985886343329,0.027617212588310576,0.009896990506968222,0.0035650623885919008,0.018995828367103666,0.008781558726673917,-0.021410001529285756,0.022874786216951267,0.02610294117647048,-0.0029544439160073205,0.010365853658536374,0.00787520823867921,-0.02084137398687762,-0.0014458605547820727,0.031031335564344165,0.03906785469499652,-0.0018166804293971914,0.004018485031143251,0.010837388992022535,0.011672388425698938,-0.0020510730779679924,0.00712476250791638,0.0024943442195022618,-0.010285277459258451,0.016348146442551312,0.014223194748358883,0.019026301063234292,0.017548257708698774,0.004295197188598282,0.002873563218390763,0.0033981498961676952,0.00920641533013951,0.019688922610015196,-0.004020418304196426,0.02653356780800657,0.001772787708671951,-0.006144803633449174,-0.001676397479623064,0.02373565001551335,0.02615447486718412,0.007270280828160941,0.03790613718411418,0.0054663956829490105,0.0036522268438672024,0.011428571428570082,0.03548387096774084,-0.014076881429344778,-0.0034340027594664453,0.02107873527588342,-0.01966682091624239,0.02324613142738185,0.012116761520102654,0.015438138725809942,0.01542821158690164,0.00678055653399087,0.016960269865067348,-0.0020350380463634316,-0.004033207724917647,0.029788597053170985,0.02739405291500821,0.0014336917562722995,0.0321165168887512,0.0009532888465205304,0.009934238141877787,0.002770083102493163,0.014261266400456198,0.0010369141435089154,0.010229338052420036,0.0036050348283026296,0.009589947089947077,0.012139047268714209,0.009478689779314842,0.016238709022632684,0.012969786293293985,0.001275510204081631,0.007339449541284243,0.0073119777158773755,0.03440257068406198,0.041434262948203834,0.013909224011712972,-0.029310882444652072,0.030303030303030134,0.004097254839257697,0.007880220646178052,0.017672151127361185,-0.011985985616817251,0.0,0.015420363329108537,0.012732615083251556,-0.006286922118042331,0.024635783270584456,0.04047890535917853,0.011871113623515945,-0.0029374737725556,0.028676470588234915,0.015299944964226687,0.01638053278633999,0.005822124071471523,0.012853182492789356,0.010667486116903432,0.013400436575309168,-0.00012049644535488914,0.006992574257425705,0.0005555169779877654,0.0012025012025011967,0.018286573146292277,0.006559169171904863,0.027240679414592427,-0.0025909268674227377,0.012775017743080031,-0.002300292764533635,0.015239948119325419,0.003442879499217523,0.00033459363602904253,0.021276595744679393,0.016815097928058045,0.011689761607670539,0.025294835298901877,0.03179347826086936,-0.010482285944665591,0.014612761811982393,0.007843137254901317,0.0051753615821819665,0.0015565303523417374
-0.006314616479910873,0.0057423730415672595,0.01054373522458637,-0.014103962195565294,-0.010073260073259966,0.0035601807476379785,0.011292660429569086,0.006661337596589359,0.0025531914893616725,0.026392961876832415,-0.033481628529396054,0.00019184652278181783,0.008240464605242491,0.007169410515135421,-0.019879258300991753,-0.01152482269503544,0.002795425667090299,-0.025731406415227302,0.01679355127630971,-0.020925645350332974,-0.014999999999999849,-0.029599999999999963,0.017453085180322705,-0.00409386651070994,0.007616974972796228,-0.012501953430223433,0.004354782894714375,0.012182013615191518,-0.007053857939926595,0.0,0.029601803155521706,0.010327158060701528,0.013675122003539429,0.024195928002360572,-0.014511873350923464,0.002117802779616177,-0.007004202521512894,-0.00615476249565696,-0.0069808027923211466,-0.016333419537492,0.004244615626473704,0.012498553408170283,0.005441842502545376,-0.007605670269920378,0.00862998921251334,0.008237232289950486,0.017861542251785795,0.004147226542249771,0.0,-0.00395108184383816,-0.0037150169239659843,-0.0046132668626065266,0.0037645137880985666,0.009674006147024752,-0.007521014599616598,0.014247311827957045,0.004226983207874856,0.041218366419154356,-0.012345679012345559,-0.0012927412578372433,0.0991304347826053,-0.009827838572523954,-0.008086525826341841,0.0,-0.003115264797507735,0.00961010433827562,0.007845429652647442,-0.008378870673952604,-0.01888128392730697,0.003763732537637447,-0.014511155450752579,0.0068522483940042294,0.032713178294573576,0.011807924429283632,-0.013083939924444872,0.007624789431687111,-0.013449203393337465,-0.0010886469673406583,0.010222685245474695,0.005010737294201912,0.01424350875507414,0.00547619047619054,0.027061974692897322,0.013812154696132511,-0.015748031496062877,0.012222912782266462,0.004846870838881577,-0.006940639269406439,0.0015067147068456937,0.004906414682900075,0.014699161421897021,-0.007989613502446811,0.032154808671613,-0.003184713375796174,-0.0027322404371583945,0.0026500748934209766,0.0,0.0,0.0007220216606497733,0.06938644394474727,0.055385790679907905,-0.004036993540810334,0.03674745895230636,-0.004191616766466948,-0.01259798432250839,0.006615598885793687,-0.005616808820470101,-0.006125080593165588,0.006926643032451617,0.0030353862129562648,-0.025205479452054487,0.0072625698324022174,0.014057239057239084,0.01644031451036419,0.006613183000867313,0.0070884485511609795,-0.0011976047904192022,0.002792369366878602,-0.0016288413508524263,-0.00843654640100514,0.008074234755362774,0.0015977385853869189,0.010201957110139355,0.002402113860196962,0.01328413284132823,0.0010408181735904523,0.013831114808652184,-0.03541145909915207,0.006131744919411331,0.007370921539858834,0.012030235281592722,0.023331253898939516,-0.022343378934341136,0.024305555555553842,0.002248100355199856,0.0027263875365141446,-0.00166587339362201,0.033974190150118426,-0.005704099821746898,0.005520883341334478,0.0,-0.021836068588240602,0.010878779316191047
0.006167840009968275,0.012805451127819544,0.007064988536939083,-0.0003687043728338613,-0.0009250693802034456,-0.0025924409878564226,-0.03240517544659723,-0.010587612493382687,-0.008595076400679124,0.011428571428571226,-0.010526315789473615,-0.013234871007960034,-0.026153965906437364,-0.0055365146322172406,-0.02243829468960357,-0.011659192825112087,0.0018891397502648975,-0.028219971056439676,-0.004294208324157478,-0.019153843907851287,-0.0012690355329948357,-0.02298021434460007,-0.004857685009487728,0.00976290097629005,-0.0032397408207342406,-0.018199082133248872,0.05910607435507305,-0.007433628318584099,-0.00889451771624879,-0.008750754375376897,-0.028166958552247004,-0.003043071161048578,0.002698127182308699,0.012388360702967241,-0.019410977242302518,-0.014661207238145577,-0.003728335348649662,0.02092593517454929,-0.02128490529193519,-0.008329989345362438,-0.0026612398246711436,-0.0023431249285632096,0.00796144982191484,-0.04846231614649586,-0.006417112299465236,-0.0021786492374727745,0.018637298801887785,0.00477542591636556,-0.007163323782234752,-0.03425261302103011,0.00377030162412989,-0.014763595589609409,-0.007184492341060087,-0.01437197464943368,-0.0014858841010401166,-0.04364343139853344,-0.005362394049472338,0.0017464706738464972,0.00846774193548378,-0.036329903134640795,0.09968354430379427,-0.010629311558496331,-0.016304901661061823,-0.022598870056494542,-0.010937499999999703,-0.009518629317378246,-0.013859209963978283,-0.009551800146950843,-0.023815251383208877,-0.011417761713339919,0.01748573532118508,0.008294342832837129,0.02296952409548102,-0.004062932226832674,-0.041359350200728104,-0.003871535415750183,-0.01578978906999035,-0.013856453370698971,-0.0023203351595229823,-0.01638176638176623,-0.032136598304362295,-0.020206804009787745,-0.0002248201438848919,-0.010899182561307905,-0.018285714285714013,-0.026197298403602097,0.002261564012862516,-0.046226472932376785,-0.0026164311878597558,-0.018625678119348562,-0.010307373944303571,-0.0228531158763716,-0.017338595996616673,-0.03386581469648558,-0.005479452054794368,0.005515973339462133,-0.015730329847094063,-0.01836266258607359,0.022727272727272606,0.04776209071793314,0.03184943901556261,0.0249446957234274,0.012066365007541446,-0.0006013229104030158,-0.008505812305075128,0.0,-0.03661087866108771,0.003892312682452095,-0.00346658000216666,0.0038225690849724827,-0.05227655986509223,-0.0016638935108153523,0.02075205445339087,-0.01476793248945123,-0.011093161012385494,0.007651960554974922,-0.021582733812949464,0.010531829836508575,-0.005155536219273398,0.012189234853970565,0.005977286312014331,-0.010061966991840032,-0.022877164056059295,-0.0064701653486699635,0.0029133284777859455,-0.008332956617392246,0.0004102984921530176,-0.016208937781052233,-0.00034825004353113544,-0.015154142247806566,-0.03197980223017032,0.016032674957327433,-0.018509015019330072,0.006779661016948668,0.008173702391099578,-0.03444034440344402,-0.017640047675804536,-0.012990320937340797,-0.0037391794293909477,-0.015039388875626463,-0.011673151750971882,-0.02002067863520994,-0.004053109713487028
-0.0022291021671826034,-0.015450643776824112,-0.0131945734993496,-0.008483328415461776,-0.026851851851851405,-0.006839945280437737,-0.007945057904659302,-0.009630818619582674,-0.01808840843412174,0.008474576271186442,-0.0009637482393062357,-0.0026241617261153075,0.01798417392694426,-0.04162248144220572,-0.016022323236869293,-0.019963702359346604,-0.011612398822663718,-0.01898734177215191,-0.040030963175936796,-0.0065192153127139815,-0.00825921219822106,-0.0009492669549625306,-0.005720387460910677,-0.004143646408839641,-0.026002166847236614,-0.0058027079303675224,-0.018900985634220165,-0.027104136947217947,0.018286503238693942,-0.029223744292236575,0.004204835560894984,-0.030288800187837507,-0.032132116287658836,-0.016789982925440934,-0.03344709897610917,-0.0034517426273459034,-0.038232021846869614,0.0020545934840035425,-0.01047486033519551,0.013130171487574524,-0.018364463977397594,0.006759466116743966,-0.031958012887133645,-0.009630873633341294,-0.01112307140294203,-0.015283842794759568,-0.030889865747890908,-0.007450224791265176,-0.015873015873015334,-0.012191941582996493,-0.0234449168283319,-0.0018968133535660079,-0.0003640997633350294,-0.014480279479519964,0.0029761904761904717,0.016166281755196275,-0.012328502415458967,-0.01598140345779452,-0.035185925629747754,-0.0012760527435133574,0.04892086330935119,0.006332266097474264,0.013156531648192292,-0.0289017341040429,-0.006319115323854439,-0.0227896760021965,-0.0055720653789004424,-0.017865974282888122,0.030556924593395554,-0.0009226037929266415,0.018089725036179123,-0.0021092596498628892,-0.03360727913120034,-0.020050342852182858,-0.002239968835216157,-0.0014133027117744954,0.01135498797528074,0.006788759077991876,0.006686478454680472,-0.020999275887038118,-0.027270057990163753,-0.015628776282929052,-0.016730380031481803,-0.01714110805019875,-0.010477299185098897,0.004413619167717447,-0.0044835407632008405,0.005785177090698713,-0.002360965372507807,-0.03261470425649476,-0.010106433177790676,0.005872656089017026,-0.03371108879644184,-0.005291005291005284,-0.006427915518824517,-0.0017142857142857122,-0.011872233987133985,-0.014809041309429827,0.008112874779541429,-0.03870412844036675,-0.016485443703963563,-0.020975185883459885,-0.0049677098857426475,0.005415162454873616,-0.003908111714803075,-0.025250778277411803,-0.011074918566775246,0.003877221324717224,0.011441461028372618,0.010392701309004274,-0.010083036773428046,0.031111111111110736,0.006017727901113977,-0.02141327623126308,0.014811587889348592,-0.019314799242678166,0.04677287581699323,-0.002182631708182139,-0.015065707476002124,-0.009657803743889368,-0.019489007724301767,-0.016609854353889012,-0.01891302819377053,-0.024602026049204043,-0.017066085693536598,-0.007111381249050322,-0.02122423869578582,0.0026340934328434812,-0.012367183417523075,0.0071126760563379595,-0.018365572701586667,0.010319793604127932,0.012827663134411497,0.013468013468012633,-0.0019578876172507693,0.01877304726785113,-0.018603898730081666,-0.04309677419354813,-0.00010282776349616723,-0.011391177896267627,-0.003937007874015354,0.0056589295990790945,0.0019646365422396482
0.0012411567580985462,0.021277598435401435,0.018879472693031963,0.008704709471021522,0.001902949571836337,0.012534435261707985,0.014293470883670443,0.02133981631550511,0.022781774580335656,-0.009803921568627354,0.028921786880380027,0.018222568700058474,0.01122801507537701,-0.02213001383125864,0.03576819283721344,0.03981481481481474,0.010655375380964605,0.005123339658444089,-0.005068540490726791,0.019715946545214746,-0.01857783472133228,0.024493243243243118,-0.009205277692543711,-0.016789546682239552,0.015572858731923917,0.010214007782101246,0.029987655618006964,0.03482404692082086,0.03402665589660737,0.021009720915646932,-0.002691790040376912,0.033656174334140414,0.034997819450501386,-0.012445730824891423,-0.014830508474576249,0.019201667955745478,0.015143548217478122,0.0018551064245263247,0.030849884060893194,0.0019694799471132902,0.03341861208826337,-0.001763869132290131,-0.004133340490632785,0.015019379844961264,0.026124818577648534,0.03824833702882444,-0.022434718646560943,0.02005953151287687,0.011730205278591989,0.031615074912547045,0.03791369035039509,0.020068415051311343,0.011883081405936935,0.0021577189827896434,0.004302670623145361,0.02809090909090912,0.016825794334011577,0.007382253063634999,0.060505594695399394,0.023200035864789734,0.04938271604938128,-0.00466628959276027,0.023006134969325104,0.011904761904760445,0.025437201907789357,0.010958134307389752,0.027518366330469442,0.016176748284761133,-0.0052606408417024825,0.011970723031671104,0.004975124378109384,0.0397378989642779,0.011237661351556499,0.025420726306465892,0.05700341630063443,-0.008226448474126437,0.004003371260008481,0.03418535361455211,0.008920263115674688,0.016272189349112315,0.006376636607176636,0.028398395940747816,0.01298998307643032,0.019308626596075833,0.037647058823529006,0.027830089976982598,-0.00804533246760908,0.026842206173707386,0.012227189061267343,-0.003809523809523791,0.019680540784086202,0.0679606678275121,0.0,-0.008643617021276584,0.021256931608132665,0.018660560961648465,0.013401088233782846,0.015822784810125272,-0.015745276417074766,-0.14971667163733876,-0.13516405135520582,0.03010717886796218,0.019221168247628432,0.013764213046080095,0.032727272727272744,0.015613910574875291,0.014931927975406196,-0.02607016414547768,0.014858801085525473,0.015467964824120614,0.0329538645895742,0.016163793103448103,-0.07202328025220261,0.019693654266958262,0.0020390641768620807,0.010736623934096726,-0.012097560975609685,0.002788942662619914,-0.04020513275907988,-0.0016253310859619806,0.02472427584535199,0.002520955442112557,0.018632650136161645,0.023738872403560773,0.007141977588966943,0.014691928621713443,0.010999371464487732,0.0025499034127495395,0.0022927689594355377,0.01982378854625559,0.01494520092992358,0.021972801235227716,0.02939151982378856,0.01993355481727435,0.015051807465268421,0.03823626192826576,0.01747300750020606,-0.04476806903991352,-0.01640271493212661,0.01446432949252269,0.0,0.005579399141630951,0.012044817927170865
0.0024172554853104365,-0.0011536154307600014,0.013261864054341418,0.006048089688744677,-0.005698005698005536,0.0027207182696231728,0.009086894262810596,0.0013224014810896518,0.004582756048172289,-0.009193776520509145,0.006184303048879463,0.013015599578906958,0.01615032222998674,0.015275813295615271,0.005829101346875605,0.0026714158504007077,0.0072051748348332815,0.022276760430432148,0.016788236656246056,0.013692994828396903,-0.0006527415143602678,0.0024732069249793613,0.005574481263549113,0.012547330908010867,0.0010952902519168273,-0.0008024394158241026,0.016058598904776872,-0.006730428622033371,0.03239081004924181,0.02088452088452023,0.01604438446543697,0.019442492386975735,-0.019646054987885766,-0.006740914419695188,0.005017921146953398,0.004091329022040262,0.02341241064953898,0.025387389143358505,0.02689486552567232,0.0005498206210223913,0.00495126102429218,-0.007181942544459714,0.004887164007474452,0.04156154108421412,0.009900990099009872,0.016550987720234712,0.00965638324554804,-0.017888860695254992,-0.0159420289855067,0.040243122200895716,0.007126567844925879,0.00264550264550261,0.019662542182227124,0.009483775055108412,0.0013295907815038793,0.015651251215845596,-0.0012506734395443698,-0.0019053202403634042,-0.008206330597889715,0.0406817534558678,-0.04967320261437775,0.023014632760335305,0.022088955522238857,-0.01764705882352738,0.055813953488370274,0.008893829905502975,-0.0009997576345129,0.03072348860257671,0.009615384615384569,0.005813167500337909,-0.0035360678925035237,0.026428135799959236,-0.0019522450818440465,-0.04724885548933225,0.012651214331886408,0.0013378523011059553,0.0018887722980063493,-0.003639120545868036,0.006074483986896892,0.005094614264919785,-0.006161267746450731,0.0,-0.014584368085970878,0.0012221203788572404,0.0323129251700676,0.016897394136807804,0.004849689381857995,0.005726022281695421,0.009221976880114318,-0.0024856596558316055,-0.005787853057651446,0.019181892293674754,0.01677553444180491,0.02615694164989936,-0.013574660633483917,0.011126095751854439,-0.00866391204275202,-0.010124610591899445,0.005332385353714857,-0.05682216766046977,-0.03876288659793785,0.016357387651719013,-0.013225569434239548,0.015938606847697503,0.015752409191994055,0.0188679245283012,-0.006490696668109016,0.02081956378056812,0.001323801959226899,-0.0019330395113276086,0.01566125290023177,0.026511134676563877,0.002090592334494851,-0.012875536480686593,0.014137303202313272,0.0040908097305063125,-0.0007900454276121519,0.04752556237218816,0.008604538199986076,0.00018088634308106974,-0.0011827321111768155,0.010058464826805795,0.014774166314900779,0.021497584541062643,-0.02212984472429368,-0.0241470845525021,-0.01098331779090251,0.008375295447538766,-0.010381840577159874,-0.004388220370941813,0.015924956369982538,-0.02272066941716549,0.03346706787027745,-0.009771986970683426,0.0030482983994237858,0.01179006085192705,0.017091940056703017,0.013833992094861679,0.00961890323592443,-0.004108264862252248,0.0,0.018115426566130674,-0.0015222806531968165
-0.01749829963519441,-0.007645754411900453,-0.006794965341116419,-0.004765395894428146,0.003820439350525156,-0.0051553384886719004,0.012546086310707985,-0.01664025356576856,-0.024294504561850123,-0.0021413276231261862,-0.0084937103537255,0.00784128483703348,-0.008940169633987947,0.0006965728615213149,0.011941871185845481,0.005328596802841909,0.003542533254102481,0.009972299168974989,0.0022773855613755474,8.696156298907965e-05,-0.001959503592423116,-0.014802631578947314,0.012627040344933836,0.0037395512538496325,-0.010940919037198885,0.007227754577577875,-0.019083083409669938,-0.011412268188302304,-0.01184991014606329,0.00421179302045717,-0.006788665879574988,-0.015012254901960693,0.007252995218395737,0.002360578341693735,0.010699001426533508,0.005553364879074685,0.01113473023585381,0.017060305089578294,0.010857142857142923,-0.008105397645313291,-0.00816012317167042,0.00912848777127114,0.0032899442139893488,-0.017120036662411256,-0.014355742296918746,-0.006827731092436963,0.0017389144205688589,-0.015243508590621414,-0.011782032400588921,0.023740697459868294,-0.002304799644171208,-0.0007804080419190262,0.02118083134763038,-0.0024883201300020747,-0.0022130421953378545,-0.016454814556851674,-0.008727146627622511,0.013950073421439018,-0.002758077226162378,0.011072751768272219,-0.04951856946354758,-0.0009026524093875522,-0.02122041854097399,-0.01197604790419014,-0.017621145374448654,-0.006887052341597758,-0.01170583775587563,-0.009555288461538504,-0.008571428571428586,-0.008098118279569856,-0.012597586941092765,-0.017033075856605136,-0.00511585916340651,0.0020852221214868088,0.012401969724603421,0.006413111249666013,-0.0046980669100485555,0.0013696545426875276,-0.0106214832142631,-0.01086169442433004,-0.004288067603083429,-0.00047747891134800903,-0.008476906158357764,0.021666158071406712,-0.014277869302580813,-0.014514514514514484,-0.011210005507292675,-0.0004950801410979522,-0.012676962676962689,-0.019934828445466343,-0.007736520822637549,-0.0033877570225381197,-0.005694261936048984,0.0,-0.0045871559633026675,-0.0005557408024897181,-0.0009199158046881482,-0.0015735641227379838,-0.0038896746817539424,-0.05503904797322378,0.011154011154011035,0.007030480873953132,-0.007197815835194746,-0.0046484601975594056,-0.007024265644955336,-0.010288065843621071,-0.007404181184668908,0.01683392683716417,-0.005050237969328371,-0.012240471025720429,-0.06910336950314025,-0.006198347107437894,0.008084144645340704,0.008695652173912835,-0.002745802091033918,0.014168791855860263,0.010081043684522638,0.015383414024675902,-0.058502465313610884,0.007716421509524921,-0.014564831261101155,6.223937262706723e-05,-0.0015252357182473947,0.006384488058642783,0.006751687921980312,-0.005795891871841237,0.0033525405971713378,-0.004203821656050953,0.00871266002844943,-0.004132089115388586,0.01342065707537038,-0.03389225829468423,0.014849082850765121,0.023026315789472264,0.0036608542577135656,-0.006327527878712018,0.0029467983434215035,0.0019493177387913804,-0.00828457515663024,-0.016015530211113783,0.0,-0.017560203083515732,0.0015246015246015519
0.01711768407803651,0.012243662857009712,0.011754442352725054,0.022983425414364638,0.0,0.004363834719760039,0.0173154503064913,0.03572387859253274,0.013591388496248746,0.015736766809727878,0.0342658859249621,0.019872515935508067,0.01457208943716273,0.024641514687456487,0.04373291682936337,0.04593639575971723,0.01409733767564748,0.015542146644724754,0.008748011815496497,0.0340569838555404,0.00785340314136108,0.02963272120200325,-0.001672749391727526,0.013879757469501038,0.01659292035398193,0.023760165842768185,0.030289656231111007,0.02849927849927842,0.04763988404528804,0.02186938286398966,0.006835066864784564,0.001010886469673369,0.008747599743972729,-0.004121283485428228,0.018348623853210982,0.02555472043397282,0.04184603063369705,0.031539108494533195,0.023082720934614612,0.009625905458373149,0.023284694194349507,-0.0009671730101837876,0.03648061020815507,0.04056484380203827,0.007460035523978714,0.01057641459545203,-0.0017358958462492106,0.02151383969565794,0.017883755588673132,0.05731450886151996,0.035827186512118026,0.014764950907467937,0.03465560452856288,0.004530876139082667,0.0137512938045247,-0.013100823227405441,0.035857270571772834,-0.01245474293989862,0.03871987356775941,0.04034978138663338,-0.04920405209840656,0.009034679268885942,0.0177839944050355,0.03030303030302663,0.017937219730940996,0.011373092926490984,0.0200681211451717,0.015168982464656254,0.02209414024975985,0.010637216707883082,-0.017070979335129896,0.008261132379609005,0.009528130671506253,0.003437980638740566,0.014141596108809239,0.0022125851845296004,0.02492408526502512,0.02796352583586614,-0.005591411591794999,0.021229868228403833,0.013563688717132748,0.0031050955414013413,0.02088821110032801,0.043906810035842,0.008913649025069508,0.013407821229050298,0.033699857462838344,0.020865581078570988,0.0194225379651958,0.014472912184627035,0.028208614997090094,-0.003493697181436233,0.01365638766519814,0.021568627450980364,0.0,0.022464412811387797,-0.02163906458157084,-0.025216706067767932,-0.013489527866524617,-0.08579299488390324,-0.050487908358081784,0.028871322900001807,0.018249999999999936,-0.004086398131932335,0.01956821313734491,0.008662508662508363,0.010092145677928797,-0.017510347023240894,-0.0039331366764995546,0.04054901960784311,0.023312883435582608,0.010914760914760771,-0.00879537811502978,0.0,0.016520173673620662,0.02172674188313755,0.005088062622309222,0.03419723653515856,0.003166561114629511,0.002273271117492329,0.028358567652006547,0.012135922330097072,0.028676572698236282,0.005639097744360822,-0.002359662195727712,0.013820228212542302,0.0068915109115588406,0.030344121785851313,0.010576414595452105,0.0025586943743301015,0.01197160716177566,0.015632693254554443,0.030921262352566127,0.045016077170415066,0.01712056824230584,0.020994893134102605,0.009290875883427321,-0.013062812673707512,0.019265911345481154,0.005918618988902505,0.0,0.038545420064479356,0.012455023526155514
0.000866229427051022,-0.0027594453514843504,0.0006353528477422693,0.01332181176640021,0.04852521408182599,-0.0035302104548540604,0.008175614780481523,0.04797717842323626,0.010083673031538249,0.007042253521126662,0.010484378276368207,0.004687499999999908,0.00030397446614473966,0.0058423913043478245,-0.0050712890219062265,-0.010135135135135118,0.0242768595041321,0.0068419157364062915,0.060479783759431575,0.00039242067496358626,0.02467532467532443,0.0020267531414673652,0.012718964204112733,-0.010303335975214468,0.02285092491838899,0.0012461059190030405,0.003914301323598752,0.026657313223430068,-0.0053644147436567235,0.08912342421576985,0.006345926800472052,-0.002252777130427918,-0.01094543147208123,0.023647650014779642,0.000693000693000692,0.0005416945480036379,0.004035745171519205,0.023916292974589002,0.001105074132056189,0.0031826163301141093,0.022148058252426977,-0.012186788154897531,0.012465826441307446,0.011138138522596245,0.020803949224259294,0.015175300889586477,0.025711091789839366,0.0026968023629124226,0.016105417276720005,-0.028126598102164863,0.02367164879881053,0.003774967931097737,0.020756765786835857,0.003294141496047027,0.017940490081680187,-0.005112566149430473,0.0027955496350776828,0.06071271447426287,0.05363255990871022,-0.01018651937239844,0.04870624048706096,0.02210896067222251,0.02473741042505153,-0.0058823529411758625,0.007342143906020343,0.021393307734503323,0.017958667990253523,0.02922718307333694,-0.008458646616541367,0.004726309791170818,0.001828153564899314,0.009192645883293375,0.049887640449437984,0.03615544134884146,0.013944400035526945,0.021988696573648724,0.01994719859196244,0.014044943820224677,0.03531150596022221,0.02508960573476667,0.008086622807017496,0.0048416540995316285,0.026028699470372528,-0.0042918454935622075,-0.008282716731087707,0.0003006915906584684,-0.002740424447135258,0.04336487142163993,0.009078703407710522,0.026219394640446755,0.028781841371456,-0.007959444733974376,0.052440967695204295,0.005118362124120274,0.04976958525345535,-0.010006525995214186,0.032470639390989126,0.03961196443006958,0.01079525008996034,0.013344812742143641,0.021000893655048914,0.010176516895450896,-0.0012275963663147497,0.009964830011723314,0.007839250315372174,0.035039505324629495,0.07993049522154616,0.010045366169798916,0.006216483018062531,-0.013944373256953321,0.025179856115107542,0.0020565552699228873,-0.009830361026533228,0.046695402298849914,0.01416814251484529,0.001188043529914936,0.018886292834890756,0.005948987432764045,0.006628787878787921,0.01402650113405752,0.003505491937368536,0.007993605115907264,0.006547418157273056,0.0025700934579439665,0.051039462218348784,0.00831097140228472,0.010992429741781615,0.05659159196444091,0.03488574917146334,0.016899465425073278,0.005653266331658255,0.0010301781602230296,0.004700061842918927,0.006153846153845863,0.0018531069568723981,0.006545634185500738,0.030527143981117145,0.06871303858068105,-0.003893043745517943,0.011522431968619816,0.01581027667984059,-0.002693448984250174,0.004647348277747359
-0.0012363996043521252,0.00046118016002951535,0.008254342600571368,0.017197271176805008,-0.014519056261342827,0.00408775037471044,0.005338101015260861,0.005444196980945256,-0.010089209855564973,-0.026573426573426283,-0.0040118973507643025,0.0,0.0167135151561194,0.007834661623666079,0.0029663672446208077,0.0017064846416382222,0.003815036505952891,-0.02753934191702438,0.006159728122344861,0.00411880078453343,-0.0031685678073510373,-0.013551779935275031,0.005715574941716099,0.012157833430401879,0.0010638297872339593,0.0043559427504668005,-0.0019263294920117394,-0.012982576016398994,0.0017584148021782865,0.012920592193808643,0.0014664906877842362,-0.017517907194020525,0.00021384656508959663,0.020502454519202785,-0.0006925207756232677,-0.0021019108280254475,0.005455067470571161,-0.010572882105728853,0.0006439150032196157,0.004075046493819081,0.010388839418224962,0.016084399861639606,-0.0042796005706133775,-0.011300329197265067,0.002763385146804856,0.005154639175257679,0.003511746185517108,-0.0074282786885245125,0.002881844380403211,-0.005788119738073011,-0.004280854642051853,0.012012560245362791,-0.0028231250767153907,-0.006364600697075376,0.0010030090270813075,-0.0166786873422286,0.0035922766052985727,-0.011336927969030705,-0.01588447653429583,0.009664570654481524,-0.039187227866472045,0.01846361185983831,-0.007088801609349627,-0.005917159763312784,-0.016034985422739977,-0.004027926960257766,-0.008333333333333274,-0.014401858304297285,-0.007582938388625529,0.0105091078935077,0.0,0.0037623762376237024,-0.019977168949771633,-0.014618865297598264,0.007708479327260132,0.003024280653244616,0.0035950532067874586,0.0024784954074938627,0.04738998199987592,-0.0013986013986012997,0.005586799332550498,0.003159557661927325,0.00026471366804901994,0.045402298850574486,0.010022271714922001,0.009519038076152285,-0.015157324781557782,-0.024937510899261647,0.017613888360894583,-0.00619951155363502,0.009385050552245323,-0.010841014375089665,0.0020646937370955186,0.012730744748567774,-0.008779631255487115,0.011865524060645947,-0.006836746928082883,-0.009331259720061422,0.023139907440370075,0.04333050127442609,-0.016192560175054514,-0.009964943211638167,0.02114060963618467,0.011607661056297021,0.006168976307554837,-0.011284434118818075,0.022526146419951616,0.03015720243824182,0.006708384154425337,-0.002369668246445598,-0.02105263157894709,0.006670087224217392,0.001361799332278996,-0.01715854495538755,0.003697996918335917,-0.004087016477971045,-0.021211542136441556,0.006653032057758171,0.049521190631256505,0.009712166696097462,0.00034932463903128495,0.020496553406942047,0.00865075107296127,0.02563505010487054,-0.016226459789174325,-0.006812962878476842,0.005846753513180879,0.007920094007050483,0.02477667284678914,-0.005121248092250263,0.0011451176348115974,0.015981596948967752,-0.0036008863720299804,-0.006116207951070049,4.281665053906162e-05,-0.0011656441717791954,0.01099404489235003,-0.01791831357048742,-0.0037539853954540506,-0.0041202132816287864,-0.003891050583657202,0.003616222649455225,-0.004217687074829951
0.0025996533795494183,0.006891465185424329,0.0349511942782602,0.018862651949140673,0.049723756906076486,0.0020355543493011208,-0.0007367605401217154,0.021412749200098315,0.012445016629117045,0.007183908045976909,0.018490867421348697,-0.004757112798462912,0.015990435627288396,0.006165393378903631,-0.005415312838457049,-0.0017035775127768283,-0.004084485507721165,0.011401250459727882,0.04021532615579441,0.024834668080475474,-0.005085823267641457,0.012610211195407056,-0.02011515740671489,-0.04977343019492192,0.021253985122209964,0.018897149938041966,0.02574119396511668,-0.03115264797507767,-0.005645869083954393,0.030826468243421886,0.0026358178357005413,0.011252872652349468,0.012934951093056705,0.018392756083757678,-0.029106029106029066,-0.0033509925320737836,0.005806205977536765,-0.006304211749977599,0.0027578599007170384,0.017105657396562446,0.01689189189189184,0.021503546099290807,0.039313003138218026,0.012453977909396532,0.045125732001377455,0.022564102564102365,0.01037770001206696,0.007225806451612913,0.01436781609195361,0.010291090855630684,0.0,0.010535050690911808,0.004677498769079306,-0.04066900513446186,0.006441454337245911,0.0023837902264599834,0.006841909023117041,-0.0037756957068941933,0.008437270726338729,-0.0025031539740072483,-0.03625377643504431,0.0182612147677649,0.007139411480945563,0.035714285714281334,0.017777777777777292,0.0002696144513346514,0.009982716490851654,0.01148951213763845,0.018624641833810827,-0.02727062629997684,-0.0025547445255474093,0.006707437364371713,0.021986022131624896,0.01960438007771086,0.011735048678720423,0.003101309441764413,-0.0020060180541624866,0.015997673065735844,-0.01448931820202082,0.02310924369747855,-0.027619012500460904,0.011889763779527468,0.027743472124206088,0.01676745464540938,0.0088202866593163,0.007741935483870907,0.0037399937470134793,-0.009478955526409961,0.0006848888612166958,0.022117202268430617,0.004351373759861881,-0.0083526458091926,-0.009478021978021818,-0.01445631678189816,0.03631532329495059,0.003800217155266011,0.00045878504113518756,0.0015698587127156989,0.007654836464857448,0.013029315960912016,0.03291814946619177,-0.0040527174549117645,-0.01299951853635039,0.013195639701663549,0.007908299271370052,0.013091641490432612,0.003933910306844988,-0.008097165991902855,0.008296678694655881,-0.006819400812198184,0.037634408602149984,-0.0020387359836899757,0.013555604299188447,0.012569832402234542,-0.0007164056903080995,-0.00394575774602654,-0.018937914877001184,-0.00215406457298122,0.004918409561020369,-0.0005246589716684679,0.017460132697008454,0.007950266005140736,0.005917159763313662,0.003181095205635017,0.03118227787141792,-0.04644076620373903,-0.01896797878849684,0.008977079301420008,-0.010197368421052672,0.011829276607349764,0.01684517001143797,0.018828576535780312,-0.0016679536679536952,-0.006153846153845863,0.002594577931530481,0.0037466986057368276,0.0008306902280621562,0.02709954386906351,-0.004387549682547872,-0.018739352640545028,0.027343749999997835,0.0013226909920182018,0.012979915288973867
0.002160760587726877,-0.007805704344641383,-0.0031728094575800498,0.003702687877125518,0.027192982456139825,0.004604550379198223,-0.0009025614949469729,-0.005060240963855453,-0.012080110204514216,-0.012838801711839926,-0.013586539608939619,-0.01599411710635174,-0.0053688313598587506,-0.0002664180098574663,-0.006156810185960717,0.0017064846416382222,0.008114746907623472,0.026909090909090726,-0.0029426686960932432,-0.01878726822228877,-0.010862619808306499,-0.020755290067834317,-0.03373015873015871,0.0037090303534933642,0.009365244536940551,-0.013529948312556932,-0.0025400257928896957,-0.024651661307609606,-0.018417031142962552,0.0,-0.0026288885643345992,-0.027975863960504478,-0.012453168698221669,0.003056404556821386,0.004282655246252671,-0.015658522527138258,0.020251727074855515,-0.016242969628796348,-0.0035753575357534437,-0.012492970193620974,0.0018777986422072288,-0.0038324816707398816,-0.030457685806652673,-0.0004743232987604348,-0.0026367831245878355,-0.01253761283851542,0.00286635614475089,-0.02690238278247495,-0.011331444759206439,-0.0029685681024446465,-0.0011899735134927286,-0.018458352672355398,-0.002777097116719645,-0.016692279158497147,-0.010240364101834782,-0.012622336046830631,0.0026663210324588556,-0.02610892756878154,-0.04292469989086894,-0.01648197221553028,-0.01097178683385539,-0.01247563352826512,0.007471980074719742,0.0,-0.010189228529839627,-0.011320754716981041,-0.0007081108193432536,-0.013164792916642458,0.03914674167838704,-0.023453144622068465,-0.03311379436516579,-0.007838526357044845,-0.006838580994443569,-0.004936774640567996,-0.006443852564653309,-0.00652696667811759,-0.012806891600861417,0.0032922988834811736,-0.0055622369212266955,-0.011635865845311195,0.0074706105422829416,-0.014395766866391699,-0.015793313591691213,0.015139226818058916,-0.01639344262295064,-0.015069437604648798,-0.010337754844169529,0.005356605476978682,-0.015555002488800379,-0.025892361753282276,0.0037812999789853512,-0.011392959735138064,-0.016225211482457157,-0.023596938775510175,-0.009401709401709191,-0.019794483504597008,-0.05321092580701389,-0.06269592476488528,0.01588397790055226,-0.016881028938906684,-0.01119724375538317,-0.007148765757815255,-0.026829268292682798,-0.002265005662514163,-0.007846248787798516,-0.008283631544068646,-0.01959247648902814,-0.016954474097331064,-0.013400553785068624,-0.007251967288998669,-0.031088082901553918,-0.049029622063329545,-0.0013850415512466543,-0.01931034482758602,-0.006657107742728376,0.005437150419433574,-0.015920398009950185,-0.011210597326137568,0.006197969078766891,-0.006590842811315218,-0.013385196201807593,-0.009548096311232426,-0.012359550561797767,0.0033975084937712193,-0.01190893169877406,-0.009345494251397121,-0.010395010395010383,-0.015529672767609491,-0.014788966434031152,-0.0004042990465280204,-0.02668984558748335,-0.0071349201707702386,0.002598929488567831,-0.012383900928791762,-0.012879531963957745,-0.0069146983233386,-0.015317286652078717,0.006269592476488936,-0.007828701783492271,-0.004960317460317436,0.01520912547528396,-0.01494032978044997,-0.019692473698408392
-0.011950964085504737,0.002906909678163654,-0.005144974929147669,-0.007036480393496338,-0.020495303159692148,0.0008088433540038031,-0.015624602386950563,0.0033906514894648278,0.0038614179984983537,-0.0014450867052024144,0.016590626296142674,0.04521251751517982,0.005471753918958778,0.0034643570952698193,-0.007964937418348889,0.0017035775127768283,-0.0014793543053561718,-0.017528328611897914,-0.007836352534093247,-0.009739989455282042,0.005167958656330573,0.010959470636889875,0.008371505291423071,-0.029411764705882307,-0.003092783505154546,0.014331946370781383,-0.008814320924852756,0.006593406593406587,0.0001342101731311233,0.006187161639597726,0.004832332698784499,0.010722347629796784,0.01880844242586161,-0.0024930747922436904,-0.0035536602700781753,0.016037735849056652,-0.000649290418328371,-0.005534211489205954,0.0034041770172047207,0.024773217263962994,0.0018742791234140003,0.003958739894061835,0.004519219376787767,0.01572336992628675,-0.006278916060806416,-0.004570848146267123,-0.011432654519471029,0.01553449183780927,-0.0014326647564468688,0.018740148286531536,0.016102997694081498,0.013822202822639304,0.006265869440576507,-0.010832075878422014,-0.024428797240982864,-0.0004631773969430283,-0.01157873354139364,0.005765350245027369,-0.009502090459901106,0.019677083545957336,-0.011093502377178774,-0.008816949598631298,-0.0019016829894456556,0.005747126436781031,-0.0029411764705881906,-0.0043620501635769195,0.02613008946234018,-0.03305589988784602,0.004511617414843201,0.004066453496454979,-0.004351939451277193,0.004542761208769509,0.019509396069430474,0.024632256941422143,0.0060532687651331605,-0.0016424619640386068,0.013438436254690303,-0.00499357968326436,-0.003930461073318214,0.0,0.007628511561962743,0.021632717511448008,-0.005494265905027843,-0.006924101198402154,0.011111111111110988,0.004499999999999991,0.0024347660843022905,-0.010356800766283621,0.011313361142712577,-0.0032276438200113627,0.007944991596518158,-0.012903225806451622,0.003383140682266785,0.014369693011103834,0.004314063848144878,0.006952107702493872,0.022771257362568333,0.026755852842807,0.010197144799456083,0.011038430089942744,0.003048780487804926,0.00953494929662775,0.004010025062656679,-0.01135073779795674,0.015372312066820631,0.0,-0.025579536370903086,0.004790801660811211,0.0056660223993222165,0.024323904258625975,0.0005941770647652592,-0.016111707841030977,-0.017727115117891646,-0.0007032348804500206,0.0031962057944118116,-0.01132395890211948,0.026491405460060607,-0.0022328073831497457,0.011160359131719592,0.010039924847346107,-0.014842300556586183,0.003353092629183959,0.008097436926989306,-0.003386004514672671,0.0034266808460357186,-0.014896100106979547,-0.0075630252100840735,-0.008732394366197136,-0.008095800303592407,0.001516734638848629,0.012502626602227429,0.0095423219650115,-0.00361055392686308,0.0,0.0034782006800660077,-0.005792100560724677,-0.0010727969348659685,0.005711318795430886,0.028374353346919526,-0.00598205383848446,-0.007490636704119262,0.010404143161009849,0.013621353880022101
-0.004114969761207138,-0.006096018035011844,0.012578340710873588,-0.0031647746818024786,-0.010462074978203853,-0.003502155172413814,0.007690716852364086,-0.0024137098720733653,-0.004701356982583575,-0.010130246020260183,-0.0006969944240445147,-0.01206542139601392,-0.01713487277540809,0.0005311379630859115,-0.00373831775700942,-0.008503401360544203,-0.004597150202623285,-0.007568931338979846,-0.03220843163401342,0.00042033290365969827,0.01735218508997418,-0.01145428512988332,0.03273809523809515,-0.0028749028749029057,0.018614270941054393,0.008508052263749455,-0.02188197845100151,-0.014919941775836946,0.012922705314009682,-0.04330002562131576,0.022442436607402645,-0.016590890962750196,-0.0023076519641265464,-0.007220216606498218,-0.02496433666191152,0.0024013063106329826,0.0012994245405604796,0.0024835579266888797,0.007243719053731961,-0.01190854239441092,0.003165923154410763,0.016438964789514666,-0.004145042798409442,0.007817853360742508,-0.010309278350515283,-0.008163265306122337,0.01397421997349696,0.009333679025149115,-0.008608321377331295,0.0032664756446991626,-0.003404062180869168,-0.005238231917336359,0.01074437344837413,-0.016071915009534168,-0.0050081013404035535,-0.004355885078776679,-0.0184216426276062,0.000573230151906119,0.028779739063698934,2.0018016214665953e-05,-0.0336538461538451,-0.0010621348911312627,-0.021911022196818095,-0.011428571428570082,-0.002949852507374586,0.0024644030668127853,0.01340852851470331,0.002258714364202455,0.013024927015495139,-0.010799958461698312,0.006271379703534761,-0.010813999213527287,0.016321936119318807,-0.007815154604145455,-0.03790613718411557,-0.008139232834011667,0.016073017422002806,0.005592199598508698,-0.0006677796327211464,-0.018005540166204696,-0.035326053119824646,-0.005795981452859342,0.002016924628403718,-0.03271654599088207,-0.031318681318680916,0.01005475360876058,0.01511220113267449,0.009618292904240561,-0.005937128929441903,0.009523809523809343,0.0018266228829323565,-0.00913036970513393,-0.028800224782241958,-0.01094655505473276,-0.017182130584192143,0.006246575342465796,-0.036949184544349756,-0.043973941368074525,-0.0020188425302825096,-0.04043671653861674,0.021276595744680566,0.004244856861081834,0.036944583125311736,-0.008610792192881647,0.0019252647238995743,-0.013030404276645091,-0.012510254306808855,0.001907183725365423,0.002185188110470401,-0.012669751915635985,-0.02375296912113986,-0.006550218340611221,0.008251334774742885,-0.01337086558761421,-0.01469681397738944,-0.008783419174556132,0.020488573680062915,0.0020637525486100062,-0.006811131591961553,0.022961111434052172,-0.01647834274952915,0.003938652503431343,0.004314922995220387,0.0027180067950169496,0.003414978803579706,-0.013163307280954335,-0.014817950889077038,0.007601591361182021,0.00221050841693581,0.009524130039711823,0.016706443914081014,-0.023922049127720373,0.021463082259662935,-0.0031347962382442507,-0.011019236241043574,0.02249767585993177,-0.013731205891377598,-0.01935983479607631,0.0024898373983740273,-0.013039117352056075,0.0037735849056601462,0.005857855475721914,0.004072213926971618
-0.010267326112815278,-0.009234828496042338,0.00930574792243767,0.00890330595624256,0.010572687224669442,-0.002027575020275745,0.008632521388899483,0.021775949673360648,0.005367686527106805,0.02339181286549665,0.013269142439140564,-0.007146734213859305,-0.009053497942386749,0.013005972130059718,0.0097219853317415,0.014579759862778706,0.004465165145446306,-0.018340294171054993,-0.011764705882352813,0.015377720512030494,0.03411244472520473,-0.010862818125387934,-0.025481571363567313,0.01581859269071918,0.006091370558375453,0.0015064778547755303,0.026556604952152372,0.0206871074990764,0.01980578408383344,-0.017943224424209526,-0.007411630558722758,0.028469462243490833,0.015665247332176797,0.006993006993006954,-0.01170446232626187,0.0029385460585153356,0.014645902855024031,0.03495893930357399,-0.0016385980883021859,-0.0016203331726391827,0.014632047052072732,-0.0064473827996939905,0.02669960407431223,0.025434990882962,0.0043682795698922906,0.015946502057612975,0.009148152548413769,-0.022604675057796012,0.011577424023154677,-0.001313760210201606,0.019810998519867843,0.004580538123061482,0.011153613851419287,-0.021982281284606865,0.008142116950407093,0.005119612771106757,0.002683771746164576,0.004153537668289843,0.008578888474449597,0.028304908319320917,-0.0016583747927030018,-0.0015948963317383442,0.007304957631245724,0.005780346820808456,-0.013313609467455101,0.005462988254575222,0.01411130039750136,-0.0071263247655012985,0.01596098426069598,0.0010497952899184654,-0.007176581680830885,0.00934207910952091,-0.0433337948220959,-0.013013698630137002,0.010095595461449062,0.007856831078131806,0.00997146973249348,0.004135177527449141,0.02350940072289876,-0.011988716502115608,0.026061028500619643,-0.0037310532452389795,0.026123484881634695,0.013307457721097824,0.007373794668179059,-0.001576976148235777,0.024545534125061916,0.0036548831635709418,0.0013831258644536922,0.0032075471698112925,0.027684593017623375,0.02512588116817726,-0.005062924924055971,-0.009765624999999988,-0.006118881118881037,0.02221738183402304,-0.017216011366873445,-0.020442930153320254,0.00977747808496277,0.024020227560050317,-0.004676870748299256,0.015661215057566416,0.01348098218584496,-0.005211349160393555,0.007773604681631458,-0.0030467163168583894,0.03239875389408091,-0.02664974619289316,0.010035202017548536,-0.01137236821884137,-0.0036496350364962713,0.002197802197802205,0.0019256017505470842,-0.010699001426533373,-0.0005215395848544893,0.007110470436084924,0.015250965250965146,0.013572864196918253,0.02367426385713949,-0.0017047391749062373,0.001077070368597385,0.015871128811745832,0.03225593231542064,0.016489722159475896,-0.027461565543949795,-0.0013839099624843984,-0.0021486892995272863,0.029260382147641532,0.02850356294536819,0.012101210121012155,0.014594815268422167,0.042082611034729975,0.0024559594918285997,0.0,0.012554380519786225,-0.0011516547460297378,-0.001244458271758679,-0.00026322716504334134,-0.003497389629479489,-0.01905487804878039,0.0,0.0008644615314618358,0.0029741787211030493
0.007527357834145011,0.015721727754806493,0.0075903769458380765,0.01210835955671092,0.010462074978203853,0.004198835161858342,0.003916880738611819,0.0023679848448969814,0.02381206620395078,0.005714285714285714,0.013330423249332575,0.008473804100227734,0.03367562669888239,0.018079392113192712,0.03462837837837835,0.024513947590870624,-0.0014163997297945124,0.03884572697003315,0.04096954096954061,-0.0010482758620690151,0.03604153940134352,0.003660704947181249,0.020311284046692503,0.01725989567351946,0.018163471241170282,0.00015042117930207948,-0.0041498446850650565,0.013029315960911834,-0.01921328171685423,0.04472320698118232,0.004164273406088485,0.05741324921135634,0.0013456860410952507,0.01138888888888889,0.019245003700962222,-0.010891719745222865,-0.019185090443997774,0.02274036969723821,0.0031913923588948604,0.0028703641606866916,-0.0012724445072811745,-0.01759788825340957,0.0008239947264337506,0.005153707052441199,-0.001003680160588667,0.04303797468354387,0.027195667530020902,0.002496714848883012,0.008583690987124136,-0.017330130404941742,0.006996390160396029,0.02154166517071768,0.005336094297547022,0.019419124723999273,-0.010572687224669655,0.005278755325060228,0.006625030847206769,0.04721152474682631,0.006286982248520832,-0.005839984426708193,0.04983388704318771,0.027689030883918962,0.011506478437439412,0.017241379310342888,0.04347826086956378,0.019288236892148675,0.008567348881485104,0.044169069382246434,-0.01331005891337551,0.04163316670744933,0.014456914590070069,0.005907837731390288,0.01736613603473222,0.016568355308813412,-0.009464001415177604,-0.012732784755305343,0.03241595345975276,0.010650383413802865,0.025402854853547888,0.027837259100642046,0.06068611540929156,0.0070999453850354175,-0.007761194029850663,0.027086183310533307,0.048986486486486035,0.00286278381046394,-0.00834467791821646,0.013312638051459708,0.0041436464088398595,0.053789731051343714,0.014887233355245966,0.0381649393388672,0.047688281477172925,0.04470742932281388,0.0017590149516270828,-0.007777541018538312,0.034034068966951374,0.040869565217387806,0.0003338898163606747,0.012757201646090408,0.026484408372490238,-0.006619561175157986,-0.01021377672209024,0.02153667054714753,-0.0024267637372161143,0.034634974533105774,0.07141420237376757,0.004889178617992145,-0.007620682480233085,0.021296440230063773,0.04884004884004824,0.0169956140350875,0.008517515506246172,0.035328046142753686,0.023377165518680784,0.01796282573165911,0.06255942194333496,0.012558754406580531,0.020805235578942788,0.00500910746812383,0.013867304243873274,0.005032182562902223,0.004802458858935769,0.01244444444444444,0.024134186074574345,0.02300808121284982,0.03617571059431523,0.02180664017901995,0.02424942263279426,-0.007872200263504636,0.03983502665727788,0.007514484024551208,-0.004597423023410505,0.0,0.030196054795464035,0.008738394320043598,0.023518417568725178,0.04686677198525518,0.05259409969481179,0.02797202797202771,0.0037593984962402383,0.02763887626147825,-0.03423642000269566
-0.0074711200401807185,-0.0023919043238269625,0.011448757235274123,0.012504224400135164,0.012079378774805584,0.0006743997841920672,0.018519926021636112,0.00236239073942829,-0.0025031289111388947,0.00568181818181798,0.00041420216379210354,0.0064148897723167,0.02352081811541271,0.0045039248487968074,0.015918367346938765,0.0008250825082508237,0.00030550342600262634,0.02475071225071212,0.0467751906037497,0.007456091903236493,0.0029481132075471353,0.005627344726969535,0.01990694836396926,0.014855591584345084,0.01486620416253687,-0.010227101819822431,0.002538776682359693,0.0025008931761344787,0.0033113021364521377,0.04411380840511494,0.0072930072930070585,0.020137231503579923,-0.006926138419393227,0.013732491073880726,-0.008714596949891055,0.006825938566552838,0.00391207153502239,-0.0029039528432731505,-0.001181603344846348,0.003958859955329128,0.018827859569648966,-0.004030452306314396,0.013568252922772866,0.05265209438997326,0.009042196918955026,0.03932038834951416,-0.0281948424068764,0.006422860138943458,-0.014184397163120165,0.007973924684244241,0.024317232713699576,0.009735353038343865,-0.0028519369405053526,-0.011773853160057645,0.000296823983377924,-0.012620912022109645,-0.006147695557064259,0.002315445382729402,-0.00036751194413826534,0.0056588995496376785,-0.006329113924050523,0.01120466321243519,-0.0041105056877927025,0.011299435028247271,0.01293103448275833,-0.008528784648187559,-0.01360242067567942,0.020034075553727805,-0.02056612118531617,-0.003859319417410562,0.01500093755859721,-0.00234925606891148,0.003271692745376882,-0.001877293284409968,-0.0020537547995358313,0.0006141428320758416,-0.0057974155446590845,0.0043557678797244625,0.0012444650247445156,0.0055555555555555575,0.022581984225819793,-0.0024790827393864584,0.01964070826886702,0.017048481619605756,0.01449275362318819,-0.000984348853233584,0.001269414575866314,-0.020796512312949298,-0.018381893209953766,-0.005889701945386264,-0.009916710530389783,-0.018783118849356448,0.0,0.03964757709251096,0.008779631255487115,-0.013314721357242525,0.005324229423350162,0.006683375104427183,0.006341789052069308,0.010971149939049149,-0.014981273408239671,-0.007350004991514524,-0.00023998080153579413,0.02450142450142429,-0.004604691572545569,0.007876599934361475,0.03454750281637234,-0.001297437560817488,-0.007286069977722492,0.01811263318112627,0.06402793946449285,0.018867924528301685,0.006106804105851227,0.019498607242339643,0.01560269222924732,0.0006232642091774408,-0.003937007874015612,-0.0110248785087402,0.010158111327701887,-0.008495695514272759,-0.001650748732460764,-0.0012808570097809825,-0.008921743563599274,0.0008779631255486732,0.017320607988688366,0.003509058266688427,-0.00031172069825431654,0.001676015106482826,-0.00418746980190049,-0.005311908635171472,0.012479442778368809,0.002220450922341072,0.0015192950470981456,0.0,0.01729239101364013,-0.011610419298562191,-0.0010652058129801882,0.00603621730382285,0.017541316323571903,0.0020156210632401297,0.01123595505617896,-0.001105901088206666,-0.0026517794836007982
-0.010057562148143507,-0.004564736259682813,-8.415737428984558e-05,-0.007276368491321813,-0.011082693947143861,-0.008356921417980745,0.02239938311526794,0.001178411501296247,-0.0040777917189460154,0.014124293785310537,-0.0041899903944884525,0.005386479935362231,0.007279474735940644,0.0,-0.0019686621132985484,0.0016488046166529238,-0.007024432809773082,-0.019808861859252715,-0.006200787401574698,-0.002932953237212821,-0.001175778953556651,-0.0012435233160622207,0.020116661681124606,-0.0033437360677663792,-0.008789062499999884,-0.009117155447500351,-0.00125550808461894,0.0017818959372772503,0.010785620932289628,-0.016999999999999568,-0.0019875070982396164,-0.016961544085392608,0.021704054546400876,-0.002167434299647811,0.035897435897435846,0.006523824752158644,-9.278159213203643e-05,0.007693979569658685,0.0160160160160159,-0.003090654765869555,-0.009587328053355663,0.0024168165467625615,-0.010624817233648443,-0.012618566097929104,-0.0019913707268503777,-0.017748715553479438,0.009670951763179426,0.0003907267517583582,-0.004316546762589763,0.008776995034068615,0.019446549049319934,-0.00038287504350849577,-0.028163978708191005,0.031134090142744632,0.012611275964391672,-0.01996641164396326,0.009449356760654276,0.003804864791411959,-0.03088235294117616,0.01423314316867547,-0.007961783439490193,0.0031384102991097707,0.003935496256479294,-0.01675977653631082,-0.009929078014184155,-0.00833333333333335,-0.005769284890102156,0.012901739430941042,0.002709415217882231,0.020988444564228576,0.006281174949196194,0.012166405023547698,0.010633772862611624,0.009404120714713157,0.03319613457408739,0.03121437965804458,-0.003923812637946561,0.006015668718522742,0.005867730373453628,-0.017955801104972285,0.031014045627993782,0.021279900590245458,-0.01736564805057947,-0.015715034049240358,-0.014285714285714075,0.011232633757020351,0.0038091522915147578,0.005535166355814954,-0.0008280254777069763,0.009515260323159505,-0.001966430578245637,-0.01123487149814367,0.020399666944212858,0.0,0.008703220191470693,0.01295026662313632,0.0009630417838493107,0.0008298755186721125,-0.0013266998341624366,0.05827974276527284,0.035910435149978576,0.005484464873253991,0.000720115218434837,-0.00889877641824252,0.012830583922492828,-0.006186909801367473,-0.031034482758620616,-0.003572588502760503,-0.004910631781820076,-0.0039617282104948024,0.0005470459518599191,-0.006878306878306866,0.027034007748601003,0.023907103825136285,0.021387689527060976,0.006976211120080525,0.01185770750988142,-0.0031292018090698388,-0.01949012628915706,-0.00891123043527927,0.0035431675918270846,0.005712953247056046,0.00983796296296292,-0.001754385964912298,0.010192263145702865,0.029454338456534165,0.038561480095624136,0.013385686239514541,0.009865760957464019,-0.000967924969126561,-0.02235811198165471,-0.0030676589217746167,0.004702669902912618,0.006289308176100211,0.0005175940912115211,-0.005660377358490531,0.0028181887424783398,0.06649999999999973,-0.022035427648762693,0.01609253205934122,0.007407407407406833,0.0,0.004198152812762372
0.0017252396166134454,0.007249062022326223,0.01813744055885195,0.014390424315782437,0.013793103448275576,0.007883648226179065,0.009683109299920972,0.003531073446327667,0.012283464566929156,-0.007660167130919075,0.01984067588019095,-0.00910795606750605,0.013957772424542858,0.013835511145272863,0.02383156877742451,0.03209876543209871,-0.010479370798365438,0.004254564793476278,0.01822323462414564,0.004618556701030976,0.05414949970570854,0.027391575015563434,0.008943625833883168,0.011481398643107484,0.05320197044334876,0.015795123447323912,-0.0006926179738940109,0.018498754891497514,0.007104981323302722,0.03204476093590961,0.001991465149359866,0.02037780752640194,-0.013245033112582768,0.004072766766223166,0.02404526166902401,0.020747283472072088,0.01141319476663258,0.053317228884479456,0.02454097626511423,0.01412478452019828,0.011784511784511878,-0.019680403700588656,0.011888341543513894,0.0023655665820447188,0.01097439308280675,0.01949595815501643,0.017988552739165848,-0.0076812914985027484,0.02023121387283166,0.003777904979965599,0.02038505096262736,0.015912810334621604,0.027590435315757184,0.00768476128188365,-0.0030769230769231055,0.007425742574257367,0.007725563909774502,0.017869229727900223,0.015933232169954313,0.0011326550201573495,0.00963081861958238,0.003703230749584949,0.01491538387991192,0.022727272727270063,0.024355300859598198,0.017077798861480014,0.033740942028985435,0.0782440577732287,0.010808376491780979,0.011614861743549216,0.00348815861942343,0.004652966265994729,0.01473063973063969,-0.004742949097992824,0.011604745821425339,0.0059518748405747715,-0.014881685131992905,0.004589069670421284,0.014483174803873693,0.019690576652601776,0.019191612387927097,-0.011406844106463861,0.008149959250203741,0.024481106971793346,0.02093397745571624,0.02465166130760977,0.005480595036032566,0.005744031592173832,-0.01593676292471471,0.0629557175884749,0.004935789613534295,0.019506485906563915,0.004623963008295918,0.005447941888619848,0.026747195858498194,0.01203266007735285,0.0043289035141845155,0.004145936981757445,0.0019926934573230217,0.016710976072920408,0.004486133768352422,0.02581676168653439,0.014871671863756335,0.0028058361391694415,0.017838676318510688,0.014089121887286555,0.009739651620153635,0.014667535853976437,0.01589238810326074,0.009906191369606023,0.03827227993438996,0.006393180607352181,-0.006622516556291462,0.008672448298865681,0.006783326779394268,0.011616571490780969,0.03835227272727242,0.04755131569267,0.024928930680078714,0.002478386167146945,0.029069083205837204,0.016345930906561564,0.029290035020694008,0.010984182776801358,0.006649850951616507,0.003949696663296257,-0.01251000800640511,0.007661148291652028,0.003042921204356136,-0.007917947347320528,-0.005570758405003942,0.0023363154595702914,0.008243998188132316,0.04687499999999708,0.006848415174905536,0.03250290751055876,0.027267203402703964,0.00703234880450067,-0.017724469479920454,0.004454342984409665,0.05147058823529041,0.019086842921039737,-0.011566332218506193
0.03808126554825538,0.008001655514933953,0.0015293047863105798,0.0,-0.009353741496598433,0.004855023600809188,-0.005963783568872663,-0.006568144499178977,-0.015971790085044655,-0.002105263157894787,0.0004239913897133758,-0.00702892673695588,0.02124240095031797,-0.0006317917614354307,0.0029489246254865704,-0.0015948963317384344,0.008592171577007571,0.009708737864077634,0.020231494990759442,-0.000684125550721068,-0.006700167504187467,-0.007978186225005124,0.02681101504032554,0.0007370826269624814,-0.007483629560336729,-0.011020531400966082,0.027635375478985647,-0.007684247293049155,0.004136947218259581,0.013060620995564024,0.0007098239636569628,-0.00014577259475221952,0.0037170882808466896,-0.007571660356949692,0.029696132596685042,-0.0002801382015126329,-0.008899082568807365,-0.017364239495454195,0.007605559926566834,0.0005929634998023454,-0.0012479201331116034,0.0005719514985129254,0.021550045436842812,-0.015282334657226697,-0.0075657894736841985,0.0,-0.01709695926563387,-0.01731828916294937,-0.0014164305949007294,0.007470346715328537,0.005098501664816962,0.038764738140937706,-0.024303898170246564,-0.00454324192763269,0.02322163433274551,0.011151011151011086,0.008654940217492607,0.014097619364277158,-0.015683345780433,0.012713570730023618,0.04928457869634186,0.01787531806615768,0.0028261893546867585,-0.005555555555555017,0.0,-0.015458422174840034,-0.00577765607886087,-0.0059592869950426865,-0.0051236355535752825,-0.017352730119381644,-0.006952067325283361,0.0032805866460824487,-0.004009401354901105,-0.008680112330865289,-0.005136546528550629,-0.0006761896712027328,0.014745494432256779,0.018826135105204853,0.0014729626377361174,-0.001379310344827489,-0.005551937659355982,-0.016230769230769135,0.005063183423392599,0.009610389610389531,-0.005783385909568785,0.010270064663370257,0.0038592702057520427,0.00660360521149378,-0.025717432143551204,-0.016730801405387036,-0.00970086706644169,-0.006648808954367205,-0.007851631244077305,-0.011438892233594206,-0.017647058823529068,0.007855626326963874,-0.0033524399002072083,-0.004128819157720463,-0.012595293337752689,-0.026148673888681168,-0.005278116118554612,0.004785436495185691,-0.006854171590640558,-0.00335758254057072,-0.0018626703920072954,-0.00161550888529884,0.0011129660545353747,-0.010921940250562197,0.013241055105771688,0.03403433157464508,-0.02896261190100022,0.0015881418740073042,0.00675105485232067,-0.003968253968253879,0.0032223415682064013,0.01648734649353441,0.02325581395348833,-0.01797921153666077,-0.022594410070407425,0.00557695624676596,0.00949222323879237,-0.006786814189574585,-0.017383235385091168,0.0032594524119947707,0.0017084282460137128,-0.0019828155981494286,-0.004053917097395354,0.015904920038451488,0.0001596678907871985,-0.002997137565246703,-0.01090909090909091,0.007106310403638422,0.00985383970288715,0.011940298507461932,0.05350123150700572,0.0006521223618687071,0.02839186691312387,0.015130353817504584,-0.009491793553490224,-0.0076373491007636135,0.027972027972025915,0.003172257952372617,-0.012124629916819236
-0.015177583876121429,0.005702684824015145,0.020510915769056275,-0.005701027510772222,0.0017167381974248876,-0.0037578848476715345,0.015659467190264814,0.009681227863046054,-0.013385328836424858,-0.0014064697609000411,0.012241637869205096,-0.012886831835919791,-0.00465275401984259,-0.00821848526994563,-0.010545711149443339,-0.004792332268370599,0.034207977458835866,-0.042657342657342466,-0.008294403660978132,0.0054219836792813725,0.01180438448566594,0.008754962842308872,-0.001910557599773593,-0.000662885762686963,0.015080113100848053,-0.014654251259349707,-0.018976961428070486,-0.010207673354452705,0.003732451665396756,-0.019946485040135742,-0.003972194637537199,-0.0015308353987461044,-0.012653019236704099,0.019346049046321482,0.016767270288397026,-0.02540631421632739,-0.005461445894658755,-0.010711011086104965,-0.014575741801145172,-0.0059129518667280735,-0.007774538386783137,-0.009831942380244669,-0.019348074723598955,-0.010726289639047143,-0.00033145508783548306,0.0013992537313431911,0.04050898902638289,-0.0010680907877168922,0.0156028368794321,-0.016584592743533095,-0.011387556506435687,-0.015046028970204866,-0.00012230421134175126,0.011301276826949161,0.0030163746049984286,-0.015420560747663521,-0.011816920943134464,0.01521311475409835,-0.015553869499241242,-0.006437930773309094,0.04999999999999844,0.0010624335979001584,-0.00037576326914052626,-0.005586592178770207,0.005594405594405517,-0.022198159177043705,0.0005232862375719766,0.020796859249827458,-0.002910882221227061,-0.0017924716191993918,-0.0009211495946942398,0.001731102135025916,0.02762354247640189,0.005236500987209115,-0.013251871611737232,-0.012940877949758884,-0.017267801433966362,-0.015489130434782535,0.008315655494272402,0.000690607734806581,-0.0008879417510211328,-0.010946907498631617,-0.03831174329015322,-0.01389246205299704,-0.005288207297726015,-0.01760165662650603,-0.023706396254083682,0.0053191489361702066,-0.011369680851063754,-0.012591458226986376,0.01805339002476048,0.013194009726970707,0.004639104925637666,-0.019488428745432374,-0.009409751924721895,-0.012112913419001461,0.015377247447638086,0.019071310116084542,0.007720711648204082,-0.046029919447640615,-0.019591836734693766,0.006050621437527214,-0.00023798191337450123,0.016282987085906645,-0.010433454915599433,-0.006148867313915586,-0.025199184732258607,-0.010392984735303567,-0.013609299688120139,-0.02141573841178578,0.02711496746203875,0.015856236786469177,-0.03306789606035207,0.00929614873837973,0.00798131204983434,-0.004858036573628524,0.00033422459893055613,-0.011132831124249022,0.040557944598458705,-0.007032590051457942,0.0030587968732297783,0.025208153890324457,0.00484764542936276,0.007147498375568545,0.027174530983513058,-0.0013402712078208763,-0.01139717105932638,0.001655913978494584,-0.011813537675606566,0.0028034857799095377,0.0020866454689984285,-0.016652554332486573,-0.00581309131891921,0.026548672566370078,-0.01173610788548782,0.025238461994193884,0.012366093896038386,-0.0013758312313689978,-0.0021461369534837046,0.009682224428996916,-0.030612244897957053,-0.009313406974225672,-0.00870558013415157
0.006863417982155104,-0.011227290253804801,0.0035587188612098523,-0.0011334088939262904,0.020565552699228364,-0.0032331941263639644,-0.01902193369770157,-0.02221702525724966,-0.004166221557525872,-0.014084507042253324,0.0011433356414757665,-0.032545738714719157,-0.028734446965009895,-0.023839877613462512,0.05495463370181058,0.005617977528089879,-0.04105827763824434,-0.011322132943754606,0.012016919823110825,-0.014979845299052177,-0.011666666666666506,-0.014229488343929755,-0.0017015242821695055,0.00840212264150949,-0.034354688950788616,-0.013942680092951156,-0.008746770691049488,0.003911806543385544,-0.0202655755423454,-0.015636634400595355,0.0019940179461614953,-0.010367233700810413,-0.0042717232756823344,0.00695001336541019,-0.02308707124010551,-0.020126509488211604,-0.007632166790766967,-0.0045498588701182625,-0.016992428244409157,-0.02313011684285832,0.00965440044774025,-0.027364045722203,-0.0205397349920626,0.001211297565587304,-0.00464190981432369,-0.015370284117372858,-0.022214742510938718,-0.032745255279336985,-0.019553072625697658,-0.029929780131230536,-0.017941289399280972,0.010920907172289,-0.012843513006605226,-0.01842798044377581,-0.0020048689674924463,-0.00797342192691037,-0.013904483868553063,-0.013305774447745822,-0.006936416184971089,-0.02915840829394724,0.049062049062047725,-0.00574353851916596,-0.009397613006296383,-0.005617977528089336,-0.008344923504867758,-0.026301218161683133,-0.020232327681127493,-0.0004677511563847319,-0.0022456770716370884,-0.03488294759244466,-0.007929190484971267,0.004608294930875733,-0.022828583006889006,0.020922288642186128,-0.03653963547571293,-0.030676949443016188,-0.01890785553173124,-0.0031741650565830274,-0.017503997307077353,0.0,-0.04152595094205486,-0.007431417503360009,0.0001320596909804031,-0.00860944429950429,-0.027644869750132556,-0.026731819488358757,-0.011105827224645076,-0.044091710758377374,-0.019369157307149196,-0.004480441151128615,-0.008459924994479503,-0.024095812936647393,-0.014667934265923995,-0.03913043478260864,-0.015544041450776909,-0.013221025695703128,-0.014197976802827635,-0.017087062652561595,-0.000666222518321077,-0.011258544431041257,-0.012905911740216356,0.012651040844601079,-0.010473696738871729,-0.0060773480662982445,-0.00548602777301548,0.0,0.0,0.0059074499507712494,0.019937808670202953,0.024234412866270066,-0.026927138331573074,-0.012486992715920669,0.0004767890425208739,-0.013815789473683992,-0.006952491309385674,-0.0012911618280337215,-0.012195121951219584,-0.01682698102745839,-0.007174473976798298,-0.000806126561870265,0.052179805737519694,-0.023580150106418778,-0.02117661800639052,-0.027311827956989106,-0.01184414434359083,-0.01605747217178492,-0.018116314976839944,-0.015307984627605934,-0.018578352180936935,-0.011317322914210613,-0.005156172533465578,-0.0075200918484499965,-0.004564302974254861,0.09770114942528192,0.0026241990317880585,-0.017220456515457915,-0.01036858177686236,-0.0704936854190582,-0.02225779022657928,-0.023112859601671826,-0.03859649122806752,0.007302142544818578,-0.013676936366253918
-0.005391336679680259,0.004840115612240298,-0.00431173436492578,0.01541850220264309,0.049538203190595355,0.0024327611839438617,0.0037467763125883275,0.015546519971298658,0.024458270757348105,0.019999999999999796,0.024947723982628327,0.030314549082961162,0.01769410432443907,-0.010578555570066603,-0.0004506872981295791,0.021548284118116486,0.006348078929260969,0.024196527521241178,0.016053956492827794,0.01139191505834216,0.02360876897133188,0.01842751842751839,0.014061501313827253,-0.013448326268089507,0.013461538461538258,0.015868028279654344,0.0039811666070867485,0.02089975203684001,0.012450258067058056,0.02672718103882944,0.005259417199715698,-0.001401696790852149,0.019200585957936476,0.005574727900185855,0.022957461174881805,0.019757433489827964,0.022134683924216716,0.0034279910279740584,0.01701746529332733,0.026973148901545917,0.021757206208425563,0.017568850902184296,0.011279065921344191,0.0028622856974238877,0.03997335109926689,0.016556291390728322,0.02111302352266171,0.04021003178112453,0.01139601139601103,0.004271982912068238,0.024560156388839474,0.021108791463697596,0.008632439800090898,0.01636562671045433,0.007605108336920735,-0.00248780021050608,-0.0067371377602338045,0.017674783974862482,0.016686069072564914,0.013682226846217227,0.049518569463547386,0.005274394072585759,0.0036049710653639835,-0.011299435028247271,0.0028050490883590076,0.0042649985783337835,-0.004242407214901906,0.018926788685524033,0.0036011703803735286,0.01371326189573776,0.007992565055761928,0.0055428134556574265,0.013547138512579542,0.008281053952321267,0.011314265025343934,-0.009458981612446982,-0.004257493188010897,0.009829710646545762,0.025924339757316242,0.00483091787439599,0.02294907160573958,0.020390282755874047,0.001848591549295693,-0.038157894736841905,0.027884089666484084,0.013979129749950796,0.015511649864822858,0.007810578105781076,0.02585556546190247,-0.004673706075817872,0.008917632145646549,-0.005649167234830099,0.024259131633356044,0.012928248222365853,-0.013157894736841874,0.0017287952458130966,0.003360651001524772,0.004139072847681835,-0.0020000000000000625,0.013420089467262936,0.003374103753690446,0.023021437895479644,-0.006976184748616703,0.012784880489160409,0.014652646095500764,0.014327580592640294,0.032693404295761,0.00783034257748764,0.035842385734781726,0.037929303792930226,-0.005425935973955448,0.022128556375131423,-0.000953123646131105,0.011340893929285964,0.027226760015558092,0.017971320455057244,-0.018603077963808494,0.005051124242944228,0.016438819278635906,0.030369388578343794,0.015457277801631543,0.00797338381231003,0.013569736926326582,-0.03603802785761649,0.010977932116052348,0.023412176257261077,0.008596288919173956,0.004513343799058242,0.006584362139917674,0.0183967567199264,0.01684441343566237,-0.016889351610850836,-0.018011268280987872,0.03141361256544327,0.021204284609314682,-0.0675604162991709,-0.006530319339791816,0.009140316205533523,-0.008543073460200546,0.00352378555247916,0.07299270072992169,0.019967877761861243,0.025981608524302875
0.010591900311526466,-0.004337404405889737,0.0006880084179852756,0.005061460592913979,0.030399999999999604,0.0,0.015731045181306868,0.027555346208195792,0.004083769633507821,-0.015406162464985898,0.02710252507022799,0.0030437188710569526,0.009666875304263052,-0.0065997888067581825,0.10032313819794086,0.10624999999999983,0.005161119565936729,0.011722272317403023,-0.009910246821241383,0.028733118267811213,-0.0027457440966501623,0.03407720144752716,0.023531059598010967,-0.011927692991554219,0.010436432637570905,-0.05119084441695007,0.008648971070682882,0.004510756419153374,0.003839618113657813,-0.0034381139489193793,0.002121040723981951,0.019651300236406693,-0.006775832862789284,-0.0029039070749736456,0.015181518151815161,-0.009623377453801504,0.007249036520462541,0.019527625474483404,0.008718626155878532,0.01669109588136652,0.03621321036213207,-0.006066262249183434,-0.0011120559952901453,0.013476137232978332,-0.0006406149903907347,-0.0013959981386691884,-0.005955725362400216,0.009697130712008567,-0.0014084507042252323,0.006676119579345486,0.012974398112814844,0.002433958590251183,0.0034807534807534783,0.019010178254079333,0.008829393335232017,0.019856115107913675,-0.0006878367534105932,0.009648784253184073,0.001145038167938966,0.014775654059915986,0.0498034076015714,0.01761399125546534,0.001985064750921547,-0.011428571428570082,0.02377622377622315,-0.0218006795016986,0.040009028835844514,0.03868136354358038,0.0004485310607760587,0.03150810645457334,-0.0009219988936012582,-0.002280935183425282,0.028914348063284058,0.023228803716608553,0.012172200841313981,0.0036590807675144148,0.042414913630921876,0.026185906224293898,0.0025603205966659654,0.019917582417582184,0.05352489292755347,0.0016392162984935862,0.00970916439680184,-0.008207934336525263,0.03457446808510602,-0.0009708737864077651,0.007270648294660363,0.008665405504363231,-0.00033426928733787896,-0.007478260869565082,0.026977695528161497,0.04211969830541686,-0.0071322836764902975,0.04275686024250154,0.028444444444443964,0.030741020386150328,0.010526261696208714,0.01319043693322219,0.004342017368069482,-0.0016051364365970069,0.012610340479192832,0.01064702104540355,-0.016230620155038653,0.006586169045005511,0.019283044512402335,0.018619582664525947,-0.011411743051720796,0.017157656199417216,0.011080606465336046,-0.005250069079856244,0.006546644844517052,0.0015463917525773622,0.01565481352992189,-0.026385224274405986,0.008046194623248753,-0.028922396365971378,0.007065311046010699,-0.0025616628851642003,0.006465024425735444,0.0009507829977628879,0.0021141649048625746,0.012975187798770731,0.00625197347647621,0.0006880733944954358,0.04764542936288033,0.022468915126142675,0.03097391123583819,0.013500900783573135,-0.004088307440719529,0.005452781587662568,-0.014212899431483994,0.02441607342472198,-0.012176885280922763,-0.025380710659897193,-0.00980819695961201,-0.015449615336107938,0.008451314648945246,0.009547123623010913,0.0014963108198751808,0.023074993729621126,-0.010204081632652271,0.03396178235519409,-0.005263906672357264
0.03520345252774343,0.021391723031067327,0.007360672975815039,-0.0010464355788096186,-0.024844720496894155,0.010651206687339834,0.005202243169072945,0.008022003208801247,0.02617582646782769,0.02418207681365546,0.018747708104143713,0.0059770114942528626,-0.001584240253478407,0.014483125166090882,0.02769430405682279,0.018361581920903928,0.014306716696289424,-0.015329768270944726,-0.008215297450424895,0.04262669749395413,0.010462555066079212,0.01215125887041895,0.0030790283954840875,0.016645422508810084,0.011267605633802632,0.0014669926650366328,0.032826850432662716,0.014162348877374765,0.008024603615594397,-0.019221291276490436,0.015803584027091498,0.015360092740182591,0.010284769238720265,0.041302621127879115,0.028608582574772393,0.024340639829550974,0.038899517172269256,0.015058122698878752,0.019905709795704482,-0.0046757497434831725,0.010340314136125597,-0.03984741784037559,0.01291748526522587,0.006271048658692341,0.016025641025640924,-0.00605778191985075,0.0048609541035496496,0.002104986186028178,0.05782792665726203,0.002112800046951056,0.03260273972602731,0.014438796982744627,0.019669455213221703,0.0024310326603952563,0.012281197063805807,0.04495861550037609,0.013919161791136125,0.05772171253822624,0.03850552802134918,0.006602801419793205,0.04993757802746442,0.004910385465259017,0.04452830188679241,0.01156069364161712,0.025956284153004636,0.00260492040520976,0.013537710255019009,0.02535128230323271,-0.0022416498542927495,0.021286410966126226,0.015688445921003796,-0.001333587349971288,0.0314156945917285,0.020917788227663298,-0.026881245026085448,0.03370087142094969,-0.009926168990976255,0.009084836339345271,0.0037751561415683282,0.012121212121212036,0.017562538986040224,0.003896508728179545,0.013314188748205145,-0.054896551724137564,0.011311053984575662,0.006802721088435361,0.006019917326468715,0.040897815959828075,0.008092021667892812,-0.008761170492377629,0.009291782314727222,0.0016448914371651456,0.032393602602330825,0.06181150550795586,0.012964563526361054,0.012976140644621142,0.020833308108477947,0.02359641985353762,0.017292983039574175,0.01808681672025709,0.03030303030302998,0.0232933072308707,-0.001477468603792218,0.011450381679389157,0.021418451537627965,-0.03971005357705521,-0.006516477378514218,-0.0012730744748566988,0.04907165048068686,0.019236111111111117,0.0,0.011322696860524787,0.021305665855428913,0.0453929539295388,-0.0077002535449338235,0.004043506266087658,-0.055612594113620614,0.00403580862929252,0.0030981493721083924,0.05403140191093476,-0.0037974683544303956,0.0223595505617977,0.006275888038157391,0.01719000687600267,0.07488101533580035,0.012697439043091575,0.010484927916120544,0.007452937271111337,0.01658456486042691,0.017301038062283728,0.0435517549965197,0.043016310590397296,0.0025024715768660107,0.0,0.011365655785203812,-0.0021136232626656954,0.018408423465367817,0.03928225024248295,0.03529108706852134,0.018386859524393145,0.027491408934705915,-0.0042395554640872486,-0.008009153318077812
0.00458579000655115,-0.00038161084672708477,0.03541030994058125,0.049168521670813016,0.024681528662419943,0.0016008537886872045,0.017994919640101647,0.01000454752160063,0.019512195121951226,0.036805555555555126,-0.0027596550431195545,0.020383912248628806,0.008347706105553564,0.015062213490504253,0.0016946336600763934,0.0069348127600554685,0.030156841535965297,0.02244750181028228,0.0004760544606302645,0.009787678739836264,0.03269754768392335,0.006723011909335368,0.023328785811732602,0.024338078029353158,0.015784586815227215,0.006510416666666645,0.031172951308147987,0.012602179836512137,-0.011473182237719206,0.013316582914572559,0.02486456452285014,0.04730983302411863,0.027777777777777728,0.007119247393846929,-0.0025284450063211093,-0.007248432132614789,-0.0036829182742897557,-0.003260382279822307,-0.0056497175141244005,-0.009512873044249935,-0.004404715636740469,0.004950797628506892,-0.001632481533562762,-0.005741488747836146,-0.001892744479495328,0.002344116268166879,0.004837439532005713,-0.0006564264145989217,-0.03866666666666571,0.008843338213762748,0.003084372512602871,-0.0029041008456996663,0.03085604514347473,0.003954027836355963,0.008367033886487229,-0.017011701170117063,0.008372619272110055,0.021563667028068827,0.0007342143906022174,-0.01683476150754534,0.010701545778834533,0.0058636696799413005,0.010567196531791929,0.039999999999995386,0.11717709720372539,0.03637413394919155,0.012553869214914764,-0.003210349784379402,0.02314086722084904,0.0008711363489707093,-0.031800835907686134,0.014689049980923123,0.004755172856959159,0.015247776365946644,0.017083144025442906,-0.0007741935483871736,0.025078023586599316,-0.005163511187607529,0.0036779956306518557,0.016633399866932578,0.008095967869788126,-0.004580034156186991,0.06294817295719,0.016637478108581304,0.05541433655312606,0.00984555984555987,0.026198061218093056,0.016681197326358622,0.03728273849011526,0.027046137528725013,0.03736899466285061,0.044855252662694044,0.016804516213732235,0.0005763688760806909,0.05119453924914588,-0.005371900826446323,-0.0009275959600431983,0.0,0.023210199411572336,0.020529016975917677,0.03182917002417394,0.007157326130992632,0.02564734895191104,0.010242587601078088,0.0183583550913838,0.06531014112241341,0.06671664167916021,0.023900573613766577,0.0055963623644630965,0.024868842406486305,0.042276422764227245,0.014249363867684392,0.02608695652173915,0.0071289695398572914,0.010220497776095329,0.021904576056200605,-0.0036238448994382905,0.023995712441228768,0.010377630441049213,-0.025975402883799802,0.0009529860228716385,0.03753159687877782,-0.0006860421604092148,0.038080216313654575,0.006297353143756709,-0.0009388533874435652,0.000997705277860919,0.010288896919708258,0.06590211597480183,-0.00206043956043947,0.0045736064792757936,0.0204834535543197,-0.0030509414773953235,0.08072916666666251,0.017242696491871323,0.018613607188703443,0.03544802363201577,0.004666355576294892,-0.005473998507091311,0.012518054886856093,0.02006688963210573,0.025132275132275082,0.009659746251441627
0.011678918662556333,0.0004940378612651449,0.008840635905389754,0.0013104524180966655,0.02097902097902079,0.008657432072456023,0.008815092931601235,0.023638000900495167,0.00907097288676225,-0.03683858004018705,0.021536749334496362,0.030547343903968533,-0.000478927203065009,0.0058064516129032245,0.010017912824255376,0.011019283746556459,0.02438102438102445,-0.0007082152974503821,0.050152264940996824,0.009440391751015997,-0.007915567282321817,0.03739744323602363,0.0023996800426609147,-0.011015911872705132,-0.002742230347349231,0.006144890038809922,0.00865187669800875,0.003027245206861659,-0.01750677577062233,0.03967270022315799,-0.004472756844673269,0.01757852422157111,-0.00034841471305550615,0.011613228982580012,-0.031685678073510734,0.006349004793498616,0.022795282520682816,-0.020076051846097183,-0.004390495867768509,0.007825674536256395,-0.019778789850357848,-0.006081985159956202,0.01053943789664542,-0.052000812512695435,0.00031605562579020897,0.036950420954162316,-0.04153605015673928,-0.010903836048344778,-0.015256588072121552,0.004063624753279921,-0.03183997354934704,0.01366662399180636,0.0017858529388927345,-0.0011552801554377164,-0.01106347669755219,-0.013826572658181378,-0.02530201593297663,-0.013207547169811342,0.02164343360234752,0.01629386810644041,-0.022352941176470128,-0.0068617925674034136,-0.028420770399499615,0.03296703296702942,0.03456495828367011,-0.005013927576601675,0.02815374854605053,0.026053934528673637,-0.03667105841018866,-0.004803197833725567,0.015015015015014678,0.008084226358338132,-0.017651573292402044,0.014862327909887334,0.011167694094523343,0.06878443526170795,0.015546275090933528,0.025818472185254092,-0.011930346613765404,0.0026178010471202356,-0.016365942902674572,-0.003899243546751924,0.013532619672793365,0.005167958656330752,-0.003853564547206047,-0.001242592238577664,0.018842881578070462,-0.029499199634118498,0.007099002302379203,0.019449225473321445,0.014063198135487532,-0.0004939602137500149,-0.0189799870884439,0.014976958525345604,0.010551948051947858,0.010594100540091437,-0.002321261701382374,-0.0031796502384735885,0.01948881789137375,-0.017794970986460188,-0.012495119094103835,-0.004780305061881951,-0.010579466217840722,0.021878335112059503,0.009694735998718155,0.02402957486136713,0.0035137034434293618,0.017117958294428776,0.01184927536231892,-0.02572796170721978,0.028081123244929385,0.011038635223281317,0.0037891134289438234,-0.0025740025740025774,0.015644028103044508,0.007826896452952726,0.0030914711765776307,-0.00799352904791346,0.00018341145302621476,-0.0015783171873299704,-0.004125674389082798,-0.0011651925215824456,0.0006241028521500336,0.009984805730410252,-0.012026987386330085,-0.0021219837516672723,-0.01664507126482599,0.0036612309310888225,-0.006213062585240204,-0.005505849965588494,0.007682822725979438,0.012626126369179338,-0.005996908809891833,0.012048192771083757,-0.0009537900009762384,-0.010144927536231814,-0.03620432006520845,-0.011843938690199719,0.0003502626970227895,0.0014265335235377151,0.12459016393441796,-0.023709677419354726,0.00014279594459520555
-0.008672721945502454,0.003927906089376695,0.010338996079637031,0.006107441106818005,0.03348554033485494,0.008186980060742149,-0.0036639774382208217,0.005058280184737193,-0.0006914946162204193,-0.0013908205841447446,0.012808621527317694,-0.031293463143254464,6.845095489075837e-05,0.0017960230917254646,0.0013137151865475556,-0.005449591280653943,-0.020500205002050013,0.006732813607370756,-0.006162211146352393,-0.01100247555700032,-0.018085106382978562,0.007540923303292074,-0.03331560047878697,0.009245777518928383,-0.02474793767186012,-0.00867888138862114,-0.028210234214598923,-0.004024144869215227,-0.004791256946002689,-0.0057238254233245,0.03185840707964563,0.014395714763977215,0.007618004381597261,-0.014474669328674776,0.013089005235602077,0.002839027160026496,-0.037088030289992115,-0.014395393474088282,-0.014613056636402992,-0.001058851211796434,-0.011814682065578062,0.002631256884102282,0.00552716320351175,0.00226514432642569,-0.0053712480252763916,-0.016689219666215407,-0.005606821632986782,-0.017532208792668213,-0.007042253521126562,-0.00341119333950038,-0.026227716686018608,-0.001894477597802405,-0.008332041543946669,0.006466536985437237,0.0023772898895258418,-0.005849582172701897,0.011396558009247637,-0.009918738049713115,-0.008258527827648098,-0.003377288682288241,-0.04452466907340433,0.00862121675328639,0.01057860362432157,-0.03191489361701796,-0.0057603686635943376,-0.017357222844344777,0.016455403285938336,-0.00838603888498481,-0.05881012081148825,0.014576315107540806,-0.016642011834319192,-0.005967922417008641,-0.016536458333333347,0.006320332973639436,0.012899805619367478,-0.026661296818364762,-0.017775655311471922,-0.022444213803840048,-0.0018125540280527583,-0.028067885117493,0.02024088680451925,-0.017302121662882544,-0.0006377042646472332,-0.003713224792916321,-0.014023210831721361,-0.0038281175232079546,-0.023285602934683503,-0.024033930254476855,-0.0026036705404204807,-0.020260003376666814,0.006416919436359061,-0.005166681642555481,-0.0019742037378257925,-0.02326901248581155,-0.02008032128514024,-0.0048304213771840085,-0.013494626598791273,-0.015948963317383043,0.0006267627702914051,-0.0055139818826309365,-0.007512850929220999,-0.019798928298035243,-0.01871202916160377,-0.002088772845953011,0.0011109347722582626,-0.006016847172081733,-0.022408963585434212,0.00458996328029373,0.005110459253826946,-0.008734220402592929,-0.024279210925644588,-0.0044665012406947735,0.008401996996387653,-0.014838709677419237,-0.0023058476295886323,-0.007318476904165847,-0.013596809282088418,-0.044630437910691226,-0.0014466472422012373,-0.022076860179885503,-0.010091353303590376,-0.005302508086324826,0.0013721698995821385,-0.0006447453255964111,0.0004948535233570533,0.014490552281426514,0.01996756537603883,0.013186859263297036,-0.01768831960963689,-0.0028670291646069575,0.003482680722891388,-0.011296424575051964,-0.01859684040303511,-0.007142857142856736,-0.0073068422714357125,-0.013304475141638591,-0.0111353865670591,-0.015981198589894195,-0.017406962785114003,0.006647673314339977,-0.040816326530609834,-0.025483231455476582,-0.01070816676185034
0.00200981261452968,-0.006304775532105126,0.004488910868490196,6.194251734384844e-05,0.022827687776141005,-0.0013097576948264537,0.019895360842681634,0.016192560175054584,-0.0008896797153024668,-0.01810584958217241,0.006061663250621401,0.024946159368269834,-0.012183436002737802,0.0020489179152260208,-0.003837575439517274,0.0027397260273972564,-0.028903306822938533,-0.018655403027103105,-0.02161028540165937,-0.032211574928573246,0.02600216684723705,0.014695144213216601,-0.02228795487377041,0.0016590925485103882,-0.010338345864661539,0.018158236057068757,0.01513885958548782,0.000336700336700411,0.0013395225464191461,-0.03478052290717105,-0.009763821084575793,0.007326732673267257,0.03226762860107718,-0.02329703722461368,0.0077519379844961135,0.003428643326727717,-0.028507596067917813,-0.0024554421912703624,0.007195507195507223,0.017613881727887817,-0.012358946802794072,0.012633506255721709,0.002421770441654567,-0.0009467672479615068,-0.005717916137229987,-0.009633027522935666,-0.005051098320215995,0.021495200757063584,-0.012765957446808229,-0.00858618088994601,-0.024058357298169273,-0.004713549081016128,0.023799288756887742,0.0009402423735896116,-0.0011160714285713637,-0.0008405715886803859,0.0018969932656739063,0.017984308992154426,0.003258508327299159,0.0006092105012659808,0.04911838790931855,-0.005516488845780734,0.0197524121609321,-0.038461538461534196,-0.0023174971031286002,0.0017094017094017645,0.004780816027116492,-0.0076537843711612045,-0.015257931702591244,0.021582274439691056,0.003572771718691127,0.00450281425891176,0.013636965444194415,0.017693014705882432,-0.006803907885554926,-0.013488910956637002,-0.008400410566690048,-0.035301924353019175,-0.005419599955302291,-0.0006715916722632168,0.02492713045476868,0.051545570427023533,0.006460875807609398,0.026376146788990643,-0.0029426189308483985,0.021327697185128038,0.0008092014576787635,-0.007061805890873993,-0.006303323570609864,-0.003963467172152335,-0.0003059535863337822,-0.00528383687847187,0.006461822497692054,-0.010459035444508994,0.009016393442622755,0.024992254466590955,0.013207589046263922,0.016207455429496198,-0.031005324146570534,-0.007524752475247488,0.004382470119521855,0.02101521108926724,-0.02526002971768187,-0.006279434850863298,0.012206721623335512,-0.017554479418885615,-0.00984957020057303,-0.012793176972281337,-0.018855879067010143,0.01321676877538378,-0.002592016588906142,-0.007477567298105609,-0.013202382869103267,0.007858546168958752,-0.014051955255616175,-0.012814670423664277,-0.00018378974453229618,0.012952782589050466,0.00142833823049298,0.023968784838350028,0.009228457989054624,0.013700090623167434,-0.028900654001868597,-0.02086021505376333,0.0063309921851814645,0.004626441083994555,0.0032793401570108964,0.0030003310710147316,0.0023284694194349504,0.03159495009584237,-0.0027201951036486807,0.006844516302883337,0.021674377336966727,0.002398081534771931,-0.0022187892831719803,0.014451612903225846,0.0005701660608653558,0.005970862192500569,0.01827530034616159,0.007075471698113175,0.01215805471124542,0.007247298156389069,0.052388512050800924
-0.0037755884608576817,0.01462448814291499,-0.009240674114751025,0.0037163208423660527,-0.04391648668106484,0.0036721311475409143,-0.004936530324400522,-0.009474590869939618,-0.0014841199168892816,-0.007092198581560184,0.003872272792949021,-0.004289966730870322,0.009562084257206163,0.00038338658146964846,-0.006552303183958407,-0.0020491803278688495,-0.0677385288476043,-0.016857962697273927,-0.0062441752096924095,-0.006452961308357449,-0.027983104540654464,0.010074660429972137,-0.005980440441849003,0.013466801094627697,-0.0189933523266853,-0.0022292993630572814,-0.00921889902771657,0.007741501178054322,-0.023032807512483343,-0.01565606361828993,-0.003197868087941262,0.010680820391848608,-0.00986117759693628,0.006222452683432776,0.008974358974358963,0.01197492163009398,0.009474749333088183,-0.004880533039086699,0.009147935180344992,0.006185460951866497,0.0005440696409140045,0.0021094503375120514,-0.017865089961218213,0.004279775006113962,-0.0006389776357827072,0.009263547938860498,-0.054663518299881406,0.0011911064055055251,-0.004310344827586042,0.021826906196968757,-0.012613195342820302,0.011982709300108148,-0.015650049622108544,-0.00036530633545561254,-0.0034916201117318386,0.008132361189007318,-0.013405282590173276,-0.025847759070429098,0.027787802237459157,0.006640156776194474,0.04921968787514898,0.021883572081682443,0.039185932339551914,0.0,0.008130081300812853,0.004550625711035144,0.04773173556215706,-0.013235574176347437,-0.015248401377275,0.010469404337771104,0.033914183998500436,0.004295853567426335,0.02612330198537088,0.004214645894483254,0.011154048831898845,0.003271537622682732,-0.0008989131323035945,0.019947723208144117,0.004128981517892328,0.004704301075268678,0.004097650476530322,0.012349420410637114,-0.02052623236646049,0.003631284916201129,0.06394490900147502,-0.022293293199134395,-0.013996230497284393,-0.002249103397969615,0.006215159864163537,0.002941176470588214,0.002070186829711427,0.039135567057114413,-0.0037997903563939763,0.012331180270111554,0.021121039805036282,0.0036272040302267193,0.03258827857230323,0.038277511961719475,0.005817711700064641,0.052274541101356306,0.0019833399444664657,-0.01662563460318558,0.011178861788617772,0.0005265929436545195,0.033985904463586576,0.004621072088724398,-0.016458672454331687,0.013267510027768985,-0.018939393939393933,0.028330728989740987,0.002079002079002087,0.006027122049221522,-0.014765867188774593,0.008447043534762612,-0.0041256446319738235,0.026561419960459978,0.00183823529411764,0.01586003518945307,0.018195525490036297,-0.002776265650517095,0.0028708133971292286,-0.0024190155658392427,-0.00564428195753957,0.01954755106523158,-0.0033421802811363422,0.0030104770562900673,0.002080031695721098,0.0037752975883481887,-0.007898404831965319,-0.00265906324085352,0.01740030097817905,0.015255325982228866,0.003194590906271378,0.0,0.028407495389379193,0.00038158229458147303,0.01595555238977123,0.01305792972459633,-0.02719592061190812,0.010304449648711843,0.0,0.00496507615921906,-0.01919912232583648
0.008053532302954872,-0.013393649104133518,0.0346317036810519,-0.01061400802221538,-0.01054216867469868,-0.006402717888409727,0.012173932923344228,-0.004782608695652129,0.01159334126040419,0.001428571428571327,-0.0044474509916808975,-0.0014068407632110316,0.02340425531914884,0.00229943791517629,0.029464404083256013,0.004791238877481171,-0.005918254115036145,0.004742794600510579,0.0030948138422582316,0.0003681304233500106,0.020640956002172573,0.0013358268768367595,0.008564552661381737,0.000994812762026639,0.003872216844143252,0.001276731567187922,-0.004905214700126642,-0.03440213760855006,-0.015373769691711127,0.01817722797273367,0.009357037829167136,0.006159232365145219,-0.0044962289692516795,0.03323885596495726,-0.012706480304955511,-0.010439254073477419,0.015308911973756079,0.015267826680313757,0.012691012691012709,0.006492510607842157,0.006797172376291444,0.015998075419498332,0.008787545313309194,0.004200657494216539,0.01023017902813289,0.005507113354749783,0.003621830897964315,-0.01758096497025766,-0.01010101010100985,-0.0052113160004582096,-0.00520435273137523,0.0002198561512609748,0.012059872809058432,0.008666144609762408,0.024526979677645375,-0.004636068613815476,-0.01222484503041814,0.025803310613437047,-0.053370786516853515,0.0018711726014968685,0.049199084668191055,-0.0014912908613695997,-0.021044494073183265,-0.011428571428570082,0.028801843317971688,0.01585503963759907,-0.006583689749627693,0.013413104313422831,-0.00224775224775218,0.0017010484644171579,0.004168176875679462,0.007439092430723423,-0.0016547861507129134,0.0030727722401260064,-0.014071050117258767,-0.01747491638795991,0.005780031626588093,0.0021580793094146456,0.0236090520014546,-0.0006688963210701872,-0.005106236105048481,-0.0021703337823679738,0.03301237964236582,0.002783189535207332,-0.004160887656033275,0.007119492014623675,0.009133375559878747,-0.031436578530522764,0.04139072847682113,-0.014490253579437326,-0.013250959413558255,-0.01878713736455783,0.01473102722609483,-0.009860788863109036,0.012728719172633005,-0.013552856138941858,0.01983774608966967,0.023041474654376167,0.02442159383033411,0.0007584376185058291,0.0,0.008618257846659311,-0.024120603015075313,-0.008947368421052478,0.0032565889124507356,-0.00613308800981284,0.0011033468186833772,-0.00822168087697921,0.008266811947793669,-0.0022463002114163975,0.019190871369294347,-0.000499251123315136,0.01308271921834888,0.007087628865979438,-0.0200546087938988,-0.0019682258656899105,0.021834862385320977,0.043909935842704834,-0.007064097176362323,-0.006059282711938492,-0.004346904156064476,0.008961518186610428,0.0049667806231052285,-0.016587677725118388,-0.0014794358417990355,0.0027934206029626998,-0.0015814964910546812,0.005816343308122176,0.00655635341866987,-0.0009315473322412031,0.014144402329666197,0.008804766172826502,-0.006554336064306634,-0.02153110047846784,-0.014368579525327583,-0.006865861411315919,0.007642151020122047,0.014998828216545593,0.009609949123798651,-0.00950394065832162,-0.03903903903903662,0.030355049405459595,0.00866890380313187
0.0014686013041179562,0.0010788456351704082,0.01263531237300043,-0.013846441713964958,0.03424657534246523,-0.00039452919516038104,0.020283013540831254,-0.0013106159895151161,-0.004995592124595957,0.012838801711840129,-0.013532073616793568,-0.005899445276041237,-0.008785460398363552,0.0030588835075197546,0.007243810566305009,-0.02588555858310623,0.006465116279069807,-0.006535947712418112,0.003646222887060555,-0.011039848596362102,0.019691325172964073,-0.012184276058342245,0.0030879359955083563,0.015475260878824393,0.015429122468659242,-0.000796939751354795,-0.0046319558751336,0.008993427879626247,0.0045023957702263325,0.0024795437639474074,-0.004370282081843384,-0.0052838456086088245,0.008547423631683693,0.020698254364089702,-0.016087516087516067,-0.007231178588198433,-0.008526296894632905,-0.01936486600016797,-0.002642796248934274,0.0028443722064202233,-0.004860923575479358,0.00473568933877937,0.01212801796743408,0.024522582600788132,-0.006012658227847991,0.0018256503879507167,-0.020408163265305878,0.011437029063509118,0.010204081632652805,-0.014161533590466801,-0.014304529157825376,0.007661872762670376,0.0031035671864822036,-0.014492003519486554,0.003009575923392671,0.007731718677223977,0.014163590441033536,0.044375889890840056,0.005192878338278808,-0.0028486803629708245,0.014176663031624523,0.014098811159567405,-0.02228656664034399,-0.005780346820808662,0.0033594624860021323,0.05852842809364516,-0.013980263157894666,0.012283374595315037,-0.02953692115143918,-0.01046683957021121,-0.014437827107020082,-0.006276536828503005,0.01134769858472532,0.0013448894202031916,0.001850057263677326,-0.001106288826482812,-0.008755760368663639,-0.003230148048452181,0.013937091793512412,-0.008032128514056231,-0.00889759601648901,0.004800120003000136,-0.006775280018798531,0.0044407438245905,-0.012534818941504142,-0.02502865876958338,-0.004735511855592105,-0.01937350610139635,-0.006603888956830236,-0.05251181515840972,-0.048461253455695776,0.003873897942826525,0.011406351263771666,-0.006444053895723484,0.04163393558523106,0.006004477915733738,0.025641135792474908,0.03078078078077848,-0.022898368883312314,-0.05570291777188283,-0.02019002375296894,-0.004929350094905867,0.0012873326467559153,0.005841741901221363,-0.004755793764625915,-0.010490589324282191,0.0,0.00736874424316862,-0.0005403373584551475,0.0001986491855383089,-0.01323155216284971,0.0009990009990010742,0.005966489579076378,0.022392834293025944,-0.010953112990007534,-0.00427919002057017,0.0030526126773209542,-0.00030378800271076606,-0.017775807166753956,0.010215289982425371,-0.010222553508678523,0.12241379310344824,0.002374839537869089,0.0010952902519167531,0.01926116159620687,-0.005986160707670825,-0.001287001287001353,-0.005455771470606226,0.015508684863523525,-0.007845154652433807,-0.011394712853236077,0.010348071495766662,0.020539632153860503,-0.024449877750610055,-0.012309351063590932,-0.00614517987453599,0.021569718897856912,-0.0016162549064882065,-0.008500458108520717,-0.012871518839222967,-0.03749999999999764,-0.0054045267991385555,0.010673690047130613
-0.005337869544814582,0.0008531656937584599,0.002444452552081366,0.0027828726835747806,0.008094186902133762,0.000394684909880218,-0.01937062085607075,0.022528433945756706,0.015160464658397382,-0.007746478873239288,-0.0018905808040098693,0.019840566873339283,0.026860622462787545,-0.0002541296060991105,0.006009077542670898,0.02377622377622374,0.002287536392624343,-0.001644736842105423,0.04098742431299455,0.017435679353604048,0.0,0.01575582965697305,0.0297348352340306,-0.0076197133869277,0.004748338081671325,0.007337693412027449,0.011230511247918353,0.0003428179636613715,-0.002042354876293555,0.026218154835517586,-0.009310986964618163,0.00738485457018841,4.815332017160096e-05,-0.005619350109943807,0.009156311314584683,-0.006148704042378756,0.013306780121299917,0.06026986506746614,-0.0038464826053508775,-0.0001899311183144246,0.010990502035278155,0.0035350262181111135,0.006942353109001166,-0.01514837717092229,0.013371537726838464,0.012756264236901986,-0.017657520325203038,0.034987361979512945,0.0014430014430015243,0.022014598540145987,0.010318078907322758,-0.006731068868806449,-0.0006111535523299878,0.01081875951893289,0.013093289689034227,0.0012017008689221224,0.003678231383743122,-0.014996591683708264,0.0,-0.011011048887543647,-0.03763440860214973,0.012901325478645104,-0.017589518083101385,0.0058139534883715,0.010044642857142697,0.07451290152711917,-0.00907619094343325,0.015144389050889027,0.006448284756254803,0.01092077755936222,-0.02691814685954902,-0.01579045142114057,0.0032778618255167704,0.005223101029697052,0.03438269433696785,0.011330720736070823,0.013755571963792535,0.01404266810694025,0.006468479637765137,0.036437246963562306,0.029835687518016636,0.030454579383443973,-0.0014589330073734536,0.00386847195357841,0.006111894687353076,0.0060748579267097,-0.00741579107402281,0.004618345093008362,0.05915302228240799,0.017365601330130803,-0.011572293588094024,0.040008871146595584,-0.006151480199923079,0.038325471698113164,-0.009049773755655887,-0.004552352048558417,-0.0017241223476545124,-0.0021849963583393263,-0.013483146067415607,0.005617977528089866,-0.007272727272727261,0.012889719224426133,0.002828490614553914,0.008447729672650357,0.0014411407766989246,0.012160898035546878,0.03581925055106526,-0.0027430661383725345,-0.031850128105681295,-0.008142999006951299,0.00722021660649815,0.013972055888223329,0.0033311667208320876,-0.013141426783479328,0.01952593743928489,0.004172016924979472,0.006802721088435267,0.010799438990182281,-0.0029546946815496838,0.0014678699575947673,0.02119419042495966,0.0013499045757108567,-0.021643081257603836,0.003938730853391693,-0.0008721775365830268,0.020347320563464256,0.021411578112609155,0.015922912557527938,0.0022907758094074457,-0.004698943547864408,0.026924850161364675,-0.00863852679495139,-0.0028054767785808763,0.005012531328320622,0.00021984186547205014,0.011142599510498622,0.0028606456885983105,0.0009250693802035899,0.016017249345448833,0.019203413940255872,0.0,-0.007394999182872998,0.04704430119325176
-0.004717815651353418,-0.0005832473417381585,0.01073664288833891,-0.005550299590034654,0.008029197080291813,0.012098895318253578,-0.026390346867133888,0.01005347593582881,-0.002715283165244326,0.009226401703335448,0.006651591683307908,0.030832030571478142,0.0022402319298938256,0.001016776817488561,0.00181101861854223,-0.001366120218579233,0.006431980081610193,-0.006955885044847045,-0.00044742729306484753,-0.0012016718913270394,0.013048016701461242,-0.0007977308987768917,0.07378719934773746,-0.00014088475626924333,0.0,-0.014568487727632645,-0.009576625917712044,0.017820424948594767,0.005342966239046181,0.0,0.001879699248120283,0.00790945919876546,-0.0108339753466872,0.014004914004913908,-0.016850291639662972,-0.008788349884196914,0.0007146685724494845,0.00981738849385915,-0.0018877638579029015,-0.056192297463304744,0.0009394712119177692,0.0005870956378794098,0.010609328023422458,0.010244239492895229,0.00031416902293422954,-0.0031488978857400394,0.023664813138497023,-0.0005141388174806892,-0.005763688760806831,-0.011770083419037888,-0.004775724624370887,0.014086716446006169,-0.008446720684910524,-0.006182781732218048,-0.0002692514808830527,0.006278275320838491,-0.008703785001240737,0.006343713956170689,0.027675276752767323,-0.007173738378543825,-0.02458100558659166,0.017098988019076323,0.020918973234676,0.005780346820808456,-0.0033149171270717183,0.05464346973780898,-0.0027973066640260722,0.0011582653817642688,0.006919528446950218,-0.01595728263218008,0.010538200978547078,0.007361268403171152,0.01621010304096514,0.006828978622327814,-0.02380345150046753,-0.001769016932019127,-0.006636093876449932,0.006790945406125178,-0.011086415124655241,-0.007161458333333204,-0.018014595621313675,-0.010720753350235373,-0.0053309113884062505,-0.003578309936691451,0.032242990654205335,-0.006135566809505203,-0.013007936372867658,0.012642063593410757,0.03417213924565577,-0.009079353550027073,0.007638117009916385,0.01283746321491037,0.007479045776918,0.006814310051107318,-0.01826484018264817,-0.006910569105691004,0.00949901363248218,0.010218978102189077,0.03156524568825228,0.012769353551476424,0.04802604802604769,0.0025759470813754436,0.01153846153846148,0.011518324607329664,-0.006892372945542606,-0.003080714725816338,0.03670863628302885,0.023838630806845857,-0.0218995824026416,0.001067948204512019,0.004608294930875412,0.012303149606299094,0.01619564337193294,0.034876347495243695,0.011338732729871431,-0.0019228092360903035,-0.02702702702702681,0.002520697470052389,0.0036425749094500764,-0.008251452147006027,0.00547829751369566,0.04025660096690233,-0.012893513973427593,0.013077593722754957,0.033559650824442046,-0.006121256391526607,-0.010772515527950433,-0.00016178939066074417,0.0019808014627457934,0.0028001172142089353,0.04013648199694708,-0.005948343334203015,0.005657319348032167,-0.01745635910224359,-0.005729790362432004,0.004204089432447863,0.027913610431947736,0.025184842883548813,0.018038502349552833,-0.005350081414282261,-0.006493506493506049,-0.025190368388557115,0.013492271417343518
-0.011080168276352446,0.019639971269527736,0.038853480249180825,0.045411302086636525,0.04923968139029626,0.029365904365904315,0.00849805808358927,0.05950868276154152,0.016919486581096682,0.016877637130801492,0.021339906938751717,-0.015923835200943683,0.005390835579514848,0.013204672422549515,0.009514446100662835,-0.0034199726402188734,0.010834707714861473,0.03373271889400901,-0.01387645478961489,0.03115028508657212,0.008758371973209684,0.0055885744699724505,-0.014173626929891206,-0.007890658024517421,0.018903591682419302,0.01992608066848795,0.04537988928766952,0.03838383838383805,0.008388551130541651,0.0057845263919014,-0.0049584561779683674,0.006124792650248754,0.007204400525726385,0.005815362248606791,0.009228740936057998,0.0034568849625504694,0.02678093197643273,0.009681936387277375,-0.0034387895460797737,0.001556545542375659,0.016760525610083087,0.008683917150736336,0.03984237496690187,0.09584275008921124,0.031721105527638065,-0.004061371841155224,0.029181404749873338,0.001157407407407375,0.014492753623187984,0.028966234967622618,0.006312059355505481,-0.019119512421495573,0.0032378676328873412,0.0018820577164367067,0.011446269862644746,0.047068538398018035,0.020698950611341093,-0.01684813753581663,0.044524236983841614,0.019094780246247584,0.04925544100801717,0.005546660567246131,0.03418038654259125,0.017241379310342888,0.0,0.018122676579925594,0.027306804359158936,0.0037021611365634657,-0.0033087299567318607,0.0014741860611003923,0.0284916201117312,0.006557991380925588,0.01384938790651651,-0.006414037157180796,0.01759122180614823,0.018818565400843812,0.002797088855094428,0.017722523475730646,0.0013268704811936658,0.020983606557376702,-0.004968033554587212,0.0010251153254740143,0.022906824407479365,0.0044198895027624694,-0.03531009506564029,0.0026457618814307105,0.035003218686775785,0.02938209331651945,0.03585276763135706,0.04691222283305764,0.046199455436820275,-0.12405255179383531,-0.007423524894406642,-0.0005640157924421878,0.020930232558139125,0.007163323782234949,0.00042773040530247986,0.0007225433526010885,0.001577287066246047,0.001970055161544508,0.005825242718446557,0.011020130308207504,0.017997465145754087,-0.005175983436852949,0.016549725442342914,0.007725587144622752,-0.012487170715018888,0.003582089552238751,-0.016159459861986764,0.010868115748766458,-0.0020387359836899757,0.0019445794846864456,0.006932823332536307,0.012867647058823513,-0.008950442811381177,0.013632151738353387,-0.0023757309941521624,0.02463610989365856,0.022719350407020885,0.0012589632711149771,0.01906957250628668,0.003217445705603634,0.021018432568624852,0.015490533562822628,0.0032845345345344505,-0.002601755082242025,0.011380359069950089,0.008859402496005211,0.02569951338199502,0.021916295983635817,0.003021408839779,0.027872552621909654,0.010125889436234313,0.06852791878172249,0.014742426783345754,0.029305423406279726,-0.0004625041295011857,0.00022537750732481922,0.012507444907683156,0.0023386342376052276,0.039215686274507215,-0.016551957100029553,0.030244280728964602
0.040143798681845366,0.0051951482598455445,0.011022530329289487,0.00072802281138145,0.05037957211870174,0.005554152991668727,-0.010035867016140072,0.03937637417549452,-0.007458405048766437,-0.01106500691562913,0.0064838617537845795,-0.007020547945205506,0.009743019682207593,-0.005639097744360901,0.058119443309980805,0.033630748112560005,0.0038070203267692847,0.022289586305278095,0.04439400817067595,-0.017653772986683545,-0.008171603677221688,0.03652081863091039,-0.01970474967907574,0.026771765374236606,-0.0027829313543598477,0.0004726642508270892,-0.00482979342449819,0.022373540856031097,0.003996802557953636,0.03259046249700393,0.019663299663299317,0.0017755231452123974,-0.008506113769271613,-0.0067453625632377685,0.017635532331809253,-0.00022328548644332303,-0.018083811511041485,-0.011966557039267661,0.00923050379572121,0.004394426580921781,0.0031649742845840496,0.004246408004188339,0.01783975674420686,-0.012726927356109759,-0.006088280060882764,-0.004984141368373287,-0.0012274456855283307,0.03622350674373792,0.009999999999999754,0.0003933247176490671,0.019917834348177003,0.015707301687431053,0.03623160564029666,0.02337716551868081,0.005192384502729293,0.03286014721345946,0.035502735332956,0.023432035439496356,0.039532485390168175,0.015182454150122926,0.04912663755458408,0.004549331816889389,0.0044990482782488635,0.016949152542371008,0.01995565410199509,-0.01916932907348229,-0.00898919846313699,0.003826824657660436,0.018896833503574923,0.006138620063265338,0.0032590983161324724,0.006329113924050566,0.0004878643737040813,-0.0018550122430808014,0.03697047496790755,0.0005798061790773165,-0.003601700652638915,0.009226770630279407,0.003677862512845449,-0.0044958253050737295,0.015152445262942535,0.006436983395508865,-0.01090584491189936,0.00797579757975787,0.007508212106991926,0.002150117279124356,-0.006591734509146278,0.02652211196863906,-0.01687191450116632,0.02870645895326399,-0.0013550423731004976,0.026583982309393395,0.03907156673114071,0.011851015801354389,0.001518602885345589,0.0026417394838446516,-0.007695636886928775,-0.008664259927797152,0.017007874015747854,-0.0015729453401494397,-0.0023166023166023867,-0.0037772613496488234,-0.009462151394422292,-0.010405827263267322,0.018981168879885914,0.026678932842685396,0.003464403256539049,-0.0017846519928612801,-0.024170556326479156,0.0041553987204011435,0.03064351378958089,0.023774866569626192,0.0052231718898386615,0.0024198427102236687,0.0041829071204485735,-0.000914155653656205,-0.00677779813152577,-0.006573763479592023,-0.0028871022715880328,0.006778919746337114,-0.009973267530331098,-0.013719376391982252,0.01792324176894595,0.0055084745762712115,-0.0045832943597417485,0.0024759041471394726,0.02551168881559795,-0.000661627603905644,-0.009043736100815426,-0.01019889432547496,0.0013770548239950995,-0.008732509447451802,-0.007856949336223214,-0.0023752969121139354,-0.006933593749999944,-0.0056695630738892175,0.0025118984664198505,0.015772870662460498,0.007500000000000081,0.01353243117125508,0.04088050314465154,0.06096775578549636,0.0032618241124074973
0.0004032258064516386,0.01738825745132812,0.048203510696653816,0.010063655653228183,0.04993429697766047,0.028370574943509873,-0.009080880218312803,0.0249999999999999,0.00857418111753379,-0.004195804195804098,0.003306183840849133,0.005518192791860735,-0.009130941587877294,-0.0017643352236925013,-0.002048632760309993,-0.0053120849933598864,0.0007223965505564298,0.005930577359148925,-0.022687760778859326,-0.007436288052880314,-0.00875386199794012,0.00306382978723396,-0.01794015583055053,0.014178020610000671,0.045581395348836415,-0.00787401574803147,-0.01959670548139721,-0.018395179194417934,-0.0032791752132137627,0.0032490136922717614,-0.006339981508387049,-0.010381060893783925,0.006288081891299088,0.0014552510308027237,0.0012836970474967891,-0.0006700060619597238,-0.0028333628475296965,0.00024062562662919936,0.016497136507393727,-0.0012805463664497334,0.023136584724595583,-0.021084337349397617,0.0040616906051330875,-0.00846572480897139,0.005819295558958547,0.010928961748633807,0.005407398304043165,-0.00917317466220413,0.004243281471004083,0.03156594023814859,0.012228016543787081,-0.001738968419091501,0.007044864664441968,-0.007240465021415475,0.001059602649006561,-0.004411639942309355,-0.0018764118632952304,-0.00205034741997944,-0.004629629629629524,-0.0009684688879369408,0.049947970863682745,0.0020945372204925227,0.022739018087855334,-0.011111111111109837,-0.010869565217391068,-0.006514657980456022,-0.01392309380410142,0.015157082491273184,-0.0017543859649122434,-0.01450583657587545,-0.011911207363291548,0.009988901220865624,0.018042179690357225,0.0011894142134997818,0.02360320211273406,-0.01456953642384096,0.035223134206664085,0.0014164305949008753,0.02093549603923042,0.0,-0.00743794156478982,0.0012355549095136387,-0.01028055719050414,0.015279672578444727,-0.011178388448998393,0.001170275014628258,0.0003745381162410195,-0.004057521331821811,-0.015837104072398196,-0.005785264590777567,0.008496481435426938,-0.006789978927651598,-0.012782328121121723,-0.0033463469046291095,-0.0007581501137224625,-0.009019051479529762,0.007324455708229612,0.008011653313910518,-0.004026014245896397,0.006301693580149593,-0.029411764705882,0.01112723069959921,-0.0035193564605329993,-0.0021030494216612676,0.0025033132086584166,-0.008661887694145476,-0.002589331952356283,0.012812872467222671,-0.008196085528867235,0.01688124014713596,0.02180376610505418,-0.0004739336492890681,-0.0014170996693433737,0.003621001810500999,0.007952286282306233,0.009409013139006406,-0.005164146071560416,-0.006277335871461873,0.013130114813101995,-0.0043983492615116745,-0.003946411880776764,0.010071357600939466,0.01811802232854868,0.0027391487568477644,0.000469836496899048,-0.005836347064185088,0.0005675368898977568,-0.005416900730278468,-0.0011968880909634233,0.00215067569736456,0.00988397077782551,0.003554685487610161,0.03301171187572051,0.0,0.014236329114881492,0.0019832661915091675,-0.02096795463536853,-0.003549245785270665,0.016931834768646764,-0.01818600368324112,0.006042296072507059,0.001618712314353833,-0.014505439539827426
-0.025796049979846778,0.012054157608110723,-0.007424609145025272,0.0465158153772282,0.03128911138923615,0.02648925781249985,-0.03077355770920963,-0.02382739212007504,-0.015187697010220708,0.004213483146067317,-0.01493487207772914,-0.02366660950094331,-0.009868636036860263,0.0034086605226612793,-0.03085207663929542,-0.025367156208277668,-0.02147578334724442,-0.0227154499739899,-0.03059681579649543,-0.0027054447074738135,-0.012467532467532369,-0.014254199898184224,-0.01860124008267221,-0.0012274959083470945,-0.037366548042703986,-0.02174603174603175,-0.012996160225387911,-0.027140549273020755,-0.008258756312532999,-0.04117510987739886,-0.008640170144888968,-0.004989126263272465,-0.002034489440031132,-0.020828287720997637,0.005769230769230762,0.0007023817125344076,-0.029035695258391035,-0.018162864359889216,-0.012445341405987157,-0.012661609146276334,-0.03970191442888333,-0.00497041420118348,0.0037228117488420634,-0.016105782558075033,-0.024360535931790352,-0.03108108108108083,-0.01943527686101924,-0.033279119229325464,-0.019718309859154452,-0.013503212457802422,-0.030307337004796635,-0.004883814974958724,-0.005891016200294547,-0.003543913713405282,-0.012304842550939325,-0.0172134639965914,-0.024767745350344008,-0.024426435338431602,0.0023255813953487843,-0.017710333513543737,0.0495540138751229,-0.016608292848265763,-0.028970860704059315,-0.011235955056178472,-0.018681318681318303,-0.020843091334894464,-0.02556874381800199,-0.03782463125508997,-0.012302284710017599,0.008939006285732243,-0.008584474885844571,-0.011538461538461412,-0.0325709495868758,-0.013142263142263157,-0.03797468354430366,0.007308467741935318,-0.014439485429246515,-0.014144271570014107,0.02190493784803778,-0.023870967741935104,-0.006386889107764754,0.0002177700348433373,-0.017246164215200397,-0.04031174415479688,-0.024022609514837374,0.005162672900837884,-0.01885959520323658,-0.023725360972979368,-0.027025511634426683,-0.024987164128016017,-0.00874113998439357,-0.01551155115511554,-0.025769956002513784,-0.0027979854504756544,0.009863429438542968,-0.00603333674199813,-0.0076987827110581095,-0.007947976878612102,-0.01896766169154224,-0.012133072407044893,-0.0071770334928229545,-0.00019883337762963368,-0.009586276488395398,0.0026343519494204147,-0.000881316098707269,-0.02350105453449767,-0.016095534787123437,-0.014121800529567304,-0.0569603753910323,-0.020089141528324958,-0.030552861299708644,-0.005215742057847245,-0.017857142857142915,-0.016837041491280683,-0.02254156100309942,-0.009217250549196405,-0.0012977382276602321,-0.009669327251995352,-0.025483269162068927,-0.01679847286610304,0.013345845063079894,0.005276101050749015,-0.025878814462059106,-0.022273586888001518,-0.023011176857330517,0.0013308687615526799,-0.0009453582907922095,-0.015370960584177149,-0.028460155781905243,-0.01169122357463164,-0.0018723404255319503,-0.015657084188911687,-0.019738001527345294,-0.009523809523809037,-0.008412950573915324,-0.02022638708480238,-0.007341056034482657,-0.01424755120213702,-0.02861107124061045,-0.005861664712778401,-0.0060060060060055185,0.02985737949981813,-0.014592056845577935
0.0011229978131094397,-0.028883169917263998,-0.02510956601970534,-0.03618949300298224,0.049757281553397384,-0.029611130931145105,-0.02670874291172458,-0.0395925427637899,-0.02657613967022301,-0.04055944055944007,-0.03813297727240101,-0.030827331810995826,-0.020660066006600603,-0.008178158027176646,-0.025541059094397474,-0.027397260273972563,-0.023722249118196186,-0.011355571327182316,-0.018625561978162977,-0.03169262070584551,0.013677012098895146,-0.04097090721294528,-0.020244565217391246,-0.006418134644271371,-0.03327171903881647,-0.008599707934447408,-0.01650226744319882,-0.014613085353703105,0.003795170031808339,-0.04077201447527054,-0.003888441941539128,-0.007006942658781081,-0.007329385496553683,0.005441503833786737,-0.0407903123008285,0.013942062276671705,-0.019478737997256437,-0.018498856582816133,-0.0051089918256130695,-0.03126183648070984,-0.02381589510302369,-0.004043767840152204,-0.01777109313396218,-0.027526554531879587,-0.03682896379525556,-0.008368200836819927,-0.03004238344552439,-0.043095638669600075,-0.017241379310344168,-0.020421680097140942,-0.04550784112560448,-0.026008127539856134,-0.046555555555555454,-0.010927271790113807,-0.015137307434695163,-0.017341541663053815,-0.021204521634975323,-0.020709020709020712,-0.07325157441166663,-0.002979635990966336,0.01416430594900823,-0.02085248161764701,0.0013009540329574998,-0.017045454545452646,-0.022396416573347764,-0.027027027027026924,-0.0007866822311322915,-0.005736856954763382,-0.0038129130655820856,-0.01343059294972125,-0.014922623434045455,0.0075968130442836635,-0.051491521227874634,-0.03250319765254665,-0.053469661414683074,-0.03544324910349423,-0.02394778902503997,-0.03221599060910392,-0.028614963456522216,-0.036351619299404676,-0.03495002759212704,-0.00878147906234133,-0.010246893658221748,-0.019602352282273763,-0.042471042471041984,-0.0020350809186937997,-0.017194539210270098,-0.01675360540042953,-0.01751858468276369,-0.02001053185887275,-0.023007535769856625,-0.014031895024184523,-0.027225806451612548,-0.04713804713804708,-0.012021036814425023,0.0006172839506173067,-0.028448275925414813,-0.03423160961398153,-0.00792393026941358,-0.024167987321711354,-0.020080321285140403,-0.020685781785439047,-0.003056546102903819,-0.009458749343142368,-0.014922081740664634,-0.028386300524528535,-0.03605980650835519,-0.009847806624888067,-0.008762957843814735,-0.03665128543177313,-0.01700850425212592,-0.014775977121067652,-0.0027694160144491617,-0.044036697247705814,-0.0173921399058326,-0.022954087157847566,-0.025245962502320345,0.008911711877676922,-0.02511099344222234,-0.023076496366561318,0.02891243955139414,-0.032602410710314514,0.008876881512929476,-0.03653556845046191,-0.04691405498942462,-0.009215092667798807,-0.023656320968962887,-0.009423912152749321,-0.03484427998766566,-0.010371090584994322,-0.004860163710777657,-0.022737940026075546,-0.015191466410978679,-0.031249999999998602,-0.027085166715556882,-0.022979797979798006,-0.030666938055499002,-0.021454381210478674,-0.03743289169088308,-0.028773584905660215,-0.012084592145014334,-0.004236955668889793,-0.013005408189544161
0.0027157869878380748,0.0057381896230755645,-0.006861585262802155,-0.009223445403153813,-0.04971098265895893,-0.0062500000000000125,0.01144127804417494,0.008605163097858705,0.01773614986050211,0.03279883381924151,0.0020449287260243024,0.013955595831445457,0.007009503268854788,0.005708486616770264,0.02725010238477773,0.01549295774647885,0.006918862756210486,0.005384063173007877,0.0470269259536271,0.01309196702763869,0.032693305656460545,-0.010770059235325775,0.023297739564554058,0.013743815283122575,0.014340344168259765,0.0047463175122749056,0.011899014900831704,0.0003370407819346885,0.0006120034272191923,0.033953722334003206,-0.013864584735495858,0.019097559396646573,0.017700845924404792,0.020910209102090918,-0.0166112956810631,0.0007551681822472829,0.009513150531617259,-0.0015810276679842643,0.006675795960287521,-0.013503134905673522,0.009320175438596402,0.009135419154525875,0.030179142198766065,0.017759879476185,0.01296176279974068,0.030004688232535947,0.0241614188407656,0.017446578306735114,-0.004385964912280739,0.003606040117196351,0.015777351247600723,0.020059053854547777,0.003496096026104181,-0.013080410651936061,-0.003128400435255801,-0.0014118062295949054,0.008527887722518663,0.022461170848267514,-0.019670958512160087,-0.012924962881181638,0.049348230912475775,0.01366969785860952,0.005716760502381894,0.02312138728323424,0.054982817869414516,0.019174041297935037,0.018158730158730152,0.01310064320847512,0.01607552947180398,-0.021102402183225958,-0.00448849822330274,0.0047811695476278285,0.019966070729479354,0.015397775876817732,0.029307596954134804,-0.005446999827079322,0.012936328156982634,0.020215633423180536,-0.001914231781564956,0.011659807956104015,-0.01205074443526688,0.018377507687802094,0.03782505910165471,0.02485004284490128,0.022681451612902997,-0.0036900369003689524,0.010720908669448305,-0.002371738859068749,0.008974133380256868,-0.011821601289628959,0.012580714561481547,0.0062172139110159876,0.028651014723437698,0.004122497055359242,0.031178707224334086,0.008945095619987582,0.057675138713247025,0.06787330316741573,0.013738019169329022,0.0012180267965894458,0.013934426229508107,0.023000387778843542,0.014307613694430236,0.002122015915119371,-0.000895455563017549,0.020006351222609686,0.019343065693430625,0.007233273056057754,0.018545373417368498,0.018338579444368355,0.059541984732823766,0.019835510401548056,0.01545520405699109,0.023672424824055925,0.020731468805006738,0.00932567977851514,0.01809179203961143,0.001186862346792006,0.009275313877457338,0.008914882743739723,-0.028299999999999898,0.01264367816091953,0.01938281050752348,0.03256747713584631,0.025115997579180652,-0.020852275267919766,-0.01211475092072106,0.025893448047650515,0.01277955271565491,0.004290158834124743,-0.004626852883214681,0.019424729174448915,-0.012565795478747591,0.01488833746898193,0.004313877077696117,-0.00788317394675614,0.01994820466158043,0.02307869836141231,0.017704548943355727,-0.008013598834385613,-0.0030581039755350247,-0.009258529666692874,0.0014350945857795432
0.00041215261422504544,0.0024389712767578695,0.03430671839901986,0.004564564564564505,-0.04987834549878295,-0.0032063139721297523,0.03434087866468519,-0.007936507936507905,0.001664382220481733,0.019760056457303967,0.006628731454447952,0.0033961926892483217,0.004149655310889524,0.0003784056508577194,0.0018400392541707544,-0.004160887656033281,-0.006918224244271941,0.055872902534808706,0.0008929368693634043,-0.011327377153797155,-0.015075376884421959,-0.0024496461622210493,-0.005691828160997325,0.001559110629067212,0.0037700282752120466,-0.0004886789379376992,-0.0018533510669056423,-0.013140161725067412,-0.00531437736156787,0.01410848941863255,0.0038220038220037854,0.014928217507305278,-0.0031710949887091516,0.0033734939759035433,-0.0006756756756756747,-0.001069014305926769,0.01810790835181067,-0.0005000625078134005,-0.0017003910899506857,-0.010092574243410831,0.010456273764258589,-0.0017158748003075913,-0.00405512663251322,0.004696974010077142,0.009596928982725466,0.03777878925807891,-0.001882293888819044,0.010235278479330088,-0.010279001468428313,0.013867055917359093,0.01745965760931191,0.010508762546015044,0.005767816358920615,0.0023761748864716417,0.004775549188156631,0.00141380224441098,0.0010806711536638196,0.0022201448936668457,-0.021524990879241118,-0.001735608909459068,0.04968944099378789,0.010880888991781417,0.0066316424080613496,0.03954802259886555,0.055374592833875115,0.024119633381572483,-0.016862060364180562,0.028803510573736157,-0.0065293822199898365,-0.0031768672199170692,-0.009017471350741834,-0.005673499267935599,0.01752814738996916,-0.0020678563222792687,-0.0036129032258064844,-0.0006954707467616736,0.006385558399568855,0.021400264200792603,0.008683839002690364,0.016949152542372652,-0.0013719773623736375,-0.025666834423754396,-0.003770324404995642,0.007246376811594068,0.012321340561853009,0.01978557504873286,-0.001892093343271601,0.005442942942942822,0.003371700965004039,0.006525285481239675,-0.0073455578846143435,-0.003958293106777279,0.009413281753707217,0.03695014662756594,0.018436578171091175,0.002343829613777709,0.01216448169285112,0.013418079096044215,0.013551843681058886,0.03203568532035662,0.01697655618431671,-0.0064589881683307085,0.002015113350125963,0.001058761249338203,-0.0026140861901560964,0.015255292652552514,0.04189044038668079,0.008677438659485389,0.0019439805054349054,0.007996237064910528,0.16954851104706856,0.0018975332068309936,-0.0026952041220769628,-0.006874999999999879,-0.004981797279172289,0.010477288164474657,0.004863449307893776,0.004080702154337086,-0.014136981764742441,-0.0083295812696983,0.05269115982299045,-0.005539160045402864,-0.004503377533149886,-0.00799308705984008,-0.010134802715733455,-0.00890519393533459,0.00480722064161688,-0.007862269171840979,0.005993690851734925,0.01356551229374548,0.00017216148747529062,0.005025388682405971,-0.002711530165773149,0.012224938875305028,0.0019937186316471237,0.010550996483001038,0.0002744990392532686,0.018497631400857098,0.001256976218009954,-0.0009791921664626078,0.018404907975459038,0.027876088599037625,0.01915059927045322
0.0036489906421046663,-0.007581517606934271,-0.021783481408357945,-0.024273586033719874,0.007682458386683751,-0.01732030186811823,-0.009962595737101421,-0.013399999999999924,0.012315511680187663,-0.013148788927335498,-0.004838924486141706,-0.011401086666072799,-0.009064853695927409,-0.0007565250283696884,-0.005356924207175214,-0.018105849582172675,-0.021253483209748254,0.004733727810650794,0.020251583548933676,0.004975525792049914,0.00918367346938772,-0.005911778080945874,-0.010017718413520529,0.003045685279187813,0.07887323943661828,-0.0009778357235984692,-0.003171899576790385,0.0006828269033801439,-0.0034297582771955723,0.0311825377788432,0.011558335599673413,-0.01627339300244099,-0.01118233961536598,0.005763688760806971,-0.00338066260987153,-0.011362563343929964,0.017513611615244937,-0.0006670835939128238,-0.01260432634985516,0.011210730270401615,0.012498320118263578,0.004741583688952104,0.008911235401512735,-0.005411684705615657,0.0015842839036755286,-0.0008771929824560828,0.004903193361830471,0.0019736842105263106,0.026706231454005098,0.004928290603023341,0.02711436318389479,0.007815175763614395,0.009275652374721095,-0.005636622240952449,-0.005431830526887554,0.0077649342627723805,-0.0024241506003560807,0.00909408884225246,0.015659955257270534,-0.005428378247850933,0.04987320371935677,-0.0010878277796861683,0.008213552361396407,-0.010869565217390085,0.00720164609053486,-0.018605746585021187,0.0015730451108742617,-0.010844904256284631,0.0040444893832152625,-0.01258536585365847,0.016303317535544704,-0.0055218111540585105,0.013328303784735315,-0.004297774366845664,0.010101010101010123,-0.001826881252718491,0.000615763546798078,0.01745990688049659,-0.008160139435392195,0.0706666666666657,-0.005731581658938651,-0.018742621015348328,-0.006820152960655884,0.010237963475373618,0.02434274586173297,-0.010895536652967448,0.0036649816176470163,0.00871134341360213,-0.008285052143684784,-0.0005402485143165964,0.002116941986407004,0.01919162547252102,-0.004343382728666315,0.018665158371040703,-0.007241129616220026,-0.00742171614477436,0.011603779010330228,0.01393728222996426,-0.011815920398009912,0.0015717092337917586,0.004372019077901374,-0.002451797382339801,-0.0035193564605329993,0.01692226335272334,-0.002845589336528515,0.05059797608095516,-0.012886597938144284,-0.014239098190447887,0.006312510247581542,0.01466568895406971,0.05133470225872648,0.020833333333333166,-0.0029409426913598407,0.0037759597230962037,0.0021182360870402863,0.01707888326775335,-0.013588979895755846,-0.0025429116338206827,-0.004199034222128909,-0.004199772985244088,-0.004301495747384855,0.004245993699493092,-0.004775069112842359,-0.0013066202090591535,-0.0028827037773358766,-0.011411983350484612,-0.0002929115407147705,0.002336733449831348,-0.008623392913138888,-0.013963065439804264,-0.01549186676994575,-0.011302672014167415,-0.0034604214298955115,0.014492753623187742,-0.005116504183087906,0.051688579530806876,0.0037733260153677227,-0.005094130675526027,-0.00030129557095517516,-0.002450379808870363,-0.006024096385541891,-0.005687093779015867,-0.01585069666368394
0.0026388318770890723,0.0005691270466684973,0.02384956942949395,0.026593137254901984,-0.04574332909783943,0.014352259851441599,0.011142295144885772,-0.005473342793431943,-0.0018345080621802522,0.014025245441795037,-0.011583643122676523,-0.009190017118659362,0.0020851550413667212,-0.0021451104100946366,0.0024312928938539473,0.0014184397163120547,-0.01199150702118425,-0.0363452801615343,0.020286813571178623,0.0010972248240427014,0.02932254802831104,0.0065873741994510815,0.008880016520960862,-0.013697705802968911,0.006962576153176529,0.0008156606851549729,0.0026705489881554746,-0.0023882633913341546,0.0009735095705589264,0.0032565712956500884,0.009544293587847617,0.013170452376407724,-0.00482573726541559,0.022206303724928288,-0.0061058344640434106,0.0004775549188156635,0.016855435655043303,0.006717009470566105,-0.01328273244781789,0.014607520115389532,0.008760286700292016,-0.0034804152902312905,-0.03629234945209608,0.046862091559125976,0.01803226826953481,0.0,0.015013136494432299,-0.008141825344714417,0.017341040462427283,-0.01057967820145472,0.001374172784146286,0.03101828966880857,0.009533615528352966,0.001960161051070164,0.0002730748225014271,-0.0072673145959197445,0.00998595132323354,0.016868861929520494,0.0014684287812042262,-0.0010294460414884761,-0.01449275362318815,-0.0017194933226342616,0.004497623896809186,0.005494505494504969,-0.010214504596526858,0.0043196544276457955,0.00045597324956940446,-0.0185329602275334,0.01107754279959721,0.0022395678951354354,0.00802089162469673,0.0018508236165093398,0.041444347933986714,0.02821026668722048,0.010256410256410239,0.06466794491894691,0.017819397993311004,-0.0012711325791279996,0.014644017253314864,-0.008094645080946244,0.0058833689574022486,-0.01834862385321088,0.011908069701901312,0.041084634346754086,-0.003326996197718681,-0.003575224659387417,-0.0017513936743780573,-0.007525754117574365,-0.0013436934042180006,0.0,-0.002021768389022178,-0.003851640513552022,0.02630228380805711,-0.014436424208772888,0.009482129832239188,0.00010242753252076476,0.0073740657491352495,0.00824742268041175,0.028319697923221972,0.00039231071008235987,0.0003957261574990976,0.005223629728190088,0.019424823410696283,0.0026001040041601395,0.0013517572844699466,0.012551079976648779,0.057441253263707366,0.018958772193800703,-0.004426340801086266,-0.01924972078050057,-0.027734374999999763,0.007421150278293041,-0.005301339285714354,0.02445141065830694,0.00653343581860102,0.017745456555180075,0.006416304963200536,0.0127014476918875,0.012671305081172325,0.0032486036703522395,-0.00432007854688264,0.009819967266775729,0.0001262626262626548,0.025294374182293754,0.010766623467251397,0.0012429308308992601,0.014356870788162826,0.026941555677187964,0.012810374822078124,0.010049595405899147,0.007692980155607954,0.005636919186597847,0.0017362187635641799,-0.019047619047618074,0.006501880294360576,-0.006434612084814308,-0.0034174014079693753,0.017141585040071138,0.011804299778983311,0.004912797838368927,-0.0030303030303028902,-0.01622504960896452,-0.0062345759189504375
-0.013861270324014515,0.0013563771603587434,0.000985642474619706,-0.0015518682105766582,0.04993342210386086,0.001489388109718169,0.008599727181068736,-0.01161842641663274,-0.01953956277810011,-0.009681881051175564,0.00592739690993059,-0.01845957988542322,-0.02174788562223105,-0.005943348507840161,-0.012249785091489504,-0.013456090651558054,-0.01846198930376807,-0.03893836214422907,-0.01654096674665744,0.0065494011976047865,0.011296660117878138,0.003090347209598125,-0.013305131004366795,-0.014024765683792824,0.023336214347449924,-0.010594947025264837,-0.011143538631416953,-0.00923392612859087,0.015752777283125345,-0.019939717134244826,-0.025699067909453626,-0.010989701080130606,-0.003428683385579934,0.0030366736743750256,-0.04095563139931735,0.03739061256961016,-0.034029117698649254,-0.01898052217157072,0.0018356643356642528,-0.0014076655052265312,-0.026578947368421042,-0.0030781980702066177,-0.018926410539179154,0.05766300206813963,-0.007458048477315162,-0.007023705004389854,-0.004683840749414406,-0.013769363166953461,-0.018465909090908724,0.011138338159946524,-0.026362356000144437,-0.00668224859163362,0.014996411438068897,-0.029767884523872412,-0.017608517608517553,-0.01049567825013216,0.00011278195488728639,-0.022383820020452222,-0.008064516129032157,0.0016526997336236892,-0.04575163398692742,-0.017224550726301868,-0.016558249556475543,-0.03278688524589813,0.004127966976264016,0.0033452807646355332,-0.007849293563579274,-0.00986211731713012,-0.014193227091633509,-0.03930202753770821,-0.01498889711324921,0.0020321448365047453,-0.008578577385916733,-0.026086956521739056,0.020642978003384136,-0.03258022265880803,-0.02736521121947369,0.006491027109583678,-0.012543297995171659,-0.026993094789704693,-0.04015926335333056,0.014171901332924751,0.0016867375357940313,-0.034201525914232915,-0.022412970910824722,0.014449185415050265,0.013026626608260938,0.005718192553918706,0.007605007605007596,-0.030090090090089578,-0.010010290569323618,-0.009212850255382196,-0.018377297162145027,-0.0630985915492957,-0.01589595375722533,0.006042605489553432,0.00732008694670089,0.009543285616904637,-0.01499388004895962,-0.014509803921568469,-0.005537974683544282,-0.01095166768126625,0.003464488987874215,-0.015560165975103573,0.012599370031498382,-0.012395503026808512,0.008230452674897092,-0.01506202008269342,-0.008592002618515079,-0.018354769560557226,-0.014463640016070572,-0.012430939226519172,-0.007773993187737959,-0.021419828641370608,-0.017086674303168986,-0.0091456654252215,-0.006187886742921324,-0.024724657226342987,0.007432699714767505,-0.001022552973924872,-0.005127699437925288,0.01962902935350276,0.005239237470016376,-0.01042109740535933,-0.02416411874938336,-0.027822605673142455,-0.047275178124398104,-0.00047376524931906996,-0.025140537164272284,-0.004102597234784795,0.00416413637546625,0.0035622609880035343,-0.004642525533890433,-0.016990291262135165,-0.0016648381577836098,-0.010485412940233134,-0.012619161923050435,-0.014445173998686665,-0.026460805242515963,-0.030799315570765,-0.015197568389056828,-0.02634076886568569,-0.0133315906417462
0.023604768400450823,0.0048501267150222425,0.016476843798207984,0.006874701099952168,0.05009511731135007,0.01933325071260377,0.016794072680230417,0.038152196329139874,0.004636937647987295,0.040502793296088906,0.014461975622522962,0.010561423012784734,0.03128859613009458,0.01361149980918458,0.05442451745252224,0.04881550610193819,0.018112606672803646,0.011991279069767439,0.03825708061002146,0.031126337874804066,-0.0077707625060708056,0.017397607828923533,0.024617937901943217,0.008326394671107398,-0.006756756756756738,0.02108731466227333,0.028144948094654586,0.0079392474974111,0.01081547611020455,0.02720605630470715,0.0455104551045504,0.0036827735094291363,0.02079032733706878,0.018164881229622672,0.013523131672597844,0.02757668711656443,0.011893953150535576,0.007603920243325442,0.01841026088473964,0.012393752878616613,0.05433901054339002,0.008253666646873745,0.020400413172925045,0.026449172820130224,0.005322479649342627,0.034482758620689405,0.017213622291021465,-0.0034904013961605793,0.04052098408104096,0.018120731438642904,0.04424910055265016,0.00877854535581764,0.035727577223669496,0.023378746594005472,0.03237460052799766,0.025403333630448298,0.003909333533811838,0.020455602045560184,0.018107908351810573,0.032630639024768884,-0.049657534246574465,0.0367470935327451,0.02156172150158929,0.022598870056494743,0.01027749229188057,-0.001905215527506432,0.02939975500204159,0.04555324773413893,0.009345794392523433,0.02134427911749617,0.008078151418372941,0.02212389380530965,0.04158154068020663,0.026631773399014666,0.021717506631299545,0.0032154340836012423,0.035378378378378386,0.013404147698533125,0.02179112410310921,0.02322580645161257,0.0379820432259578,0.01080142004683128,0.024984335839599053,0.030781803323344844,0.03219512195121917,0.004875250932033387,0.028078377215820245,0.018849267659600745,0.008418485833720379,0.014861601337543924,0.011209608303378495,0.016669878589323513,0.003820682628629564,0.04509921828021642,0.028634361233479802,0.014252265092130699,-0.012919012052229064,-0.015530047265360222,0.018949984467225803,0.02307998408276946,0.01988862370723919,0.03345670338747992,0.005178791615289796,0.008429926238145298,0.013331358317286318,0.016929363689433406,0.0019591836734694553,0.011394302848575679,0.00696068451316482,0.033165006141667695,-0.0028536485935589536,0.013986013986013856,0.015508258955615712,0.016885553470919044,0.031853938040205775,0.008097443345299065,0.022452830188679114,0.012560497810555422,0.05125237662230303,0.01569519476826834,-0.00485677470512436,-0.002516778523490051,0.004332810047095813,0.018482699333763012,0.03406104709925178,0.02509137922778563,0.0402223345123799,0.02881463048544466,0.03908377382668591,0.005903532388335595,0.005874730021598222,0.028971133267212998,0.02092661691542293,0.03703703703703521,0.02636675222476679,0.012092501402480874,0.02507466833368053,0.017099711303575293,0.021111677715451325,0.022698612862547176,0.015432098765431149,0.022706962385246488,0.001987018148099081
-0.0048670258995307265,-0.0014567117450101786,0.01217346378636695,-0.005165350590749887,-0.013285024154589145,-0.003525835866261362,-0.010583173332716462,0.004370282081843538,-0.0024550721791220614,0.05906040268456304,0.016201792664229348,-0.011642830949761663,-0.009780439121756504,-0.0021335341365461844,0.026205636127815127,-0.017111567419575608,-0.008528628332640962,0.0001795332136445644,0.021151586368977463,-0.012388924661944594,0.04356338717572144,0.0014250089063057834,0.014510359721940994,0.011629507294247068,0.02295918367346902,-0.026782833171990733,0.007012522769319358,0.009246575342465651,-0.00789807217663929,0.01566098572086559,-0.012941176470588,-0.001328525336876152,-0.014877943088256566,-0.019213174748398763,-0.016853932584269638,0.001970208065912387,-0.005473306415432838,0.02507127284923702,-0.023989033584646977,-0.00762369549333446,0.021282051282051257,-0.010129564193168449,0.01573502046892442,0.013034214813886447,-0.004982871379632553,0.01495726495726483,0.0018261504747991706,-0.001886029907045633,0.0681502086230856,-0.0018934271030565302,0.012538182851459722,0.0037978468899520965,-0.004707150556952893,-0.013738750732200943,-0.009286675639300091,0.0006954102920722819,0.014228479424869881,-0.03883826879271064,0.011252268602540836,-0.020245502565934128,-0.1594594594594566,-0.014594838273413634,-0.002186343760511379,0.00552486187845231,0.0,-0.007874015748031486,0.010685243950813142,0.003566752449320549,-0.0010010010010010812,-0.019257175391004376,-0.0061498322773013816,-0.009018759018758985,-0.017422406830506502,-0.007947218473534183,0.0035696900859971473,-0.00042172739541160526,-0.0065780886997834085,0.019590716246568513,-0.004967490247074096,-0.0006305170239596032,-0.023235021651549958,-0.0125541772530264,0.002559792160158865,0.006342494714587795,-0.025047258979205733,0.0019025875190258714,-0.006358556525090147,-0.001698410772776872,0.003684725660659713,0.021965952773201056,-0.0026029418397128692,-0.009809496730167663,-0.034762750570920584,-0.0201380897583429,0.029978586723768432,-0.00973602328615871,-0.0008178143376677132,-0.000685871056241365,-0.020121951219512144,-0.0019447685725398525,-0.028081123244929538,-0.008562363412132732,-0.006869479882237481,-0.018286311389759474,0.03069726648150853,-0.0014351320321470385,-0.0034218673619032356,-0.015713015120071092,0.01357923497267754,0.003830911492734443,-0.0012264922322157829,-0.01241379310344811,-0.029389540664147958,-0.004305043050430382,0.0038588235294116716,-0.022060788924074873,-0.018822661007565775,0.012905428473881824,0.048340803648659184,-0.023738872403560728,-0.0008964143426294576,0.008454694347306403,0.0355133174940602,0.0010550749103186282,-0.018082298895513542,-0.024741914890304174,-0.022150976391722466,0.006661163688019466,-0.008940958840758515,-0.009802973138563759,0.0016318818174010888,0.02993100649350646,0.0129747510127006,-0.004761904761904604,-0.006791107916470174,-0.002278746073782128,-0.01666892532863523,-0.028384279475982408,-0.02122453056332399,-0.007644882860665863,-0.006079027355622602,-0.047861143106803686,-0.015071390798519232
-0.00896652110625914,-0.0027434842249655866,0.037899572513239374,0.01688947242778715,-0.01774785801713568,0.014153245485602725,0.008229779175385648,-0.003362341772151975,0.004233116755266843,0.0057034220532317225,-0.004497250874062467,-0.007698729245895501,0.008130081300813089,-0.011067790215067284,-0.004452359750667851,0.001392757660167129,-0.017253278122843333,-0.008795548375515992,-0.018329771494328222,-0.004563947423325681,0.01500938086303934,-0.009605122732123944,0.02009047365620011,-6.802258349765928e-05,-0.014131338320864294,-0.01989389920424396,-0.005375628784383259,-0.0302002035968779,-0.0037384182994231237,-0.003174603174603115,-0.004900013243279031,0.0015203344735842442,-0.007233626588465269,-0.00443097014925379,-0.009285714285714272,-0.0015790257708923519,-0.026524720317574912,-0.017096114519427465,0.0019311797752809353,-0.00029173149588789925,-0.008285212151644496,-0.002855782960494972,0.0030777347871966225,0.02689595447234932,-0.002190923317683832,0.006736842105263078,-0.008263458500425307,-0.0021595356998245626,0.026041666666665988,-0.0074254742547425635,-0.004560283439155293,0.001698096344624265,-0.0019134264774902264,-0.0017277684790237109,0.009102024181496974,-0.0013029881862404425,-0.018551334588548008,-0.016708140774973325,-0.03517587939698471,-0.0009209516500384076,-0.0493033226152186,-0.0022302281694973904,-0.0006741951795044271,-0.01648351648351471,-0.012207527975584725,0.00577200577200569,-0.00439080628940065,-0.009582508547777651,-0.0015030060120239553,-0.007649228247507197,0.0026251640727545087,0.01747360757189659,-0.017848755284170983,-0.00030229746070139835,-0.019563459983831855,0.02252974432537339,0.008408439971621511,0.0024476808224207502,0.014401840089913454,-0.009463722397476221,-0.0026136727064195683,-0.010594823671863159,0.002972447696353103,0.011029411764705795,-0.00096946194861859,-0.005791872388910106,-0.011623912682143012,-0.00935715153724623,0.0004588997877588215,0.0007164606842199253,-0.00922979349386772,-0.014118210098109584,-0.00775499474237639,-0.0011743981209630051,0.029799029799029268,-0.008615446989661454,-0.0012280395811436735,-0.0013726835964308992,0.006845052893590641,-0.008963367108339802,-0.01444622792937386,-0.013637683994617279,-0.014081027667984093,-0.013304949441191982,0.016451567153595255,-0.015234262719171771,-0.0014715500327010698,-0.00843373493975902,0.0024799849044397845,-0.015330964600605292,-0.0020466639377813996,-0.002327746741154541,-0.011718429894288245,-0.02161828289067299,0.0063753984624040595,-0.02305876684818738,-0.015610306563851864,-0.0023819154195315827,-0.02360905357511197,-0.002638068475081798,0.03409430764629634,-0.016943200772539673,-0.005615263857022064,-0.008431703204047182,-0.008759705355365188,-0.0004151100041510128,0.0033780427223049914,-0.0035850495804729547,-0.011043708197231297,-0.01009541798287035,-0.009775338706911397,0.01059008964634014,0.025376589795243404,-0.004784688995214981,-0.008292499057670561,0.017654320987654244,-0.014057331863285599,-0.02449438202247175,-0.008622888922904267,-0.006461232604373641,-0.009174311926605073,0.016352411146337273,-0.010201342281879197
0.03883438105869224,-0.0008296762079430973,-0.002766336755394356,-0.0012324666940548938,-0.02866043613707126,0.00565447545717026,-0.006910385288763707,0.010517959912681068,0.057739437310067504,0.005671077504725863,-0.001821599801809941,0.00869321368480084,0.007864569448147118,-0.018440798677349608,0.002712216515667272,0.0006954102920723217,-0.009580658105938956,0.028069540021731152,0.021853805576488132,-0.012287458408656258,0.01016635859519394,-0.011494252873563158,0.001304291117777486,0.007346938775510163,0.02023608768971303,-0.00947225981055481,0.0013091910906700213,0.00909727081875419,-0.01124384153337385,0.006369426751592237,0.01570401916422647,0.011701454775458555,0.009895628200078829,0.010072616537830854,0.0021629416005767813,-0.009787538792074394,-0.00778498609823918,0.008197403462050707,-0.0010513404590853717,-0.001500771229659711,-0.002278481012658164,0.005787589498806703,-0.0063119137371788975,-0.026745699002457702,0.08155583437892044,0.03345880384776217,0.011273128293101219,0.004869471121331006,-0.005076142131979458,-0.024190465789329933,0.006871762342742358,0.013532000951701158,-0.001808579903060116,0.012493915300989714,0.006327409800753957,-0.002087501087240225,0.00620662416069514,0.03470715835140998,0.0011160714285714626,-0.0011522507297587951,-0.049605411499435245,0.011519944979367328,-0.013240006746500268,0.03910614525139244,0.04634397528321223,-0.0069344811095168905,-0.0046811865576032305,0.006586418351124228,0.001505268439538291,0.0057123193392979695,-0.006171685057041184,0.01753130590339878,0.017814442850310787,0.03107045660719691,-0.012368073878627948,0.025004126093414677,0.009927821351330314,0.018312782322060753,0.014351971141458333,0.022929936305732156,-0.005639097744360901,-0.0008413645403091132,0.003495573540028045,0.028831168831168742,0.013585638039786435,-0.005157100563460848,0.003413830216601518,-0.013616290480863602,0.0019494295051889726,-0.003042777877214812,-0.0012192245091983142,0.0005825242718445713,0.0298052722214859,0.0005878894767783649,-0.0013458950201883308,-0.015438094264390152,0.004098288782599934,0.004123711340205814,0.016687268232385487,0.014156508061344622,0.0048859934853420495,-0.0025993695401970713,-0.0025056376847907664,-0.012405609492988062,-0.011859913492395695,0.012551079976648779,-0.005731128213525443,-0.003645200486026675,0.0420554465029982,0.009555629802873328,0.017637407711238506,-0.00839944003733082,0.01558872305140957,0.016414141414141173,0.00409912427799502,0.00973283890669752,0.009361864730607487,0.0073880529777455755,-0.0008450487823616317,0.017307802886550573,-0.01552106430155199,-0.0005804607965706939,0.004493290424433696,0.005314625850340114,0.013757782687286512,0.0009583439815997952,0.008416674918308735,0.005645716910357496,-0.005976722239697928,0.0005921637003652271,-0.008313127814340052,0.011892576887459216,-0.005014221622731242,0.09374999999999546,-0.008445458000760193,-0.006975615673905124,0.001397819401733294,0.013360976733471384,0.016212043232115267,-0.005502751375687788,0.027777777777776024,0.009029715974388475,0.006780580417683735
-0.003167062549485426,0.018268033127198702,0.026692146467759796,-0.0006463744270771582,0.04618345093008272,0.044383299437731706,0.0310445879207481,0.07010997643362107,-0.0005560704355884225,0.0025062656641604056,-0.00862824106517174,-0.003706792697618379,-0.008067715910593855,-0.0068670640062192265,-0.02342311233885808,-0.010423905489923543,0.016155988857938758,-0.004227584992073423,-0.003113733202228831,-0.0017241379310344819,-0.006861848124428117,-0.003997093023255683,0.011788459033476542,0.02816045380875202,0.004958677685950284,-0.0013661202185793466,-0.007603276656945842,-0.0020804438280165112,-0.014689018729863954,-0.0042947558770343695,-0.006944444444444183,0.0025633010315723064,0.014819870326134455,0.0048701298701299,-0.002158273381294961,-0.016664657666345273,0.00037362226788725035,0.008832390936481107,0.0015786704087001854,-0.0020179528216547208,0.002918041106318128,0.005932253663166629,0.0028966328481105446,0.0033670033670034558,0.008990719257540452,-0.019020639417239787,0.02217375499818219,0.01211468569121009,-0.002551020408163236,0.018186905428091753,-0.005074898502029956,0.007218521670236772,-0.0010508769386867985,0.0019230769230768724,-0.003745819397993245,-0.0002614834829599529,0.008934746443858796,0.003843466107616989,0.0014864362690448691,-0.010574482811658844,-0.049822064056938356,0.0013598504164541111,0.010511922057943903,-0.01612903225806282,-0.01771653543307049,-0.006501324343847762,0.0007426110203475416,0.0007220216606497778,0.006262525050100169,-0.004242797509067297,-0.004516371847948767,-0.005098452883262952,0.02596029601785501,0.003812596231395124,0.020788111537819377,-0.018919571693100365,-0.011455699468496843,-0.007672940894377127,-0.003073640358676024,-0.008717310087173028,-0.007872789947737047,-0.0009186251243971856,-0.010715232289576203,0.023478919464781388,0.009095260890378112,-0.0006719784966881482,-0.006849123747911941,-0.004850143017037648,-0.01092989985693842,-0.017414721723518645,0.011912187010594674,0.0,0.011962953434525277,-0.01645123384253817,-0.0026954177897574143,-0.011318795430944929,-0.004081561365440456,-0.0041067761806977835,0.024012158054711033,0.001163241566498678,-0.009724473257698485,0.0014612482977210553,0.0007535795026374102,0.01802293828508998,-0.0060011296243998825,0.04208705678869872,-0.013504611330698316,0.007621951219512149,-0.004489974969679788,0.004898067249139582,-0.011285771866182832,0.015999999999999875,0.01049150881776627,0.019254658385092896,-0.0020411950269067,0.01693932228622134,0.048457315918985285,0.0052320901529381405,0.007611871443949015,0.0035609314944607434,0.004210732471601984,0.0007595049814590612,-0.02290999214169124,0.046098540917741425,0.01644378405151045,-0.0020265526265398313,-0.0012765121759622479,0.0016366300645137423,-0.0026898734177215823,-0.01173762945914838,0.013098148794970286,0.01589518809305909,-0.0034480726158198196,-0.028571428571427256,-0.004055535537684253,-0.0016492578339745983,-0.01172529313232826,0.014548761082064118,-0.0016713091922005323,-0.0027665995975855564,0.006006006006005732,-0.00955906280507641,0.000673491379310343
0.001304890502666617,0.032361209468014365,0.011047733413389424,0.02887046510260472,-0.0036787247087675477,0.028407789232531382,-0.008832521798210846,0.008441915947880355,-0.004080118694362094,-0.018749999999999767,0.0015020985199911368,0.013394102874151301,0.00719999999999996,-0.02139595564253098,0.005097530791443137,0.00702247191011235,0.00017444178628384614,0.0049531222359809985,0.005918132500410924,0.024179620034542302,0.011054813450022957,0.0028274352426120967,-0.014547795300933298,-0.010706075533661697,0.02138157894736814,0.03351573187414493,-0.008449163246426292,0.008686587908269571,0.016376634892485007,-0.013166855845629629,0.043409420767910656,0.000498877525567586,0.010232021905173735,0.02630971613200998,0.010814708002883906,0.015322852502221805,0.08543417366946762,0.0033956551978070286,0.0023642732049037134,0.001520011156045131,0.010499683744465443,0.002358907825676709,-0.007829108449279344,-0.016852546387682625,-0.016096579476860978,-0.02021452145214507,-0.002844950213371172,0.023540364410160924,0.01662404092071565,0.039736191261335464,0.010377458050444993,0.01570284049526586,-0.007944281205789393,-0.006504585199402754,-0.004699879145964811,0.006015693112467375,-0.004279600570613307,0.004408864137370993,0.023376623376623246,-0.003303408340134467,-0.04744069912609117,-0.008430939851751171,0.0048207036535857645,0.06557377049179607,0.0050100200400800595,0.009209888511875753,-0.021618680122687257,-0.017000360750360655,0.009957679860592433,0.0017524568758162191,0.012665406427220964,-0.00318077398833707,-0.009274101213647818,7.304068366089861e-05,0.0014721517952072884,-0.002790086985064712,-0.0038889178890223115,0.0030204180258547706,-0.0021403455129185363,0.0,0.011017462060926592,0.021071182284882355,-0.012783221065523601,0.011593487913172232,0.004269449715369871,0.004322766570605179,-0.011683307551680533,0.0156210947263184,0.01457995834297604,-0.0018271514708567969,-0.0014591057464603688,0.005142635358044031,-0.0024151519003431463,0.0023894862604539996,0.0040540540540539615,0.007247137905682145,0.015573734927485277,0.017869415807558894,-0.0068269516176905345,0.009682416731216037,0.0028641571194761985,-0.0023837244867771696,0.011546184738955823,0.009656652360514826,-0.004261666311527804,0.010788381742738306,0.0005008347245408238,-0.003025718608169422,-0.012079110396847996,0.017191410881306726,0.0024459845087647348,-0.0009263547938861288,-0.005817476669494639,0.0024375380865326074,-0.009204165117143776,0.07050315525517971,-0.013179274237226805,-0.003336447350860802,-0.00019076688286913385,0.006758659532526041,0.004388103364212571,0.004598214285714363,0.008351893095768363,-0.001617141702041658,-0.00955072605009253,0.0072112694072687415,-0.007570543702684139,0.002317937415689741,-0.02601935586228768,0.012509148978641254,0.0012066885019822971,-0.012469773837181597,-0.004997782049386391,0.05656108597284812,0.04238318836117314,-0.013521781693587927,0.004096045197740075,-0.008066323101053118,-0.00502232142857147,0.007566204287515725,0.03283582089552047,0.04846194915602257,0.012653116166374951
0.04861465238823721,0.006568690627143732,-0.003177148286715443,0.011601325865813196,-0.010461538461538264,0.02895967921586093,0.008751285273620513,0.011101000909918108,-0.0004655493482309116,0.015286624203821498,0.014645551193259568,-0.004864616796695681,0.03223457770717499,0.00026663111585121976,0.019202016944680593,0.012552301255230108,-0.010987915784228202,0.027635979581059452,0.03276679195947028,-0.007316124010896304,-0.003189066059225432,0.008367439745338816,0.0,0.022175009958836686,0.015297906602254113,-0.006618133686300441,-0.0037724185940374573,0.04236996210816372,0.0012950189481719782,0.01679319070623389,-0.015427415275669999,-0.0009972575417602433,0.004327151688064622,-0.009894310771306404,0.0,-0.011167788476049616,0.00782795698924722,0.0057490010600994455,-0.0034070062024985446,-0.006279675294838336,-0.005508262393590343,0.005295052068011996,0.012442185214191744,0.0011544735851424035,-0.007887817703768545,-0.005894736842105237,-0.0028530670470756805,-0.0037681912681912285,-0.0037735849056602464,-0.007294640025372629,-0.01222059745143092,0.011272372648003588,-0.013529325727658319,-0.0006976494579801333,0.010253642741500132,0.012826068116821151,0.0009303017899006434,-0.02841631050017323,0.03226976069615632,0.004893550651173742,0.0498034076015714,0.025793197900022692,-0.0016833599865331173,-0.0051282051282046754,0.018943170488534077,-0.004562920268972066,-0.01873388279314352,0.016835634662140365,0.0009859502095144988,0.012520152299934818,0.02912077655404094,0.011700053182059916,-0.007280711891829354,0.0010955302366345294,-0.007921600653327913,-0.0011520737327189669,0.01142407965413334,0.022163334136352603,0.008324396098258606,0.0018844221105528119,0.002926667036195292,0.0006753714542999322,0.02496704659998451,-0.00633991709339188,-0.00330656589513454,-0.0021042563366810534,0.0006545322086762512,-0.008244124523194335,0.00011405109489053675,0.0018304960644333237,0.0030904475686951084,0.0042957814460853495,-0.00688073394495412,0.0017878426698450514,0.0006729475100941654,-0.00291970802919703,-0.012510165657650953,-0.014179608372720235,-0.0029886431560071547,-0.008055235903336977,-0.004895960832313255,-0.0034187707704647886,-0.0017369727047146033,-0.008501594048884046,0.02346815036735847,0.019978106185002297,0.011513432337727461,0.0,0.015060478052108101,0.015735284594962068,0.012606750711671286,-0.012980992118683159,0.0014222438945101375,-0.007902735562310003,0.022145068968752804,0.05510535545197485,-0.003658982802780813,0.0025218710944474596,0.010665903453539329,0.0006153846153845638,-0.008932038834951483,-0.007332355685908539,-0.0072397079575435095,-0.008301275561854525,-0.01682574043097488,0.006365887731775519,0.03289082623340588,-0.004189176381385718,-0.008144648965629555,-0.008083064993099787,-0.012654958677685773,0.0032648357979641446,0.004309576175474051,0.04282655246252493,0.021984108229455814,-0.005830180487502234,-0.004853003235335387,0.0013553196295460132,-0.005251618824249194,0.013266583229036257,0.026011560693640075,-0.013631556269340657,-0.003987770836102608
-0.02031663694818182,-0.022943642483943646,-0.0033362128027165754,0.024631376758375283,-0.012437810945273476,-0.015587789564840816,0.010317568179759031,-0.015118790496760163,-0.0018630647414997635,0.013801756587201763,-0.0024056925061229743,0.00036893562073405533,0.006540557871112557,0.0005331200852992135,-0.0102111258125755,-0.011019283746556459,0.0025696578828033993,0.005481329222336476,-0.0022944853232059813,-0.007291639442803773,0.0,-0.0018039144944529595,0.02900254752106591,-0.005261106780982007,0.01823949246629639,0.006495669553630853,-0.0036562276197406878,-0.004296100462656982,-0.0063033504417791195,-0.006561085972850671,0.004238376573336682,-0.013289243823309163,0.002130580938402536,0.004769475357710553,0.017831669044222512,-0.0019535423216629796,0.027910549675657214,-0.010905258037053398,0.007889200561009804,0.009696222396592282,-0.0007552870090634708,-0.0039211096154971835,0.013836386192804518,-0.005389686896793761,0.00824499411071831,0.012706480304955421,-0.0017882689556508072,0.014608060519107737,-0.0025252525252524973,-0.0010649627263045781,-0.006379753974128476,-0.01219615962787531,-0.0020757654385055824,0.0187422802212556,0.0006677350427350419,-0.014374946521776268,-0.006840657297940398,0.012959220068957259,-0.021777309448542136,0.004481694895524018,0.008739076154806309,0.002725856697819362,-0.013489587724475149,-0.015463917525771457,-0.012720156555772716,0.010373944511459567,-0.0037873908226625785,0.026030858070919528,0.0032011819748829057,0.02422250830002031,-0.008525303827317202,0.0017522340984755498,0.003376018626309628,0.0023345735755453713,-0.01053671386236412,0.0002471576866040155,-0.0019170487811196828,0.009191609710110694,-0.012484805510534885,-0.00626959247648895,0.03319369065646808,0.002699662542182155,-0.015621453967773716,0.017423312883435554,-0.001421800947867339,9.584970765852222e-05,0.01767218578830921,-0.011972704714640155,0.003820275972174728,0.004385163530056598,-0.013915691996383822,0.004806074878646606,0.004362329997433911,0.019631171921475288,0.0067249495628781885,-0.003764902740012569,0.013077330050165273,0.01438356164383469,-0.0011990407673861862,-0.00038669760247494957,0.01640016400163988,-0.012270514151186048,-0.0014914243102163056,-0.004287245444801578,-0.008851407861722914,0.016903675878722255,0.007093368525239095,-0.006980273141122906,-0.05182619484581382,-0.009753920693612098,0.032931726907630215,-0.010333489901362125,-0.006248985554293166,0.00674019607843143,0.01597356100247871,0.0019277591180143392,-0.027543150936467028,-0.007858240021370888,-0.0034737299174988447,-0.004808229900480767,0.0001959247648903263,-0.0034470409168234693,-0.0033990482664853798,-0.010412413229889755,-0.0015012009607686568,0.015143627845345696,0.03481680414348758,-0.008851410515094983,0.008375759566431279,0.009275208692195568,-0.01351469177783588,0.008614088820826945,-0.008108667988517676,-0.014373716632443,-0.019654173260208244,0.008359847775906074,0.006078168068414655,0.018272050530114888,-0.009584828293182997,0.01062252964426875,-0.014084507042252729,0.02489972598387656,-0.0014680368343786283
0.03419557663669954,0.057173655732160954,0.003646253623838075,0.034901031041517275,0.001259445843828628,0.04607433472619297,0.004764200118824754,0.03801169590643252,0.021091927204852885,-0.009900990099009745,-0.0028037247410549818,0.016319380416743513,0.020577180352933624,0.005594778207006793,-0.0039231641045014655,0.015320334261838419,0.005352296713237554,-0.01669505962521281,0.006185567010309239,0.006897641112047126,0.03153564899451515,0.0007228697930784793,-0.003364438519647018,0.004440091413646716,-0.006230529595015568,0.004633460201886578,0.0033437127142566555,0.012943909724526888,0.0061241265926839025,0.015258483261215816,0.02634608006138862,0.00942143534619037,0.0060946801474062555,-0.02576853526220598,0.0140154169586545,-0.002416123803406928,0.016191978742838137,0.0008607262890400472,-0.007827448251869876,0.02081598667776852,0.03199798437893679,0.0014688601645123367,0.018945337805738222,0.002596027825385668,0.018399532710280303,0.0020911752404851355,0.004060671205063719,0.0019282684149633579,-0.00506329113924045,0.01066098081023453,0.035544519333096755,0.011542768541648794,0.027821112844513798,0.007432788613600366,-0.003336447350860799,0.0045142807535374675,0.0071123755334281625,0.01208920187793419,0.019389587073608397,-0.0032062425155482384,-0.040841584158414795,0.006601941747572859,0.006666096914793752,0.010471204188480542,0.008919722497522037,0.02960840496657096,-0.0031293642993844473,-0.00026381743833283353,0.005400098183603424,0.016240531869149564,0.0016465422612514044,0.001224418401259278,0.024364775495997158,-0.0005822840090255337,0.040183028286189575,-0.00016473107651743496,-0.0012199236898797767,0.001985053713218171,0.006231568149762834,0.017665615141955686,0.029634542964738095,0.004636900755366118,-0.003227665706051906,0.003859141341051515,0.001898433792121509,0.0011500862564690585,-0.0020511960652806124,-0.011803855088842801,0.009031525134904898,0.012734218664726035,0.01900352757248268,0.0007652939206965909,0.0162238119570769,0.004667444574095677,-0.003340013360053396,-0.0044089859332353985,0.02057274698144696,0.02363268062120027,-0.0012004801920767554,0.011992263056092838,0.0,0.0024120845230362962,0.00398307194423703,-0.00430570505920346,0.004711342380985895,0.028232189973614038,-0.00655200655200653,0.004889975550122289,0.0357668611307999,0.02813365093671537,-0.005054432348366924,0.00616990982439487,0.011188240097999212,0.013390139987826913,0.002801120448179184,-0.015118993209715331,0.0033987915407853995,0.013619637408005697,0.033323860945344244,-0.0025842696629212944,0.01900097943192953,0.0419567854094605,0.01122411013270502,0.0018568186507118432,0.02014633657412033,0.007862881295355218,0.021410696079339965,0.02216289922986816,0.011400651465798007,-0.012800315084679,-0.008396676683754625,-0.003131524008350685,0.012829310499149678,0.05624999999999772,0.01267017018861538,0.037431169956072464,0.01931858096241655,0.015064244572441253,0.0007762769756249022,0.011488633585920229,0.002857142857142735,0.025999690018598923,0.00681635926222921
-0.007999573356087667,0.028770218125837316,0.026562639587862258,0.010974960042621143,-0.010062893081760844,0.022810890360559236,0.0018966440556943943,-0.015845070422535155,-0.007768942509825414,-0.006249999999999922,-0.0029135831245265423,0.003628776195228153,0.005680399500624156,-0.0009272751357795732,0.041399229781771504,0.015089163237311364,-0.0009747806743482939,0.03309078309078281,-0.0015762925598990154,0.015426449824818275,-0.00797518830305701,0.00036117381489850133,0.002611464968152805,0.01963206136644348,-0.007836990595611163,-0.0004941525284138811,0.014235205740488708,-0.0045871559633026485,0.02338058471887465,0.0,-0.012710280373831569,-0.0003758456527187018,-0.005494247475933228,-0.0009280742459396181,-0.002764340013821696,0.007909743086639191,0.007190717437489737,0.013514066915107079,0.0010518934081346803,-0.0028276237085372727,-0.0020751953125000503,-0.0019360516280433856,-0.004789556224303767,-0.0004776389552276553,0.006309148264984158,-0.00542570951585965,-0.005114785297965833,0.009366179112137605,0.029262086513994312,-0.005643459915611832,-0.01205809810907091,0.011978767492690622,-0.0036138918000795032,-0.0001569776568468182,0.013122656668452136,0.014691902169216118,0.004385964912280598,0.012756581236228661,-0.02042972877773834,0.0024027282591845512,-0.0025806451612902927,0.003086419753086366,-0.00704643857712893,0.02590673575129265,-0.012770137524557678,-0.011595547309832971,0.0015566221299779472,0.023705853894533162,-0.00610351562499997,0.005695872933211818,-0.0069406392694063125,0.01048218029350101,0.013931362555215812,0.006554511688879169,-0.0014396544829240595,-0.0019770986077931353,-0.00031185031185026443,-0.0006992192052208615,0.01501095876446292,0.04153750774953444,-0.0071070842251825025,0.0034244025906351,0.0021587448440691976,0.0014416146083614126,-0.0033159639981050785,0.0020103388856980015,-0.0001288132935318517,0.01118241311392076,-0.009682503940553944,0.02514819471887863,-0.002995630958776749,0.0038713377622711376,0.0018856065367693754,0.014518002322880355,-0.009383378016085514,0.005061155630535706,-0.007905067760611237,-0.008575197889181544,0.0060096153846153485,-0.007262996941896099,-0.0008067769261799736,-0.01426653273539686,-0.0024795437639474212,-0.001081081081081008,-6.998880179164963e-05,-0.013600205286117207,-0.005770816158285224,0.013077858880778543,0.004921829762594043,0.00018785222291794248,0.007815552950371066,0.00047169811320751595,0.008399289290906038,0.0042042042042040855,0.00558659217877098,-0.008402699802362504,0.003010914565299241,0.029529607083563825,0.03624596655910837,0.002759941421651379,0.025182622068434992,0.0008191420564777277,0.02851536150119577,-0.007207578253706725,0.0,-0.004193712514839854,-0.002359346642468155,0.016684516092666732,0.012882447665056319,0.005253008843673022,-0.014796327658436675,-0.01123274631128029,-0.0009721035732169928,-0.03944773175542251,0.0038866891813205736,-0.0010138358778626214,-0.000827015851137177,0.029026625927542456,0.003361257627469228,0.001449975833736015,-0.0056980056980054546,0.004078703878545186,-0.002389486260453936
-0.015913122950378947,0.06623134328358192,0.004583297073071598,-0.0010012647554805342,-0.02287166454891962,0.07831449126413144,-0.013919511814881625,0.006082289803219973,-0.008106116433308714,-0.00628930817610055,0.004894512302027934,-0.0017174365000450693,-0.0031034696791012316,-0.004242906390877751,0.011542232805715029,0.010810810810810796,-0.018839129347010295,0.028173738051316472,0.013735396274076151,-0.02132042434854251,0.0,-0.010379998194782903,-0.010926878851407024,-0.001147593241950878,-0.003159557661927213,0.006097560975609811,0.0020046498726005208,-0.015141540487162581,-0.0028474864943981203,0.03589053387169057,-0.00656317051621865,-0.0038225341521493303,0.000991595051468461,0.0030190431955409856,-0.03811503811503806,-0.010585229346635755,-0.0027583968846339917,-0.005293143157299244,-0.0070052539404553285,0.0002590249754608661,-0.003792048929663627,-0.009111215612508806,0.005621805792163594,0.007193158953722308,-0.013394129381590089,0.013428451531682593,-0.006934481109516875,-0.012711325791279997,-0.011124845488256901,-0.014321328170582915,-0.017337031900138685,-0.003814759754284565,-0.007145188785317836,-0.02449235922126853,0.010177108115252341,-0.018226726854611897,-0.006679742432092266,0.012252376044887233,-0.012944983818770215,-0.005876440114435867,0.0025873221216041096,0.008901098901098916,-0.010858413132694764,-0.015151515151513657,0.01293532338308429,0.007977475363679067,-0.013055303717135104,0.04463825399553188,0.0,-0.04501763811126568,-0.007724848261908899,0.002939142461964107,0.021336014298480636,0.002604731929672333,0.017701241489787644,-0.007676434172513362,0.01627326609129663,0.003965014577259439,-0.018806337409295104,0.008928571428571322,-0.03339333179848872,-0.011202611469693681,-0.001384775166365314,0.01703454894433765,-0.011882129277566426,0.02073182382726665,0.0045594577942083365,-0.003016022620169619,-0.006934970441109613,-0.0017522340984755505,0.006083487967738602,-0.008188916396876907,0.015307402760351111,-0.030337721808815075,-0.010148849797022866,0.002308015107007899,0.01274888925037472,0.01397205588822268,0.029569892473118035,-0.0096264921062764,-0.004844570044408474,-0.001401414229521796,-0.013422818791946328,-0.004329004329004344,0.004129628333449892,0.013787721123829016,-0.0164179104477611,0.02581807265085534,0.01063356119535892,-0.0005008451762348673,0.0333462582396276,-0.008486562942008327,-0.012013455069678032,0.005382775119617195,0.024641577060931855,0.008317211467347445,0.0016885553470918832,0.018362037455116324,-0.0012915553511084693,-0.007189799471999068,-0.011906994187136503,-0.004135435513052426,-0.010314810398282812,0.00186683260734282,0.013362153664767009,-0.033737439422793995,-0.029288702928870307,-0.0018295725453236018,-0.014467408585055633,-0.006449265775896279,-0.011037727313851465,-0.0008183306055647787,-0.008698472607182869,0.04312114989732871,-0.0029798587648449427,0.01820786818697389,-0.009794454407504502,0.1098621420996813,-0.015255372880482338,-0.014961389961389862,-0.011461318051575235,0.026140595027644944,-0.0009314703925482949
-0.023108440316853267,0.0016404199475065612,0.049435476884872,0.021838898559898623,0.038361508452535116,0.026972931757529447,-0.019367151504200916,0.06561166429587455,-0.0030646359583951974,0.013924050632911146,-0.01266374910946647,-0.009145237232886742,-0.01625054479795771,-0.021304926764314242,-0.018362090453374606,-0.01203208556149731,0.03600479383940643,-0.006361115641820199,-0.0029590406478741046,-0.006051357608924434,-0.007592675301473881,-0.004560379423568032,0.008093005331106616,0.0022339950213825207,-0.022187004754357788,-0.019000819000818975,-0.010148749386394677,-0.015040106951871558,-0.006792100346944172,-0.011693373754871967,-0.005971287002922029,-0.0025791029754042467,-0.02514269541016092,0.009956008335262773,-0.01440922190201727,0.003043531726512429,-0.006101529450048802,0.014135998050207044,-0.006261022927689503,-0.01720025623202637,0.009332023575638511,-0.010737379130331681,0.022714438985826358,-0.0008490236228337636,0.002021952628538373,0.010766045548654133,-0.005778954972309153,0.012874983906270083,0.0049999999999999455,-0.00016143787332505743,-0.01856033874382494,0.014303815289314419,-0.007525389055307918,-0.01298283261802576,-0.005102708360591355,-0.016656545501865197,-0.02224167799862163,-0.03981900452488684,-0.020400728597449843,-0.0042778253091701,0.1045161290322553,-0.000544602984424354,-0.00561846313423804,-0.010256410256409169,0.0363457760314335,0.013500931098696293,-0.0015485157869872413,-0.01636849681266714,0.0012281994595922318,-0.028873525823505563,-0.004633920296570813,-0.0037924495776590892,-0.02362463086514258,-0.004618604315508466,-0.0012592475995591899,-0.0016636167027116924,-0.01051312221824318,0.003252410268323919,0.0018424689083371244,-0.002359882005899711,-0.0047419532950080745,-0.005252100840336126,-0.0007703863487538995,0.0016513328615240439,-0.012506012506012359,-0.019655559715462335,0.027048577036310018,0.024768387218755846,0.02524327418431589,0.0057925223801999735,0.07896614101963828,0.01723310291858682,-0.04115175481957436,-0.008854781582054298,0.006151742993848018,-0.0052334100900146485,-0.011408188214918404,-0.012467191601049019,0.015955903684363122,-0.02410575427682714,-0.004868154158214925,0.018012125376977453,0.0010078105316201364,0.03097826086956482,0.01136205213996945,0.00872465999486771,0.06154105547125253,0.02224173251390102,-0.043460232720864474,-0.009395552771688055,-0.019512195121951032,0.011887779362814913,-0.009889753566796214,-0.021415823914336416,0.0006996064713598191,-0.009064971499729605,-0.00655553474433412,-0.015243966809534824,-0.000584608843537447,-0.010693069306930732,-0.01252490748647881,0.012457825071372827,-0.0034339418037231386,0.016149068322981325,-0.02036067481093634,-0.005143571337008133,-0.029141679160419893,-0.0164593053395541,-0.006452653653815111,-0.0017642555174593802,0.013082060195773631,0.0035650623885918413,0.005532585740206401,-0.005905511811023334,-0.012464094826018951,0.0009967166979362356,-0.00759264419058223,0.030193005923944215,0.0050766734704558725,-0.0031847133757961906,-0.005797101449275109,-0.01722747599149612,-0.011987213638785264
-0.015154904373112685,-0.04956873021072161,-0.01240954241532079,-0.031335501522894924,-0.028804007514088525,-0.040928074245939514,-0.01430265900480218,-0.056065409644585014,-0.05002328830926869,-0.029338327091135645,-0.02145549861577425,-0.02567851594626689,-0.0008860759493671451,-0.02081632653061224,-0.02104728585938378,-0.015561569688768585,-0.06022791602057648,-0.05187130663164792,-0.021165260855982294,-0.025782201281168943,-0.000900090009000841,-0.024189114898295803,-0.04963364128703408,-0.006941790854668244,-0.03727714748784387,-0.027383536483553052,-0.02349840845135397,-0.03257550050899186,-0.022033829990192252,-0.0348378615249774,-0.036554192229038385,-0.03052472250252258,0.009871286170521666,-0.013984410820724297,-0.04020467836257304,-0.04174456738284235,-0.03257755586477849,-0.04558199150845135,-0.030260005324341175,-0.008806112967868087,-0.05328467153284653,-0.022007675701606964,-0.020222237559527914,-0.03533939818054573,-0.03488036898241539,-0.004096681687832822,0.008113344635504888,-0.054404474386678475,-0.04477611940298406,-0.04181916038751343,-0.04292802185949522,-0.035227493545790196,-0.04126177856301542,-0.02500271768670505,-0.018411362440820596,-0.03528892809880894,-0.03907485377888689,-0.028039585296889605,-0.04648568240981744,-0.012595688173722851,-0.04556074766355024,-0.009263295553618123,-0.03277121001390818,-0.04663212435232688,-0.034123222748814463,-0.041800643086816504,-0.03472477787708318,0.02634109629134087,0.00220804710500484,-0.03890982691233945,-0.02811918063314668,-0.008305935282920812,-0.02363615996415366,-0.005510041325309866,-0.012529550827423219,-0.0327445425762372,-0.0019905384794354805,-0.022577283779089907,-0.019157088122605356,-0.03607332939089251,-0.047199469155543905,-0.04638708704178602,-0.036197525153232345,-0.01719265190767776,-0.03409644422795875,-0.02873782700019102,-0.0021824696653004,0.012238622386223903,-0.05058344034392262,-0.036649214659685125,-0.07274375743322939,-0.024680288801849692,-0.027709756411908468,-0.017867778439547326,-0.03804347826086901,-0.03177609427609417,-0.0039793055488375854,-0.004651162790697384,-0.013135351227869617,-0.006772908366533765,-0.010191602119853158,-0.007503746281675562,-0.025421595771457268,-0.03953610964681034,-0.03542628713212492,-0.019842279318239155,-0.0038119440914866094,-0.00830231892356146,-0.0456515849363316,-0.034587417009168495,-0.04822043628013749,-0.022086466165413408,-0.02480759783854606,-0.019452887537993617,-0.018089661801975014,-0.024878097739267076,-0.03167420814479617,-0.03333976544242189,-0.04140742710272096,-0.007148576003660063,-0.025175362736619578,-0.05515679740237538,-0.05035666787571022,-0.03708231458842688,-0.01256927949326997,-0.030811603073107114,-0.04719621658141089,-0.01669709918491045,-0.03295989608702693,-0.013805522208883574,-0.023659021130576118,-0.015985790408525612,-0.03233249519301882,-0.04752475247524562,-0.04545621902636954,-0.018215896444678657,-0.05278304204393903,-0.0803190502689665,-0.04926057071443451,-0.032194642418284354,-0.023323615160348414,-0.04583768461882719,-0.025882987328120624
0.0014195673158821176,0.011334482098410837,0.020645269140755696,0.02280963547218072,0.010315925209542063,0.09328430423843591,0.006647584555172571,0.020859112603853477,-0.009315552069033126,0.005787781350482277,-0.001896133993468926,-0.025511161132995678,0.011149119472950789,0.0050020842017507285,0.017897285146117894,0.030240549828178653,0.0027237965533497685,0.0015581717451523096,0.029282693688661713,0.005325508096945957,-0.004504504504504465,-0.011549295774647823,-0.012469831053901773,0.003976143141153105,-0.0033670033670032385,-0.004291845493562217,-0.004573611824661311,-0.0014030164854438136,-0.012968636232501341,0.012031782065834032,0.016184664367205927,0.022183190215977013,-0.006899856252994767,-0.0048825854452453216,-0.014470677837014449,0.010650887573964549,0.012099162365682316,0.008939063286889253,0.0032027818448023366,0.012829840221619149,-0.010151631971215715,0.005395793733521333,0.011622992392223159,0.0807295714803874,-0.011350059737156477,0.008638420403126191,-0.0219819819819817,-0.004436080118295396,0.010416666666666359,0.011234061674998583,-0.016829451540195398,0.0027047246360131453,0.008446270203862244,0.0010034563496487637,0.006564844587352587,0.0024691358024691726,0.007434870534121096,-0.0008484848484849015,0.024180967238689538,0.020212408282736346,-0.02692778457772275,-0.010889891101088952,0.0012582007728946356,-0.010869565217390085,0.002944062806673123,0.0019175455417066336,0.0013616186923014074,-0.0013036216238236102,-0.030599755201958234,0.009622018082132087,-0.005556620042153546,0.012912231722212442,-0.009522716842588399,-0.00860246409564769,-0.01891309552310253,-0.013007149625290816,-0.00041444335077446727,-0.04051172707889121,-0.004843749999999974,-0.00920245398772995,-0.005776915172964991,0.014395317567033154,0.030837532997360338,-0.011981787682722204,-0.005547150781644032,0.006880959402339512,0.00992420821250001,0.032201227292059015,0.009526609820641003,-0.011413043478260708,0.0027864598605202018,-0.0051287013741050675,-0.03433191940615018,-0.026076409945421434,-0.008474576271186241,0.01956096500760702,0.007590805269407625,0.008678237650199622,-0.010416666666666671,-0.009626955475330871,-0.005354200988467878,-0.00358305821906235,-0.007747933884297481,-0.009330406147090945,0.002786709539121178,0.01894627562937913,0.039221938775509925,-0.010969976905311585,0.009595457771469173,0.002226879748493638,0.0012062726176116163,-0.00913022585295525,0.001343296112836987,-0.022318660880347042,0.018600925596297665,0.0035766820912867827,0.0023364485981306987,-0.0002217983409484096,-0.007951330460992249,0.007833650135360935,0.010448496796451344,-0.002713090662446301,-0.0028009421350818544,-0.016716038933559035,-0.025458554675753902,0.0066806261840663276,0.006179092382495849,0.0030630216708783203,-0.016453995970450025,0.0011158449989855026,-0.0027746947835738016,0.0022441213776953385,0.004707752506725386,0.020790020790019927,-0.003324898941586582,0.015809569263810982,0.012523156724712905,-0.033682936668011136,-0.014952349654945737,0.001015744032503746,-0.023880597014923864,0.021264120705155563,-0.004013285358427856
0.010263098208210544,0.03199424482223315,0.014795403051893048,0.011098374322634396,0.016592214422463242,0.016728624535316036,0.05829580799405796,-0.0019047619047619373,0.017123626645550748,0.007033248081841306,0.023203920090463567,0.026852743022136704,0.01835609572735241,0.01631411585787363,0.019054899629094735,0.018679119412941935,-0.0064514443922059775,0.014001728608470172,0.004186046511627813,0.0022972972972972964,-0.0027149321266967826,0.003609765365251208,0.044738628649015615,0.012008942829766804,0.01520270270270242,0.02948275862068959,0.0009491802938306246,0.006322444678609058,0.016215012457026733,0.007626738447734316,0.0,0.0010819067014574196,0.05403840586702688,-0.00023364485981313616,0.031684698608964404,0.008892967909361317,-0.003845510784149915,0.026205232727423967,0.01578035209340502,0.003315329253636501,0.01765545891211215,0.028480819662133307,0.033785948053756745,0.004578798484921215,0.005438066465256799,0.005709624796084806,0.010685335298452394,0.030920874966243468,-0.014175257731958324,0.02605121368660781,0.0021014825003820865,-0.004390495867768645,0.004606540526135591,0.01804410781911342,0.012112338613070692,0.021255245393176345,0.025780804124928648,0.022564600266893095,0.000380807311500248,0.0016671513036736185,-0.005031446540880448,0.019517348754448324,0.007090925410645433,0.005494505494504969,0.003913894324853068,0.013397129186602862,0.03649615185880183,0.03128696716296135,0.009595959595959576,-0.0012587211393224476,-0.010019267822735762,0.0012058570198105823,0.01644851152554154,0.01330980219133751,0.015617374328940772,0.010211206144178761,0.005312257061414872,0.028024691358024677,0.011514104778353478,0.011145510835913246,0.011839143815167005,0.04678362573099408,0.011096884336320912,0.01819063788503508,0.018762677484786917,0.02948354974128672,0.0021549750292268483,-0.03066690211313207,0.012524028659637662,0.012827560930914238,-0.00801132099943491,0.005690107966151281,0.01606039807824277,0.012453300124532985,0.024216524216523913,-0.007887444041782224,0.009516306899612833,0.01058901389808005,0.005263157894736845,0.0,0.020703933747411838,0.03530767514800615,0.013014055179593894,0.004986149584487511,0.009690751033205002,0.006367804381049252,-0.008745013807916407,-0.002043199065966262,-0.007339088378370877,0.014900013070186853,0.025301204819276953,0.004364694471386989,0.0001257650708475421,0.024096385542168443,0.003145478374836088,-0.006768912572485816,0.00699300699300701,-0.003593930251131582,-1.863967641511571e-05,0.04240726981768301,0.01902253438688905,0.009884379959193001,0.014171720395786796,0.012481170647729689,0.027152113545201827,0.0037968832540940293,0.016510621161784027,0.02450568745705771,0.0208262205530898,0.022393352923295216,0.011593396401409734,0.053494937694704044,0.011683806973772309,0.020366598778003245,0.0038390984310780075,0.022669877253773337,0.010758196721311326,-0.005844291379670214,0.012121212121212081,0.007102993404363261,0.0030581039755348074,0.014620890266773753,0.030707239127413986
-0.007577033170567427,-0.07132374523040799,-0.05070611970410221,-0.038495233187322835,-0.0194601381042058,-0.0574562548968398,0.009968526215359604,-0.002949340735600149,-0.002432853250291938,-0.001904761904761953,-0.010948367322880946,-0.01565282594432469,-0.007628422023992664,-0.010066657597605765,0.0013336296954879361,0.007203667321545504,0.011514498278082942,-0.014490282986702983,-0.0019299058205959401,0.012457867062154454,-0.015880217785843777,-0.0172266919072409,-0.0033140554941842415,-0.015085526731048307,-0.0166389351081528,-0.03081560877574931,-0.011909806699007016,-0.009424083769633402,0.031515367336876175,-0.005342831700801349,-0.020234986945169415,-0.01754609027336292,-0.02004943696786583,0.007478382799719633,-0.0037453183520599195,0.00395244518334951,-0.003524672708962581,0.016172834502046964,0.008441091954023055,-0.015929837121890198,-0.03112641918612057,-0.015002371916508628,-0.007948161819186053,-0.005488605178379666,-0.02163461538461522,-0.004460665044606592,-0.02223842508202686,0.0026195153896529074,-0.002614379084967289,0.0034105673451710413,-0.022229000648186864,-0.012509007061536265,-0.0038653933606185636,-0.014277899343544792,-0.0015781167806416757,-0.014917373827601622,0.0019185388408188317,-0.023964883141535036,-0.007232584697373289,0.015501925644945796,-0.04677623261693926,-0.001636214889555493,-0.004278074866310112,0.005464480874316226,-0.010721247563352562,-0.00991501416430601,-0.014745624852412627,-0.031524404714816774,-0.01225612806403204,-0.008137985668503076,-0.012066952121447887,0.014796971782518717,-0.01504273504273506,-0.006023222060957868,-0.0020022425116130033,-0.007170626349891957,-0.01095501997680113,-0.009967575357271583,-0.01917007295493348,-0.02204531537048364,0.0011689269704362787,-0.01474860335195525,0.0028397098890978493,-0.016436398284897572,-0.016426082628173112,0.015267899478425679,-0.005693028056575551,-0.0173062909885839,-0.014037510067886354,-0.013931608467522871,-0.016102427008790533,0.0023695536534649097,-0.01918400432315567,0.0018450184501844996,0.0006954102920722734,0.001826385904598242,0.011390397455955789,0.013097576948263783,-0.019197207678883027,0.0008100445524503322,-0.017444219066937026,0.015580240073318836,-0.015159301130524017,-0.004410143329658228,-0.00536344389555392,-0.012401923563654327,-0.01114378579167315,-0.024568587306229683,-0.013851906407568866,-0.033547971667739755,-0.002350176263219812,-0.0067600193143408606,0.0027664836316386634,-0.008049535603715142,-0.00757773713091177,-0.0524358185580849,-0.01793981481481466,-0.011933918154695515,-0.020541306292872014,-0.00729206645101166,-0.025942944667815295,-0.014681452880168923,0.0,-0.01721572794899041,-0.013217182337038091,-0.012860572969772836,0.003862533425770004,-0.006464232488822616,-0.015217391304347813,-0.008589362405021467,-0.014852846795635843,-0.012659982442360147,0.0010827067669172653,-0.007984031936127397,-0.026354544963876174,0.0028714179061620597,-0.003330678444717908,-0.008608020155364278,-0.006317639949458873,-0.010075566750629672,0.030487804878046927,0.0029423969218002437,-0.01226745753572376
-0.004411265693925996,0.009679203539823007,0.020940776423916143,0.01473898595776609,0.014724711907810386,-0.01348480650226296,0.0008903752605975185,0.0026100574212632585,0.002536337918252006,0.015267175572518927,0.02382264864945391,-0.008379356313083163,-0.021511375612175174,-0.0005496770647244742,-0.016453940066592718,0.0039011703511053265,-0.002858850742001714,-0.006227296315516364,-0.021656740660530402,0.01531413961168668,0.014292300599354383,0.01974381200038521,0.019102881731646836,0.004998718277364742,0.0050761421319795615,0.0005184033177811534,-0.004744567140723632,-0.013742071881606789,0.016013171696785337,-0.01947179946284642,0.0023984010659560883,0.014753461886890076,-0.007940956651718976,-0.019485038274182312,0.021804511278195455,-0.003187002030932608,0.013137948458817484,0.0007179896290387637,0.025200356188779967,0.0017908610123961411,0.002501645819618133,0.007163927517909865,0.018114908814383237,0.020731853629274048,-0.010749385749385682,0.0012219959266802807,-0.008948545861297416,0.013847158719790979,-0.0052424639580600394,-0.0216347450768815,-0.020628607081578557,0.007472052771372668,-0.0006847751654872274,-0.0036628003773795043,-0.021338250790305616,-0.01015596663039538,0.00011489190586512726,0.001823264859608601,-0.00881901840490795,0.0263569141637445,0.06896551724137732,-0.012947282163343359,-0.009935553168635978,-0.010869565217390085,-0.0019704433497536836,0.01764425369575584,-0.00039945673883518397,-0.006289565039820331,-0.0106356039503671,-0.006752586676347757,-0.012214342001575753,0.012037978975924039,0.004859423811176716,-0.008030955683726351,0.019099590723056052,-0.005917159763313559,-0.013421944227260875,0.004245511887433274,-0.0039300503784981625,-0.005635566687538924,0.004738262032691864,0.002948514402358704,0.0028699345654919044,-0.00024218939210454205,-0.010627530364372334,0.02643377545301712,0.016647022567285622,0.0009886918371131029,0.01820515812813631,-0.007339449541284243,0.0027271654031453567,-0.02132381319953697,0.010743801652892432,-0.008594229588704715,0.0166782487838775,-0.0006434316353887636,0.02019419188077198,0.02327084680025702,0.00029655990510089604,-0.014569000404694315,-0.017341040462427557,0.03661615174032074,-0.0010435690060006052,-0.006090808416389713,-0.003121895842202418,0.008713480266529666,-0.00563468461418064,-0.03148425787106428,0.016516818429896867,0.006063028849356983,0.00196309383588534,0.007778317938745782,-0.009405174936253806,0.003745318352060021,-0.004212743549236592,-0.014550069356314409,-0.012178353957965078,0.002253368786335571,-0.0019030944315456925,0.0029824367612946456,0.02515970515970502,0.048072541693247026,-0.0012588909171020314,0.0019463667820069858,-0.008422120750887772,0.002065840330534543,-0.011345698500394621,0.026606416290101735,0.010528103243335073,0.02479173608797069,-0.0060493252675662985,-0.001871870466563712,-0.01493120230727627,-0.03219315895372107,-0.011775885963175664,0.002290557178033554,0.005375953505267039,0.010588733587462896,-0.007297655904467067,-0.007124681933842232,-0.008875739644969807,0.007183962086733971,-0.008598334925617648
-0.01760963417405133,-0.026137653089173107,-0.011296455632962409,-0.03470131516399935,-0.02712933753943191,0.009924164404082125,-0.04132222439193729,-0.00989239847275256,-0.020531283448477163,-0.03258145363408474,-0.01185972060535506,-0.007009794507394053,-0.026102382159148497,-0.00797470094871442,-0.028465032301746154,-0.02720207253886007,-0.014752261057679747,-0.03167972149695384,-0.045458138983318484,-0.027149677351660448,-0.030454545454545127,-0.0024556101246693465,-0.04407907363572374,-0.016260681035582175,-0.02356902356902315,-0.019689119170984346,-0.02225389631522475,-0.012861736334404933,-0.007645160025614552,-0.061629764893858505,-0.009969427090256415,-0.0581558474684351,0.005838591204444686,-0.01821622900402165,-0.017660044150110348,-0.010688649970222343,-0.033665835411471265,-0.028220663265306173,-0.012333883436115713,0.017457612915840335,-0.028237457315471424,-0.010340705319784777,-0.016085361787262466,-0.023648886903782276,-0.016764979819931698,-0.05004068348250574,-0.02721344369199868,-0.008632908130395604,-0.019762845849801848,-0.01792213521561705,-0.022138164443559573,-0.020366775791638814,-0.005291609562966378,-0.0020052358937224448,-0.026783310901749596,-0.011634298277757233,-0.005571617300733203,-0.038218878912885126,-0.018181818181817997,-0.003973632903165839,-0.029776674937964417,-0.023411556342705284,-0.013561160835367483,-0.01648351648351471,-0.038499506416583555,-0.03983130271790047,-0.017343350383631682,-0.027290288109818768,-0.0115177885845917,-0.0018275521766146412,-0.0065815715995211745,0.003853241749036791,-0.019458837075417314,-0.015235151247516019,-0.021891487518702367,-0.010416666666666727,-0.015876370360586416,-0.049522889237830534,-0.016603114076898698,-0.04282115869017585,-0.003136423123787297,-0.022538821046283596,-0.029075091575091656,-0.13493217054263498,-0.02762148337595883,-0.011830011830011807,-0.006211543472827116,-0.03494042842150754,-0.03959885386819474,-0.029574861367836817,-0.022628281358158427,-0.011633638962831453,-0.025347506132460812,-0.03467492260061915,-0.03007518796992444,-0.007618843223521853,-0.02626574162475634,-0.030322173089069496,-0.027868366439371416,0.012320328542094356,-0.00042016806722686335,0.0012374428319331656,-0.010707756594410929,-0.017827298050139016,-0.0033451957295373967,-0.057926829268291236,-0.03557374468754893,-0.08142414860681067,-0.01805696846388608,-0.03125827814569535,-0.03605015673981159,-0.022672455378678107,-0.018735758291838996,-0.027985074626865322,-0.029437687290674957,-0.0231322136982514,-0.042950884867766714,-0.022213229012095898,-0.019048163825649337,0.014427312775330405,-0.02684306394401288,-0.013608103995478328,-0.026974223230604336,-0.030865529894236885,0.007060990585345791,-0.008429207953714138,-0.013072547649935146,-0.0237982174167154,-0.021004873130566218,-0.013981921050920196,-0.022940074906366997,-0.027099254536077703,0.0032022934520723394,-0.02494802494802397,-0.015939032599288364,-0.0043992458435696945,-0.025652142495845034,-0.004191114836546504,0.003341501447983957,-0.008969759097898468,-0.03283582089552047,-0.04552244379714663,-0.017758810572687144
-0.0594425812420493,-0.04445739081521959,-0.02397394868339779,-0.05515430072225862,-0.049286640726328775,-0.052192453879669934,-0.030723443741583582,-0.03926380368098142,-0.0370554341347109,-0.031088082901554077,0.012605846403063153,-0.028817329078425585,-0.03382773874577149,-0.033679833679833675,-0.026191997212381735,-0.033288948069240966,-0.0041797836036082964,-0.05968002876145931,-0.03486831207553387,-0.022973009410305438,-0.055789967182371746,-0.010982768415073011,-0.031053406505153276,-0.021131781940753283,-0.04568965517241298,-0.027307963354474885,-0.022646370817371232,-0.024610930148389294,-0.0024231569520899244,-0.05521770858671712,-0.0138292158968849,-0.03324306025727816,-0.002293792716037652,-0.033253012048192636,0.014232209737827694,-0.009314999049489773,-0.03879569892473104,-0.022313371616078773,-0.02172192419312266,0.007522099599187417,-0.04838491688065936,-0.0027782810895694452,-0.046876059049194,-0.036862254111188764,-0.02431323018629599,-0.04925053533190536,-0.014309655794765829,-0.04341044970106562,-0.04301075268817092,-0.021000617665225475,-0.05101999267071138,-0.018838350978884557,-0.010409889394925275,0.012111402578556689,-0.013552758954501526,-0.030957456668829385,-0.015287458123146929,-0.057903368235145664,-0.03546099290780114,-0.008016256221919796,-0.03964194373401444,-0.024029470104845588,-0.019063330583814424,0.005586592178770405,-0.029774127310061047,-0.034163006344558156,-0.0027111291853056784,-0.0285207250602104,-0.03676851372345913,0.010838917572961253,-0.026701465569162388,-0.03988651535380509,-0.06693283231564098,-0.03415545590433481,-0.02962724418323798,-0.032551968155683224,-0.018092016964621264,-0.019443385436522957,-0.002908150900718885,-0.041447368421052164,-0.001584463206500826,0.008637310094856195,-0.0282166155780868,-0.059087090450853835,-0.032088374539715574,-0.030757896675568677,-0.054423152047691145,-0.012025842768502482,-0.04749686735485413,-0.045142857142856235,-0.041681421661118684,-0.04618453865336649,-0.05676733780760551,-0.049390635022450224,-0.04792107117688454,-0.0022707612456746395,-0.04026585495780112,-0.046254071661234714,-0.032631899969502665,-0.03164300202839736,-0.0399327448507773,-0.046001038091945584,-0.01953537486800421,-0.03346568349404389,0.0005713061486823924,-0.05636461704422707,-0.06903868124693965,-0.008426019548365296,-0.035684480128924556,-0.02413180202351648,-0.08495934959349527,-0.03405725567620897,-0.025500989077148074,-0.0441458733205369,-0.013258263712313938,-0.0213641048135859,-0.02347808019945972,-0.030558749137732717,-0.02262522596069734,-0.022147432417761324,-0.0354644862575115,-0.06263222849083226,-0.0009067944815079273,-0.040979955456569926,-0.044202824916166554,0.004141446320484198,-0.0021233569261880896,-0.006342494714587668,-0.06041881222107779,-0.002242448225827786,-0.052036415908001774,-0.012240373957881582,0.000942421110232841,-0.057569296375263986,0.006050537870829655,-0.029323998622747535,-0.03263126668644314,-0.05934343434343407,-0.020426287744227306,0.001034393586759845,-0.043209876543207175,-0.011894049062952307,-0.0011212333566922947
-0.004979712283290237,-0.00201829076001269,-0.007564427059364983,-0.022237665045170153,0.01637107776261919,-0.013399843505477215,-0.009281528008032315,-0.0038314176245211,0.006705870215619506,-0.024064171122994294,0.009482119224560404,0.0014935776162501215,-0.006867761917586878,-0.009036144578313251,0.0016400286259541977,-0.0027548209366391146,-0.00820869750019926,0.005161536991014951,-0.0032609628421864947,-0.008334483234441784,-0.009433962264150879,0.0027761822707257186,-0.02824975825390234,0.007350506588967699,0.01084010840108384,0.014852381814888427,-0.0029452666033886786,0.020037105751391233,0.009676567656765698,-0.014933058702368445,-0.016746085772634273,0.009384410673016208,0.031013935156946393,-0.007477567298105646,0.02289512555391429,0.0074836893949084115,-0.018256667263289825,-0.00197180735022647,0.007731032002876567,0.0027792915531334645,-0.003692657292998175,0.013021621949003678,0.0156447781997127,0.01339933003349841,0.018770226537216744,0.030630630630630408,0.017656290871043565,0.01766304347826082,0.004213483146067257,0.013191855463148824,-0.009182184845104297,0.010248063417427731,0.016281857910817318,0.013289952575272903,-0.008972381887004022,-0.0036346245815398826,-0.031714375097763134,0.0005356186395287759,0.010620915032679628,0.007028621901486463,-0.010652463382156802,-0.009871668311944708,-0.004951882649724325,0.016666666666664855,0.004232804232804204,0.06872157655381468,0.00320782927823846,0.013482950591510081,0.016397849462365565,0.00963593551892769,0.013613861386138409,0.006779071788632153,0.003272086584445024,-0.014160798576181945,0.007632954451174007,0.00411447380451677,-0.01623838162930565,0.006868843960601271,-0.005536201355694183,0.007549759780370678,0.023158539073658557,0.0036700053520910977,-0.000525719831769727,-0.0011904761904761158,0.020108695652173634,0.019382422802850404,-0.006893078059298744,-0.004726448688896047,0.066654137693416,-0.00997406742469559,0.008524274126001341,0.05840828278602787,0.00074117995849408,0.04655870445344123,0.03182827535159103,0.011813157039124271,0.012219954175345002,0.01502732240437048,0.0025220680958386076,-0.02178466694595704,0.00831873905429067,-0.0173056984586218,-0.004308023694130203,0.0,0.0007850974234530981,0.019434124035438132,0.018758765778401135,0.020394289598912166,-0.011310394222447721,0.004343257443082337,-0.0022212350066636855,-0.010219724067450076,0.007943162261153517,0.0026773761713520775,-0.012516105282532565,0.019989396823866787,-0.008510638297872304,-0.015298498612461745,-0.0104806793548515,-0.003941378927500904,0.016954345827801028,0.003620632905440479,0.021782820097244644,0.010218300046446718,-0.02285775037210273,0.007697702377771747,-0.010335393656905383,-0.02076821690830355,0.003105590062111873,0.013914595452141685,0.019005256773149935,0.009757525491535338,0.0037357630979499394,-0.02036199095022545,0.0025497401693351245,0.015784806384865513,-0.0032198712051518235,-0.00850111856823265,0.02476201269265639,0.009041591320072286,0.016129032258063475,0.01995644426846147,0.011224919320892347
0.019956750077231952,-0.009753734015883895,-0.002898130705694826,-0.02025586353944563,-0.012751677852348861,-0.008525825319718454,0.006127812017582106,0.0020146520146520487,-0.004611600737856108,-0.008219178082191591,0.02881304654747669,-0.004672897196261605,-0.028542372881355832,0.0011579099724996378,-0.016284123723616383,-0.005524861878453031,0.007553436545775916,-0.03461392164321008,-0.010848041325871667,-0.009016781231736864,-0.006015037593984846,0.0002863961813842042,-0.013149477574809845,0.0011175387851696313,0.019660411081322157,0.0139211136890952,-0.009488116134541485,-0.01564205165514705,0.007596459343906415,-0.021432305279664894,0.002076986984214949,-0.0011101089294386366,-0.0014107581687448378,-0.014314414866900955,-0.003610108303249092,0.006380547266840313,0.001458523245214135,-0.010130732691580095,0.006333630686886616,0.006290418998967471,-0.005702066999287225,0.021104866674638373,0.016173978798784495,0.0022201391287187317,-0.010165184243964322,-0.022290209790209695,-0.006811463822130759,0.022029372496662158,-0.013986013986013594,0.0020379281064250806,0.0005629655291876758,-0.007936271145985588,0.0041099018190119945,0.002231292517006751,-0.017116989673221113,-0.01228760679658244,-0.018476636646338994,-0.03439507494646677,-0.01535974130961997,0.008528506111784977,0.009421265141318762,-0.0035775027857603086,0.0003755868544601786,-0.016393442622949065,-0.01580611169652232,0.0033096926713947297,-0.013792916565048928,-0.020770749291906105,-0.030679714361279982,0.0008252305263536222,-0.019129019129018692,-0.029523480662983357,0.012920220772704374,-0.032182103610674986,-0.006340057636887635,-0.01675468949189588,-0.0037236703162341145,-0.0023169005019950443,-0.0031229632848142497,-0.01021798365122602,0.002902693300539425,0.021101546431020034,0.005381347359902962,-0.030393325387365864,0.0,0.020411967564544525,-0.005390897020190136,-0.02029664324746292,0.013096846185470093,-0.042917590167236744,0.0073361179641254146,0.0361642211353195,-0.026810842838097697,0.0006447453255963886,0.0035868005738880406,0.008997429305912562,-0.016499000893148177,-0.019515477792730797,-0.00660377358490569,-0.03169164882226956,-0.01563178462874508,0.004654322128930467,-0.006219578150351538,-0.012323943661971653,-0.012337754956496893,-0.05046257359125186,-0.0032696609877817424,0.013990672884743375,0.005976456383942098,0.035502545860361154,-0.007569011576135235,-0.012390294269488657,-0.02661879952716592,-0.016688918558077213,-0.02171481826654232,-0.015061486302907162,0.008583690987124427,-0.009056749205125817,-0.002833829085939456,0.023073064704898873,-0.005423320277192005,-0.018037856071964002,-0.005266163314510465,-0.016551724137930934,-0.026112501360025738,0.0060315829591212015,0.007166990887683007,-0.008998788624608258,0.000910580950646509,-0.025784789907748434,-0.01994047619047617,-0.01314200125622061,0.021060275962236707,0.016166281755195626,-0.003213383175759229,-0.01140728669537895,-0.020689124750038493,-0.02256317689530676,-0.003815316560685697,-0.0010240655401946544,-0.019047619047617884,-0.023370472456228728,0.02442070209518504
-0.002907681124303337,0.01010509296685529,-0.022002615898851854,-0.012936767017289363,0.004758667573079589,0.012598740125987398,0.028754143290504686,-0.01023578870407604,-0.004324101719345128,-0.0027624309392265205,-0.052049346757593117,0.01827989211866938,0.0035592155768022203,-0.019517131704496163,-0.009865633700520484,-0.013194444444444425,-0.019539557635048905,0.02738376674546872,0.008442858386282448,0.003735010811873324,-0.0015128593040847622,-0.013361328497804898,-0.010803802938634383,0.004202508372184552,0.025416301489920728,0.009857419468403454,0.0007152322109935486,-0.010347376201034703,0.0029326274265545987,0.028311965811965118,0.012988807516926692,0.010835590748072436,0.017044159868750672,0.01452229299363047,-0.024637681159420253,0.01245938870138472,0.01338066630256692,0.0032699167657549736,0.020742841946635983,-0.0026192501383881664,0.005304659498207935,0.021312723227355126,-0.0011575669046110498,0.03027468740769911,-0.008344030808729159,0.010281627179257895,0.002458592132505115,0.011103853690398402,0.005673758865248147,0.025478786509236816,0.005842891149101921,-0.007999759405732127,0.010763283559463379,0.0024435273675065135,-0.005181347150258929,0.02633880843619385,-0.02209558294072862,0.028967428967428852,-0.01354679802955647,-0.0005736279190258416,-0.015999999999999612,-0.006592113007651578,-0.005256241787122325,-0.055555555555549384,0.022483940042826007,-0.010367577756833075,0.004176512611968954,0.001183276360767734,0.014461118690313732,0.002832150283215059,0.002904564315352648,0.02490660024906591,0.035789473684210406,0.0028386050283860454,0.00033145508783567306,0.02963511761437298,-0.015229275912082976,-0.0028383434395562374,-0.010869269116565439,0.006882312456985453,-0.018978602123217222,-0.022978215458072316,0.01283805537669012,0.023970497848801366,0.0031965903036761663,-0.016441359152356564,-0.011676741054802717,0.02237715803452855,0.013391304347826018,-0.009894736842105031,-0.009882275696465997,-0.014590187383779304,0.009589041095890196,0.006443298969072157,-0.004288777698355867,0.007430997876857742,0.024140868655255693,0.028140013726834043,0.010129787907565767,0.036267138434320854,0.033524481693868353,-0.00653907240787492,0.0029931972789116103,-0.0041592394533571525,-0.023684020506895918,0.0014762326542663946,0.011222375690607694,0.0016425755584756792,0.05613898223715789,0.009160716691364756,-0.014356213548676484,-0.01463669628855192,-0.003058516619439651,0.005431093007467564,-0.005906449461751008,0.021231020173187138,0.02914893617021262,0.012493923189110261,0.025435856091907644,0.014000108950264213,0.011107745127739047,0.042988692208597655,-0.0013394565633371006,-0.0077138849929873675,0.017986817115405892,-0.012633208703243094,-0.022567856053674923,-0.01763712916432209,0.007823871906841227,0.03446429766445826,-0.022370685292033583,-0.009155446756425961,0.007408724513987668,-0.01363636363636305,0.00047789144574309167,-0.011774402449075697,-0.010366763527841062,0.012003693444136576,0.0004440497335702603,-0.013070220399794823,0.0032362459546923933,-0.022379457009977236,0.037112284979005844
-0.014945321992709525,0.017522798593121412,-0.004309320019020446,0.005205781479666823,0.01082543978349102,0.0182679964451466,-0.0018899287291937474,0.02936288088642644,0.01540688656809011,0.022853185595567434,-0.012511817537225346,0.001765744555621017,0.019749652294854,0.014597463874963133,0.025949018888685,0.03237156931738208,0.02147447195032679,0.0224352828379674,0.041256689107543244,0.01924906272732364,0.01969696969696953,-0.005320177984136186,0.01281491189748062,0.0460995226574249,0.023931623931623496,0.01429318459124961,0.00921479600139113,0.005974607916355317,-0.005550524000517483,0.06649350649350483,-0.009684899740826603,0.006253006253006338,-0.0008065600215081443,-0.007533902561526833,-0.0007429420505200583,0.015265748644775366,0.02272523129435005,0.012359788359788274,-0.004863221884498393,0.0031269882094945986,0.01739874500855661,-0.005732958780026365,0.01310670235368781,0.016675426441779384,0.015857605177993353,0.05088495575221194,0.014328127016909581,0.004263565891472798,0.0028208744710857964,0.0031401498457470467,0.027452667814113655,0.0114900712445051,0.011286089238845103,0.010075293862737726,0.02821180555555551,0.004640151515151592,0.005301579954978606,0.05212823275862061,-0.0008322929671244918,-0.0015182092536706827,0.017615176151761003,0.021448038867164357,-0.007454236648424088,0.03529411764705476,0.04397905759162214,-0.05523809523809495,0.01532315438078038,0.03760122565112717,0.062130177514792474,0.010581632288277942,0.02068680182043813,-0.0026037146328762276,0.024868483978957457,0.021674080064698675,0.031643472498343254,0.023475445223961226,0.030533053871863176,0.04890671496959499,0.01773616083723494,0.021189336978810334,0.003963740780361547,0.038255956017104506,0.007827710891246576,0.019807923169267657,0.03505045140732833,-0.0010215453194649953,0.023571424430569716,-0.00941741897772292,-0.04793776099765452,0.029768233042738013,0.025527492401597584,0.006483766390864703,0.05246494798733532,-0.011523687580025593,0.030150753768843706,0.00864067439409909,0.020774950185956927,0.024032042723629864,0.0006267627702914051,-0.007255655142979097,0.0012804097311138727,0.020160113077847736,-0.0002712967986978356,-0.0011933174224342856,-0.005103172842245292,0.04716981132075336,0.04422059074611556,0.020662512299114366,0.016222051762834137,0.007208650380456507,0.03550295857988139,-0.0026525198938991764,0.022512970900067698,0.036461850101282466,0.016962146621945385,-0.011929788298519556,-0.009716766590862042,0.013492101598886232,-0.01588143955028798,0.01928655850435147,0.016378707680016036,0.010750228728270805,0.012965446765025182,0.02002355712603053,0.026338893766461428,0.0024188436259300027,0.0015600624024960982,0.029804463756665924,0.005777216103989951,0.009089144779402217,0.008283288465520795,0.02011068287380176,0.004236041654409626,0.029953917050689966,0.012824041840055818,0.0035744072441320105,0.023172764066343943,0.04379562043795611,0.00582556591211717,0.003635419371591716,0.009677419354838108,0.02805562332276156,0.010578555570066457
-0.013075120266436424,-0.04733715563098953,-0.08635047607676927,-0.04417230244318523,-0.05020080321285073,-0.05226920093095421,-0.004152028106036368,-0.05292429135270881,-0.019755600814663887,-0.01557210561949866,-0.011832637735792522,0.04817861339600465,-0.014252591380250996,-0.0034878651358814117,-0.018917389102392223,-0.022494887525562342,-0.007087303904653269,-0.020817704426106486,-0.03481432360742679,-0.02099917650288223,-0.02476473501733507,-0.018671593892832728,-0.005248023005032311,0.004313039129891288,0.010851419031719328,0.0027496133356247074,-0.012390253464307326,0.014105419450630971,-0.0192815602190969,-0.03068679980516255,0.009090909090909116,-0.04459164162797056,0.014171039060047482,0.012651821862348115,-0.009665427509293665,-0.03065545599607218,-0.02608466537853484,-0.010620061044445215,-0.02757657736277169,0.0058431393716938595,-0.024810765349032635,0.019373810759384245,-0.05671914151868394,-0.03223987216843704,-0.020707231602421022,-0.020631578947368272,-0.023288368541613327,0.031519361893734645,-0.02390998593530156,-0.027898292053380264,-0.024750816651310962,-0.022928905407025524,-0.01883504504838519,-0.0022523730358771066,-0.005768960180104146,-0.022151003864643182,-0.009647378884587285,-0.02458071949814364,-0.0012494793835900893,-0.027424947616310258,-0.01731025299600483,-0.015835266821345662,-0.030516208765091805,0.005681818181817414,-0.010030090270812236,-0.027217741935483764,-0.03150433892092924,-0.02442625717178537,-0.001266143327424658,-0.013937528741731247,-0.004661532225374935,-0.023494604942568657,-0.02099860009332706,-0.012823557349798164,-0.012445800546009293,-0.0017576236927673752,-0.01940413368513629,-0.02849389416553591,-0.01537046057260382,-0.03145917001338658,-0.001603912199827393,0.06214606163124209,-0.01328654786311317,-0.030900529723366505,-0.017444843509491898,-0.015524774565399286,-0.03184698945985281,-0.012063991607658055,-0.03611127801478089,0.004129671691100531,-0.01261779043543811,-0.01004759386567957,-0.037100701905170695,-0.014248704663212416,-0.014634146341463173,-0.007939824488090278,-0.015655504307863704,-0.018252933507169562,0.004384591293454333,0.03310404127257073,0.043904518329070434,-0.021890354802960133,-0.00597014925373128,-0.007168458781362024,-0.012711864406779754,-0.03012387387387303,0.002452583387835178,-0.0067480719794342945,-0.018143695834498198,-0.017495029821073597,-0.023736263736263554,-0.02340425531914872,-0.003441581362513314,-0.009771986970683912,-0.02044854881266491,-0.014931227446263236,-0.023173277661795357,-0.023024445707788676,-0.009806467075435787,-0.004374637642966292,-0.00864694900265309,-0.010002262955419729,-0.031021437578814617,-0.015473441108544938,-0.00994439692044464,-0.006523439450167365,-0.003115264797507785,-0.012562573121847366,-0.01705259378926578,0.012180658396640696,-0.008317929759704142,-0.03560184063937996,-0.02129591657390598,-0.022371364653242846,-0.0020063628079487424,-0.017808381811706023,-0.010315675172574213,-0.006555944055944027,-0.014672623972640578,0.0007761966364812674,-0.01597444089456767,-0.023018509729473068,0.05802532954251741
0.007561554805649227,0.025355233998174895,0.025449199607971273,0.0492733299337072,-0.006342494714587689,0.007264913537296642,0.008980115458627282,0.032013638946770055,0.027321836692291605,0.041265474552956795,0.010551333676466105,0.016909566517189716,0.02774126599792449,0.018229546448884346,0.033128871614235486,0.04463040446304038,0.024675185799069705,0.03428461980463495,0.04774991411885911,0.01923454367026493,0.036566785170136694,0.015954811217916944,0.021897810218978037,0.0066596128711022785,0.023947151114780824,0.023307626392459254,0.018320752421745426,0.00915080527086377,0.013054033616789891,0.02437185929648195,0.011602511602511367,0.054606532771067105,0.012292726066769913,0.0384807596201898,0.045045045045044974,0.013390737281965147,0.024618991793669314,0.02768034484215862,-0.006012743426366359,0.01428820585749359,0.03234152652005165,-0.0013009785621359688,0.026462817792022194,0.033071095571095735,0.01821730644111902,0.03912295786758348,0.026319218241041952,0.007982040409079665,0.02737752161383194,0.013050110163267674,0.037574612444711615,0.029019295070400887,0.015228810036654838,0.01693093254501476,0.02816303424851394,0.02554463080778865,0.039662750401487756,0.03438771492321824,0.014595496246872272,0.017330791229742536,-0.00813008130081271,0.02275004420345368,0.033339870562855395,0.016949152542371008,0.07801418439716157,0.011917098445595853,0.030553468569997532,0.05448648648648644,0.021298174442190648,0.025578475336322917,0.011402972917939133,0.026198538584922257,0.04742612011439449,0.0315131104161656,0.03000243922270087,0.037239193590985015,0.021497841807276128,0.038979177247333484,0.02871983730006045,0.06427090532135372,0.030871548295773817,0.027904722337626295,0.0071922323890198534,0.1190403887033093,0.02872062663185349,-0.00642115203021713,0.016789516789516786,0.01864879214228836,0.026742301458670868,-0.008842278428953132,0.027301959398071885,0.010149572649572686,0.031984528414162064,0.03745072273324568,0.011315417256011116,0.013689974726200491,0.03141143456828273,0.036520584329346774,0.013719987527284087,0.020391177694548217,0.011433238056349368,0.05338998184920205,0.023478023478023257,0.010830324909747231,0.011444921316165979,0.028156748911465038,0.03033762844560424,-0.011323196376577086,-0.009367614817345769,0.02138135707540807,0.06033318325078742,0.02015250544662297,0.018418489329673195,0.04736842105263089,0.024915824915824954,0.014030566073251463,0.025646505663603228,0.015808360003879522,0.02692726612610431,5.293806246686551e-05,0.0321141837644959,0.04320197494742613,0.00923997917751173,0.02768003753225418,0.029592828599200403,0.03557848540176561,0.023333333333333286,0.004234325227255103,0.025748721694667586,0.008138835228172487,0.04162783473128285,0.03957810145655455,0.015114782556643013,0.059496567505717975,0.010412411594620787,0.04146017164269313,0.037382445141065805,0.043774747030356116,0.03560432178245539,0.027921406411582098,0.0519480519480485,0.06343615901546402,0.02577256626358844
0.024127023506791568,0.009365795774797066,0.014622957086877593,0.0012757426644797606,0.04964539007092129,0.029865908167411536,-0.003155934974116709,0.0005506607929516651,0.013348164627363756,0.0013210039630117965,-0.0026365066287170036,-0.00321543408360128,0.01655896607431348,0.0042967631051274695,0.0055256738088939,-0.011348464619492642,0.0010435962326175998,0.014999999999999986,0.008688524590163883,-0.009215702456603666,0.02547770700636926,0.0005852516582129417,0.08048090523338033,-0.024854705082230737,0.029838709677418897,-0.024618991793669394,0.0025495047170553432,0.0025389916575987797,-0.013252491389809173,-0.0012263919548688503,0.01713668870597732,-0.012267028126058885,-0.008911020836063457,0.04595765158806514,0.04094827586206891,-0.018274397101087084,-0.00017602534765010132,0.010856155933875983,-0.013362224629830199,-0.012459987831009735,0.022974101921470275,-0.0037381060262799623,-0.006652601969057689,0.0022798853006157603,0.00766773162939285,0.0,0.0036816046718294096,-0.009527344716654325,0.005610098176718015,-0.04790318982824001,0.018458736859531633,-0.00047697123267250206,0.006886026948559513,0.019608879492600352,-0.01101169993117686,-0.00432371463483422,0.00965427531960732,0.04720213170917375,0.015207562679818981,-0.02022151839427268,0.019125683060108648,0.020515184694289226,-0.009963940026570488,0.0,0.02067669172932281,-0.016129032258064464,-0.019144052922910774,-0.015050235800697065,-0.0022343594836147706,0.018014551560095134,0.008455808335010936,0.011288641889544941,0.030716723549487984,0.048585199004975044,0.009156930849384369,-0.006111016805296242,-0.0018383866099601631,0.021630208969815472,0.02212070209184904,0.014285714285714027,0.017044092325799304,-0.025665207140451233,-0.00273733486729862,-0.0005427408412482702,0.02436548223350235,-0.0019007793195209997,0.0014383522236925375,0.0032575412078962754,0.004857021431607061,0.05331950207468769,-0.004651951785351036,0.0037498197202058435,0.02681274326077516,0.01583280557314754,0.01818181818181789,0.0024932474548098635,0.024672429632940134,0.027546444586801548,0.0021531836358043197,0.016721044045676956,-0.009285425918449594,0.016781634736767415,0.004534542544678679,0.005952380952380882,-0.009156554753219644,0.00564652738565754,0.019629570998891777,-0.010798429319371694,0.028914693032881213,0.007726342204318847,0.028874734607218486,0.01975440469834463,0.003738805321276566,0.035804020100502175,0.008635254364557724,0.014824069777127321,-0.0016670139612418237,0.018426580103112416,0.011549113193094132,0.009898893653062318,0.011812157879573543,0.006047591919014731,0.011669890393294574,0.012097694590276034,0.024546312808139924,0.0034938453326431016,0.002951954397394111,0.002997949789176433,0.015132633078155542,0.00823019413206,-0.0008947211452430415,0.03855444970528536,0.024855525415733028,0.04967602591792452,-0.0032183652923877225,0.0037140204271122654,-0.005741482208959828,0.051422550052686776,-0.0031893615871128626,0.01156941649899382,0.01851851851851742,0.0438159046785182,0.00797809002143371
0.0062984496124030105,0.0012595780413561452,-0.00226073850791267,-0.008736803785948351,0.007432432432432294,0.029394357861511042,0.0008199521694568643,-0.005136672170244098,-0.00029937132022758966,0.020448548812664603,0.004430826536896017,-0.004792626728110632,0.0007945967421533862,0.0024244152880775805,-0.006752214200111045,-0.008102633355840636,-0.0015376997054914352,0.0031016237912788276,0.003169185763042397,-0.008968236339404629,0.015289058767319437,0.016962370832521015,0.004516297944757221,0.005706314988587363,0.0007830853563037803,-0.028674450549450333,-0.005032736303431667,-0.01664254703328485,0.004804183089806347,0.009577603143418247,-0.008755638100291695,0.01159599286400428,-0.0034818634580634157,-0.016103059581320377,-0.005521048999309861,0.006268495242944049,-0.015933098591549188,0.007851273289398816,-0.011438506588579775,0.000736672917224752,0.004219409282700286,-0.004718590108015887,-0.009288232545626947,0.0010083718312501888,-0.0031705770450221743,0.016549441456350712,-0.008474576271186356,-0.005496564647095523,-0.011157601115759759,-0.02788027880278794,-0.002803966189856992,0.00879835366399236,-0.0013308195630475424,-0.007101757296148361,-0.004314544189283254,-0.00528650995940706,-0.008313873902890765,-0.003756209863079973,-0.016194331983805536,-0.005470543228768239,0.0013404825737266199,-0.0032751708170987493,0.001821144445509525,0.011111111111109837,-0.023941068139962676,0.0,-0.01222265044320874,0.01040886002165042,-0.003483453595421673,-0.0027144967872728193,-0.0055899381113993915,-0.007556242486690644,-0.014790286975717382,-0.012454592631032808,-0.03168022528160195,-0.01767719897523485,0.0035735884325691332,-0.00227272727272724,0.006063932669437206,-0.0019206145966708013,-0.004511068726828575,-0.002765486725663713,-0.014360728777150264,0.002986695628563562,0.012884043607532054,-0.007236716815844716,0.008744111226014059,0.0017533606078315568,-0.010150444081928545,0.007090801654520235,0.003996838918900561,0.01384165908328946,-0.0054752211146987945,-0.022443890274314187,0.007554945054944913,0.0010362694300518123,0.01467273038868284,0.017456359102243375,0.008594229588704708,0.005615724027276238,0.010594947025264765,0.0070508176970343235,0.007169410515135354,-0.00650887573964486,0.00022539444027043902,0.0,0.02499611861512183,0.015547469401256888,-0.020699480417900533,-0.03381389252948876,0.011968633924886311,-0.003664921465968489,0.004201316701316619,-0.016979987871437098,-0.013214219244369805,-0.0017564677410277436,0.0010436234606553913,0.0068200993718944974,-0.005689209918254047,0.0013104098962155347,0.02600607441154142,0.029577035326915555,-0.01688866229048497,0.0036084799278304366,-0.002457254018634099,-0.01194409967923394,-0.007408910991576116,0.05308830051873423,-0.0047351806383725634,-0.020189431704885248,-0.023184079601989958,0.009350576851507208,-0.006415604591616608,0.05967078189300163,-0.013320609169350668,0.011158649398704996,0.006458475799711258,-0.0018039687312086064,-0.012635574837310157,-0.00522128294380894,0.0030303030303028902,0.006601021152443456,-0.0029533372711163545
-0.0006018295618680782,-0.006499633085229057,-0.009566968781470318,-0.010772432366262632,-0.02012072434607619,0.0016289766193944445,-0.012175417036480733,-0.0025815969020836662,-0.009982032341784767,-0.03425985778926901,-0.01966384544067948,-0.008242267086497357,0.02798729654624844,0.0036989614454403176,-0.008593290170688583,-0.007488087134104823,-0.0072565909684156014,-0.02728264823572198,-0.024301336573511346,-0.0019611688566385553,-0.01694117647058805,-0.005080521472392584,0.014074411937186343,-0.0009456562854621095,-0.010954616588419168,-0.019268163337458104,-0.006775772359260904,-0.009565857247976466,0.00322269623446431,-0.00583799562150319,-0.015123126338329502,-0.009903004815844732,-0.010305174701459602,0.0004676174888940559,0.009715475364330312,0.0011067543637743478,-0.012523481527864722,-0.011342078708375333,-0.020457280385078096,-0.013156661982199044,-0.007183518568717729,0.0007425601188095921,0.009446770805047725,-0.016679941901326125,-0.0015903307888040614,-0.012210012210012111,0.028830207934685246,-0.01243562366536861,-0.008462623413257991,0.0028920889317346197,-0.006601736012062537,-0.014131977294228996,-0.003960762539329932,0.005795134175629058,-0.011042773273692992,0.012052766442061326,-0.021557761403081376,-0.008756993432254959,-0.019341563786008025,0.0022694926337654686,-0.017402945113787982,-0.0009064642229901464,-0.013394565633371576,-0.027472527472524454,0.014150943396226148,-0.021597710122300204,-0.010339445961763529,-0.0025548046810615903,-0.015730337078651634,0.007890022050716674,0.0020076289901624633,-0.018688354386571928,0.00044812906116959035,-7.506943923122055e-05,-0.005170046045722659,-0.005737633660784054,-0.009395201051824302,-0.022419374175758303,-0.007742069574705701,-0.014753046824887633,0.011248049082395994,-0.019412090959511897,0.0033498809379667338,0.018137520303194397,-0.006360078277886491,-0.012372913869173066,0.009488444145755174,-0.016984312200181373,-0.015015564914850687,-0.012908273029532383,-0.0056488096784266745,-0.005574452003023513,-0.0014116318464145556,-0.02678571428571425,-0.017041581458759142,-0.010351966873705994,0.010381811813613,0.011642156862744463,-0.0021302495435180802,0.00797766254487429,-0.005645161290322559,-0.019983836327853097,-0.014500395465330796,-0.00655151876116725,-0.006459851273191545,-0.002807411566535416,-0.013329294153286944,-0.0022801302931595574,-0.004307271015774283,-0.017566467715680992,-0.015905383360521802,-0.022595901208617795,-0.01091222773344842,0.010487353485502752,0.0010373443983401611,-0.006629470840429837,-0.017723102585487833,-0.015852324309224942,-0.007615997500390561,-0.009527299377061208,-0.01082331174838115,0.015104078524285093,-0.03040321535070647,-0.009662921348314589,-0.0010263779123474033,0.017504649417599293,0.0055214723926380075,-0.01845815784654828,-0.0392951541850218,0.013514372933095896,0.0010186411327289375,-0.016776512881965067,-0.009902710215427322,-0.021359223300970072,-0.008640283710808471,-0.018869003373549065,-0.010795711913030298,0.01907630522088346,-0.011479101444499405,0.007998000499874963,-0.006042296072507274,-0.011376399405818539,0.007582938388625547
-0.01674093701071897,-0.024311490978157598,0.008515505846466756,-0.013302809058284848,-0.023271731690622584,-0.0429541758346885,-0.014986407409113984,-0.011647254575707026,-0.01643476507360347,-0.03480589022757662,0.006330175872115193,-0.04687645905313283,0.011199073180150506,-0.024379872430900066,-0.006975777725005933,-0.012345679012345661,0.0035496424063946137,-0.01421091997008205,-0.020838522208385092,0.01636583106420001,-0.013403542364767759,-0.008189613642932829,-0.005140397095675635,-0.015207925790370483,-0.035601265822784244,-0.03118240807498178,-0.011778256551496577,-0.017087667161961115,-0.018418315625946206,-0.023733790066062518,-0.015898899306970863,-0.014592039460162996,-0.007820530008490855,-0.01916335592428126,-0.012371134020618539,-0.028901734104046225,0.001630582480297084,-0.019923246509349287,-0.019183519183519102,-0.05001898768512995,-0.021160409556313934,-0.022203196347031988,-0.03499830105334689,-0.02737408872158946,-0.017202930869703547,0.008652657601977774,-0.03583384996900142,-0.023022131773085697,-0.009957325746799188,-0.008771402823670707,-0.03556631250769158,-0.01757332213758768,-0.04905604281254642,-0.025590449000778562,-0.010176678445229731,-0.019973743435859094,-0.009045455488475414,-0.028098159509202355,-0.025597985732270127,-0.021089192508443277,-0.04495912806539402,-0.012645307626878327,-0.013188518231186962,-0.022598870056494542,-0.012093023255813701,-0.022872340425531854,-0.003153952296471463,-0.03775923324795506,-0.033992897006595406,-0.026561378320172364,-0.030454818673611814,-0.004761065067889324,-0.04020156774916002,-0.03490990990990986,-0.025253755582622703,-0.008306374049138745,-0.011253974837550062,-0.02845229335295545,-0.016076244337967706,-0.02343749999999966,-0.0197551889302821,-0.0371182126696832,-0.010820595333869698,-0.02366391917043336,-0.023141309699655062,-0.01553850636107601,-0.02011306192453511,-0.00975995779477721,-0.031046662948503483,-0.033683376263125855,-0.014836194945207994,-0.023942992874109285,-0.02968617472434217,-0.013761467889908239,-0.0076282940360608825,-0.03504184100418406,-0.039632985141930595,-0.04542701393094829,-0.01768831960963684,-0.011871784724970228,-0.016220600162205872,-0.020593681397346623,-0.019529159978598106,-0.015587529976019135,-0.012625689876767245,-0.023367117117116608,0.002302732575990168,-0.0029382957884427955,-0.01999656219561098,-0.023610631687953052,-0.004558640696228817,-0.010215053763440781,-0.019884877027734116,-0.031135531135530893,-0.006311822892133803,-0.016107252402135157,-0.0033963065166631628,-0.017479540186385475,-0.015427604392144616,-0.0013741345594841215,-0.007013934349574475,-0.029425249030967493,-0.01918833990773551,-0.01452235080553653,-0.02856262200760272,-0.01571243045646213,-0.024506813097417122,-0.020745494571098054,-0.0066030814380044186,-0.003482571455463984,-0.022082018927444793,-0.010734542727230146,-0.03436275369947942,-0.007936507936507594,-0.01189450234963164,-0.049361850923713466,-0.027550942532244414,-0.03999999999999987,-0.029225469496610652,-0.016860897594842494,-0.01823708206686824,-0.02132883790816129,-0.021872060206961405
0.022537971582557513,0.002227845910929461,-0.015343415248897228,0.008214711230952463,0.0,0.010495801679328247,0.0026897124346575286,0.021511410400299205,0.011378780112762684,-0.000693481276005499,-0.01530906114529966,0.013324189281865271,0.02946979823053919,0.027168385878250757,0.013152781514363427,0.0034722222222222173,0.017213823460057183,0.014226100151745013,0.02738680685094096,-0.006159200132574633,0.0019408054342552248,0.013017291626189854,-0.012336110572886317,-0.0060874022811739,0.010664479081213912,-0.004837209302325605,0.005667132238436963,0.009826152683295336,0.00941548861289195,0.015789473684210194,0.018088925711129304,0.03531701890989981,-0.0014863525808484481,0.029544913033118837,0.0076548364648573305,0.02377699713765283,0.024057158361219008,0.006331750395734509,0.02823007996916841,0.00730969105133926,0.02329149232914923,-0.009690035607962109,0.014730046948356751,0.020747091243110784,0.009400324149108456,0.026143790849672895,0.001800411522633729,0.012758755370394387,0.020114942528735136,0.01787987150736406,0.019906422798809078,0.016514041514041476,-0.007190870720650335,0.014276582143618115,0.0065686134513780045,0.007750454501961651,0.0007746257720087547,0.010478474940032739,0.0017226528854435929,0.015956716915296022,0.0042796005706134494,-0.0025844245348035804,0.0064858490566037826,0.0,0.03766478342749458,-0.0010887316276537156,-0.012853470437017988,0.020994332818135005,0.0065651260504201335,0.0034414945919371315,0.025418474891505918,0.011693834160170091,0.009333800023334478,0.012991054064566332,0.006497834055314846,-0.0075824369599718925,0.012472733374349763,0.014264074728603793,0.017190452114212693,0.03866666666666623,0.008165569961126752,-0.00242308539540361,0.014924159245252429,0.03812636165577322,0.049395161290321996,0.0030581039755350724,0.0002821231784343577,-0.005460841768779839,-0.002622154003581417,0.0053311461964320826,0.017274689955297743,0.0014114669522048518,0.005681818181818107,0.004651162790697668,-0.02445842068483544,0.014959349593495869,-0.0019106488610433315,-0.0019035532994922245,0.024526544551381334,0.004405286343612391,0.0016488046166529366,-0.00569326903960922,0.0032742155525238258,0.0,0.016539050535987667,0.017007783222830395,0.008730280287946129,0.03536345776031415,0.00859448082319914,0.0028282542600579753,0.030391340549541845,0.0038022813688213444,0.007341163908168707,0.001890359168242014,0.01213500189609398,0.010097538229313528,0.03258785942492001,0.01598497797250789,0.010992525082943596,0.011431595660227513,0.014880391787530537,-0.0012023875982306545,0.01983640081799582,0.003684089339166379,0.002009518773135862,0.010164356338876971,0.011362451787761994,-0.001200228614974315,0.008124076809453398,0.0004407782885209024,0.00697190426638921,0.030799848369977227,0.011175383869893113,-0.007999999999999651,0.01661249845723451,0.02685139774399209,0.014204991367132224,0.005747126436781609,0.0008012820512819722,0.009079445145018928,-0.009287925696593766,-0.017262684890469934,0.01130079345996642
-0.022280785816962013,-0.027149516574585662,0.0031037020446036587,-0.02382137081726577,-0.02803083391730865,-0.01701454149767524,-0.00489847330915198,-0.0029298663248489595,-0.005270626393675283,-0.013185287994448158,-0.012068222400098458,-0.00280382867639936,-0.008284901694076958,-0.005516265912305515,-0.007612191307939741,-0.010380622837370228,-0.00942715845868532,-0.011595287076865572,-0.0235206734340182,0.012839396381624598,-0.01791767554479396,-0.016781741465285736,-0.02138373005493068,-0.0085745599896847,-0.015422077922077717,-0.018882034025051384,-0.00745825484499213,-0.007859281437125562,0.005740100983258013,-0.011843079200591959,-0.0070527600705276436,-0.0267929089443997,-0.004330371239117642,0.01064568386947453,0.004143646408839773,-0.012581413820492418,-0.017751479289940718,-0.015481414024339788,-0.0067466266866567015,-0.0011196779862804784,-0.011721412021262093,0.003183023872679095,0.0037591810768607937,-0.040242848915338775,-0.0035324341682721866,-0.005573248407643177,-0.011039794608472252,0.002571024553284477,-0.025352112676055583,0.003751339764201469,-0.015097172408040805,0.0048346896489594605,-0.030900645567627123,0.03161764705882352,-0.011490991630018458,-0.011298898594758895,-0.001485293502363803,0.003373313343328384,-0.017626827171109024,-0.009628186080614278,0.001420454545454424,-0.01698623826797948,-0.021968365553602768,-0.005780346820808662,-0.011796733212340958,0.009809264305177121,-0.0063244047619047325,-0.00403683612968332,-0.01643621184450816,-0.0061594456498914735,-0.0076582023377667835,-0.004378283712784573,0.0053173043578777154,-0.004223621563507903,0.000827677536831649,-0.003820184790333997,-0.004806098773616198,-0.014934660858742961,-0.018364944408109818,-0.018613607188703262,-0.009801176141136934,0.011556013543353469,0.00024040387851587009,-0.004721930745015745,-0.02545629202689689,0.014063729346970817,-0.004265190062855557,-0.00964242667738052,0.003783263866623971,-0.029777687130327777,-0.00447796299057841,-0.008311057108140896,0.025496161089381134,-0.001322751322751321,-0.00931232091690519,0.002029264124746437,-0.012251104266977515,-0.013986013986013138,-0.001515151515151506,0.005183413078149811,-0.011111111111110973,-0.004555603254786451,-0.010334511830296413,-0.006699147381242272,-0.01265441398011445,-0.011054421768707185,-0.023382933495292937,-0.007590132827324359,-0.015187525360848534,-0.009659451455968431,-0.006868686868686767,-0.004870129870129848,0.0031800715516100294,-0.016981132075471413,-0.023136005994754377,0.0030220610456331218,-0.018976897689768873,-0.01080491908158196,-0.012790605725130437,0.013447752603212819,-0.002691165553080789,-0.009544692377144441,6.684045184154555e-05,-0.008258774948382541,-0.004644289634789879,0.0008223816818512234,-0.0029890744176459365,-0.008659660098803978,0.0062271062271061625,0.00025176233635453845,-0.008887051772243469,-0.009285648616346537,-0.008685755361207614,-0.018145161290321822,0.0006555837933211683,-0.012358208955223892,-0.014392942815135711,0.02040816326530604,-0.000457508864234218,-0.07098225443639063,-0.012499999999999175,0.019394909312604614,-0.0139087018544936
0.006983582455280476,-0.004547672922489905,-0.007464114832535912,-0.005925453966231247,-0.04470079307858616,0.010063399416322812,0.007290116149599617,-0.0042240587695132155,-0.005604238842469929,0.005625879043600564,-0.007323153630414457,-0.0031995346131473484,-0.001870324189526182,-0.009529227705873984,0.00389475248996578,0.01678321678321676,-0.01102501430131574,0.0045411542100283215,0.003718728870858758,-0.020249691315681204,-0.005917159763313635,-0.004486491758509607,-0.0006014032743067757,-0.003836649759396447,0.014839241549876071,-0.004192073170731561,-0.0048733570514098955,-0.00905318747642405,0.00307826454579086,0.015480649188514084,0.0065564813550061125,0.0026909542537777447,0.004756942871381321,0.007785665216395738,0.029573590096286066,-0.0007722256185849253,0.0012587664089191342,-0.002985200134544191,0.002547169811320793,0.01389105665678172,-0.010619224934491826,0.013161760385451457,0.0017285088730122145,-0.017352169021127656,-0.005800837898807604,0.04363490792634063,-0.004413291796469354,0.0023079882036159296,0.0028901734104045816,-0.011211959423384984,-0.0015667344173440952,0.009413663259817101,0.018319184369795634,0.020822726809897066,0.032577497129735955,0.004513588783251739,-0.004294902683790407,-0.010957539534304627,-0.013566739606126772,0.003662718204488812,-0.021276595744680247,0.019505623242736594,0.024957572127383396,-0.011627906976742793,-0.002754820936639172,0.038855909336211275,0.009100596146646284,-0.002237703187671597,0.003183023872678998,0.038277343474892506,-0.010560519902518125,0.010554089709762494,0.0022996435552489307,-0.012493252101488408,-0.011577902745616916,0.01649870685811109,0.01804052178739938,0.004295641187618406,0.018895077685686004,-0.002616088947024202,0.015608684302123213,0.005093502146547326,-0.014340650536773015,0.008697944122298351,-0.0009857072449483248,-0.007855688100087183,-0.0037285176685492305,-0.03387423935091267,0.03283505813210668,-0.027328147992431568,-0.009282403925840774,-0.004999019800039225,-0.031784150303714766,-0.003311258278145691,-0.0021691973969631744,0.00874014069494769,0.025968940589889213,0.029658284977432055,0.002124430955993883,-0.014280047600158533,-0.01747815230961291,-0.0005395644493979954,0.018411651552624374,0.0012262415695892988,-0.0006866036008543355,-0.001433075379764853,0.004353233830845686,-0.006054811982154309,-0.004090882335628961,-0.006478712800797306,0.009764035801464434,-0.0005437737901032802,-0.005063179676837049,-0.003198976327575135,0.011026944098187724,0.005354520501146989,-0.004205214465937745,0.0023235202529522637,-0.00010012615896028993,0.008157786038826898,-0.002605378245091606,-0.00707557407648553,0.005079534821547853,-0.0011566042100393191,0.0,-0.0013372861147810684,0.007029876977152964,0.007369210936447803,-0.006916636330542301,0.0036810974075005697,-0.0032321968512146974,0.0006959910913140306,0.004139222913771168,-0.014373716632443,0.001658106523233712,-0.004412742549718881,0.021669152861741276,-0.018999999999999923,-0.0031468131365144716,-0.004842615012106542,0.0,-0.02104436885582916,-0.006992163954189198
-0.0026158900109502065,0.011788826242952246,0.0009641342074816812,0.007819510319189866,0.028679245283018524,0.03726213011856111,-0.0014660879885503813,0.019918849133161033,0.0038938415821293784,0.0006993006993006499,0.003798461779940325,0.011282949129462226,0.017051842598375964,0.01651349798966111,0.018332049991115342,0.011691884456671235,0.00339170216122419,0.012243360331512479,0.04639609296059233,0.03066625591620689,0.009920634920634823,0.0021553835603016825,0.03343139876972448,6.527841242895027e-05,0.022745735174654474,0.009184845005740405,0.006510235680875546,-0.004187285877426561,-0.004886401053671433,0.051143348905826086,-0.010313475369792111,0.007913570052298365,-0.0006763459283975104,0.006816632583503718,0.005344021376085497,0.01130252777330539,0.02406609195402311,0.00021085480538101447,-0.002634798155641243,0.0016093819973130312,0.0019514914970727255,0.00568346575421907,0.010784539284481766,0.0018065698073840121,0.00291734197730947,0.008822401227464496,-0.0006518904823989114,0.00895484201100164,0.004322766570605021,0.0002399808015359314,0.006785699139064416,-0.002605323148888215,-0.017151974471479845,-0.007929779063388284,0.0052814454482278655,0.001434034416826001,0.007301266675083071,-0.02228377187460643,-0.015527950310558869,0.005726376271449644,-0.02608695652173833,0.017178971559896613,-0.007110158761079238,-0.011764705882351515,0.026703499079189248,-0.0176623376623376,-0.003967008190873051,0.01527589708869344,-0.0029085140137492336,0.010649482787858258,-0.004926108374384176,0.00034812880765891166,0.008948032580015986,-0.01374463100351416,-0.0021753681392236712,0.048517283733988295,0.013167938931297753,0.005912693420556087,-0.01485666457417862,0.01442622950819646,-0.005719120497799062,0.0,-0.00024384296513041886,0.01776848706558656,0.00937345831277744,0.004789833822091966,0.012358859503556797,-0.001049758555532226,-0.01663780306778812,-0.003025718608169387,0.01128209351795913,0.006846616096936188,-0.01867522614531635,0.007308970099667764,0.014492753623188196,-0.0004226542688080905,0.007933648054113089,0.008766437069504697,0.02029073288915793,-0.01006036217303815,0.0016941973739940802,0.011538923795619173,-0.0002698327037237512,-0.002449479485609313,0.027330330559584646,0.029276693455796976,0.00526315789473679,-0.0038473869830073135,-0.0019504122462247423,0.01354353278394845,0.023771152296534887,-0.0027203482045701556,0.01601911673599424,0.004492939666238637,0.031202579666160656,-0.016867640465346837,0.0071790540540539755,-0.00033457604435513713,0.021769606665064445,0.003789818703267481,-0.010635320458998105,0.0160006994841304,0.0025269317728421,0.009495136637331975,-0.005726405090137714,0.0040656308987948005,0.0033877425315675504,0.0027504011001603696,-0.0003665689149560937,-0.009121971098084667,0.008995815899581594,-0.0030602309083321297,0.004272604182337839,-0.016666666666665914,0.012839147286821704,0.0027322404371584665,-0.0003842311534619221,-0.02915392456676851,-0.0017218619066750828,-0.005677210056771978,-0.003164556962025161,-0.01382206949217255,0.01699647930071624
-0.0026837450442208513,-0.022399894277785073,0.02231426186348166,0.030208598321037863,0.013939838591342256,-0.024397272116030943,0.01751401237517033,0.013562386980108448,0.0010207206287639052,0.011879804332634476,0.008834751063297471,-0.004135808406270988,0.0027022047534238686,-0.004944201158355699,0.004071542823905771,0.004758667573079531,0.0033540340120010795,0.007071082992184693,0.03500442584694596,0.014890495081789076,0.04076620825147314,0.009189559096685852,0.00582298136645962,0.022389033942558687,0.08339952343129335,0.011755783086841148,0.006487396145458983,-0.0026758409785934256,-0.002872117955369645,0.05754385964912148,0.012889071712600916,0.01973100293575464,0.015972566890763706,0.015572105619498863,0.019933554817275722,0.005412978411768449,0.012101017186951885,0.02065941479045449,0.002641758656476978,-0.001760489583770013,0.017390094602114586,0.00490167810391557,0.02782598799328539,0.004190795489180126,0.0064641241111828935,0.006083650190114109,-0.0006523157208090113,0.007227082540889967,0.01578192252510707,-5.99808061421163e-05,0.014870045073507603,-0.0017216302057051793,0.020332792207792157,0.014679268047456272,-0.0019355730678832785,0.014319809069212382,0.003383953376642327,0.01326294102498059,-0.0022532672374943464,0.004516415433016082,0.008928571428571078,0.013217352010844913,0.007259172061997217,0.005952380952380117,0.011659192825111873,0.0037017451084083203,0.020630372492836665,0.019672404451298205,0.006364359586316533,0.009228497600590618,0.01299504950495028,0.02436053593179041,-0.004206935758953993,0.00839338031514759,0.008552741908435375,0.008451175633838274,0.0008341630115975318,0.017133566783391566,0.018532285471537725,0.029088558500322836,0.017352995034307282,0.004560920871642616,0.01934959349593491,0.007188703465982021,0.009286412512218902,0.003696857670979615,0.009577248446777905,0.015622810704777862,0.0017611170513868487,-0.07652287014957564,0.009969860680860495,0.01839440340492142,-0.0005947071067500097,0.01846965699208441,0.016428571428571275,0.024735729386892127,-0.011994213660440841,-0.014276846679080349,-0.008904719501335655,0.026422764227642063,0.006765327695560173,0.019595850794556734,0.0024291497975707757,0.022713321055862143,0.007876941368804267,0.05298382598995944,0.009239297813366156,0.002252977148374587,0.0225031830160187,-0.0015554298642534235,0.018103109012199758,0.024549918166939175,0.01768292682926824,0.008306709265175686,0.03458107238112763,0.006567103993548248,0.026624737945492527,0.02849629452546014,0.005194143358356689,-0.0016836734693877302,0.00848656294200847,0.0038296041308089864,0.01465906075882204,0.012388162422574006,0.01151877133105788,0.010588896922953261,-0.0038878657663187544,0.006133333333333296,0.020718738540520767,-0.011009174311926656,0.0003110097449719613,0.050230221850146466,0.009347754441681474,0.055084745762709414,0.011998724388104917,0.010172570390554001,0.005919434194341969,-0.0014699706005879582,0.006094405795435016,0.011147362697117845,0.006349206349205923,0.026715192814000338,-0.007878715530619562
-0.002018225185003945,0.01225639292553782,-0.0021670173675450172,-0.006049756157787622,-0.03473227206946392,0.005611893275573417,0.00521071919377004,0.023907225691346883,-0.01050270215152447,-0.020027624309392027,-0.004060945177240078,0.008112806644774817,0.016537024560543862,0.012350936967632025,-0.015901520637219425,-0.0013531799729363987,0.0007573581259303987,-0.007575757575757588,-0.021458560099517833,-0.01550200803212853,-0.00047192071731945906,-0.0010655817107429108,0.004953042583301193,0.0003192236480878499,-0.00953079178885625,0.010869565217391177,0.00044034167961630515,-0.013415101571483226,0.00043803177721440744,-0.005308560053085527,0.0013537295248408415,-0.00046866630958745123,-0.0034196384953589787,-0.014444444444444381,-0.006514657980456018,-0.0007284013174562092,0.06913879743545297,0.005411434236615953,-0.009880493083654822,0.010021695010147715,0.012717079174073626,-0.009066911511534452,-5.5363321799257595e-05,0.007461365303386698,0.0006422607578678363,-0.007558578987150358,-0.002480417754569129,-0.004405840886203413,-0.014124293785310335,-0.008277847759582471,0.009422214843101552,-0.00228955428027707,-0.0066823117616641005,-0.013426476416963986,0.010250727247541166,0.0005647058823528545,-0.008452170292495129,-0.008006099885627066,0.0031616982836494235,-0.007397444519166104,0.16371681415928732,-0.005351767198126825,-0.010128554733151498,0.0059171597633129935,0.012411347517730327,-0.008429926238145492,0.00011229646266145164,-0.0039648477416716985,0.007114624505928787,-0.012136729400811324,0.005701486458969567,0.01766604382537785,0.004224708837634206,-0.017039654495484894,0.0061523112736947775,-0.011201460338533004,0.005189008979942926,-0.010943071437353935,-0.006881810124602373,0.0012562814070352674,-0.00588683720142285,-0.0067022196598442935,-0.004306907002711645,0.012235534030078987,-0.010653753026634225,0.002229330231656441,-0.009991654697496974,0.0009657170449057471,-0.013813021912475652,-0.006338028169014008,0.0007377706688619606,0.008646779074794633,0.0028265397203212574,0.0012953367875647652,0.027406886858748578,0.01815556014029297,-0.0037934960840766176,-0.003778337531485939,-0.01737047020065864,-0.0019801980198019646,-0.006719865602687866,0.010582470484850745,0.0018847603661821264,0.001200480192076919,-0.017547740175477358,0.01271186440677943,0.01998779371376256,0.007385998715478474,0.03156401123562967,-0.01267525846197427,-0.004638577502899032,-0.0021299254526091663,0.017375674056321098,-0.006337135614702075,-0.016090319139479156,0.016983102742763868,-0.007964059628343805,0.022011993863604615,0.006395756961235507,-0.0014820871876118403,-0.009724170172978094,-0.0018860645548459374,-0.012682225272929375,-0.010197144799456105,-0.006221003795866693,-0.0072661939135688315,-0.00020542317173381805,0.0013062739010261904,-0.012933357283995004,0.009308425564583311,-0.0021763913358897485,0.03755369558478372,-0.008994033660838898,-0.008032128514055875,0.008138023397801966,-0.006713420847569401,-0.007718761941153912,-0.00967402733964249,0.00028573061317789555,-0.0034955633234739114,0.0031545741324919595,0.0016969605550946033,-0.012754181205631087
0.041549209461943785,0.018317790291348605,0.024392546896638546,0.018632383081796138,0.014992503748125713,0.01370667710984931,-0.015095414411848473,-0.016204913748039593,0.0069043693322341625,-0.014799154334037806,-0.02236401836432959,0.006993676949607147,-0.004820148219557745,0.009816295049782637,0.015834706851895503,0.006775067750677498,0.011795407098121033,0.006330292310556627,0.022326394406483124,-0.01153082592260207,0.019830028328611658,0.0001939487975174991,0.010049286308647523,0.012126627521062023,-0.016284233900813887,0.003151649981460955,0.0061397437573956,0.017871017871017823,0.005744991375879019,0.04291750055592521,-0.010815195349465815,-0.022640498358898878,0.01319073083778961,0.01172491544532123,0.011803278688524575,0.017367603714385223,-0.03517017828200974,-0.005094703973047406,0.01872267629728189,0.01215337924917889,0.008371590602214304,0.0074125550150567175,0.010754920687650498,-0.0007280578429402578,0.007702182284980622,-0.007616146230007558,0.03337259521005057,0.0067012264508788146,-0.0014326647564468688,0.001996007984031906,-0.007607220691640275,0.0027120462537998163,-0.031113602690906263,0.021845025862501862,-0.006718771424653738,0.010629291694102306,0.009972915660626925,0.01255444529848825,0.01846015308419612,0.006929926442121597,-0.04309252217997363,-0.0038672794529761704,0.020857929948838932,0.0058823529411758625,-0.005253940455341489,0.007970244420828864,0.0017403997305186995,-0.04797275114904793,0.014390371533228601,0.010400888619610244,0.016197610852398885,0.009681188449340569,0.007845366685616783,0.003994248282473232,-0.022062469013386217,0.029034152890828103,-0.0031026827506887163,0.021382396817503733,-0.0003937214551944982,-0.008155583437892064,0.013632684360754906,-0.013712544438801303,0.001281640499839721,-0.015109544195416696,0.02643171806167364,0.01324951644100582,-0.001370515003985472,-0.021638756805182152,-0.002928630546890005,0.0,0.012295330877113509,-0.0017621564985473236,0.0210651238688619,0.0284605433376455,-0.009575923392612574,0.016210739614994918,0.009900998455035948,0.01137800252844427,0.01767753733617775,0.03253968253968224,0.013953488372092954,0.016934798615121677,0.0037624294544476478,0.012589928057553771,0.00930581613508449,0.029288702928869457,-0.009723261032161526,0.01721389862926363,-0.024029419195463694,0.015706806282722557,0.0003883495145631921,-0.0005336179295623973,0.002692242974928524,0.015306122448979251,0.0036140224069389163,0.026810166948039803,0.0010292301358583737,-0.0034569810548340453,-0.0017437805161590323,0.0035315794861296365,0.02058351430459838,-0.005239424522224526,0.008077865324769933,0.010989010989010964,0.008806366047745246,0.011355446289860264,0.0227039243887405,-0.004934676977179549,-0.002365787079162784,0.010395208062624697,0.008309098462816767,-0.024926373298049444,-0.005810818906128341,-0.0020242914979756556,-0.015019379844961154,0.0028966266368958883,0.05422057917436826,0.022085368443406223,-0.0069127056672761205,0.009444144630329145,0.0031446540880500497,-0.0007529270037269429,0.009872029250457041
-0.01547422923040711,-0.013573177128868559,-0.013488186315174863,-0.022437656240473086,-0.018463810930575798,-0.009851265211512483,0.015396182764603856,-0.0019482819695359878,0.007368744243168475,-0.012875536480686593,-0.015441433983889963,-0.0020930453810292207,0.09027063025973223,-0.006249132064990972,-0.02390334357072491,-0.032301480484522166,-0.0035076859589394157,0.0027752081406105353,0.021372503303023073,-0.0028613090488897657,-0.041203703703703354,-0.05410122164048861,-0.013688212927756578,0.005738428553411606,-0.017306245297215778,-0.0064683053040103244,-0.01376420166362336,0.004961832061068708,0.0006727965911638659,0.039019189765457554,0.0,-0.02343910629840297,-0.0018033075299084737,-0.009360374414976532,0.0012961762799740748,-0.011339210616491721,0.0054594322190492095,-0.0008672310551310788,0.0037316913891221122,-0.022043319915660334,-0.009641135511515684,-0.004196366980915122,-0.0059296386070142515,-0.0009044544381077713,0.012738853503184632,0.01765157329240188,-0.01215805471124597,0.00025119316754575644,0.0014347202295551139,-0.009718700953760649,-0.002941907682108189,-0.0070441373160944586,-0.036245660439742006,0.009632396304305148,-0.007040309221424649,0.008842144452717778,0.0017462165308499383,-0.0036690283400809334,0.003536693191865625,0.0203775616132877,-0.0013245033112581678,0.020818094862994407,-0.016962220508866494,0.017543859649120586,0.008802816901408297,0.006325777543489778,-0.0029143081320406002,-0.01525927841717318,0.003095176683002276,-0.00026650676260916165,-0.0065750149432156155,-0.011737477268970077,-0.011845667870036073,-0.010105028644175704,-0.0017743979721165234,-0.018674060181032234,0.020981460116444483,-0.013631937682570615,-0.014389622666281583,0.005692599620493323,0.001397469844071709,-0.0013241135795205084,0.005399999999999996,-0.029659933520838566,-0.012398664759179636,-0.008972033979192585,-0.0004708638629212352,-0.015989293512713963,0.0007662345954920145,-0.021970233876682677,0.024390591623322775,-0.014312977099236629,-0.007845416242917104,-0.038364779874213786,-0.010359116022099305,0.011764705882352884,-0.016968317720066833,-0.019374999999998824,-0.011380652890086648,-0.009607993850883862,0.015012510425354312,-0.014892426546310332,-0.0005354752342703817,-0.0011841326228538467,-0.01940664733437439,0.006097560975609651,-0.045921450151057225,-0.0009401441554371967,-0.01906980757614971,-0.006637480581838778,0.03454968944099343,0.0,-0.011579124014096278,-0.021984924623115305,0.009812747569319474,-0.043867060655745194,-0.014805675508945012,-0.021544149531003857,-0.013819339311362097,-0.002703116233998036,-0.025811823480433007,-0.012649484091007277,-0.011756978653530422,-0.009963768115942061,-0.007151872107698628,-0.006302853704114301,-0.0005022601707684576,0.01297738932167968,-0.00018241517694276242,-0.012828957686396308,-0.00206015657189946,-0.0003939592908733159,-0.010454326343697216,-0.012170385395536918,0.009615537184837193,-0.012455623082014573,-0.018629456458211544,-0.010388531061707831,-0.0038543404475637334,0.0026730820636193388,0.006269592476488724,-0.014956862449610111,-0.01001689596910457
-0.0006573836132193317,0.0002437349050540546,-0.0006228977201943439,0.004802594648537414,0.009781790820165262,0.008388607101053347,0.004807418461853806,-0.0015971606033717374,0.005994107487554688,0.011594202898550517,0.009458672875436551,9.533797311460468e-05,0.010051088405153329,0.008524315259921741,0.010300097954821988,0.0027816411682892866,0.009628325913655724,-0.009409594095940966,0.006619996956323223,0.001324393676020121,0.012071463061322917,0.007892578925789172,0.010472886147519874,0.00583108658850081,0.014548238897396454,0.004836309523809547,0.004336031165424822,0.008735282947208484,0.002412529332665407,0.008003283398317107,0.010250102501024871,0.0011228858165484642,0.010707204230006682,0.007424071991001117,0.003883495145631063,0.005608595645461188,-0.0017542394119120421,-0.00491857485326944,-0.002044799702574627,0.011494091952735543,-0.005813953488372169,0.01079489695780178,0.0032235845157734715,-0.0023637689541578777,0.005031446540880543,0.016214177978883783,0.0043589743589743475,-0.0007533902561527138,0.0,6.095702529710998e-05,0.0011636121846817624,0.013110632183907957,0.008576697113941415,0.004283489096573072,0.015570693730015335,-0.0007380754682167915,0.004876732796546856,0.004571428571428588,0.006607929515418444,-0.030445759071555126,-0.0039787798408488515,0.021110069999448776,0.0033333333333333045,0.0,0.019197207678882763,0.004190675746464006,0.008037771907144161,0.0031516743269861293,-0.0015428130624838335,0.011562812395867976,0.010629763337344373,0.006189360990297814,0.0009133462724056015,0.012137287999357056,0.009480277636702046,0.0003323915572543318,-0.0036002417680604066,0.005799605133267564,0.01758358865059277,0.0006289308176100193,-0.005655526992287879,0.0028727165586329446,0.011298985478416578,-0.008959156785243635,0.0024142926122645834,0.0013483578927093213,0.007140969517309693,0.0004294917680743795,0.0029349837299815803,0.011352657004830615,0.0007741392267653853,0.0022749273959340823,0.005710938644018082,0.009156311314584683,0.00697836706210737,0.02857705951911704,0.004603081267588935,0.005098789037603249,0.011511663132383918,0.001552192471866632,0.009449465899753345,0.0042938296601637265,0.0008036431824270286,0.007705986959098969,0.00227479526842584,0.008585858585858275,0.01013299556681437,0.007528230865746431,0.006186957541637315,0.0007108330963889668,-0.0446529080675419,0.010678056593699832,0.0033106960950764755,0.008349389852279992,0.01720602656681815,0.0052184837020902595,0.0010436234606553913,0.0013761574883958748,0.002755363117496555,0.009512120282295125,-0.0004748338081671406,0.011587232181897673,0.012229163897381408,0.0018298261665141988,0.01038135593220317,0.0077452667814112705,0.006834170854271304,0.0068463601748166465,0.008939974457215762,-0.004003558718861179,0.002786952931461643,0.0037659835347696193,-0.003592632059674281,0.014373716632442855,0.004982005060585696,0.018096514745308316,0.011315417256011333,0.0060885996220868465,0.0003465003465004249,0.005598507064782604,-0.01869158878504561,0.0018740916392565104,0.00719249055223708
-0.026372443487621147,-0.004253245314784416,-0.002804786836200448,-0.006393544382371162,-0.009687034277197942,-0.007351518668988096,-0.0013831729079508527,0.02186277995023091,0.02767117753989085,0.01934097421203423,-0.011772620248906825,-0.008770257387988587,-0.00725713343229426,-0.01233199390328391,-0.025414267246444928,-0.01525658807212203,-0.0016406890894175778,-0.002607561929595776,0.02849799682515672,-0.00570389352732077,0.0023854961832060844,-0.011288518254855981,0.02581547656895775,0.0002493454681460311,0.07320754716981014,0.007034431691965827,0.001484975821137269,0.006400602409638463,-0.023343898365269535,0.053949511400650484,-0.010146103896103759,0.0035050823694356766,0.007847240387130519,-0.0022331397945511288,0.00451321727917472,0.01306595644681178,0.016736401673640138,0.017403946002076866,-0.008754773214119467,-0.00423535273844613,0.005711954304365612,0.014791547687036014,0.0190733824014062,0.008670884480629047,0.027221526908635586,-0.004081632653061279,-0.003063569057952592,0.00929881879869323,0.018624641833810313,0.0008533463367061375,0.006226391598522265,0.009218223719198799,-0.0001700752583018371,-0.00494377665761914,-0.00698151950718688,-0.01495706767611466,0.001486896722631769,0.007205157375805735,0.013566739606126772,-0.026310675838482685,-0.010652463382156802,-0.0013494548202526164,-0.015438733632988004,-0.011494252873561856,-0.03253424657534188,0.06311945748565446,-0.013828482212557247,-0.007330802461054988,-0.03656966263198536,0.005567085021576599,-0.0029767811073624843,-0.00415627597672484,0.0294285388388273,0.023427573062261713,-0.008301190675834184,-0.0019936866589133242,-0.025952104652389504,0.009446693657219866,0.02060479120303699,0.005656819610307948,0.015068695523710955,0.005508630187293418,0.008222195995121789,-0.0005317734645042394,-0.0024084778420038304,-0.00663652976820244,0.0273288878494543,-0.025042930738408666,0.06660729054011048,-0.011225220921900828,0.012183116423334648,0.01612981117496502,-0.00771694816540468,-0.013609850939727785,0.01801801801801773,-0.028453726767579908,-0.0015274167896333632,-0.0006341154090043851,0.014375561545372815,-0.03215807826423846,-0.015466015466015273,-0.023626419050696835,-0.0002676659528908517,-0.0005882352941176068,-0.009532455742169694,0.053580370555832424,-0.01786833855799364,-0.0018679950186798325,0.006527757540434236,0.007884642704929763,-0.0274941084053415,-0.002641310089804515,-0.015441238683475746,0.010828025477706798,0.014110429447852655,0.01212671274374007,0.015012510425354375,0.00577657691232651,-0.0185083415112856,0.004609929078014134,-0.0017102137767220438,0.02066133563864281,-0.005187130663164859,0.007534246575342457,0.0,0.00012651421703516806,0.0337392693152325,-0.005067252878274118,0.0074141048824593265,0.006763223377783532,0.04426145136387021,0.009466887706133957,-0.01255843798698319,0.004048582995951311,0.00329965908735487,0.033574720210664814,-0.019285977180714026,-0.0064691151919865466,0.0013277912481237453,-0.00026511134676554976,-0.009523809523808942,-0.01683527390723402,0.01040910191236975
0.07775935139119218,0.029143492769744147,0.007406712919557413,0.02611357531080146,0.01580135440180559,0.028259598518807192,0.006312371567080341,0.0036528091842059755,0.0,0.004919184820800975,-0.013436416091283432,0.018561261781111674,0.013623525502575113,-0.008698092031425363,-0.016641041873925955,-0.01830985915492955,-0.001514995891536588,0.011017740429505051,0.00962810524768479,0.0023001884491740724,0.026653974297953076,-0.016046081053281206,0.01803756275956121,0.01844696497569494,0.02531645569620234,0.015624999999999941,0.00618674642967844,0.010849233071455128,0.011365166572405877,0.01970253042302446,0.0005466721333878843,0.0027942717429269956,0.008651267410675657,0.00380483437779763,-0.0019255455712451836,0.002103179512557274,0.040411522633744715,0.020576467706377093,0.03175796298036258,0.006644148840053955,0.03718728870858678,0.011030446282852093,0.0,0.009171102281530414,0.014011574779165209,0.002980625931445624,0.018437900128040894,-0.0048555776892431285,0.05766526019690427,0.01778319123020707,0.024215172641392776,0.005679489431465433,0.009143100148841158,0.005406721870433463,0.0024813895781638623,-0.0008435654700535094,0.010124755129394853,0.035140562248995894,0.004749568221070747,0.005428274926159457,0.052489905787347246,-0.000702664720825876,-0.006748709805478419,0.0,0.005309734513274192,0.04416094210009792,-0.015464208978853271,0.004439755593652424,0.02085004009623072,-0.001539671100045802,0.007563694267515682,-0.0013355592654423236,0.04033240997229905,0.054706293163653205,0.0025365688678447573,-0.0005826535708340638,0.009964258637495983,0.005104521147301939,0.007670206762095346,0.015624999999999806,-0.027746013264860554,0.027465303140978708,0.00995005462775089,0.015961691939345487,0.015934331240946304,0.005906274206041949,0.004103275957801302,-0.005650961397328495,0.03656208994393422,0.026570048309178137,0.0002289826814673439,-0.009742882942825904,0.0243580337490825,0.032194480946123476,0.00476514635806657,-0.0073957203431614165,0.03781095260378679,0.9562182741116144,0.007676409802184847,-0.00040032025620505176,0.00785448532451422,-0.02105754381575972,-0.0013386880856760303,0.03472630959387838,-0.020623281393217216,-0.006891634980988409,-0.010852218321098062,0.025265127885214955,0.005964272271924462,-0.007822961449009881,0.1013731825525032,0.02224576271186411,0.003910110428393375,0.040327662255828144,0.0019013049866044782,0.00997903721422649,0.024650780608052487,0.01611857341361749,-0.00035994960705504857,0.020271292420957092,0.005424954792043432,0.0063524329818320366,0.004026136888654299,0.02356673464763184,0.030719228349758612,-0.0014863540052496179,-0.006373117033603615,0.012545406883121741,0.007718542451983375,0.013784143481842948,-0.0018728437654016495,-0.028004667444574152,0.018350043322193386,0.006048387096773892,0.0032888071449725456,0.011754487550665854,0.017263379118817056,0.03234614576769568,0.00807149034303833,-0.005303632988597161,0.009615384615384023,0.011221557816261453,0.03881169142309537
-0.008719439220379516,0.00495028102031985,-0.0004963548937490022,-0.0011567732115677861,-0.012592592592592322,-0.014215314632297167,0.03049516567573352,0.0024263431542460526,-0.009630503144654136,0.008391608391608196,0.0032693160722207593,-0.013785289396657428,-0.013221876195159275,0.013303141805830735,0.013764983598516222,0.0057388809182209385,-0.00012858428700012852,-0.019763575914296068,-0.018999781611705575,0.0027649514751016107,-0.02318034306907721,0.001568053522893578,0.014551875304432436,-0.00030596010280259416,0.00754458161865555,-0.013212669683257787,0.023581684732725025,-0.00851221317542559,0.005964902937182017,-0.006440613752604468,-0.01010790875563427,-0.0016718913270638018,-0.009177459473368245,0.014715719063545137,-0.03858520900321538,0.002777777777777776,-0.005616644252828019,0.03424273941915347,0.003642655495856473,-0.02031178801728785,0.002868318122555462,-0.006957973838018361,0.009459259159446431,-0.011390649762282087,-0.008110543706818782,-0.02563150074294178,0.024264520995725024,0.00012510947078696671,-0.018617021276595324,-0.006881282910483477,0.0037860480103107897,-0.023317419655332985,0.0007163927517909046,-0.0019863378712271233,0.003025302530252927,-0.005440900562851729,0.015575878822520565,-0.018064985451018357,0.007305543618392791,0.0020841603811036116,-0.026854219948848526,-0.01790350497620071,0.0034972022382094253,-0.005813953488371293,-0.017605633802816593,-0.007283834586466184,0.01208901651112703,0.003938730853391682,-0.01832940560356105,-0.007021227730568614,0.0027657052548399406,0.0,-0.03312386835658745,-0.013537374926427356,0.002277135869106891,-0.0031648205213624953,0.010321715817694366,-0.0019347037484885353,0.005600672080649675,-0.013538461538461303,-0.01969526864474747,-0.009810891511445994,0.013522389212996937,-0.00811730819586266,-0.006653992395437226,-0.0009625565501973221,0.049834383070023434,0.035795999704775205,-0.014960584613614113,0.006352941176470512,0.022955409536204428,0.005567287387214388,-0.021057155135367107,-0.026734563971992326,0.003387533875338708,0.0074508245579177354,-0.03211885828176045,-0.035030814142068226,0.019923820685613745,0.039247096515818716,0.014356029532403492,-0.03234782437758628,0.03297587131367278,0.03583617747440222,-0.001481828107939549,0.002392916965781264,0.0,0.013386066321874073,0.0020146783709886302,-0.0076715442534450486,0.008434176751008415,0.034715025906735336,0.030645437425098378,-0.04360993337371231,-0.015354092987147351,0.012441777224086695,0.022253408179630958,0.013401403956604805,-0.0020004400968213,-0.02140068205407004,-0.0194055282090117,-0.047300425030509616,-0.011306863002892468,-0.0035421740092981156,-0.025836639202522434,0.0018527902704756785,-0.025655976676384796,0.012057104815444891,0.005343783398646222,0.0009689619604288148,-0.013035749555599465,0.0023120359254814233,0.004861891883679234,0.0020040080160320124,0.0014059781257768115,-0.0004578492531333793,0.010551169482771293,-0.013224821973550302,-0.0034315127251930188,0.0015995734470806789,-0.006349206349205923,-0.010713051491763657,-0.008302583025830292
-0.015522593997930302,0.0283292821957884,0.0072627952450417714,0.0039619651347068095,0.005251312828206888,0.024706787156316086,-0.010838624917889204,0.005186721991701226,0.01815836475491161,0.02912621359223273,0.01778345450972677,0.030445189085686827,0.00326670726980792,0.0002793296089385474,0.02062416838030718,0.019258202567760313,0.009645061728395058,-0.10099868098737481,0.004971801721579185,0.008271982794275785,0.014238253440911114,0.018995929443690527,0.0012602772609974998,0.018546856828058955,0.008168822328114176,-0.01008804108584002,0.023221466514421814,0.0011198208286674475,-0.002951531355057213,0.010104861773116947,-0.0052435490547811546,-0.010048147372828026,0.010560941828254879,0.006152493957371879,0.01939799331103676,0.004462911665127729,0.01575178997613359,0.042701322812717574,0.006623718355866227,0.017307963354475004,0.0023400936037440844,-0.00588565022421524,0.027951678569044864,0.02111511872557852,0.003937007874015759,0.0026686999618756512,0.01472934822634084,0.0121341005754316,0.014905149051490226,-0.0006627703801892722,0.013562314420993564,0.022264612083097445,0.024382027203436244,0.010825242718446681,0.026048807238826396,0.019524617996604418,0.010593177752316772,0.0017286084701814714,0.010665529010238817,0.01047835990888375,-0.034165571616293376,0.0009362780194966369,0.010753758837000943,0.0,0.005376344086021486,0.01349112426035494,0.011008341372070636,-0.0037925021795988715,-0.01040277407308604,0.016124235916074724,-0.0037431048069344755,0.008358408559010336,0.01310861423220981,0.005295346062052599,0.02650622685964317,0.0516333862478067,0.00939365795409316,-0.03852677489701948,0.024328498012708505,0.011852776044915494,0.03396485717090425,0.0037334865020103663,0.02817062478557526,-0.01900739176346344,0.007655502392344397,0.010791020329511316,0.0036923692790663295,0.009049451332478123,0.006659267480577049,0.005377601122281774,0.015650963484815053,-0.003961435662466457,0.00570676031606665,0.026160889470241953,0.008102633355840655,0.00404299378759493,-0.011887064418266317,-0.013109243697478571,-0.0054582016661879436,-0.008477842003853455,0.0028305701577031254,0.01104521182855451,-0.016610433428497277,0.01263042284459081,0.00929469655549487,-0.010503700167104016,0.014520813165537223,0.0060042029420594055,0.019675427258365637,0.03335719398711513,-0.017090909090908928,0.027040560841261652,0.00926079734219276,-0.003166561114629472,0.0053438458169074885,0.04410728264887047,-0.03569327319082157,0.0024739114789492614,0.025737136442903347,0.02717171717171712,0.009460372622839979,0.0007509165599186434,0.011569148936170257,0.0042212841590756915,-0.0005220841599665515,0.009452303801470033,0.01416317574306794,0.00917263557959359,0.007087172218284879,0.030477142143392408,0.009305583350010055,0.01676795457569964,-0.0003628776195228982,0.007999999999999651,0.04174779121450226,0.026452905811623243,0.02285338785046739,-0.015463917525773132,0.005681492109038783,0.009049773755656151,-0.006389776357827045,-0.002290017078093358,0.007790697674418639
-0.008584442887175909,0.015792996694975518,0.06819092225680204,0.022160160281707218,0.04179104477611874,0.0208274697438782,-0.0013613724405090503,0.007739938080495329,0.00438553747198128,-0.024258760107816347,0.01663609743540247,0.021555328440026018,-0.03780353200882998,0.016615470538955596,0.012770370370370336,0.00909727081875436,-0.008330149025601785,-0.010899182561307952,0.0,0.0051412475729483344,0.01544220870379027,0.021714636894397215,0.019779429393430806,0.004266826923076863,0.0270087778528018,0.0016675931072817746,0.006713729485826616,0.0029828486204325332,0.005694866655161835,0.005473763684409226,-0.007213205715078416,0.00021146119687034191,0.0051396265204728415,-0.0010919414719370996,0.009186351706036733,-0.005576834686686015,-0.003289473684210557,0.00022256843979520313,0.01640526410672416,0.06305245365623866,0.010765239948119239,0.022892585283337954,-0.01351790050513569,-0.014644197512694041,0.0018099547511312795,0.0030418250950570544,0.0012096286440062068,0.021876158694845986,0.0013351134846460832,0.010973109851682155,0.00407759303246246,0.022975100588955532,0.003658636849461516,0.018153003889929256,0.010956707642971719,0.007586270700342124,-0.0014519850425650765,0.02157031924072471,-0.009708737864077636,0.00043125416552333224,-0.027210884353740753,-0.00011004732034777443,0.02502216530391087,0.011695906432747127,-0.007130124777183448,-0.00817375058383929,0.021889206937194802,0.007438848291252783,0.005390835579514796,0.022989627028257333,0.004745896776745051,0.002320954907161758,0.011199304120908917,0.018398991023072866,0.016476760390195813,0.0,0.0038118772838402672,-0.012096774193548385,0.0006672927685236202,-0.0012330456226879543,0.022321381478316665,0.014663805436337603,0.004041227940086046,-0.01964477933261564,0.005698005698005725,0.01305881231531791,-0.007661950543683612,0.013205282112845152,0.004816340741600386,0.00999999999999976,0.0006962882986106965,0.023336048684651767,0.011494252873562935,0.019757807520713804,-0.011386470194239747,0.011098016106855178,0.04862136315663622,0.05347411444141509,0.05025996533795475,-0.0023319082782744583,0.008064516129032194,0.010469442108636574,0.02480865663763522,0.00542299349240775,0.02298405819532582,-0.05983112183353302,0.00667938931297715,0.03133393017009829,-0.006422535211267654,0.010667775006927175,-0.0018497965223825243,0.005850804485616799,-0.007776817676830052,0.01651842439644194,0.005402579295921955,-0.004443613816758615,-0.017490339637990505,0.006730380939561177,0.024153362124557758,0.019372603009145357,-0.00047814860858754805,0.008298022598870131,0.006112790850532366,0.02035398230088484,-0.0035520267446719584,0.02084148881198807,0.0072777340676633395,-0.0023718993300743,0.020760028149190757,0.02190909090909095,0.02815505105581422,-0.007024126347017974,0.022597331881296014,-0.01785714285714212,0.015778226196769864,-0.0020081441401239093,-0.018059818687986395,0.023664921465968512,0.037377311116183476,0.015035610656818672,-0.003215434083601125,0.00019451468585882578,-0.0006922810661128664
-0.009247805854980282,0.004921644941413814,0.0013846420123464435,-0.009978617248752633,-0.016475644699140046,0.0017461630364856975,-0.028428297516264526,-0.014678272742788859,-0.0037842033766736427,-0.0020718232044199393,-0.008704184338798503,0.013733515234197254,-0.009406366504158343,0.001098750171679714,0.0007899125245019957,-0.007628294036061015,0.003365187011919416,-0.014197923288832296,-0.004651849664033012,0.01246088967487421,-0.012903225806451547,-0.004812030075187914,-0.004114258845656513,-0.030758183232601162,-0.01840894148586421,-0.006844247132815448,-0.0012651135891272524,0.0029739776951673066,-0.016908658922914512,-0.001877229209686494,0.007964230822970512,0.049612403100775186,-0.012058973921936321,0.0004372540446000101,-0.0019505851755526632,-0.004714510214772185,-0.0009429514380007985,-0.009012016021361877,-0.002749201844625668,-0.014336170157306883,-0.011548825869369918,0.004520147731657592,-0.018218197135636126,-0.0007966143888473529,-0.004817825956037377,0.009855951478392518,-0.0012081672103418282,0.010885341074020293,-0.009333333333333122,-0.005904103053435026,-0.02152742183495656,-0.00068403351764239,-0.00045054269916031467,-0.014008773171076738,0.0006608511763150929,-0.004223670920943808,-0.011333984024859176,0.016650579150579194,0.014919011082693822,-0.013127988086840656,0.03216783216783123,-0.004292317851639855,-0.005766458433445447,-0.01156069364161712,-0.00628366247755826,-0.006357428773251651,-0.008348437414181379,-0.01124961994527215,-0.008042895442359206,-0.01252383979656709,0.0017713048612476782,0.014720476347998588,0.010860215053763441,-0.003132512566474793,-0.006532258064516045,0.01580996265988705,0.00039283469516027635,-0.08635204081632636,-0.005507668749536954,-0.019753086419752774,0.002930463405322449,-0.002537892139584,-0.0012554927809165426,-0.023606917375789117,-0.02077431539187896,-0.0029168234851335182,-0.023819093351384584,0.0057150822414274004,0.012127512127512114,-0.00759843426203064,-0.0023054006266637547,-0.006789660985203216,0.009781357882623664,-0.003124999999999996,0.0006775067750677031,-0.009810587663914535,0.044455176357802086,0.0484966052376318,-0.004675467546754774,0.0112972341254383,0.00999999999999992,-0.002890253869082507,0.003605459696111177,0.0021574973031283787,-0.0035554883122778137,-0.021298434693353272,-0.011532385466034646,-0.008101851851851838,0.0002551599002041536,-0.005140507196710068,-0.008154188287620358,0.0024236548715462682,0.006261922534627145,0.005624999999999966,-0.005286878141792251,-0.013792296190941035,0.0,-0.01239024825065727,-0.027686084451143775,0.014808026239629677,0.0411404515882127,-0.008273507266678373,-0.008819494348990646,-0.006721595836946992,0.0004193751310547897,-0.0055219805503573935,0.010642452645967441,-0.009619049347538065,0.0018958979662183817,0.004833496426770963,-0.022852183974544294,-0.02021089630931457,-0.01112294403029224,0.004040404040403935,-0.006010936973126713,-0.0006148342742160348,0.0007269555103227672,0.039075286415711716,0.00033005115792942864,0.003898128898128878,0.0,0.00933488914819124,0.009467728899665065
-0.0131985731272295,0.006290983606557337,0.0027078412168001637,0.0005399568034557775,-0.018936635105608047,-0.010091743119266037,0.002714973420638277,-0.007621687164385869,0.012467127690659325,-0.009688581314878798,0.003001372968485612,0.0018840839763144919,0.0005790052689479468,0.00974070517217725,0.007659027128157098,-0.004891684136967149,-0.029365831178473648,0.004514187446259703,0.007937685459940542,-0.015344100180044697,0.026610644257702914,0.018636043114737544,0.0118035882908404,0.010866209791936709,0.00937709310113837,0.042093499720618245,-0.0012305242395177925,-0.00037064492216464786,0.006471622873561771,0.012789166823396406,-0.01053507069586907,0.018665234322545934,0.0033211127884407213,0.0017482517482516411,-0.011074918566775229,-0.016037151702786426,0.0018090294163913409,-0.003854646158452049,-0.011293908403735013,0.0,-0.0010385564065947715,0.007517971793886863,-0.014466909792985039,0.0030893417708903357,-0.002420574886535572,0.030405405405405265,-0.00870932623684517,0.011844938980617453,0.00807537012113045,-0.002039714439978455,0.0076560422291171324,-0.008185499971479038,-0.010735944927061241,-4.7837734404855034e-05,-0.0043587372870163305,0.0058091286307053415,0.0009267840593142528,-0.025990980299074203,-0.0201595968080636,0.0111384664257633,-0.023035230352302937,0.004366088206035069,0.003673272112131413,0.0,0.033423667570008454,-0.005687203791469113,-0.0012738853503184455,0.008610086100860961,0.015135135135135116,-0.014517478915856526,0.001964636542239675,-0.0027709861450693394,-0.0025529199021380408,-0.0058462437883659655,-0.012257488432502728,-0.009698107304864574,-0.005131024372365742,0.009074410163339357,-0.0022848060398350505,0.03715365239294649,-0.004290255872094892,0.006643579051522969,-0.012533737567937152,0.14028675850435693,0.015911282545804973,0.01849580069831072,0.0010509892300692057,-0.0018018018018017361,0.012381604473353887,-0.0016241299303944004,0.00041215703238099054,-0.002168686059120223,-0.009686609686609646,-0.013793103448275845,-0.0013540961408259036,0.0017657445556210187,0.01235684409158461,0.013259327782916634,-0.015473887814313168,0.001926040061633267,-0.0003960396039603704,-0.012245646817637394,-0.01052091352322285,0.005920344456404642,0.003492256301244994,0.05243838489774377,-0.019657983058973993,-0.022753792298716352,0.009721946656840839,-0.013365483982087539,0.008221225710014844,0.0072533849129593105,0.003750257572635443,0.010565568676196194,0.01925590311056885,0.021861227561001763,0.026909542537776745,-0.005911819125411753,0.002433376506142241,-0.007367270307524115,0.0011027384671935703,-0.0011035091591260198,-0.006854732401792827,-0.007203667321545508,0.007755187591699719,-0.010781380140049915,-0.02763018065887343,0.012901097692829358,-0.013934285222776331,-0.0028035176769167195,0.006118018551411124,0.017623318385650292,-0.008166806270192702,0.064386317907442,-0.0076181064617471695,-0.0008389261744966433,0.012058695336335983,0.020476471746406648,-0.052790761616717016,-0.013978772974372266,0.03870967741935243,0.009248554913294673,0.003431316481756826
-0.010422942523195526,0.010324393670963366,0.06765686049184093,0.03483840019188093,0.029695619896064895,0.03540315106580164,-0.007372013651877049,0.008552976086576994,0.0955266955266953,-0.00908455625436733,0.012749498615222905,-0.008507208740037594,0.004687228748336397,-0.0005434782608695651,0.04479257325210328,0.01264044943820223,0.010603502848702324,-0.024181468007703752,-0.02561271803930222,-0.011189345559740185,-0.009095043201455124,-0.0040545886075949505,-0.002683154456369652,-0.0027484272888291666,0.009289980092899717,-0.020554066130473562,-0.014231877230808342,-0.012977382276603538,0.014981123517562365,0.0072423398328689565,-0.0012608573830202852,0.006591088847877661,-0.01461611211417762,-0.0006544502617800027,-0.015151515151515131,-0.003870115159524171,0.0,0.0007513712525358774,0.0028782155063860762,-0.009295376112337762,0.00662768031189085,-0.014161220043572969,-0.002271954288823864,-0.011226466643485122,0.06490749165908373,-0.006557377049180322,-0.0235509456985965,-0.0035473572188719315,0.016021361815753758,-0.003125939284640841,0.006758107729835678,0.01112868439971238,0.0015325987904897152,0.00019136009185266988,-0.00689838153356318,-0.011184451778511205,-0.022544283413848624,0.04922627025709744,-0.04157736819545621,-0.010210693738095702,-0.002773925104021957,-0.00368678809222475,-0.008764326302609931,-0.017543859649120794,-0.0008741258741259333,0.0016682554814108324,-0.0028837622005324108,0.004094076655052301,0.005857294994675125,-0.01094234852196635,-0.0037254901960783134,-0.00016345210853205088,0.018129465713980976,0.03168185827697724,-0.0033694937541090585,0.02629916284947078,-0.00010525484830147376,0.0067791920309906994,0.003186140289739563,-0.007285974499089097,-0.006633601983881041,-0.0021062978305132316,0.0021716339673505027,-0.008382642998027656,-0.011865211200759262,-0.0008338738070970647,-0.001039062246322733,-0.011177450708136707,0.003043453756411027,0.007901464094817299,0.006507964259142725,0.01682022206472945,0.033084004602991435,-0.010171646535282885,-0.011525423728813327,9.792401096740006e-05,0.009945967592403045,0.010955569080949131,-0.006735896716250409,-0.006920415224913485,0.010301109350237614,0.0022632610745341444,0.007520746887966707,0.0010700909577313349,0.0016643970343471358,0.011958146487294093,0.024127812194326734,-0.008656716417910328,0.027621827981136323,0.01494309056630128,-0.0007412898443290851,-0.00144023043686994,0.014698636886188273,0.03444034440344358,0.015472730381261844,0.006500024106630168,0.01552106430155202,0.028236789540584614,-0.028150816334520993,-0.004117985060333222,0.014870570956489615,-0.00720282810428642,0.001990974250066363,0.003957783641160957,0.02787021630615619,0.0033211195135261834,0.0006954793840040186,0.0021891339351942994,0.021807397069085754,-0.01340593649196523,0.0018634758728913038,-0.01806724540607234,0.00030161363293620854,0.011342155009451394,0.024493739085200486,-0.009851665267282334,0.01744186046511622,0.06772139687439685,-0.01857764876632799,0.005513258072985067,0.021739130434781127,-0.008591065292096188,0.0033055967172005976
-0.0006697108066970518,0.0017132261055347276,0.033205069558431666,-0.011472940085757291,0.0050468637346792146,0.017006802721088402,0.0002750653280153619,0.041017653167185815,0.056989813839128885,0.009873060648800829,-0.02445502695396599,0.006683526011560558,0.0055869139500057795,-0.0004078303425774877,-0.012578441717110056,-0.0027739251040221876,0.025813018739886215,-0.010526315789473663,0.10076289749981045,-0.001987193640980298,0.0064249655805415,0.016880150928408152,0.024096385542168672,0.007716805487506199,-0.0026298487836949407,0.0160583941605838,0.007593928533137326,0.029676934635612228,0.08807370800693973,0.0444321533923295,-0.00196380979099451,-0.01997118910424303,-0.013262368030712684,0.014189041693953222,-0.006688963210702332,0.003095486275624537,-0.014917170448300203,0.002440123132367293,-0.006995515695067211,-0.08855403998611962,0.02711076684740504,-0.008729281767955767,0.02406665030407155,-0.016553629741271052,0.007690116775847261,0.004767143381004774,0.024118970257435427,0.003915984336062592,0.003942181340341701,-0.0027739251040221334,0.0011518906895456344,0.00571639838461986,0.019438355597832815,0.001721911321567112,0.007747795885653148,-0.006119043204153437,0.012911861614497486,0.01614214376959696,0.03667262969588526,0.004939790108516781,-0.001390820584144725,0.013476195736220073,-0.002914885347842979,-0.005952380952380328,0.002624671916010428,0.006899833452295892,-0.011095661846496126,-0.007417367918799295,0.014293276866066566,-0.004326287978863904,0.029915370989961935,-0.0003269576589832349,0.03498481198282173,0.011756323477021715,0.010472499381545331,-0.022239322816467906,-0.009131819258401603,0.028720626631853673,0.0012654458835790684,0.009174311926605392,0.011140235910878149,-0.0011257299655244542,0.009713816035268618,0.004226752859273944,0.027377521613832674,-0.06361275964391691,0.011246546400129937,0.0006318893491540333,-0.0007304601899196229,0.02305741295826555,0.04002218127162043,0.03457088425259051,0.03467000835421853,0.01284521515735387,-0.013031550068586965,0.002643689415450938,0.023724075731218854,0.025586995785670554,-0.006216445323537656,0.009678668215253506,0.005098039215686279,0.006828839862698016,0.00849420849420848,0.01763762693746647,-0.007326283987915437,0.001230920728705146,-0.010028653295129015,0.008431195423065153,0.001311188811188736,0.01699346405228759,0.010756676557863337,-0.02355769230769211,0.005341102209274018,0.035671819262781984,0.03400959676740449,0.019269626713581494,0.02362048431917425,-0.012715231788079545,-0.022681492224639315,-0.011106837195884385,-0.0009949348769897857,-0.0008901945074998881,0.010266260431845264,0.003723171265878189,0.01932416025900422,0.005066202523776877,-9.928514694203994e-05,-0.010163555619742077,0.022707870923680908,0.008668786369908098,-9.789525208029617e-05,-0.0012565632993762866,-0.0040404040404040656,0.05046728971962434,0.011671176039634096,0.011080332409972235,0.01298059964726636,-0.05113841705818549,-0.012658976634131952,0.002349869451697056,0.006079027355622818,-0.002657423454650472,0.024880708929788598
-0.005909589374923865,-0.01875289241232214,0.009245513972445761,0.044314185228604815,0.049497847919655,-0.006336912515402246,-0.0005958109904212757,-0.01645885286783033,0.022596992606131093,-0.0027932960893852776,-0.005493708817322155,-0.0285304144984747,0.000859155736296465,-0.00802393580851353,-0.014257191867495233,-0.006258692628650895,-0.015571330432791452,0.013519503546099283,0.05270019899814695,0.001991150442477825,-0.014591883264933825,-0.04189044038668077,0.0039977155910908,-0.004436611158381045,-0.013843111404086795,0.002873563218390835,0.04726927800950966,-0.010215249908792377,0.008721386724648271,0.015357458075904487,-0.00927617709065357,-0.004944210596646008,-0.001326377221681845,0.025182953077916355,-0.008754208754208742,-0.002172749315111513,0.03243803299593526,0.011721529416170356,0.0009934971098265056,-0.03391369287314584,-0.001885369532428351,0.011035559023520193,-0.005911881016737086,0.01529973691604303,-0.01328434143583935,0.00802919708029187,-0.022940817571689892,-0.005791962174940857,-0.01308900523560175,-0.014512910443248454,-0.0718508232493552,-0.016712382999180028,-0.023854923120613467,0.006016330038676358,-0.0002651113467655508,-0.007929104477611925,0.01207636164027091,-0.04662857142857127,-0.030198446937014407,-0.009475679090334803,-0.00696378830083546,-0.0076294277929155226,-0.024361722861040682,0.01796407185628532,0.0017452006980802736,-0.015595463137996066,-0.03335114310621182,0.004238954682515322,0.006524008350730655,0.002487644697999932,-0.010128033632715288,0.020278004905968823,-0.025908308875619845,-0.004859154929577522,-0.0754855557369021,-0.01243507004564767,0.005736747051949526,-0.009350788137857308,-0.0070131093103363235,0.0,-0.0048143690399036375,-0.02197647390293724,-0.010175386664693252,0.00940826937360731,0.019167835437119946,-0.005248564072093428,-0.008550030535823263,-0.02041818692113394,-0.013551506972559664,0.026143790849672697,-0.08306261004993681,0.0042667864361104835,-0.023684564661552703,-0.015218769816106512,0.002084781097984564,-0.007812499999999993,-0.005247017068275466,-0.005576753742295043,-0.013932328689223627,0.0023006134969323667,0.0007803355442839917,-0.008001976735345636,-0.015058703420112313,-0.006302521008403385,0.008978163280833864,0.07401032702237334,0.027013989387361333,-0.04150492684383367,-0.009957442164993448,-0.046881342172912906,0.02201834862385305,-0.00689315608074836,-0.0009659502535619775,-0.012055109070034273,0.0022795733941219165,-0.013859634881505156,-0.010859026565832848,-0.006484214292102672,-0.014324580568036599,-0.014391987163903285,0.002987777274784924,-0.009266271662137351,-0.002556874057562354,0.009600698232598643,-0.005856079404466477,-0.005458143921823185,-0.024227981332538926,-0.008553555470445647,-0.004340567612687836,-0.01763463883189095,-0.00988838848639123,0.028757582565715548,0.015349217401834715,0.048042704626332734,-0.010038001003800099,-0.019625384400335403,0.006894630545302492,0.0036183584079222428,0.0024564136360913855,-0.0013024225058608945,0.0,-0.007375656472041863,-0.005875180135240058
-0.003983575412146835,-0.018906227571923593,-0.001238645747316197,0.0029748540637630086,0.01572112098427855,-0.01124889282550932,-0.017369072732275517,-0.006592292089249431,0.022260134860670903,-0.008403361344537816,-0.013397051676656373,-0.1174732175840411,-0.034336728854297775,-0.003975870578557718,-0.029868203343413082,-0.02379286214135756,-0.027655010209092543,-0.028865077629564685,-0.005345153510201342,-0.01705674541841458,-0.01249421564090682,-0.009478189971463564,0.001592718998862316,0.0081802087784629,0.010026737967914305,-0.011819484240687676,-0.023816159223390993,-0.004423147806855805,-0.00974768582274557,-0.023470097357440503,0.002695417789757544,-0.030282683139729972,-0.006286523817956552,-0.008608020155364278,-0.001358695652173911,0.008204998737692497,-0.0077968195152077506,-0.007403020432336389,-0.00045114138771090777,-0.0036377415687760505,-0.014859589472358692,0.0031973539140021765,-0.00859909722873328,0.016578616352201272,0.009166427957605186,-0.0007241129616219667,-0.004745847383539288,-0.011889192723814024,0.007957559681697325,0.006565625575259269,0.05612550226553801,-0.023467157483032287,0.019699929346244986,-0.0009492619488347801,0.010872447626624131,-0.006582040432534073,0.0239047025973765,-0.00479501318628625,0.007562277580071056,0.0019132653061223394,-0.016830294530153844,0.00021965952773206508,-0.022972433080303587,0.01764705882352738,0.003484320557491278,0.006721075372059388,-0.004858181818181762,-0.01884247171453444,-0.03318641431164103,-0.006120963472736894,0.0009652509652510289,-0.012982849815675584,-0.013298701298701223,-0.007784304012454875,-0.021449377703239594,-0.035941982786101244,0.00990282032322805,0.012405609492988008,-0.012902420763663538,-0.021212121212120957,0.005261471351340138,0.036154123154483235,-0.029419460954730577,-0.0034338974736325004,-0.027522935779816262,0.003583872573419627,-0.016885502782730856,-0.025786118472888725,0.0009690474833267079,0.031627498352733714,0.0051851668831940844,-0.011225402504472222,-0.022191592005513128,-0.017385705086928504,-0.002773925104021996,-0.007086614173228384,-0.009230713581194957,-0.010035419126328021,-0.007497116493656308,-0.0011476664116295038,0.00896686159844052,-0.018463558447766194,0.015548069448043456,-0.012156448202959613,0.0015835909810724192,-0.019917582417581903,-0.013621418506341031,-0.018068535825545094,-0.00807362707007239,-0.08247569025480862,-0.008976660682226148,-0.011898859692612562,-0.012126339537507006,-0.021499128413712643,-0.015920721306148872,-0.02955371571418056,-0.023524799059007943,0.0008326956834857826,-0.022039604374464276,-0.0028612303290414627,0.012005777216103927,-0.0375016862268987,-0.0019061390824241403,-0.009293278582234695,-0.013578274760383247,-0.0032337805693319717,-0.00753027373562642,-0.028365402303079316,-0.04828973843058326,0.007840406853544856,0.006625135963611225,-0.03389386328892765,-0.014610292802194516,-0.005093378607809626,-0.014804084884478859,0.0029656667046879274,0.003319961267118514,-0.0017077798861479577,-0.01255080086062633,-0.005477308294209586,-0.003021148036253637,-0.0028399144135382815,-0.03256021409455828
-0.014828944129953302,-0.0006688264186434982,0.004159776767259173,0.0011752196541495923,-0.030282637954239165,-0.0010749798441279613,0.03172362295674895,-0.012080993704270883,-0.006516728919971416,0.008474576271186442,0.003366008242615305,0.024068647969861814,0.008296787957804896,0.0008258774948382655,0.011115358602640681,0.010752688172042994,0.004465591026288555,0.019365007881107694,-0.023461563667343793,-0.017324647610490324,0.005623242736644693,0.025619919744829637,0.0074398000908678565,0.0013926733272782027,-0.013898080741230752,0.018666183399782585,-0.0026823842887222205,0.011847463902258293,-0.008706903849177076,-0.008723517892113107,0.001273344651952291,0.008863038360337859,-0.0008019246190856837,-0.0014824227022447812,0.06054421768707475,-0.007230499561788015,-0.04419201742783775,0.0052580548926013946,-0.0014443040259973878,-0.004670266981060289,0.024031701393327394,-0.002198043741070445,-0.04896172500911947,-0.017892053750402176,-0.030087993187624076,-0.021376811594202662,0.007780148073785881,-0.0046925761039585704,0.00394736842105249,-0.0014630577907827895,0.046505039057756915,0.002297090352220573,0.007907071530466712,0.03629626110504063,0.056663168940188864,0.027259820160908565,-0.01683310117517807,0.035533606359913185,0.010596026490066158,-0.0041971674092933335,-0.0028530670470753626,-0.004556934226419332,-0.0010222858311183785,-0.01734104046242578,-0.0008680555555556145,0.006914639961850311,0.03256548175865282,0.011221005011753299,0.02735317779565565,0.045374346682645776,0.0028929604628735906,0.0009743423189347529,0.0506475729177633,0.025604450467156436,0.015785675626916806,0.006365214515995728,-0.0068247783908167116,-0.019978689397975438,0.016914014107652923,0.010526315789473484,0.04020565552699228,0.03843747827900179,-0.00855030041596066,0.007383706620723567,0.02641509433962237,-0.009721257811725075,-0.0010662562862404272,0.014043085067274546,-0.002220956719817817,0.00851607408984437,-0.015002518045036708,-0.02849518295716674,0.02889765999436099,0.07470511140235901,-0.006258692628650857,0.007236320380650339,0.00887313798570183,0.0095408467501488,-0.0037768739105171526,0.00919188050555327,0.0038639876352395373,-0.022707845312949462,-0.0020413370757845126,0.02996254681647905,0.0018069567836168211,0.015884139219808076,-0.0023809523809523734,-0.0038071065989847114,0.02477915439746646,-0.0071942446043165,0.03297101449275347,0.0025087807325639487,0.023041474654377864,0.015439429928740875,-0.007346264960792469,0.02073479154715165,0.025296125276048815,-0.0005621641069460994,0.0214885928713464,0.002869440459110448,-0.016858442601016706,-0.00256949310908666,0.005861047085940124,0.002399650959860423,0.028137651821862078,0.034407998377863985,0.037834512457705374,0.004089360090874736,0.02748414376321347,0.002643198269906503,0.0,0.001356300013562999,0.016218833212297227,-0.04607508532423056,0.0017496655051239666,0.006368702376890727,0.01557976009926934,0.018627637331305676,0.0035709962474275853,0.027799632835037794,0.021212121212120016,0.015878589263420635,-0.010027662517289102
-0.008244332021734933,0.01873967331060578,0.003422102148462673,0.0006148686416992218,-0.0013879250520470914,0.04080351537978649,0.030601167051160304,-0.01705132621426101,-0.004639628829693581,0.035014005602240404,-0.0007200366564116882,-0.0037809115062334333,0.00035265075819907626,-0.0004125979920231054,-0.0005234840773593663,-0.0035460992907801366,-0.007356638175130373,-0.002208968411751702,0.013958794711764302,-0.006000514329799695,-0.006523765144454766,0.0055176565008025575,-0.031230621793787713,-0.006046680372475504,-0.04161073825503293,0.017612524461839425,0.003148798625978738,-0.004756677643615082,0.0012931087065253634,-0.000718390804597673,0.01073901370637268,-0.010981468771448165,0.007223113964686911,-0.02396606574761392,0.030788967286722216,-0.005422959296276384,-0.0063492063492063015,-0.00048224950847636103,0.00018079913216420638,0.0013144219600170343,0.014854574959430716,-0.038715717590042886,-0.0008665634367054057,0.0029733407246888516,0.049458589405911434,0.007404664938911459,-0.00896525961897634,0.04086073500967102,0.011795543905635414,0.03162393162393155,0.013033725247524849,0.023447141094199823,0.0026284928626309173,0.007655984963095311,0.0023584905660377045,-0.007002672072237994,0.007742501945602971,0.059788298243573165,0.0026212319790300965,-0.018077944907213192,-0.028612303290414056,-0.012795764160829405,-0.006139991813344236,0.0,-0.001737619461337838,-0.013023916646933397,0.005464016760092909,0.011359649122807049,0.013312451057165072,0.00968091204381889,-0.005384615384615303,-0.025632706035042023,0.03247143716175589,0.0005563282336578258,-0.0016872391439480155,-0.003285690816494162,0.01247959559791482,-0.007882576787170343,-0.0056188155735666795,0.017156862745097902,0.019315935152234044,0.016733601070950444,-0.006953616657602216,-0.02858538968971398,0.07215073529411707,0.0008013623159371598,0.007130634769547467,-0.02204176334106732,0.004851321271616912,0.02596580113996154,0.00027217943182412035,0.012430746310349548,0.04562268803945682,0.06341463414634138,0.0237928621413573,-0.01269560082669025,-0.0013192531554260067,-0.0014766686355580532,0.0,0.015180265654648842,-0.00846805234795986,-0.015074357297696309,0.00946049603681915,0.0036363636363635396,-0.0024800841725536996,-0.017935157507472595,-0.009228321400159006,-0.013057324840764321,-0.016264570344266732,0.0334268349696118,0.015082427218519552,0.002002002002001868,-0.004823407478274695,0.011111111111111014,-0.01455180442374852,0.006995713785864273,-0.00861562561190515,-0.0044098456554021405,-0.004374764516263999,0.0033052143456169104,-0.08845944474686973,-0.0021077283372365322,-0.007070839334817446,-0.008922742110990218,0.011025792478834354,0.005895746317043435,0.006421655799249153,-0.008296251602684965,0.024005486968449844,-0.012252478955094237,0.0145383104125736,-0.006049934534290523,0.006491186279180477,-0.010733452593917352,0.006047085070157901,-0.003955249180698379,0.008009774640238894,0.00802388505318166,-0.007418129184005753,-0.007655014034192357,0.014836795252224639,-0.02354161066093157,-0.01315636278961454
-0.004282385540651283,0.017737995031719092,0.008769680496435665,0.013239483827719133,-0.007644197359277131,0.010597966569016164,0.012125002743213289,0.04328018223234596,0.007795547697500627,-0.017591339648173124,0.00854840822743363,0.009847163811672995,0.008989424206815474,0.010181618051733624,-0.005732243140221669,0.0,0.046732958332222574,0.013061766659287155,-0.006089085975246607,-0.020007474056400344,0.004221388367729818,0.013169709667764162,-0.007215594995635773,0.01624285192845846,-0.01470588235294113,-0.007517482517482411,0.0041257706095321625,0.004779411764705889,0.008625836084747752,0.01725377426311976,-0.02180903117573019,0.0013879250520471874,-0.009517485613103135,-0.06084311169056906,-0.011200995644057235,0.002409256617530482,0.0009011223068730296,0.018965261282660285,-0.004428778018799784,0.015538663491772775,-0.002583025830258324,0.016041248925809205,-0.002459762270374819,0.011380765752185636,0.014221974344673555,0.0003675119441380564,0.02186204297022205,0.010685249709639981,-0.0414507772020715,0.0045567522783761605,0.0011453441759248645,-0.008584060633899753,-0.0006856497539728449,0.0044585987261147285,0.0024767801857585106,-0.01104203396121376,0.01635611176016305,0.002963450773789843,0.01176470588235279,-0.00012206037920098534,0.029455081001471883,0.018716129392703482,-0.009266886326194379,-0.0058823529411758625,-0.005221932114882489,0.04054702495201511,0.009686048148669597,-8.67340300968267e-05,0.0041215868109222425,0.005487920267457289,0.002513534416086621,-0.005661005661005604,0.017375266938458384,0.004100639421740397,-0.0019569471624266512,0.003049283006428063,-0.005408778864156365,0.004657534246575298,-0.0016251625162516244,0.0006024096385541754,-0.003927691681052039,-0.007834101382488528,0.010601259633063367,-0.012826961770623735,0.0034290612944705362,-0.0032028825943349404,0.0010762263243866725,0.001779359430605047,0.022094740429399094,0.015020576131686869,0.016180116349703486,0.03012048192771082,0.005110062893081703,-0.04701834862385316,0.06971975393027921,-0.00039872408293469946,-0.0400705931337283,-0.043182490387458076,0.003791192767570732,0.009345794392523294,0.022127329192546365,-0.0031572913898164903,-0.0012664640324214728,0.0,0.007684773600542484,0.0,0.0019270916974464874,0.02258793159083561,0.004904932488288833,0.0024127271356405343,0.0031098825155495093,0.0014985014985015406,-0.0044862807931102784,-0.0028918449971081215,0.014007256771580549,0.007798401230023487,-0.010270590558957076,-0.01875706214689265,0.010575002627982794,-0.00083587373389716,-0.010450880859958175,-0.00755691152311659,0.006527759461954423,0.007905138339920964,-0.0013631937682570517,-0.0008694348673362585,0.0015706292333365146,0.010209901893680089,0.00803750837240445,0.003851753002547697,0.006874515879163558,0.002225755166931677,-0.00875687829122534,0.009041591320072007,0.016069969654528556,0.027456319491717743,-0.004915824915824879,0.013143280266567718,-0.005164661562765822,0.0015428130624839797,-0.002923976608187005,0.002123810272949022,-0.01663520528551202
-0.004300803238251816,-0.005264962782159714,-0.024936451448906938,-0.021556952254934317,-0.032913165266106104,-0.01577287066246054,-0.028773078632682445,-0.06835740678535404,0.01634768740031895,-0.015151515151514867,0.0012178092423602762,-0.029151853732859306,-0.0037850113550340608,-0.004358485426314355,-0.01337430494585888,-0.01850533807829179,-0.0035146699266504116,-0.018575174825174744,0.0022641006858893334,-0.0030506585315772743,0.011676786548341788,-0.0012801575578532268,-0.016704765254088254,0.007123615683927014,0.0035536602700781306,0.001937643121366752,-0.012773452532488678,-0.008781558726674046,-0.0018964330148454132,-0.007597173144876185,0.0021437759039588905,-0.019889119889119893,0.002189944134078251,0.012031466913465906,-0.006922592825676518,-0.00996173429050314,-0.0023735472254050242,-0.004407211801129084,-0.0012709940989560494,-0.011062345938796283,-0.010358860525342158,0.010656893149140157,-0.0013968272067730826,0.0018133492311896513,0.001649711300522462,-0.021675238795003434,0.007008483954260426,-0.012870604458745138,-0.016216216216215815,-0.0034756995581738345,-0.011631010944590618,-0.003474937016766569,-0.005085361423901159,0.0011776429024367727,0.008523780111179702,-0.009007318446237466,0.003312096947025931,-0.020792295907200654,-0.006890611541774249,0.008280773143438414,-0.004291845493562271,0.002084018865854969,-0.01267927665765955,-0.005917159763312784,-0.0008748906386701012,-0.026285450772423162,-0.012298167823977212,-0.007589885934857088,-0.009492047203694124,0.005520702634880771,-0.005400192864030776,-0.0033489618218352194,-0.018414273447190075,-0.019519623451235552,-0.01051693404634575,-0.006737326431681706,0.02797531897092657,0.014998636487591996,0.003531091132203026,-0.0030102347983142325,-0.017018956469247996,-0.018446022161767578,-0.003870867848571647,-0.02318471337579612,-0.006407518154634717,-0.009137463600763134,-0.0029741765078256308,-0.02945529899348719,-0.008669074742984102,-0.02493411717007849,0.001276060029061054,-0.0353109236194812,-0.02489897014730768,-0.0018050541516245464,0.008306709265175686,0.002094136418029538,-0.014220138652542432,-0.01545595054095779,-0.012492736780941274,0.011481481481481481,0.0041777440182299945,-0.010470907068156822,-0.0010144559979711693,-0.0020703933747410618,0.002766355140186948,0.004682744088035379,-0.016509055938451547,0.0050489113284948334,-0.025117911593726092,-0.011959383226777033,-0.01619014812263161,-0.005486284289276725,-0.005753832535307677,-0.041763341067285,-0.0018307397853041872,0.002165621565712069,-0.015166633406505672,0.010617227084293033,-0.014125821752517375,0.0025589291865557996,-0.02786159726413195,-0.007567158531971238,-0.004127088110055648,-0.021350762527233048,-0.019110764430577114,0.006826501830402687,-9.80103891011555e-05,-0.004648711723411027,-0.012956810631229117,-0.02172271065591107,-0.020386575632272336,0.013868745467730186,0.0030442308840208524,-0.00896057347670219,-0.00754535468910413,-0.01866166077738511,-0.003586654936725957,-0.022473963091540122,-0.0017712086972453795,0.0023106546854941533,0.0,-0.02076138147566719,-0.004079184163167329
-0.01295814012577008,-0.007077384815055083,0.015537422769102398,0.003944328618921503,-0.026792179580014015,-0.005197505197505188,-0.017625718591281977,-0.0023436091581035936,-0.005021577089054595,-0.022377622377621986,-0.003713854786656158,-0.007428332287089239,0.0032733224222586685,-0.01422708618331053,-0.012487764363895334,0.0,0.011271277411439936,-0.016032064128256543,0.002591189954155951,-0.009474210727631095,0.02123730378578002,0.0020705975152828875,-0.0016094420600857265,0.00588445078459335,-0.003541076487252075,0.005098452883263152,0.00171216959774505,-0.004060538944259719,-0.0015248699019726928,0.0008901548869502629,-0.013405590416428756,-0.013646326804779698,-0.0015162326079201248,-0.010745313214448942,-0.02027883396704687,0.0004471986200728583,-0.013208630732627867,0.01028023706738856,0.0033633306063085527,6.079396923819625e-05,0.0041121495327102135,-0.013334077214907421,-0.01747049000157013,-0.00054549962806839,0.024979412572055767,0.01351858805858032,-0.004029304029304133,-0.00046565774155992584,0.026098901098900458,-0.008217072593993761,-0.004784319777760661,-0.009734693284514567,-0.007261368707151872,-0.011445892146217952,-0.008941695247427665,0.005870100359780376,0.0017282560149135956,-0.015534197586052689,0.006071118820468316,-0.00720382589745138,-0.025862068965516457,0.00678633975481603,0.004105263157894704,-0.005952380952380328,-0.014010507880910511,-0.024390243902438935,-0.012564232875938781,0.002097718730880246,0.018130018130018036,-0.00960818567506854,-0.0036843125848360293,-0.0011760752688172765,0.0006804043545879122,0.0004941757853865475,-0.004773914609980134,0.0023988750103398613,-0.007808128592502227,-0.012090274046211682,0.01295168696346578,-0.022342995169081788,-0.023385267578569974,-0.004799567362941864,-0.021255926012279564,-0.021126760563380084,-0.0008598452278589291,-0.010336441021483494,-0.01625624661328195,-0.008616745462864239,-0.014462694097202843,0.016008316008315593,0.0023316150810847465,0.0025451180009254952,-0.013636363636363402,-0.05786618444846286,-0.015842839036755187,-0.005274156632500696,-0.01675181590252628,-0.01821036106750341,-0.00970873786407748,-0.01171731966312714,0.001891074130105886,-0.006513068337982628,0.004569687738004576,0.021265560165974855,0.004026245153593692,0.0032626427406198394,0.019230769230769093,0.00565149136577708,-0.014204545454545449,-0.014844701583434813,0.016806722689075352,0.006018054162487345,0.0025900445163901603,-0.0102905569007262,-0.0011671529804085773,-0.0006042036230715164,0.034042553191489244,-0.003532280485859482,-0.012829981641309007,-0.0052029647081921655,-0.0011381272633212835,-0.012390392680137237,0.02137876595184841,-0.01424755120213702,-0.006759443339960099,-0.0018925000372539101,-0.007939619682415227,-0.02356011042619981,-0.01935375294513625,0.005558987029030262,0.0026504368312554494,-0.008404112650871778,0.002886217567245838,0.003616636528028854,-0.005808738425925873,-0.006863958591200647,0.005161640858462305,-0.016074766355140168,0.008810572687224575,-0.003329918032786752,-0.0058651026392959275,-0.007053825497975968,-0.016022166004095933
-0.002381105605251329,0.005126319874190602,0.00041073032986777274,-0.0021889206937195298,0.0014880952380951313,-0.00017415534656917896,-0.0002613458173307605,-0.012287676183592212,0.006702941408406267,0.0,0.007780961062638392,-0.011278591757141375,0.0011652295502213922,-0.016652789342214817,-0.006127598221794914,-0.015228426395939064,-0.0028306416963630836,-0.021498076487893092,-0.0038436050364480364,-0.0033566018119709417,-0.02938517179023482,-0.0102331988586047,-0.0008955758552749406,-0.010459138450629336,0.00568585643212509,0.0052475074339688454,-0.010039932228960788,-0.004077094143810284,-0.004642199166100949,0.007648523657061403,-0.019080659150043196,0.023369175627240044,-0.015274676194729697,-0.012248671134735352,-0.01423027166882275,0.010759897828863281,-0.016794146990355845,-0.0223791417707768,-0.006160536329045064,-0.0008054711246200882,-0.006205013651030017,-0.0027707096409386968,-0.014991937475485537,0.007665972015480704,-0.013122656668451933,-0.01667284179325664,0.0017163172735074031,-0.045306312601909954,0.0,5.960541217137088e-05,-0.012212142358688057,-0.0010564000234756623,-0.0016753841124550123,0.009702073131664572,-0.0025954764553207514,0.0006588855421685022,-0.0078897375256854,-0.004200249744579321,-0.0051724137931033545,0.009634146341463336,0.004424778761061774,0.0005979560774082057,-0.015200754796100188,0.0,-0.00799289520426266,0.014563106796116434,0.01961513167300485,-0.015569123419101522,0.0015263291783260311,0.003779765654529417,0.0027247956403269333,-0.007737594617325495,0.00582807187955317,-0.0005644933672029024,-0.002534165987872365,-0.008582274302690086,0.004614083207300503,-0.007070981778623766,-0.0025128723115961206,-0.0024706609017912337,-0.006916835699797233,-0.02044559163157186,-0.025568745781553815,-0.007727151612043748,-0.036574870912219996,-0.004505426991603489,-0.015400964785872221,0.01761402969002389,0.020135373414481572,-0.015142214037241248,0.0023011601374210737,-0.02012462497115157,-0.02466793168880432,-0.003198976327575172,-0.010302640051513214,-0.003401360544217661,0.05158533211593381,0.05628397825391575,-0.014557338086749865,0.009262689885142578,-0.009815024537561142,0.005082107735020158,-0.011372251705837699,0.01472828847130511,0.0022278330610426243,0.03507549361207828,-0.013911096897985135,0.0003122073056508438,-0.013895625873826518,0.00958194884475703,-0.007920110192837256,-0.0024925224327018696,-0.0005247436828934289,-0.013455657492354507,0.006092980552541666,-0.003945834068426044,-0.01920438957475989,-0.011023189864154211,-0.027276030867232487,-0.0037005970296541137,-0.007354464470685734,-0.01973557228334301,-0.013074000128807836,-0.004290876242095812,-0.0034027221777421937,-0.001657211107793425,0.002173698251160883,-0.006274206041827967,0.0015445340655568457,-0.003839066339066337,0.0027413354219699066,-0.02456947074204308,-0.01355881916629574,-0.014414414414413844,-0.008352918064276802,-0.00968728755948341,-0.007094594594594585,0.010828267477203692,-0.017527899078117314,-0.007710100231302967,-0.00589970501474879,-0.008314833501513599,-0.016895200783545446
0.002644820023222748,-0.0016052342829275478,-0.004464858484514148,-0.019462256721790906,-0.015601783060920976,-0.01750566103466304,0.00447813782207943,0.026161727039882732,-0.011984960050133112,-0.007153075822603617,-6.460991762229625e-05,-0.010980810234541505,0.01262802607076338,-0.003669206886819079,-0.011212524177949813,-0.016200294550809992,-0.013661132936256511,-0.024514338575392963,-0.007716870675891358,-0.0013412017167381968,-0.014438751746623036,0.002584749975146652,-0.011772439345046026,0.016600979338349545,0.018374558303886627,-0.006612145467200373,-0.010779772128014599,0.021957573502046857,0.003409602903033328,0.015357458075904487,0.002210433244916055,0.0002801905295601642,0.001859579100145095,-0.0004679457182966488,-0.013123359580052476,-0.0012635436080487721,-0.007864028411973567,-0.02055783975997332,0.004193254329990794,-0.006509802728641637,-0.014235764235764172,-0.013438421410750618,-0.003436324754811618,0.08134524952606062,-0.009497964721845267,-0.0022607385079124395,-0.007710194590625234,0.004391850677076857,0.006693440428380008,0.00011920371915606463,-0.012716354645001792,-0.015480876564244107,0.01068314845892509,-0.006934687032588573,-0.010285006195786796,0.0015050324522623774,-0.01742902362297032,-0.01835385316917463,0.03466204506065828,0.007126464548858666,-0.027900146842877175,0.0011408703210734538,-0.00936768149882897,0.0059880239520951764,0.008952551477170834,0.0069377990430621135,0.0053282481281022994,0.009170247640986931,0.024384048768097473,-0.015815237856156666,0.01475155279503073,-0.01118833700627225,-0.0024142926122646016,-0.016450155323355087,-0.026131929951909903,-0.005660063259530689,-0.007884463269628252,-0.0041084634346754195,-0.0064214971967694896,-0.0030959752321981044,-0.026358790007965698,-0.00020802995631367735,-0.007252577109562877,0.0037593984962406733,-0.004912907548012436,0.0069944455873276485,0.0019382801860298544,-0.008692365835222964,0.004906607192640058,-0.009557448576771063,0.011402760955221034,-0.0020255311131000884,0.004168982768204659,-0.004492939666238762,0.016916070266753347,-0.008130897410158617,0.03735370432117121,0.040266424462608474,-0.008742839915586253,-0.023127753303964424,-0.04460541364849382,0.011873786965384414,-0.01840490797546,0.001501501501501401,-0.013781861292234661,0.038150807899460445,-0.008107669855683449,0.0034332084893883147,0.012413194444444465,0.014159969383849958,-0.008677542519958286,-0.003998000999500125,-0.018012196599491086,0.01301921884686899,-0.00763232122117142,0.003261620874373596,0.03916083916083905,-0.009411710295069792,-0.012701900890012122,-0.006388668779714777,0.007095898987790936,0.020231356140782607,-0.006134168624380108,0.004309367203447552,-0.012251456115685747,-0.017930580687613037,-0.017647638765651147,0.0029425520305556645,-0.0063399588759424814,0.002127331586249449,0.02548330404217912,-0.030873041549197983,-0.005293551491819163,-0.0036563071297988216,-0.008746120376552686,0.002745838338767906,-0.008302143586253847,-0.00845705694418339,0.0,-0.0132090132090132,-0.01186943620177988,-0.014937522894704599,-0.010958904109588956
-0.007913530206523798,0.0016688714765441773,0.00804185890661656,0.012448370812299232,-0.008301886792452662,0.003191206453328721,0.01153014924697598,0.01408450704225343,0.01807658764766504,0.002881844380403253,0.002762252447258658,-0.006683194998383132,0.0,-0.00014164305949008495,0.004584772442461103,0.0007485029940119749,0.0023126734505087873,0.01375059269796108,0.03144274604451573,0.0029247619900319866,0.015595463137996127,0.0075359444719881085,0.014694321823789033,-0.004229323308270698,0.027758501040943406,-0.011385531616745449,0.003961521884657422,-0.01201747997086667,0.009113967063506553,0.015994436717663048,0.0004411116012351227,-0.004131652661064484,-0.0003168998143873748,-0.001638576779026183,0.012632978723404239,-0.0007907138564696203,0.0023012017386857928,0.006013160880417548,-0.007897603485838602,0.012140418561214986,-0.010134279199391917,0.0029312029426978004,-0.001050731072041593,0.007399649370460596,-0.0030136986301370324,-0.007175226586102794,0.017266896891958417,0.026114417587756525,0.005319148936169958,0.0036352800953515503,0.005287219240707681,0.010264060868267961,0.004900372590312796,0.007211319032405372,-0.0015024414673845546,0.014276321968629676,0.003102193409827661,0.00023226106143297098,-0.015912897822445475,0.005716798592787928,-0.012084592145014696,0.0024962014326026325,0.004405759724908676,-0.005952380952380328,0.0079858030168587,-0.014492753623188257,0.014784233869842945,0.02669007901668136,-0.0014877262583685093,0.010744802958806211,-0.0007651109410864265,0.009086233499057175,0.013262342691190724,0.016797071279879446,0.015186807043696939,-0.001255650426921143,-0.002237539221233428,0.0005500550055005172,0.00912277212955823,0.006211180124223526,-0.00224466891133573,-0.001595228186988453,0.008372665709008855,0.005082932049224096,0.003141831238779095,-0.007150153217568933,0.0009644452465820591,-0.016698436904308087,-0.033068856461188394,-0.0008391021606880282,-0.0015825413144296343,-0.004861701123383234,0.0006919457514530372,-0.006447453255963886,-0.00575815738963528,-0.0074891205343588394,0.014316729703194453,0.01542491268917304,0.01611922141119215,-0.019541525742202203,-0.0019952114924181807,0.005685700393897207,-0.00937500000000001,0.003498250874562769,0.013148009015777602,0.012537829658452073,0.020761811345430585,-0.005909797822705958,0.002915201920603565,0.005509433962264108,-0.007352941176470616,0.0005017561465127612,0.005552128315854407,0.006731946144430728,0.0016719612104999135,0.0017719120718238618,0.035570082676408245,-0.0028713495342811536,0.018897322322879453,0.006928176244828828,0.00880737747383689,0.0027984174466854084,0.0004596191726855184,-0.0040650406504065114,0.009353395689304518,0.009578194000304494,0.00792854275391406,0.012765461363592166,0.008449732712536576,0.0061223234063500125,0.009330667428353742,-0.004912012971529483,0.005926463473633392,0.012844036697247287,0.013057284765760869,0.003365850875691629,0.01200850888629656,0.007581501137225141,0.009938885116365138,0.0005249343832020672,0.024024024024022712,0.019833071646971172,-0.012213548224628583
0.01575875486381318,-0.0007924091269276134,-0.032396635045641727,-0.010028896821349664,-0.007610350076103385,-0.005213395776265866,0.030292183095440423,-0.0014064697609000557,0.0031928977493965657,0.009339080459770064,-0.0009826505791193925,-0.0023874118285404674,0.005344520429860451,-0.0031165887519478673,-0.004350868652447658,0.014210919970082251,-0.001897144029123747,0.007015902712815682,0.013194670133246591,0.009849724743341733,-0.005118659841786804,0.006987501230193887,0.0059594755661501716,-0.005132137800849478,0.012153950033760887,-0.0072643515237420415,0.01373145416404064,0.011795060818282216,-0.0005892822782376195,0.020533880903490457,0.053203997648441165,0.010688418535967952,0.0035322887419618585,0.006799531066822893,0.017728168089297416,0.005760952139782307,0.01709183673469377,0.017630916130972542,0.009058468295360824,-0.0017092207163601433,0.002303557716918433,0.009914040114613143,0.0017333076547013844,0.0005876237399989724,0.004122011541632295,0.0220616203879801,-0.003516003879728452,0.0071022727272727106,0.03174603174603098,0.0071848465055519995,0.0012654223347041346,0.0016834519625505227,0.00012090436464745372,0.0,0.002633228840125417,0.014260579683303855,-0.010288840869892854,0.006269592476489119,0.011489361702127514,-0.003319155702190208,0.006116207951070018,0.004059759662227992,-0.01551299882315178,-0.01197604790419014,0.0035211267605633682,-0.005303760848601683,0.04090271860139082,0.004232939969214823,-0.0029798857710454005,-0.0011987003564555457,-0.0019142419601837577,-0.0013591573224601859,0.004108149421992878,0.017366749029297475,-0.007801027900146829,-0.004693655183974436,0.007011212785152676,-0.0042605827377680235,-0.002364765001477955,0.01358024691358001,-0.0029645826981906484,-0.0009725599166377833,0.005901746102812483,0.013840830449826886,-0.002237136465324365,0.009465020576131715,0.006846034652767994,-0.0033343672456575277,0.006025133413668438,0.0,0.0001905432111533214,-0.0006640421192430345,0.007467846770847526,-0.0012978585334198554,0.014800514800514501,-0.002549199551340876,0.012403875179728375,0.013470908569790352,0.005986231667165483,0.0003832886163281793,0.009996001599360177,0.0017858378902193917,0.008412197686645712,-0.0034860557768924805,-0.00022246941045602842,0.044619982920579664,-0.0025624599615631286,-0.01251564455569454,0.0194636801459064,0.007280642497935924,-0.005643738977072351,-0.0010030090270813192,-0.00310838445807767,0.010942249240121518,0.014271407110665898,0.0010079670229295127,-0.009097660601559521,-0.012033525307861502,-0.003517126878713814,0.007474507474507422,0.013044371405094396,-0.010296381832178634,-0.0015094834941261084,0.0013605442176871203,0.0025181305398871627,-0.0020060634398707776,-0.0064721696704172,-0.0017074668099147483,-0.0015389876880984512,-0.008745375042045178,0.013489293462881007,0.008338924566280109,0.001442827942767742,0.034420289855071194,-0.00277653970086438,-0.0006822833750284536,-0.0002712232167072573,-0.007712565838976687,-0.00599022004889972,0.0,-0.011730205278591647,0.007130702536261292,0.004588910133843229
0.0045329758028475565,0.0009963804953433718,0.004545214312140022,0.00349130036630031,-0.0030674846625766837,-0.008971398116894557,0.04556805350473385,-0.006690140845070318,-0.005899705014749359,0.004982206405693798,0.004676212590299276,-0.00728815403024031,0.004401509088830347,0.003410544266022452,-0.001344578902334705,-0.0014749262536873134,0.014795027226959915,-0.013005109150023215,0.009622786759045359,-0.004331683168316776,0.0009354536950420335,0.0015637216575448648,-0.00017772511848338515,0.006048028461310426,-0.0020013342228152593,-0.020346243084061997,-0.0005616408321896593,0.037522768670309424,0.008675980409852875,0.011401743796109797,-0.01897850962880241,0.0047310930216377545,-0.011416967509025343,-0.00908244061481127,0.018709677419354816,-0.004437590482784635,0.005099908034445386,0.017768747691170993,0.00398984403336968,0.0016515401748512164,0.001404494382022352,0.0018158088861147603,-0.0010500162678577245,-0.012739428984459617,-0.004652435686918389,-0.007443245254931096,0.01520866285436166,-0.01281147155618236,0.0012820512820511762,0.017332861690838242,0.0028830963665087586,0.012265597358178998,0.0017730496453901064,0.023744788834511324,0.016258129064532244,0.045466995343741316,0.0055684640653794115,0.011538017768547336,0.03828355069415207,0.016670987297345872,-0.08510638297872072,0.012291767750282996,0.0041295370571614275,-0.024242424242421217,-0.0035087719298245498,0.009936984973339665,0.002086249240763749,0.00102184186997066,0.003735990037359882,0.029466569813346704,0.039125431530494054,0.002722014290575055,-0.006660323501427199,0.007494275206439641,0.017297197299047277,-0.0002526315789473297,-0.004351498707348912,0.001518288474810241,0.013432098765432002,0.0036540803897686693,0.04291392962959057,6.953619358885772e-05,0.014849882657602892,0.008663691257547897,0.004484304932735386,-0.0022421524663677546,0.0036487772119313177,0.0227184314945927,-0.006730549851699715,0.002939323955490187,0.004849777713838389,0.019554796145996384,0.006726149622512044,0.003898635477582841,0.019657577679137502,0.00879165814761797,-0.010984484826233034,-0.011877828054298354,0.008628384409401845,0.007279693486589895,0.021377672209025984,-0.009589341066318476,-0.004692387904066741,0.03248375812093921,0.0028185729120308203,0.010014306151645043,-0.006583172768143699,0.02661596958174881,0.018449153016156974,-0.01736214605067058,0.007094714437743831,0.0371485943775097,0.008615738081562314,-0.006614552014431807,0.0027976631284457217,-0.0038281353996246076,-0.016863406408094368,0.01691943127962076,-0.009339033212759036,0.01714734928511759,-0.022305586535536808,-0.004569761789013166,0.029315104509004764,-0.00022644927536236929,0.0005023610971566026,0.021718102953178334,0.02485468029665268,0.003247813971365356,-0.0015413598218872652,-0.004133633587315183,0.0016753536857780631,0.000617870722433546,-0.0008404370272540898,0.005253940455341273,0.005297440669397151,0.0032430587164315196,0.007325013564839894,0.010616113744075832,0.006948714795228102,0.02413431269674696,0.005934718100889729,-0.004143535280392618,-0.002664636467453391
0.004258294140078689,0.018648302760680146,-0.005077076866417682,0.00336508298636861,-0.0030769230769230735,0.012189656717755565,-0.005316663378365823,0.03934774902516811,0.009682961111978815,0.01841359773371095,-0.0022951240650980927,0.0169844400613631,0.010471800125206345,0.005664919983005239,-0.00018359853121172238,-0.0029542097488921668,0.025792244608686742,0.0312941176470587,-0.01569449739484041,0.012341294504128502,0.0014018691588785447,0.002927400468384069,0.0037921431534039553,-0.0017681381505274924,0.09558823529411646,0.028056112224448752,0.017928514331391986,0.011235955056179657,-0.0017894636380988735,-0.005636604774535772,-0.00526315789473663,-0.0018004293331486084,0.009129501985666675,0.012455934195064598,-0.0006333122229259016,-0.0010432143647457338,0.015388454500083155,0.0012340749882037271,0.005328757225433392,0.011269437889514126,0.01134769858472532,0.0009629000283206137,0.010881312271455428,0.047108080900521536,0.02034643937310969,-0.00599925009373811,0.01330297219558948,0.015239909513037312,0.042253521126759626,-0.0039986091794157715,0.01401961170401287,0.0068157986717931026,0.002815768302493964,-0.001239376770538122,-0.00467634752645836,0.024539341542223463,0.013624955181068588,0.0052469487852171755,0.024311183144246157,-0.004589765215856371,0.004983388704318724,-0.009106886084039046,-0.02142857142857133,0.0,0.02200704225352074,0.033357331413486846,0.00508617509091872,0.009825188209774103,0.007940446650124002,0.003589397472082546,0.022702104097452457,-0.0011876484560568873,-0.0022988505747127265,0.0003443763344582955,0.011547554100745611,-0.008760107816711651,-0.00845823585366471,0.03293825799338466,0.005140824481044819,0.05461165048543623,-0.0014659643517910038,0.0009039076623556895,0.005382560503967143,0.02004164497657457,0.010714285714285645,-0.00663942798774258,0.005843583767327187,0.01293267402054011,0.02354427472148843,0.02428302281766741,0.005591991020601408,0.003677668637400533,0.006544859558221751,0.023948220064724888,0.008706467661691293,-0.010437778678556895,0.010679393184237522,0.011734401831711275,0.001474926253687307,0.013693419551160121,0.007751937984496064,0.013906672777288204,0.009429020429544126,0.05711519845111277,-0.015532544378698214,0.05402670983407421,0.008243090350735238,-0.0006172839506172451,0.024317944776856743,-0.003943277470235867,0.05706234589644217,0.055663117134559,0.014928408721119342,0.00907990314769965,-0.0032001312874375023,0.00023276915550047813,-0.02401372212692962,-0.013515402898820894,0.008519772511009313,-0.0012076127910346816,0.00808876905527331,0.00810705215862468,-0.004533844189016539,0.015175537938844753,0.0068286804579232785,0.002810526160081652,0.010463524349696773,-0.005670063596659154,0.02315608919382496,0.009540625096800082,0.01561048132317406,-0.014439747304422202,-0.004986782023552137,0.01742160278745584,0.002011603160257745,0.008733624454148513,0.0039051979531375884,0.019508534984055408,0.013007633587786215,0.0117827868852459,0.0,0.026338113512421553,0.023155216284987276
0.01765711030947412,0.007917040582311258,-0.003833848919912217,-0.0011368804001818996,0.013117283950617216,0.0067298326396884114,-0.014114355510549112,0.06650750341064098,-0.003402938901778874,0.008344923504867676,0.013850682882100193,0.007111302661351156,0.004449450858913028,0.009998591747641174,0.011721858358327631,0.0044444444444444375,0.0089569916352062,0.02372804015514472,0.0,0.0006723966555575574,0.002333177788147435,0.00437828371278458,0.014166814237648293,-0.011159001003719707,-0.006711409395973038,-0.003367003367003315,0.0021846179280375047,0.05416666666666637,0.007015321366254836,-0.008002667555851765,0.006006006006005741,-0.000624349635796108,-0.0032568869588817176,-0.006731662024141181,0.008871989860583004,-0.0005379746835442459,0.002703366920619275,0.00808410367953604,0.00368340670200353,0.009842490239779839,-0.0035300050428644235,-0.0036215482118606176,0.007996250842096065,-0.008565123342146045,0.0008084074373482967,0.009430403621274919,-0.005677114133648709,0.013955670223994309,-0.008599508599508423,-0.006167452144062445,0.0034952813701502944,-0.010501649019267404,-0.02001604492579224,-0.008331856053891227,-0.010756676557863405,-0.0010228435049437806,0.028888102818063897,-0.02155906047883803,0.06408227848101211,-0.004827681333622336,-0.059504132231403016,0.007631946683865436,0.006746295067462834,0.0,0.01291989664082665,0.030190431955410914,0.0033299247489446005,0.009055681913907836,0.0009847365829641363,-0.007489377311772074,0.048908139325030714,-0.0008493290300662446,-0.026113671274961482,-0.01452767832553023,-0.0057528089887641165,0.0007647858599592874,-0.0001296411532876996,0.01934623082054698,0.0008241425281783141,0.021288837744533638,0.0006074965068950853,0.019312261201806125,-0.008010786802030379,0.009186016841030887,0.007950530035335544,0.00041131105398455156,-0.003780697377903471,0.028013518588058502,0.021600089766606795,-0.004087471898630671,0.01812143093901755,0.011178107606678984,-0.011920888648062634,-0.003792667509481664,0.02404438964241651,0.014644137224782324,-0.01056654885442071,-0.011598302687411374,0.003829160530191469,0.014258911819887365,-0.0065384615384614445,0.001974238568470616,0.009859885832900862,-0.013736263736263611,0.011419984973704009,-0.003647533115761205,0.009778775248477081,0.0030883261272390172,0.0006698821007502676,0.0019794442329652876,0.0029990003332221633,0.011004126547455221,0.034347320748667476,-0.014997000599879845,0.0019756338491933546,0.009556397830579181,-0.012107010349541146,-0.004984173477582899,0.020559968403036973,0.0008705324756977223,0.004423413229091601,0.006540063947291924,0.0192443389569568,0.0022311468094600526,-0.01266706562936363,0.0016520879736845713,-0.0028065421465207213,-0.0012136857517146065,0.0001676445934618984,0.004080881224878087,0.0022872827081427223,0.022217938213889763,0.01334460479439655,-0.003424657534246385,0.002662205411696273,0.01236858379715521,0.0031522468142186713,-0.020423183072677056,0.012056908608632733,0.00683544303797462,0.01179941002949779,0.004250797024442116,-0.00534692862472029
-0.013619402985074667,-0.0051640220015035905,-0.0019906571822911135,-0.0004552697473252638,-0.010662604722010544,-0.006157093851701985,-0.0005612207079853331,0.007834985609210044,0.0030265404314760865,-0.00965517241379301,-0.005125031733942509,-0.0016047929817053564,0.0009532353930693148,-0.004601226993865029,-0.01261457482530169,-0.006637168141592911,-0.004646612863780874,0.04368174726989065,-0.0003227680588727818,-0.005492418709281653,-0.011638733705772704,-0.01162452775355999,-0.011989988941272268,-0.0018509672796751286,-0.004299754299754352,0.003200568990042784,-0.01051043974171642,-0.005928853754940709,0.017160964147114363,-0.008067226890756115,0.0,-0.007705122865472646,0.01760835035171325,-0.011451273662070471,-0.0006281407035175871,0.014849760947344966,-0.0070261437908495875,-0.013521288837744654,0.06176154672395262,-0.0008443068536980234,-0.00670546558704446,0.011642435256701486,-0.0073516592084617235,-0.002865013774104682,0.0010770059235326655,-0.010089686098654802,0.01605804686570706,0.013879250520471861,0.006195786864931692,0.013582342954159603,-0.010371918417895492,0.001286436862263437,0.010887806475379595,0.009072220235967182,-0.0014998125234346256,-0.001962457337883917,0.01667430666972252,0.011133016351617767,0.0,0.04316489782987485,-0.07732864674867916,0.009974397269042045,0.03504339228825664,0.0,-0.013605442176870469,-0.02276825969341744,-0.001019181518841815,-0.014400801435905988,-0.01893753074274473,0.003480349882961599,-0.014624913971093938,0.00663039782386937,0.015378548895899045,0.02361489554950039,-0.012657083446342985,-0.0005094676063514778,-0.0013484428078729014,-0.011780104712041854,-0.0067330281673083055,-0.01802816901408424,-0.005899257280472859,0.024262250391876294,0.005117134404733236,-0.0015170670037927174,-0.00482033304119187,0.03278857025388006,-0.008369132147706156,0.014976621858562222,-0.014278653413147328,0.0028729735276010198,0.011267422525886516,-0.0027521673317737697,0.012064710721140437,0.005076142131979689,-0.0024081878386514204,0.015341138473960467,0.0008542932405488452,0.0008586147681740205,-0.0014671361502347333,0.0059193488716239515,0.004258614014711411,-0.0049506990247567256,0.0033401849948612662,-0.0009285051067781579,0.01322240380329813,-0.016955684007706716,-0.0052389268137798765,-0.008928571428571478,-0.005060918462980341,0.0015196413646379433,0.015614617940199195,-0.0072562358276643075,0.0017048977061374895,0.007917174177831885,-8.215576733497884e-05,-0.008868313547709606,0.0043486855109706206,0.005056619898867643,-0.001978026703360651,0.014592896834984196,0.0024580090126996848,-0.010251720652644613,0.0008811127194913851,-0.005120213713268035,0.011819375694514496,0.0006185111552904523,-0.0025232919254659686,0.008293953129520684,-0.00033523298692598856,-0.0007334066740007607,-0.018712916476494715,-0.019471947194719542,0.0011619592420450747,-0.027491408934706984,0.005310273783787625,0.007885822180263248,-0.006150966102828129,-0.030052592036062996,-0.01614248272575642,-0.0010057832537087635,-0.005830903790087,0.005369390554575625,0.013501687710963921
0.019418699955866682,0.01957001650722929,0.010159304273822575,0.0031883397859257014,0.024634334103155808,0.010266395256217264,0.0015256823190370862,0.004125019831826137,0.006034816247582161,0.0013927576601672305,0.012790864579512255,0.0016073724817831083,0.009747353089462816,0.02479338842975206,-0.0033700980392156843,-0.002227171492204896,0.0034643734643734405,0.018150758061071883,-0.009686168151879053,0.00928292353338618,-0.009891662741403687,0.01666176614721157,0.012724594992636161,0.015433391158700677,0.03269586674892009,0.0026586316908897454,0.012455939792321659,0.007289595758780564,0.017956526304735855,-0.02304303625889501,-0.006680881307746869,0.0001399090591116091,0.016500914239843005,0.00023640661938539544,0.015084852294154601,0.01843878697117195,0.016208655586637966,0.030548264800233354,-0.008008767492834247,0.00948794734189225,0.025729206470513157,0.007634873407062326,0.020022833055238453,0.01071941651011161,0.01586874663797726,-0.0075500188750471315,0.0067899789276515046,-0.017339721651836653,0.05665024630541725,0.018252180442442152,0.02080481795784296,0.023622507080912212,0.015143539701178307,-0.007219097391381446,0.006634121917636827,0.009831580747200119,0.00867947923124626,0.03383415529303811,0.002602230483271314,0.019038038114038446,-0.03619047619047479,0.00649590705043567,0.010825727021863627,0.024844720496891234,0.010344827586206742,0.020991926182237556,0.01365526983545668,-0.010841944773843763,0.004763098520932626,0.003621742733495036,0.02235027064780813,-0.006755615605472025,0.04029126213592225,0.01481127568084091,0.0014650673015292864,0.015036955228952525,0.011165640985692395,0.0015894039735099897,0.011850479139742857,-0.0017211703958692364,-0.014983255804484685,0.019495641759265363,0.03858086071116058,0.003545201316789129,0.014090708938793436,0.009852707006369497,0.0071771677403424045,0.015763334053120318,0.005905621483090922,0.01964395334561042,0.010721097518882741,-0.005795501586863483,0.021267949065293775,0.008207070707070696,-0.0012070006035002187,0.0031809145129225074,0.0,0.0051472690877893785,0.012048192771084166,0.003677822728944438,0.006168080185042446,0.006886468821369138,0.0038412291933418497,0.010223048327137533,0.0076246334310851056,-0.02273618188945474,-0.007181615065432469,0.0217458838148492,-0.004521477015825094,0.02389803505045137,0.003598298985933973,0.008222932846048272,0.007078755995667712,0.02537764350453135,-0.0100238271300631,0.028486089666147744,0.06278291674867123,-0.001346371882086339,0.019280897908184144,-0.003619564699718961,0.0049039640375971175,0.007099786033845505,0.01616047286675471,0.0060416200492280905,0.015175718849840208,-0.0019279732732864513,0.0023350846468185335,0.015016738402678139,0.014587525150905459,0.015229357798165184,0.00037209302325589785,0.007981920469298626,0.0035413504746598904,0.007067137809187005,0.021374244108011423,0.027384428894153816,0.019172552976791095,0.008907823392718832,-0.007689047647877961,0.004278882456581878,0.005865102639295719,0.010291595197255702,0.011224867398544327
