0.008341015,-0.012049327,0.016851377,0.019984625,0.0029657092,3.0621886e-05,0.019683965,0.016313732,0.020332027,0.026197854,0.010118574,0.015707664,0.027465522,0.010114372,0.026348634,0.022010803,-0.024412423,0.00492395,0.022012506,0.004810147,0.023191456,0.020277046,0.0077889888,0.00803178,0.013960591,0.017051945,-0.0016903905,0.005384232,-0.0064401794,0.021996163,0.013183406,-0.008866593,0.0155978855,0.011270209,-0.00054139085,0.029008841,0.011010175,0.0029461468,0.011003038,0.011506206,-0.005041672,0.014136406,0.023882268,0.0042388965,-0.0037485156,0.01148494,-0.010045756,0.012828694,0.02065846,0.018026358,0.013215646,0.008853987,0.01132872,0.018762946,0.033574738,0.02762676,-0.00391067,0.009608012,0.0012829285,0.012716773,0.00850877,0.015509338,-0.0045553595,0.017134305,0.041606374,0.009727451,-0.00038749166,0.039897643,0.004945242,0.008732561,0.02660266,0.02247095,0.007382013,0.010653671,-0.015882958,0.014730943,0.04388832,0.025825653,0.003232331,0.013372209,0.0074341604,0.0036963327,0.0038538119,0.010690334,0.0050396905,0.005521463,0.0045177583,0.003725822,0.012873531,0.008281371,-0.0039897393,0.012515062,0.020769818,0.008249641,0.004258016,-0.0026498567,0.025755946,0.02680554,-0.005241573,0.008804807,0.006889816,0.0042641247,-0.009120261,0.022055402,0.018453661,0.04411151,-0.013354385,0.0054410044,0.0039962856,-0.0013083741,0.024569284,0.027421199,0.0037072795,0.01497242,0.016898433,-0.006421376,0.015186102,0.008720189,0.004258905,0.0039591123,0.02083829,0.012379885,0.021754373,0.0011732299,0.0041716984,0.015347302,-0.006786529,0.014266363,0.009617456,0.008832006,0.007849947,0.0074528484,0.008586006,-0.0022842688,-0.005652996,0.009792902,0.0044834125,0.016959827,0.021089312,0.008855103,0.019201254,0.0036868732,0.0075943707
-0.004644312,-0.0026749484,-0.008561656,-0.0064396597,-0.0029217266,0.0075761583,0.00428208,0.008169294,-0.00028934889,0.02280444,-0.0014508124,0.0032281363,-0.0026886677,0.034391616,-0.006856501,-0.01143321,0.010310328,0.009322486,0.008637913,-0.016327042,-0.013126915,-0.0076778606,-0.013859484,-0.004743343,0.0036256034,0.01721844,0.0013340618,-0.012261242,-0.014095936,0.0005691154,-0.00017143879,0.01552681,0.0040890938,-0.016262468,-0.007999105,0.011798235,0.0033570956,-0.02356892,0.008674143,0.011608536,0.011371776,-0.0065417457,0.000946112,0.029601559,-0.0075805224,0.0026144683,0.027616017,-0.009205632,0.012363583,0.010277,-0.032862943,-0.018446658,9.234529e-05,0.0043033985,-0.0048168544,-0.0138569735,0.019531393,0.0029520933,-0.001463931,-0.013113683,0.0233614,-0.0072404817,-0.018856674,0.0043270574,-0.007421868,-0.0073605385,-0.0046454724,-0.002327118,-0.0035329713,-0.01750124,0.009886157,0.015000211,0.0026179198,-0.0054843277,-0.0074267555,0.005717353,-0.013392435,-0.0017716186,-0.019163301,-0.0062005743,-0.012749735,-0.011994312,-0.014959676,-0.02582635,-0.006573299,-0.0008190116,0.015773319,-0.0015987782,0.00414677,-0.0048554465,-0.0029072557,-0.034908917,0.010569374,-0.002036348,0.0008544605,-0.012492904,0.017159283,0.018347247,-0.022687033,0.0051176106,-0.017079227,-0.017586077,-0.003007221,-0.009366887,-0.0018983167,-0.0025294293,-0.028265595,-0.01585816,0.0068766056,-0.008781966,-0.005480796,-0.0068416987,-0.015924051,0.004056951,0.011572868,-0.0118147135,-0.012644857,0.0035472997,-0.00495439,-0.00022286735,0.00031185057,0.00784184,-0.006867895,0.015692873,0.0029459512,-0.0061444696,-0.0018338645,0.006752094,-0.0029720915,-0.0028234776,-0.0050779544,0.044738427,-0.00026301946,0.008418954,-0.0054133013,0.002458265,-0.021406889,0.010781617,0.007787571,-0.005426483,-0.011529135,-0.0023369435,-0.0062966216
0.012347959,-0.0067012534,0.003349076,-0.00433689,0.0063897884,-7.33491e-05,0.0066523254,0.0014273804,-0.012424899,0.0033968156,0.0051543047,-0.0060342103,0.008777605,-0.021495305,-0.0020734388,0.0077036386,-0.015544886,-0.00096198637,5.6160614e-05,-0.028279595,-0.019400112,-0.0008008266,-0.018505469,0.0010720296,-0.0142222755,-0.0015252326,-0.010512268,-0.005078966,-0.0046790447,0.0005632639,-0.0062257964,0.03549339,0.0032124352,-0.007401388,0.0006565843,-0.01443346,-0.025583778,-0.004805336,0.01743642,0.008794734,-0.005028587,-0.0050007496,-0.021594398,-0.044415265,-0.016979178,-0.017016653,-0.0057032946,-0.007831072,-0.01288872,-0.012186872,-0.020741712,0.0036359876,0.0022787945,-0.0013982048,0.006164602,-0.01729051,-0.014761796,0.038050175,0.004201681,-0.00017973222,-0.0012841262,-0.020026501,-0.0004811203,-0.0035912553,-0.013997955,-0.006973896,0.0077464147,0.0032472424,-0.01065865,-0.010642722,-0.0036827829,-0.0003606556,0.012122756,0.013273346,0.00418361,-0.009809125,-0.022373576,-0.003007262,0.0059058527,-0.010473274,0.00820302,-0.01800214,-0.03097301,-0.03250432,-0.003992198,0.020029802,0.0005802214,-0.0069563966,-0.0050112624,-0.0003960617,-0.010827238,-0.001420618,0.009888108,-0.008930031,-0.0069858097,0.00037282705,0.0074480516,0.008363441,-0.023457158,-0.02716583,0.013421139,-0.015658215,-0.0033572493,-0.018942362,-0.006592473,-0.016015632,-0.0018101176,-0.004660474,0.010711695,0.005719742,-0.017160997,0.004845403,-0.009170864,0.005670202,-0.012385389,-0.005811034,-0.013650844,-0.007710725,0.0054242797,0.0134537695,-0.013729334,-0.006782828,-0.0047542974,0.0077205244,0.008429033,-0.0043458175,0.0020491928,-0.00044408813,-0.0071710814,-0.0042310506,0.05122056,-0.00090043154,0.007976739,0.010599476,0.01319899,-0.0013603931,-0.0048007295,0.029526856,0.014233055,-0.0066703726,0.015679274,-0.0123394765,-0.0027374094
-0.011244476,0.0031382842,-0.01224553,-0.018203983,0.01807168,0.008321097,-0.02333435,0.0045698765,-0.01158266,-0.0057116468,-0.014523111,-0.0072194748,-0.00450439,-0.034748018,-0.012772385,-0.01646787,-0.010068838,0.004724177,0.045278296,-0.010384586,-0.02020783,-0.01934117,-0.0067635886,-0.0299933,-0.02127013,0.018314194,-0.019335454,-0.012797097,-0.0371971,-0.00203777,0.0052437414,-0.015927207,-0.017487016,0.0061915023,-0.0039726235,-0.018341241,-0.016537458,-0.01186916,0.008246775,-0.014443858,-0.022395484,-0.010632291,-0.017620768,-0.031789787,-0.026819345,0.017120015,0.014068504,-0.00322197,-0.011429315,-0.026426375,0.014840557,-0.005067708,-0.0070919394,-0.0020606872,-0.04860135,-0.026389685,-0.03543038,0.002888319,0.006263956,-0.029242735,-0.02987241,-0.033652812,-0.018903926,-0.009543013,-0.015361737,-0.004206825,0.05004664,-0.014194589,-0.009743156,-0.013301892,-0.014865218,-0.015630435,0.00021899026,-0.0025658524,-0.00013680849,-0.0002406016,-0.029987395,-0.0013485001,-0.037381813,-0.011401778,-0.01653504,-0.038088858,-0.01949025,-0.00034166034,-0.004258923,0.011699482,-0.00055791996,-0.008532783,-0.0100360345,0.0008884333,-0.010285877,-0.0006642975,0.0074401624,-0.0043617394,-0.0016582459,-0.01333309,0.009809189,0.01185597,0.009218086,0.022391517,0.019489616,-0.01700343,-0.0027729496,-0.0013948185,-0.0108246375,0.003567528,-0.038928885,0.026794592,0.017210074,-0.0043389816,-0.021042183,-0.024139665,-0.0045535117,-0.013455959,0.01570099,-0.0006793067,-0.017547322,0.017430691,0.0074057966,-0.003808098,0.0020503579,-0.0017772354,-0.042067304,-0.001128016,0.0105464095,-0.011142256,-0.0006508548,-0.015139174,-0.016588928,-0.010908289,-0.052399054,-0.011549734,-0.028096091,-0.018198863,0.006019234,-0.0210827,-0.010159401,0.019766126,-0.010380918,-0.012231868,0.02817902,-0.0019435724,-0.01381818
-0.0039627813,0.020025535,0.00087341573,0.007125292,-0.026138678,-0.009100454,-0.0073507223,0.0056368997,-0.0063868575,-0.015388243,0.013016465,0.00027472526,0.015464796,-0.004757425,0.014078081,0.013795168,-0.00040703453,-0.0023887008,0.022988888,-0.019568287,-0.0130078085,-0.00030790176,0.003172474,0.0015602559,-0.019183934,8.418318e-05,0.00027481373,0.008031748,0.0033285823,0.0077026836,0.0007456746,0.017095968,0.023909654,-0.0050281286,-0.0035084616,0.00031072926,-0.016824542,-0.00076167285,-0.0014640894,0.011798174,-0.006539777,-0.0035199607,-0.005475376,0.023163458,-0.0045933574,-0.0026963912,-0.03589004,-0.0060612373,0.0042405813,-0.02468063,-0.0023141922,0.003574675,-0.0016289093,0.0050907955,-0.0011183098,-0.006672375,0.009819236,0.010895017,0.0039366186,-0.00271504,-0.017397575,0.007784572,-0.004619412,-0.013432432,-0.013250712,0.0012398828,0.007136949,0.0049705044,0.002328487,0.009460821,-0.028461352,0.0045983214,0.0047579454,0.010297149,0.0074272747,-0.0223228,-0.0071221497,-0.0021122694,-0.0049636196,-0.0036545303,0.002894178,0.0038146307,0.006994908,-0.0053063873,0.011194257,-0.0064792912,0.0134278685,-0.0025501568,-0.008981302,-0.0061810296,0.008230717,0.01335613,0.0068289605,-0.0035195919,-0.022910543,-0.0045343265,0.0072912206,0.0074942214,-0.009383995,0.0005949298,-0.02759093,0.008531796,0.016863775,-0.01294639,1.6861595e-05,-0.0016433308,0.0022530304,-0.019680947,0.016195932,-0.00017055403,-0.014304813,-0.014977323,0.015805583,-0.008116476,-0.005613692,0.003729483,0.0124667995,-0.022792317,0.022970162,0.010049029,0.0021739583,-0.02018578,-0.0044191293,-0.045677844,0.019526128,-0.0049625244,-0.003297004,0.013373186,-0.012883991,0.0025142021,-0.016426641,0.019884009,-0.009089582,-0.014845811,-0.005843872,-0.007604059,0.00640292,0.007232564,-0.016895205,0.003719436,0.01561261,-0.012322208,0.003164311
0.011984235,0.0060129235,0.0334528,0.023380743,-0.0042385254,0.015400575,0.016113766,0.013530458,0.008915027,0.03348868,0.0031496398,0.0064020706,0.011621738,0.041100927,0.008035205,0.0041649407,0.016696002,0.009980096,0.0004597362,0.010197813,0.026521426,0.0054443334,0.041185405,0.025964314,0.0068915207,0.007869914,0.011931924,-0.008374605,0.009558404,0.0041499035,0.01030684,0.031500727,0.023914536,0.05479721,0.010225138,0.03954543,0.006207325,0.023734452,0.01790892,0.013056992,0.0107263075,0.005679426,0.012998963,0.0378498,0.004612888,0.042039692,-0.013516579,0.033822503,0.021685746,-0.021664288,0.0016074572,0.011566337,0.017597852,0.011274604,0.027718535,0.0017962046,0.021298554,0.026471488,0.021895345,0.007420895,0.0055821417,0.0264794,0.0040208474,-0.0012109084,0.0066106734,-0.0028250152,0.015547033,0.030118482,-0.0049352665,0.009183921,-0.005325379,-0.0016956432,0.0006398987,0.006676306,0.0051361276,0.0010575484,0.00772094,0.012577793,0.004933779,0.018006919,0.011309715,0.010793586,0.005711903,0.011585601,0.00037296396,0.008940673,0.037578233,0.009838866,-0.022433858,-0.0004017437,0.009128392,0.011757261,0.030228911,0.008160861,-0.0026850784,0.0031921165,0.016028062,0.016180012,0.007010281,0.010475483,-0.023506753,0.028152537,0.017026281,0.021187924,0.023806887,-0.0038280692,0.028234063,-0.0037212837,0.029623497,0.0059026442,0.005658459,0.019833706,0.013931458,0.008442124,0.01239494,0.012887315,0.0069464175,0.020797122,0.020202398,0.00075480714,0.038005885,0.033005167,0.005705898,0.005829444,0.0048635677,0.011204425,0.014266988,0.012346155,0.02655627,0.0038312734,0.00015485659,0.013520074,0.006487264,0.0041582473,0.015781026,0.01188779,0.022599287,0.013038157,0.010606057,0.0059557743,0.0023989342,0.0003388906,0.008474443
0.008664565,0.0057629133,0.0036628935,0.003502896,0.054417998,-0.013957972,0.009973391,0.0037625395,-0.0033366717,-0.012663998,0.0051479694,0.024037372,0.011788565,0.006060444,0.003240157,0.003085832,-0.004860282,0.0055983034,0.005250941,0.0039689885,-0.00013480149,0.00613498,-0.022316232,0.01860273,0.015395076,0.00045165606,0.01015443,-0.011238094,0.0023490489,0.0057988465,-0.004434753,0.011836875,0.004362349,-0.004652744,-0.0022458443,-0.009787643,0.008453385,-0.0007880796,-0.009366965,0.0054343743,0.007895787,-0.00012962893,0.0064179394,-0.008416289,-0.004376687,0.023821397,-0.019666897,0.00025023893,-0.016046856,-0.0019700276,0.006393916,0.014239145,-0.0005757073,0.008791053,0.027908087,0.002797152,-0.004842639,0.004039571,0.008536318,0.005506113,0.0040934333,0.0050152326,0.0076075275,0.010215238,0.0017324686,-0.00081557315,1.577288e-05,0.00988782,0.0045358296,0.009952502,-0.013899902,0.008630966,0.042549986,0.007483681,-0.009731872,-0.0012879521,0.020573383,0.02652806,0.0064776107,0.0019103605,-0.003819909,0.0047617955,0.020803502,0.013504071,0.00059356913,-0.0054188594,-0.015545672,0.00081249606,-0.0045059547,0.0010655737,-0.0056808703,0.0067196814,0.0059372988,-0.0011341898,-0.00061388966,0.0013588192,0.015959192,0.016773708,0.008806838,-0.0071445145,0.037709847,-0.016803388,0.000991052,0.026054937,-0.0009508999,-0.015581166,0.010296941,0.013486881,0.008355277,0.0016451497,0.004101243,0.017814402,-0.0013934849,0.009988026,0.015258156,-0.0040113777,0.025253981,0.016055102,0.00255326,0.009505016,0.0058709607,0.00024242699,0.0027924124,0.019641675,0.014318669,0.0040188283,0.0062902533,0.0014520157,0.016315054,-0.005941082,-0.0009855647,0.016753443,0.015179142,-0.00021037273,-0.00040144473,0.0019262359,0.0011198893,0.010789414,0.013686209,0.007919336,-0.017516552,-0.005347045,-0.0074830633
-0.01544206,-0.020406194,-0.008805504,-0.010519424,0.013345097,-0.012310026,-0.012927756,-0.021942414,-0.012260754,-0.02604809,-0.006591074,0.017740374,-0.0020183437,-0.0009132121,-0.0062228106,-0.014129451,-0.019409627,-0.00829472,-0.0070922803,-0.015231026,-0.004390238,-0.013889115,0.00759365,-0.014620375,-0.0084958635,-0.0014345944,-0.015479606,-0.00470916,-0.019185556,-0.008660242,-0.003685899,-0.004498031,-0.013450377,-0.0036052559,-0.014965907,-0.0003371453,-0.0074365493,0.009436498,-0.008931458,0.00039977953,-0.01903927,-0.008858852,-0.02107551,0.016565166,-0.0064152516,-0.012416519,0.0013071904,-0.022062816,-0.004153531,-0.01668883,-0.00081746,-0.02074581,-0.017257567,-0.014906041,-0.0069607273,-0.008731818,-0.0059445575,-0.004970962,0.006797417,-0.017259125,-0.018328506,-0.028752599,-0.0075606722,-0.010172883,-0.012831006,-0.004745202,0.008114552,0.021003451,0.0019922126,-0.01461675,0.03863438,-0.0009920401,-0.0037454208,-0.0026950575,-0.020611253,-0.005979622,-0.027223248,-0.013096441,-0.010283511,-0.018033238,-0.020841334,-0.0065623913,-0.0019391216,-0.01171086,-0.025526471,-0.016204,-0.007618036,-0.0073673315,-0.0006997874,-0.046311863,-0.01466948,-0.043444805,-0.008525329,-0.0242818,0.0020990325,-0.022466224,-0.0046869107,-0.0065468624,0.015436257,0.007201016,0.008472832,-0.01804557,0.009254195,-0.012786675,-0.016795043,-0.018968426,-0.018358964,-0.023748342,-0.02473005,-0.011484701,-0.022122048,-0.009966018,0.0027914029,-0.014624663,-0.020765819,-0.0036894083,-0.01776544,-0.0060965624,-0.027336791,-0.004049533,-0.0061056595,-0.029717311,-0.00089850277,-0.02586729,0.0028395802,-0.017560173,-0.014223654,-0.018302796,-0.01592589,0.0016686339,-0.010871215,-0.0047520176,-0.012509972,-0.010435462,-0.017496454,-0.010446319,-0.022471555,-0.00013154931,-0.03609755,-0.010320978,-2.8472394e-05,-0.0017381329,-0.01500153
-0.030579511,-0.038740776,-0.036465332,-0.035918403,-0.03166447,-0.030163884,-0.0008665696,-0.036969494,-0.032375313,-0.04717836,-0.022855602,-0.012381798,-0.018648205,-0.013543241,-0.01044235,-0.017880045,-0.020754397,-0.014029924,-0.025664791,-0.015380211,-0.030743461,-0.024808466,-0.039355703,-0.036463156,-0.03657696,-0.012962397,-0.029267497,-0.02128758,-0.0228794,-0.026174154,-0.022311658,-0.025275715,-0.01262212,-0.03445269,-0.020647574,-0.041750006,-0.028001864,0.024060994,-0.012677088,-0.0037086057,-0.037658896,-0.019438608,-0.018443456,-0.032420322,-0.025639102,-0.040544696,-0.024171825,-0.030838389,-0.04787965,-0.012299076,-0.022119977,-0.030434195,-0.010521816,0.0009052884,-0.022528816,-0.032108787,-0.027683835,-0.03198726,-0.020959277,-0.008965729,-0.022653952,-0.04062613,-0.014021121,-0.03421701,-0.03905105,-0.016683962,-0.021229323,-0.01863447,-0.019970518,-0.009932188,-0.042550705,-0.034332473,-0.03560957,-0.042043343,-0.020564828,-0.03925457,-0.034659963,-0.030748524,-0.031524997,-0.032656875,-0.006756328,-0.014735652,-0.027772024,-0.021452732,-0.034076646,-0.010915197,-0.028117832,-0.026374556,-0.012483362,-0.014545403,-0.023808774,-0.03616563,-0.010009281,-0.0114915185,-0.03618226,-0.008835092,-0.013591591,-0.013822118,-0.03732217,-0.009926874,-0.014186839,-0.018230662,-0.028894216,-0.03344533,-0.013612194,-0.041874964,-0.021306936,-0.035750248,-0.0059360135,-0.020572107,-0.026712839,-0.037494414,-0.009941455,-0.03739201,-0.03923825,-0.034488797,-0.0329412,-0.023990888,-0.033031497,-0.014590507,0.003142722,-0.021405485,-0.011191431,-0.029963456,-0.02956646,0.018866139,-0.010173781,-0.009667853,-0.03737053,-0.0074215177,-0.015473619,-0.020367015,-0.035709888,-0.022832267,-0.03684592,-0.02915169,-0.035686877,-0.015689151,-0.01794261,-0.017308477,-0.042908378,-0.024305739,-0.021233559
0.012484593,0.03955532,0.032191537,0.02444952,0.022258867,0.020193562,0.03783507,0.024372254,0.015711501,0.03152416,0.04121085,0.0081772655,0.020376474,0.03702404,0.03269861,0.036664333,0.017643588,0.03701266,0.013485671,0.034647834,0.011359336,0.04038486,0.024917837,0.04306996,0.013710285,0.019316979,0.01654467,0.011026319,0.027290307,0.020980014,0.002891222,0.024890235,-0.01255049,0.018121075,0.012956212,0.019485366,0.011058778,0.008208729,0.028137613,0.013195975,0.027867237,0.011960571,0.051461108,0.015573334,0.0155800255,0.043099545,0.011810021,0.005871643,0.035753943,0.01236837,0.0189771,0.026064124,0.025434334,0.025494892,0.04504016,0.016370945,0.052938897,0.021920169,0.013611553,0.04079333,-0.0012539988,0.040513813,0.007776253,0.02111026,0.025463555,0.00088704284,0.02007481,0.022511285,0.04334732,0.030366922,0.020130403,0.014339086,0.01872513,0.019122086,0.03068204,0.029698052,0.030071907,0.036423475,0.03415641,0.015995292,0.02148558,0.0018557347,0.038263317,0.026898865,-0.032038085,0.02857534,0.02852449,0.018168103,0.006828873,0.01216578,0.0043662563,0.000560686,0.015579555,0.020516064,0.0063320925,0.03656453,-0.010913881,-0.009922391,0.023583608,-0.010284871,-0.036867883,0.040428218,0.0023169005,0.02580575,0.028191043,0.024708068,0.022019267,0.006708265,0.03554897,0.02034836,0.035502203,-0.025292333,0.034694027,0.0147037245,0.04506118,0.036928624,0.033078477,0.043663874,0.043156847,0.008820482,-0.006141957,0.023824431,0.020763863,0.028750693,0.014369182,0.02083485,0.01902879,0.034011245,0.049408183,0.006795247,-7.6632015e-05,0.03618033,0.028709484,0.0072759325,0.031745024,0.033213887,0.026885066,0.018239014,0.028417403,0.027745217,0.014021476,0.024890814,0.009499937
0.0047797197,0.0050467034,0.011718463,0.042579785,0.043201305,-0.006445121,-0.014444079,0.0024995422,0.0051160986,0.0018892726,0.0069929045,-0.0037145922,0.006588449,0.015453215,0.005485614,-0.00019533187,-0.031261463,-0.004937643,-0.00929776,0.01952513,0.0025080452,0.0012887046,0.007061115,0.032552566,0.005184497,0.0021728845,-0.01154956,0.019228412,-0.0070399493,-0.00010874774,-0.001995421,0.0127313305,0.013224743,0.00841122,-0.0015873183,0.0020667352,0.0011167144,0.011845322,0.005417116,0.033806916,-0.0069141984,0.003949114,0.015580647,0.021433763,-0.0023317756,9.868853e-05,0.008457874,0.007675639,-0.008029547,0.008226294,0.013701896,0.02034302,0.016498268,0.0082465485,0.0058188615,0.00979965,0.014629565,-0.00031013042,0.02723653,-0.001411248,0.018769369,-0.016401002,-0.0069273356,0.0016302476,0.000584634,0.0020049727,0.001929285,0.00667957,0.009914337,0.004256768,0.034795567,0.0042968164,0.0036512846,0.002844099,-0.011647109,-0.0017406568,0.01308548,0.01102398,-0.010274027,0.017204134,-0.006888278,-0.0026974566,0.02280124,0.046075337,0.0023974646,-0.0035950225,-0.00036473945,-0.006404385,-0.0040160753,-0.010036219,-0.013038216,0.008835653,-0.0017204378,-0.010932874,-0.00095242076,0.007871475,0.004115087,0.007795426,-0.009169551,0.030983403,0.03749221,0.004903191,0.0073037976,0.016969949,-0.0013123332,0.0050757723,0.022730235,-0.024708852,-0.014577381,-0.010402832,0.0069224904,0.007447525,0.009078754,0.0075941514,-0.016280811,0.004294103,0.018527327,-0.007960347,-0.005944276,-0.001605616,-0.0065325126,-0.0031558583,-0.0014506243,0.0070973607,0.0013366081,0.009755027,0.0066982973,0.0060658394,0.0030858787,0.002378026,-0.002162545,0.012063482,-0.0026423745,-0.00074611045,-0.016893663,0.0017179828,-0.0068750363,0.0019024638,0.02436952,0.008726532,0.0034081796,0.0019278508,-0.0213588
-0.018046169,-0.0039024418,-0.0044870973,-0.010619814,0.022051971,-0.0018934617,-0.006891746,-0.0074312594,-0.009906232,-0.012007952,0.0066866837,-0.018407099,-0.013682835,0.0056206738,0.00034329295,-4.939083e-05,0.0003242027,-0.0039034383,-0.0040477645,-0.0034680143,0.010666241,0.0057787118,-0.035006855,-0.011164499,-0.013662975,-0.008783948,0.0011049062,-0.0076703,-0.0047315843,-0.0078060534,-0.022329208,0.0052007833,-0.0023225192,-0.0046705846,-0.015834333,-0.004633831,-0.002046531,0.036665782,-0.020715736,0.007684529,-0.0066836085,-0.0015153494,0.00633075,0.004680119,-0.009659862,-0.0072747823,0.00032511447,-0.033898376,-0.0005713366,-0.006154187,0.0063196635,-0.007858373,0.00441941,-0.0053116847,-0.014491046,0.0016865656,-0.0054399613,0.0014765747,-0.008612575,0.016743695,-0.015955074,-0.022620331,0.015922427,-0.008767761,-0.01650893,-0.016121497,-0.002629255,-0.012753628,-0.007517401,-0.014489071,-0.005776841,-0.00092966855,-0.0033088475,-1.893565e-05,-0.011108976,-0.030690946,-0.00874147,-0.013519658,0.007862067,-0.012374548,-0.014296668,-0.002958957,-0.0011874828,-0.023135658,-0.008286217,0.010623267,0.0014743041,0.006055448,-0.025629152,-0.010330187,-0.013030376,-0.026168648,-0.027991813,-0.004494747,-0.018498488,-0.01932898,-0.020468354,-0.03188504,-0.0115851015,0.008774367,0.02906179,0.022175707,-0.010050157,-0.02427787,0.004670302,-0.006088894,-0.01844338,-0.0023088325,-0.014603771,-0.0027228836,-0.019456273,-0.02522232,0.020378701,-0.019753322,-0.0052832756,-0.0064583495,0.029826276,0.02964543,-0.013261126,-0.0036969604,-0.019469569,-0.012116499,0.028076034,-0.01732395,-0.00091336574,-0.010375578,-0.001443428,0.0050850483,0.0040341695,-0.0054449122,0.0036627883,0.010698207,-0.0017830646,-0.010843392,-0.017859953,-0.0027447399,-0.013721671,0.0035339007,0.0080886595,-0.0033331346,0.020859681,-0.011495484,-0.004865691
-0.012700994,-0.022671115,0.004805284,-0.014020693,-0.005920712,-0.0423338,-0.023677174,-0.022336736,-0.0085226,9.39453e-05,-0.005646987,-0.019107195,0.0010934658,0.008842226,-0.0054077264,-0.0102419965,-0.011231147,-0.009944577,0.0038496521,0.0029554768,-0.011856718,0.017967992,-0.018165475,-0.00954558,-0.016383281,-0.01438592,-0.022989359,0.0017930148,-0.0022373628,0.0027371235,0.0053574773,-0.002484195,-0.02720292,0.016804533,-0.012007082,-0.015970206,-0.015430829,-0.018035734,-0.01627988,-0.019736595,-0.014614318,0.016828055,-0.013653636,0.0002698172,-0.0101709645,-0.0068840384,-0.0006821994,-0.016602335,-0.011713972,-0.007796429,-0.016311213,0.0032100845,-0.000114811584,0.008045747,0.0037506474,-0.007086985,-0.01734101,-0.0051310062,-0.0070886556,0.00033706333,-0.015075268,-0.000538975,0.0057953508,0.0029094303,-0.0072738007,-0.012469579,-0.022610154,-0.0011830414,-0.030305155,-0.01696207,-0.006511312,-0.0053394567,-0.0029597674,-0.012217291,-0.012740029,0.0007422464,-0.0008798046,-0.015078364,0.010300501,-0.015455602,-0.009976029,-0.008029176,-0.020481218,-0.020679787,-0.0012386832,-0.0011730846,-0.00435842,-0.0031980323,-0.0136563815,-0.032504514,-0.0071380213,0.005467889,-0.008500999,-0.017599255,-0.006253425,-0.012604885,-0.012854606,-0.0123842675,-6.181095e-05,-0.018488003,-0.031085271,-0.023030564,-0.027757332,-0.01746158,-0.0058356337,-0.005416982,0.004828814,-0.002315322,-0.020540897,-0.023961816,-0.0017174575,0.00039388146,-0.013581758,-0.0015799059,0.002185463,-0.021684382,-0.017869588,0.0020496007,-0.021572214,-0.00016335491,-0.01666762,-0.01849639,-0.008820364,-0.004257165,-0.00022246689,0.014134289,-0.007605627,-0.0042364,-0.017731093,0.010140498,0.0033680573,-0.012625197,-0.002831893,-0.010802057,-0.022121489,-0.017971262,-0.008920066,-0.01025385,0.043166257,-0.005607255,-0.00032529328,-0.00809958,-0.021937326
-0.02011421,-0.0017572967,-0.038946297,-0.031688493,-0.026766986,0.0034040846,-0.010241803,-0.024311054,-0.0052563585,-0.011345001,-0.009377051,-0.020969417,0.0017811051,-0.01693132,-0.013485776,-0.005074367,-0.012230221,-0.030277979,-0.011784501,-0.015923563,-0.008879619,-0.014590712,-0.01809835,-0.0084982235,-0.03356647,-0.009196274,-0.0051411726,-0.025444243,-0.00115324,-0.013130603,-0.031885806,0.0068106316,-0.013428127,-0.03620174,-0.0005722195,-0.0034758653,-0.007284764,-0.010014329,0.00452681,-0.019514458,-0.023250777,-0.019090507,-0.001344773,0.0027759764,-0.0092694815,0.02829367,-0.033093497,-0.033193897,-0.018335152,-0.011299208,0.007505682,-0.02631836,0.0053056073,-0.0014910894,0.008930566,-0.018069148,-0.021822482,-0.020940073,-0.020192843,-0.010606395,-0.03208693,0.0004177168,-0.021732494,0.038884625,-0.012648646,-0.022288624,-0.002010378,0.0034427168,-0.0115458965,0.021102075,-0.027839191,-0.02136859,0.0004218975,-0.020071134,-0.009283787,-0.016899955,0.007448759,-0.0042040907,-0.01677752,-0.019045174,-0.005701389,-0.009921892,-0.01638321,-0.008562716,-0.0057416186,0.0067936545,0.0047230646,-0.012094321,-0.008489253,-0.005683001,-0.010509463,-0.0036852937,-0.014544118,0.0033298098,-0.019071495,0.0028504226,-0.009762328,-0.010076288,-0.014879312,-0.02660025,-0.030921262,-0.014620593,-0.03485911,0.0017855298,-0.0022678943,-0.008892288,-0.032220088,0.003765388,-0.008901229,-0.030760206,-0.010623304,-0.006230617,-0.015780723,-0.020311464,-0.0070934873,0.011902106,-0.022994652,-0.011065528,-0.002171955,-0.0188923,-0.026940584,-0.018133067,-0.012873486,-0.007815251,-0.010805016,-0.039071195,-0.02620295,-0.018989818,0.003610597,0.002419901,-0.013260115,-0.010178527,-0.010909272,-0.022296038,-0.012697542,-0.0002887547,-0.027734775,-0.01559563,-0.012774589,0.018751029,-0.020287652,-0.025357265,-0.009761907
-0.019589419,-0.014322298,-0.008201266,-0.015555268,0.007845994,-0.0036903452,0.032683697,-0.01054566,-0.019748509,0.0037697293,0.0034820186,-0.0045775697,-0.01268895,0.018443774,0.03470209,0.010470558,0.0008114921,-0.03247896,0.0042755473,0.007039842,-0.005297303,0.0023579616,0.019158645,-0.02762309,-0.0034754537,-0.007880701,0.020350486,-0.03464725,0.011216949,-0.006961491,-0.014499096,0.032307003,0.011891922,-0.011493297,0.016300868,0.017828148,-0.0076452177,-0.016738713,0.004290845,-0.006424267,-0.022890292,-0.02459801,0.021557203,0.0032212324,-0.008130508,-0.006618062,-0.002663277,-0.018056313,-0.016523123,-0.014285287,-0.0052261297,-0.0036298353,0.0023194514,-0.003016268,0.0027927114,-0.009166138,0.011740395,0.008449781,-0.006960856,-0.026747089,-0.02240999,0.0038854238,-0.008156251,-0.0056786463,-0.008791259,-0.02020561,0.0034140227,-0.0031988565,0.0030126292,0.0133774895,-0.01693594,-0.008830896,-0.009709764,0.001142079,0.010034014,-0.012824569,0.013842055,-0.0067648813,-0.0038668662,0.003168867,0.02846815,-0.0017298795,0.021827463,-0.012960104,0.0047661527,0.0022508614,0.0040108697,0.002910545,-0.013004165,0.014438536,0.017715853,0.022856176,0.020922733,0.0052333646,-0.008420734,0.0051731956,0.0029689241,0.0028221123,0.00020484626,-0.026796103,0.00720085,0.019640556,-0.012631714,-0.021575999,-0.017839542,-0.0009809686,-0.009757651,0.006108437,0.012056587,0.004715711,0.0014326507,-0.015399374,-2.764631e-05,-0.017107494,-0.029077187,-0.005526595,-0.011218196,-0.003948115,0.011324765,0.0013868753,-0.016668988,-0.0021903282,0.009099532,-0.0028027706,-0.017561387,-0.04162237,0.007909775,0.011381813,-0.03292507,0.01923494,-0.0008214684,0.006708471,-0.006799994,-0.010936471,-0.0038722754,0.013846866,-0.00040622987,-0.0017473288,0.0014435481,0.0024001244,-0.0016579945,-0.019574765,-0.0060169604
0.023469547,-0.0099158045,0.0061680228,-0.009909827,0.008533724,-0.014287945,0.0036183586,0.009257057,0.004615506,-0.004780149,0.0021057315,-0.0075638965,-0.017451279,-0.017941294,-0.010493539,0.0015296275,0.0023237914,0.029159065,0.012511145,-0.0068602916,0.007778796,0.0054262253,0.022776598,0.0043111565,0.0036213817,0.02296602,-0.0031378139,0.0045779506,0.005325209,-0.011671521,-0.006657455,-0.016750827,-0.006323062,-0.014450291,0.0005545616,0.012791213,0.014047088,0.009597066,-0.024605483,-0.008378392,0.026889062,-0.01540228,-0.012250273,-0.0049152207,0.013176874,0.008315882,0.018539151,0.015580228,0.0064843176,0.016179513,0.015638478,-0.01225622,-0.008001598,-0.009808715,-0.017158212,-0.0020577312,-0.024143003,0.0020338623,0.00030955207,-0.013932344,0.025369018,-0.019536449,-0.010058731,-0.023615133,0.00057609566,-0.00064586103,-0.0014770133,0.006669159,-0.019887134,-0.0027018767,-0.004528187,-0.0052161664,-0.01400866,-0.014470292,0.0025518201,0.0060968483,0.019761793,-0.016214386,-0.015570205,-0.0038785907,-0.017403563,0.00086046755,-0.007308962,0.0065450165,-0.0016239891,-0.017430905,0.006865826,0.0017443197,-0.0024886616,0.00028563756,-0.0014325827,-0.005258603,0.003720304,-0.005752988,0.00539729,-0.016452953,0.011048065,0.00791085,-0.015097853,0.005573374,-0.037044544,-0.005917851,-0.013386192,0.02001823,0.014402157,0.00222121,0.0042105042,0.0033660587,0.0022629164,-0.018125236,0.0013057776,0.008460626,-0.016953524,0.006354166,-0.0005695885,0.0064653857,-0.025090449,-0.0058097914,0.0018619997,-0.009110743,-0.0044313725,-0.0026380615,0.014418121,-0.012080472,-0.0020653643,-0.0054496564,-0.010673998,0.014867243,-0.00334814,0.030268108,0.00515267,-0.021664333,0.011059349,-0.0013209805,0.0037251012,0.010913797,-0.0026753582,0.001991394,-0.0036000824,-0.00518186,0.0076326774,-0.0034277868,0.011557741
-0.024352476,-0.040320586,-0.04977243,-0.0482982,-0.03402434,-0.034980446,-0.040212553,-0.042824417,-0.047394056,-0.047076587,-0.051039606,-0.031193886,-0.0461856,-0.04753522,-0.046300583,-0.04938571,-0.02326081,-0.047508653,-0.03980372,-0.03580296,-0.04107472,-0.05548072,-0.044470597,-0.047342435,-0.03594164,-0.03731303,-0.04795195,-0.041147243,-0.024454106,-0.030519068,-0.012053572,-0.038392514,-0.019697875,-0.029569529,-0.02112266,-0.045779556,-0.02654678,-0.04249773,-0.032016527,-0.04503534,-0.024985123,-0.026693135,-0.039522935,-0.05345598,-0.029021092,-0.047720194,-0.038616564,-0.027160767,-0.045521736,-0.025639385,-0.047817543,-0.04765138,-0.049058065,-0.044109654,-0.047734678,-0.030337919,-0.042041704,0.0052367123,-0.043761563,-0.043131642,-0.015889216,-0.030837275,-0.03438169,-0.049194425,-0.044851102,-0.037646487,-0.041946176,-0.047617402,-0.05306717,-0.046856683,-0.0433081,-0.02548109,-0.044071745,-0.04261296,-0.021726046,-0.031436127,-0.04090128,-0.045604736,-0.02620576,-0.046142202,-0.040638216,-0.025057074,-0.04985206,-0.045553476,-0.016939893,-0.041448608,-0.04777561,-0.0146828145,-0.04190947,-0.030113023,-0.023490373,-0.007778397,-0.013668664,-0.02721972,-0.024562046,-0.020147555,-0.030711353,-0.029244058,-0.038196772,-0.0038466472,-0.014853518,-0.033607926,-0.033979863,-0.055203967,-0.049520753,-0.047139894,-0.034941297,-0.025000472,-0.03455897,-0.032807194,-0.04585249,-0.03670489,-0.053194225,-0.04080695,-0.03103808,-0.04705907,-0.040206585,-0.046890635,-0.03784854,-0.033334263,-0.0383508,-0.04061564,-0.053019956,-0.040185682,-0.02705789,-0.02820443,-0.043552577,-0.038468778,-0.043618783,-0.015780378,-0.035538077,-0.041420326,-0.03943407,-0.038409173,-0.032368228,-0.018000377,-0.029413313,-0.0138391275,-0.031288095,-0.04546941,-0.050515395,-0.026823193,-0.03465417
0.013284197,0.01609359,0.029877448,0.034010317,0.036590558,0.008554146,0.044219352,0.01904271,0.026469745,0.022418527,0.011140842,0.015921796,0.034418494,0.01066537,0.020728694,0.0425046,-0.0008485755,0.033465896,0.033499926,0.015290954,0.03006454,0.022569492,0.0072144717,0.029980164,0.026757201,0.03645719,0.03139363,0.008221522,-0.0057057943,0.022438938,0.028551543,0.04114221,0.02846134,0.050555117,0.033038054,0.01246677,0.015320772,0.027227696,0.011782214,0.022371534,0.027050534,0.023019297,0.0014118031,0.03557793,0.019334031,0.030697444,0.021978177,0.025156863,0.035591934,0.008491596,0.007505538,0.01404598,0.014025909,0.01710627,0.030371252,0.0057788608,0.013539454,0.023154367,-0.011978582,0.004099227,0.018208828,0.018870179,0.011322564,0.034628443,0.03372082,0.013355421,0.016971909,0.037710477,0.023362942,0.004361895,0.016451392,0.019580666,0.0357279,0.025303947,0.008573756,0.026306365,0.027951572,0.021095544,0.010236838,0.024440892,0.014977757,0.008872576,0.021649323,0.022863526,0.00866193,0.012374385,0.026026113,0.0074561182,0.010138077,0.013996106,0.010529144,0.010910387,0.022694537,0.014264583,0.022226375,0.00059841014,0.023354203,0.02093224,0.030791534,0.011960986,0.013621332,0.026648825,0.026661534,0.0010978365,0.023144262,0.025962487,0.024241956,0.019612461,0.03307423,0.0067347293,0.029274285,0.01824652,0.0093539,0.030140696,0.02238903,0.029672228,0.0318351,0.043199055,0.043674137,0.0067818942,0.02532975,0.02673224,0.034940355,0.028218728,0.027686369,0.026499476,0.030467952,0.020025719,0.038167793,0.011308758,0.017623898,0.008832112,0.019848349,0.029436424,0.015611769,0.038890656,0.012135161,0.033035807,0.0516717,0.030372052,0.029775346,0.013549683,0.01329127
0.0034142341,0.0057089077,0.0072778035,0.009794078,0.0032885307,0.009170316,0.03707103,-0.00027224422,0.0071661063,0.00067263655,0.0125793675,-0.0029079653,-0.02130184,0.0077791763,0.007592364,0.0040455186,0.005856785,-0.0052342676,0.0011783075,-0.004006733,0.038458634,-0.0020938134,-0.0010526618,-0.005921945,0.010234442,-0.04899179,0.015399825,0.01656508,0.0035192398,0.0043220026,0.001803197,0.0103827845,0.0050530527,0.023607295,0.008793741,0.03553301,0.022527177,0.0027898028,0.040079594,0.030194357,0.0058432873,-0.02322942,-0.019127883,0.0328994,-0.0012362394,-0.0017936826,0.03626383,0.0022335798,0.002453817,-0.007379638,0.0039535714,0.006495708,0.015957268,-0.0027034981,-0.02483983,-0.011030048,0.0010507684,0.05615081,0.010849557,-0.0026134383,0.01365037,0.009930188,-0.0012148414,0.006383096,-0.0028107055,0.0019206665,-0.016092794,-0.018606458,0.0060492903,0.024870876,0.004652965,0.006728184,0.036643118,0.02549351,-0.00075724255,-0.010761641,-0.009374501,0.0044813342,0.023410782,-0.0029546795,0.02292809,0.0009611035,-0.024142701,-0.0045975596,0.0014624931,0.052995283,-0.014932906,0.00059739966,0.012385072,0.0029179305,-0.0026305597,0.00870736,0.027587548,0.005347522,0.015423812,-0.011748094,0.00800109,0.0083557395,0.022730874,0.002913922,0.018916473,0.021651912,0.03815352,0.0063233576,0.009120861,-0.00024708826,-0.0021984866,0.040784117,0.02594471,0.008191944,0.006519801,0.0082006445,0.034653917,0.027227104,0.00013186596,0.0075962367,-0.006315572,-0.027589742,-0.016373156,0.013860637,-0.0006795181,0.0061516,0.008595191,0.008172052,0.034544796,0.016663566,0.017451093,0.048587136,-0.0072536226,0.026546862,0.010504537,-0.02469676,0.0032648444,0.011496361,0.0010115644,0.0058182385,0.0020491267,0.036542322,0.011088161,0.0008726828,-0.0026274538,-0.0013169199,0.008015823
0.00024490803,0.000463102,0.0081547145,0.01668043,0.0071284184,-0.009393573,0.021156989,0.0046903687,0.008773612,0.0051311,-0.035365336,0.0009387266,0.023769418,-0.039896738,0.021060718,-0.016590424,0.009817438,-0.02597405,-0.017986672,0.008874362,0.03153315,-0.00061289035,-0.0038251681,-0.013268281,0.017149448,0.0044280253,-0.0026896168,0.0031687897,-0.005101405,0.0057687955,0.005055253,0.0033967244,0.005448693,0.04705943,0.00078145973,0.011251419,0.014111459,0.024291791,0.014023695,-0.017811835,0.0064200815,-0.025205817,-0.022800423,0.033021443,0.0041903025,0.0028265752,0.042979766,0.010629239,0.015310498,-0.0042258687,0.0067592715,-0.012408514,-0.025773324,-0.005899206,-0.019804519,0.03239481,-0.010677487,0.026896838,-0.004240863,-0.0012363438,0.024370562,-0.021085236,0.024037179,0.016280422,0.007014299,0.004883741,-0.012475232,-0.0049836244,0.0020102803,-0.00095291063,-0.0007119309,0.0045236726,0.037441768,0.026100382,-0.009690445,0.012008823,-0.017330045,0.012989157,-0.0035072044,-0.013246011,0.012060242,-0.0014391746,-0.0038792193,-0.0010358365,0.0045590787,0.001922925,-0.035388988,0.03582956,0.004543875,-0.0016938737,0.013943632,0.02506248,0.040872462,0.02980723,0.006403181,0.035256494,0.045018498,0.03759194,-0.009926617,0.059695825,0.012794957,-0.0009070318,0.005557092,0.009777579,0.006570351,0.012485674,0.008614793,0.012665092,0.026287377,0.00061380956,0.003542371,0.00885646,0.0304999,0.02526147,0.00035322644,-0.012557184,0.00039892085,0.029058862,-0.0010701949,-0.015945584,0.013757156,0.014961558,0.0051364424,0.013914743,0.043861225,0.0031222757,0.0012124702,0.02378888,0.0027405368,0.013558141,0.012524458,-0.014995258,0.008476928,0.0011227597,-0.011228846,0.0068463157,0.016687466,0.025338165,-0.02243122,0.0049831304,-0.013181413,0.020268036,0.003322063
-0.0076829195,-0.030952483,-0.0113983285,-0.017681304,-0.0044684093,-0.01902817,0.0056866333,-0.011075148,-0.0005804021,-0.03428468,-0.029237457,-0.003525394,-0.021261502,-0.016316561,-0.035107277,-0.021810316,-0.012673855,-0.02348062,-0.005179327,-0.030519206,-0.00017156824,-0.02035822,-0.027334467,-0.0062540527,-0.003235587,-0.0070691183,-0.02927041,0.0068026083,-0.025140073,-0.004712807,0.016876316,-0.021420605,0.015352074,0.0023212768,0.023915663,-0.009360414,-0.00828553,-0.015528517,-0.005506836,-0.002582632,-0.015212748,-0.0070848204,-0.03108389,-0.04426131,-0.007596012,-0.011561772,0.017330766,-0.0089428,-0.0042399056,-0.015070893,0.01767753,-0.018003384,-0.040657945,0.026524365,0.00090401154,-0.025475789,-0.0028289873,0.0032036575,0.02809292,-0.022393476,-0.0031234417,-0.020536002,-0.037982706,0.04356216,-0.013448419,-0.0013533812,-0.011194587,-0.00045443326,0.012148226,0.005751913,0.010582176,0.009885895,-0.003856632,0.012149986,-0.013161587,0.0007646717,-0.021280382,-0.0009802245,-0.029036552,-0.0103139095,0.018103754,-0.00816505,-0.025512129,-0.019224634,5.3809024e-05,-0.0024601277,-0.015735537,-0.039383885,-0.00024429895,-0.009046404,-0.009460755,0.030145314,0.013456851,0.008661207,-0.009374425,-0.047803976,-0.00016315188,0.0012700586,0.0039894865,2.0718202e-05,0.032620363,0.0037351707,-0.0077066272,0.009728287,-0.03394444,-7.420126e-05,-0.0065685976,0.02564766,-0.021999266,-0.032687638,-0.013628941,0.012869065,-0.014877578,0.015396372,-0.014036832,-0.042532094,-0.0031455029,-0.0087961145,-0.0085892845,-0.005998535,-0.011831725,0.019434486,-0.039169077,0.002018543,0.005440265,-0.0050428063,0.020867884,-0.012404442,-0.021346062,0.015802078,-0.002606025,-0.014371842,-0.04324678,-0.0035941657,-0.032204397,-0.0074092913,0.012938097,0.010128616,-0.037065394,0.025193695,0.00603266,-0.006898558,-0.013027014
-0.014937134,0.011565925,-0.011526231,-0.011094842,-0.020388585,0.004314629,-0.02309817,-0.015164917,-0.009333463,-0.02050547,-0.019527014,-0.010409553,-0.022287782,-0.012572836,-0.035168998,-0.037638392,-0.009755576,-0.028020732,-0.016040932,-0.03440748,0.006849229,-0.0076267608,-0.01399985,-0.0277857,-0.015381569,-0.009438742,-0.031502347,0.0019561686,-0.01630877,-0.016800208,-0.012315247,-0.04089524,-0.0028342893,-0.0079948455,-0.003529,-0.01087199,-0.029394746,-0.0029491652,-0.052937634,-0.022865728,-0.023095828,0.016281825,-0.017596185,8.216221e-05,-0.017175505,-0.026897527,-0.0029561687,-0.020041421,-0.013171863,-0.018658834,-0.048128042,-0.008140748,-0.010394279,-0.0059277676,-0.010904936,-0.01446829,-0.024470918,-0.017249765,0.011028371,-0.022899427,-0.00860244,-0.022245467,-0.02816128,-0.044615615,-0.017336113,-0.014838751,0.0006248299,-0.013928335,-0.008569654,0.00068996847,-0.009042744,0.02025818,-0.010949971,-0.024102557,-0.03272905,-0.016752306,-0.03698711,-0.011916751,-0.031843506,-0.018990748,0.0101116635,-0.018047364,-0.024888556,-0.031403046,-0.004936876,-0.039712857,-0.022091575,-0.03499289,-0.014414623,-0.021840323,-0.0032791086,-0.03236128,-0.031742796,-0.050016273,0.0010488182,-0.018858936,-0.019789439,-0.019811925,-0.02564514,0.003992634,-0.012612876,-0.028356511,0.0058171996,-0.01595272,-0.038050845,-0.006950047,-0.024696585,-0.006557798,-0.03959514,-0.0012889113,-0.02346227,-0.0018214276,-0.023790967,-0.022781469,-0.008233244,-0.018173205,-0.012545286,-0.03996249,-0.035841607,0.0034799315,-0.0106098335,-0.020207778,-0.039767705,-0.01861689,-0.006580882,-0.003978799,0.023627594,-0.04695752,-0.024900354,-0.026503958,-0.018319128,-0.026103057,-0.028183796,0.0048628612,0.0041529313,-0.046610415,0.0027973922,-0.03085645,-0.026578467,0.021382997,-0.014151104,-0.030741293,-0.0071675554
-0.017448004,-0.013742838,-0.020120837,-0.026848901,-0.00799313,-0.0137781985,-0.0075615216,0.000557743,-0.011587523,-0.018319884,-0.0013894811,-0.007053204,-0.030836333,0.0072678523,-0.035048828,-0.031052433,0.006449272,-0.020144168,-0.031380832,-0.004293613,0.0054288213,-0.018179595,-0.018650943,0.031073773,-0.0019317409,0.0059395437,-0.02312193,-0.013190592,-0.03922693,-0.017059576,0.0033328738,-0.04661736,0.016180597,0.019766852,0.0117463395,-0.03342557,-0.011614539,-0.008348906,-0.0427498,0.004030615,-0.016998129,-0.00482166,-0.015907863,-0.028994866,-0.013661899,-0.041393008,0.023205053,0.009687377,-0.011204081,-0.029950567,-0.036167845,-0.0051969793,-0.007241048,0.024563406,-0.014040591,-0.019218072,-0.023109138,0.034925085,-0.020432297,-0.01715079,-0.012731127,-0.023354754,-0.008139439,-0.041522183,-0.011894932,0.012617239,-0.012432184,-0.04118898,-0.008817408,0.02846179,-0.008213317,0.0053953864,0.016882619,0.008150147,0.003294522,-0.014571974,-0.022414688,-0.013978122,-0.027468741,-0.013240391,0.022910245,-0.014493996,-0.024045177,-0.025411077,-0.0036673443,-0.045957286,-0.012435447,-0.0037326235,0.003238326,-0.01784984,0.006357339,-0.014178934,0.021159757,-0.009708609,-0.013723914,-0.009423338,0.023346163,0.020367,-0.00079290755,0.0133911725,0.063315436,-0.032425452,0.021612018,-0.0155864805,-0.022046074,-0.002040469,-0.019745354,0.003214554,-0.03329341,-0.010230562,-0.019246552,-0.007718578,-0.038955763,0.008397353,-0.020496331,-0.014177296,-0.023420915,-0.022706173,-0.015982429,0.00398337,0.004079966,-0.007008318,-0.0061542857,-0.012864983,0.00939223,-0.0050107837,-0.014389526,-0.02716121,-0.021540955,-0.01966525,-0.0048636906,-0.010861764,-0.012008388,-0.012781229,-0.020173922,-0.043984246,0.013563694,0.028734745,-0.02620276,0.0054069194,-0.011582885,0.015205972,-0.010207299
0.013657389,0.009611905,0.013225858,0.01883292,0.014284262,0.0056309886,0.020721145,0.0029056165,0.009196153,0.008134421,0.0038664741,0.01644599,0.010932608,0.020136632,0.016501391,0.012810836,0.020077776,0.016100276,0.027130391,0.019261029,0.004829252,0.0077858805,0.008510231,0.010048113,0.013235142,0.005371351,0.024901256,0.0073775975,0.00889739,0.014350769,-0.00018523168,0.019624725,0.028165147,-0.001154934,0.010879513,0.0367791,-0.0029135086,0.006646499,0.026580064,0.02436316,0.023779025,0.01341366,0.008710329,-0.018010277,0.014230665,0.022890177,-0.009029407,0.010039663,0.017978156,0.012810129,0.028012233,0.0066579073,0.008331336,0.024286136,0.008072736,0.009651063,0.003440407,-0.02467513,-0.022300228,0.009818059,0.0013843626,0.011849093,0.010252599,0.0206603,0.008175812,0.033266068,0.0032612765,0.013576604,0.011524602,0.041060656,0.03549336,0.01661918,0.004661447,-0.010987112,0.009612947,0.02430518,0.015378791,0.014818404,0.014477483,0.018827433,0.028891161,0.011181297,0.01204124,0.018255303,0.011841175,0.026285004,0.008725214,0.0036718473,0.035642654,-0.0038694618,0.0095297005,0.016166113,-0.029958814,0.0183077,0.0062359865,0.0013222154,0.0071956827,0.00669078,0.041495547,-0.0073611215,-0.026569687,-0.004855316,0.006138467,0.017243605,0.014849393,0.010741994,0.014868162,0.014449427,0.039935052,0.015391323,0.020453375,0.014833478,0.0028405208,-0.013582429,0.0064714737,0.018104173,0.017726164,0.016883073,0.011705194,0.030748319,0.012741109,0.019451505,0.032510057,0.031313665,-0.007714402,0.025916725,0.025927544,0.0073769614,0.002993186,0.02332525,0.011892499,0.020359054,0.02252273,0.006747279,0.012357398,0.017502926,0.0028776573,-0.018833417,0.015892291,0.037256833,0.002759655,0.0081884535,0.009988981
0.015431287,0.008179858,0.026645197,0.033503056,0.009158621,0.012453174,0.004602082,0.017183186,0.012073738,0.026116593,0.028422443,0.0020054067,0.017226445,0.0146981925,0.030760739,0.03433761,0.016384497,0.019762956,0.010294365,0.02525933,0.036095284,0.02888208,0.028629487,0.021000598,0.013462016,0.003469673,-0.024776045,0.0011364231,0.014766367,0.010734318,0.019253207,0.026754847,0.015185438,-0.00284761,-0.043353047,0.027125347,0.040541377,0.05243976,0.022903629,0.022417633,0.021168288,0.0062635993,0.023015415,0.0059569003,0.016970271,0.027243879,-0.010163745,0.0027608182,0.030748134,0.016763227,0.030129047,0.019902397,0.022847997,0.0111653805,0.026182221,-0.0016501211,0.01128747,-0.0043303296,0.00061190035,0.023172572,0.0027741967,0.010486713,0.010118887,0.02741976,0.02360184,0.01401845,0.02510652,0.027859934,0.013725438,0.021499693,0.003753773,0.012238499,0.014508636,-0.0023257127,0.025862988,0.022793464,0.019301264,0.010786208,0.023275316,0.011640569,-0.008553615,0.024543487,0.03200699,0.02926194,0.0015447689,0.02107371,0.01377592,0.027864022,0.0008276813,0.015403941,-0.00091996975,0.044217877,-0.004166011,0.03365385,0.028799782,0.00452297,-0.0014486173,-0.000531137,-0.02324656,-0.006584121,-0.014383618,0.024622178,-0.025049247,0.023187827,0.018343292,0.009899365,0.03650926,-0.022386223,0.030272786,0.01671987,0.01589001,0.0026468895,0.04155727,0.0041843643,0.023212042,-0.020764146,0.007872954,0.027921142,0.012209503,0.02054372,0.022299452,0.015185906,0.024176944,0.01768459,-0.004871728,0.00941625,0.03397531,0.03717313,0.013811009,0.020941658,0.02037222,0.021082006,0.019298892,0.008276135,0.017332213,0.029739896,0.003840689,-0.01768519,0.0077524614,-0.008567752,-0.0018611494,0.028135167,0.029377935
0.023989357,0.0093638,0.035770006,0.019789949,0.003399117,0.0042922166,0.012719924,0.013122632,0.020047203,-0.0024504466,0.0013947301,-0.0040476723,0.012297704,0.018809006,0.018549101,0.009107836,0.007300204,0.003454864,0.020405468,0.0053214165,-0.015447805,0.017222894,0.012669892,0.011114652,0.009544952,-0.009953229,0.002160632,0.011867453,0.017103652,0.0068768845,0.0060140835,0.03378035,0.006046014,-0.017273996,-0.03635083,0.051031787,0.0006749481,-0.007490743,0.023746321,0.01555821,0.026603613,0.0016113287,0.0016849805,0.030708423,0.017885204,0.022716753,-0.018739926,0.005758011,-0.0068417396,0.008039689,0.0042125275,0.019103514,0.017832385,0.009200377,0.009814904,-0.0029575117,0.0034794156,0.0035699094,0.029788407,0.025483944,-0.0067776125,0.0058607482,0.013224287,0.0066610915,0.009482442,0.018265288,0.012335406,0.020097911,9.7750686e-05,0.0022033649,0.029601932,0.016116781,0.023773078,0.023757257,0.0005816566,0.0016367808,0.007827006,0.008550996,0.008549551,0.0052489704,-0.012442337,0.009083113,-0.0011414737,0.0124585675,-0.0020010862,0.021658335,0.0052197883,-0.015065197,0.0017501777,0.010321515,0.022556055,-0.022779405,0.003678008,0.010810154,0.011768501,0.033052094,0.007202438,0.00716589,0.013058714,-0.021662243,-0.005005516,0.030940425,-0.018043919,0.0072988644,0.02566173,0.007408975,-0.0017260369,0.0067860465,0.017536605,0.0005011279,0.012546461,2.77441e-06,0.017173436,0.02181412,0.016221406,0.0029632607,0.0002871966,0.013183498,0.008560837,0.0053923554,-0.007417526,0.015381156,0.032934777,0.010437682,0.026525036,-0.0041275714,-0.00849496,0.006249497,0.012805674,-0.00051911734,0.021589216,0.009873842,0.0032952158,0.0060114595,0.002543332,0.028514996,0.005651206,0.02291969,0.014047391,0.0072373613,0.0047292863,-0.006859461,0.010245304
-0.002924798,-0.0037467116,0.00015689153,-0.0008464586,-0.001658977,-0.0009248564,0.016256962,0.0018477356,0.001526216,-0.0043446925,0.0006079944,0.01000356,-0.00074236095,0.004537653,0.0062002577,-0.0007431591,0.010023805,-0.006426364,0.012971582,0.005541379,-0.0063161682,0.0016986514,-0.0011473456,-0.008875165,0.010398033,0.0031389082,-0.0013153637,0.027294599,-0.008659627,0.010022353,-0.017887903,0.001945883,0.04641232,0.005752144,0.0051319776,-0.004502123,0.0052701095,-0.0013468144,0.0021413472,0.011669489,0.0038100914,0.012503956,0.0009462591,0.0056800977,0.011223666,0.00313297,0.011758509,0.008671749,0.005383624,-0.0017782357,0.006979468,0.0058159987,-0.02377377,0.0094348015,0.0045762397,-0.0015126001,0.0009833379,0.0024571652,0.031911198,-0.00082595926,0.0029724175,0.0016426882,0.0038970527,0.010218541,-0.00095476024,0.0011146814,0.0085768625,-0.0007405542,0.003269554,0.00069962814,0.020439519,0.025204115,0.016284546,0.031180788,0.015447465,0.0014324738,0.00012300629,0.007964291,0.0020668972,0.009566067,-0.0045346078,0.016801586,-0.0047827866,0.002709793,-0.006711893,0.01162554,-0.0023544095,0.013854245,0.0060473983,-0.001684472,0.029838499,0.005580123,0.0049844654,0.010973493,-0.0063887797,-0.018738411,0.02087268,0.021382941,-0.013769355,-0.0034345621,0.0070711784,0.01669714,-0.00066632405,0.010497311,-0.0024790112,0.0070856567,0.019774556,0.0122459475,0.008111665,0.0043321103,0.0042387163,0.008687152,0.0052704047,0.011089181,0.0011647586,0.0024575172,0.008114772,0.01570647,-0.007412363,0.040064313,0.0070926216,0.022984916,-0.01291753,0.014368188,0.0011978345,0.00041900296,0.0035742521,0.00708462,-0.0004049437,0.024462745,0.004942937,0.014028265,0.0077632107,0.002373036,-0.0001704013,0.0033266349,0.0060946676,0.007649185,0.011451386,-0.004300708,-0.007423613,-0.0037494022,0.01073902
-0.0037132641,0.008066832,0.00397121,0.0073781395,0.008932472,0.003036609,0.023882622,0.0023255954,0.0055800737,0.008770172,0.0117733115,0.0021422412,0.01378703,0.008388109,0.0077075334,0.008153541,0.010252186,0.012347416,0.025366008,0.024402253,-0.015112121,0.007109868,0.01694424,0.016170079,0.0019193571,0.0076770717,0.0003824085,0.005158591,-0.0075477883,0.009238825,-0.020859055,0.012469004,0.007996475,0.005243075,0.0122664925,0.016300896,0.017660107,0.036462653,-0.0051691458,0.01924795,-0.012171138,0.0027428744,0.015929822,-0.0016876161,0.01088318,-0.0025413232,0.0005333526,0.0030016014,-0.0039551817,0.0071574342,0.0055484334,0.009304857,0.0069066957,0.016761467,0.019805323,-0.0031392341,0.0014398368,0.0053389445,-0.032785676,-0.008197578,-0.009101512,0.018726759,0.0075412905,-0.012982681,-0.0055457857,0.027083559,0.008529331,0.007982631,0.0039940677,0.028986275,-0.01852986,0.017023409,-0.0015249364,0.00020612776,-0.0431614,-0.0018200651,0.014528085,-0.000598087,0.011584817,0.0044413125,0.009126025,0.003359043,0.009716336,0.017524118,-0.0058533996,0.0020963969,0.017800145,3.728643e-05,0.03997438,0.0046910164,0.01546515,-0.016418165,-0.020293936,-0.005433215,-0.012845874,0.0052922843,-0.0017703604,-0.0016094083,0.0015370753,-0.009095026,-0.008901831,0.004966806,-0.012890562,0.0022651395,0.014647743,0.010848951,-0.008097012,0.016361432,0.018348794,0.0011369251,0.0016657226,-0.0029135095,0.010146763,-0.0038044676,0.021787979,0.005785049,0.0108928345,0.0032672947,0.02875526,-0.00013372768,0.01665515,0.011041892,0.013355302,-0.00035129022,-9.0222806e-05,0.0137417745,0.01261433,0.027387781,0.0005064197,0.008156649,0.01753087,0.012995964,0.0103005795,-0.0056277383,0.0043766163,0.005989205,0.012303772,-0.0020659827,-0.004083205,0.031172931,0.001667696,0.02859889,-0.0014012614
-0.005106194,0.004148717,-0.012884442,-0.01178709,0.00049541146,0.008361947,-0.01452552,0.00076943636,-0.0068259127,0.020502925,0.017490203,-0.009117695,-0.006323507,0.005428413,0.00660994,0.011144739,0.013758975,0.02586865,0.00084795617,-0.0024892297,-0.011789389,0.022572909,0.010379845,0.004250283,-0.012813643,-0.004102921,-0.0014003534,-0.013021996,0.018071571,-0.0018711109,0.00059487764,0.014624802,0.01670757,-0.01474878,-0.036052987,0.003115219,-0.008076353,-0.0012922138,0.036007956,0.0054208515,-0.000838479,-0.0045630746,0.008101992,0.007035239,0.0045952676,-0.01191273,-0.009472286,-0.00021829456,-0.01733675,0.022536242,-0.0002666004,-0.0016462263,-0.0033071619,-0.021581687,-0.0070186853,-0.0051302295,-0.0030756444,-0.020487279,-0.017156176,0.0027934834,-0.0031489758,0.01422193,0.0019355649,-0.012221824,-0.018450364,-0.015210116,0.0009987839,-0.004870156,-0.0038607027,-0.0163691,-0.008999048,0.003449263,-0.019311002,-0.022463609,0.0077491957,-0.00327985,-0.02586845,-0.009905083,0.009909509,-0.005562689,-0.025548805,-0.0090231635,0.0180096,0.006944335,-0.011633832,0.021038728,0.018980123,0.00043040514,-0.019610861,0.020716377,-0.0012250133,-0.01576424,-0.020959966,-0.015815854,-0.002828572,0.009643754,-0.032336004,-0.034497343,-0.0054705758,-0.010516793,-0.020702153,-0.0062750857,-0.009915983,-0.0049365237,0.015869504,-0.011178795,-0.01584902,-0.015970545,-0.01331982,0.008084402,-0.012056725,-0.01200486,-0.011956215,-0.022093691,0.0033425447,0.016593877,-0.004677698,-0.017316313,0.017589819,0.003276052,-0.015391674,-0.0018355846,0.03817044,-0.018025186,-0.025839549,-0.0065579675,-0.028867949,0.014563542,0.010077266,0.030548517,-0.020231798,0.0081890635,-0.00037573185,-0.014074186,0.005101597,0.0075744987,0.025454769,-0.026678529,0.023668602,-0.018852836,0.0003569508,-0.0037603285,0.022055827
0.04508247,0.025435425,0.024562107,0.0074079363,0.0044970512,0.017438851,0.020969938,0.010253437,0.01446259,0.023584802,0.010938884,0.012876189,0.020545127,0.01898241,0.02626769,0.01898482,0.022230793,0.017697327,0.016865226,0.032922816,0.017054241,0.011400715,0.026570994,0.01688737,0.016676567,0.002508483,0.0077134743,0.010287724,0.024791265,0.021092948,-0.021526951,0.014371034,-0.008444576,0.012318868,0.033802237,0.014123715,0.04772066,-0.0009484142,0.015043246,0.0027436586,0.025643682,0.005617385,0.015014482,0.024872756,0.01693302,0.04436121,0.013070259,0.0014329348,0.020128803,0.007195307,0.021421121,0.013790891,0.034336105,0.018852193,0.008483418,0.007360165,0.00739161,0.010036075,0.014272457,0.009989623,-0.004570132,0.012171806,0.018973574,0.014015313,0.020529527,0.005848192,0.01838536,0.031123122,-0.0010170238,0.019481588,0.021332655,0.017934702,0.019873675,0.019958317,0.012246786,0.013792046,0.014288016,0.026661824,0.008263394,0.013658542,-0.0005773697,0.012892002,0.011720276,0.021160774,0.022689193,0.033977997,0.0065510655,0.0091006905,0.0131929815,0.0035431115,0.006216245,0.004440321,0.020455182,0.010766707,0.017740624,0.028234903,0.012718214,0.012562118,0.022458658,0.022260275,0.008526771,0.04034765,0.0015970161,0.009350142,0.031721085,0.005794399,0.02102566,0.0040053637,0.021305306,0.011094449,0.017450616,0.017619833,0.021109797,0.021549495,0.017856795,0.022843333,0.0087812105,0.017721638,0.014620683,-0.0005536191,0.010644287,0.016278015,0.0030732686,0.012581373,0.02086248,0.017205888,0.028707158,0.010646679,0.0131309815,-0.004449405,0.03140302,0.013968999,0.017812043,0.0023367442,0.017299071,0.015110675,0.014135618,0.030364193,0.04318394,0.021665942,0.0073079234,0.003119234,0.0123777315
0.018861096,-0.0008695293,0.028187074,0.021979395,0.008679101,-0.00021731853,-0.0103356745,0.020746723,-0.002047766,-0.00014319364,0.014189443,0.018044805,0.012417382,0.01764935,0.017392388,0.01923334,0.020572871,0.008688316,0.0020610858,0.015616644,0.005353874,0.01221956,0.007807592,0.021358121,0.011125008,-0.0042979866,0.01978826,0.022489183,0.004732025,0.009778518,-0.016010793,0.018161831,0.0012005139,0.002429057,0.0069183335,0.007071909,0.0014723623,0.00064245984,-0.0071305335,0.0233301,0.018252324,0.015296055,0.011924257,0.0026193056,0.008497661,0.0014860481,-0.0005422747,0.0023172647,-0.0062236283,0.0011336105,0.025305057,0.0069853985,0.004553751,0.0056762104,0.015707385,0.008124214,0.0076157353,0.016580818,0.0074411305,0.0055961637,-0.009497533,0.0153219085,0.02656871,0.002600004,0.012935841,0.0080393795,-0.00541305,0.006291845,0.002503883,-0.018924788,0.007743559,0.009645363,0.02193803,0.042289253,-0.006897211,0.02295509,0.027415983,0.008872729,0.012662991,0.03264489,0.023272658,0.02678369,0.011250973,0.02126688,0.022015732,-0.0009861318,0.013233555,0.02185319,0.008500242,0.0054985234,0.015759537,0.0021823524,0.0046080193,0.031835012,0.011444759,0.039412327,0.01154958,0.013293773,0.0054102773,-0.032072473,0.020642778,0.013351285,0.0022577029,0.030122101,0.010673415,0.0058297566,0.032264784,0.017252281,-0.0061968993,0.0019436106,0.013498493,0.033922035,0.027869191,0.015700351,0.016766185,0.020591822,0.008536723,0.01015853,0.03329155,0.032538198,0.024688188,0.004443399,0.017691834,0.008932311,0.023918044,0.013046136,0.0071636597,0.038386174,0.0078869,0.013691538,-0.01614355,0.0030926913,0.0025111865,8.41124e-05,0.006403921,0.029163394,0.012727148,0.018308347,0.011551554,0.009262802,0.018993717,0.015083734,0.002632523
-0.0046047457,-0.020621274,-0.0013468219,-0.0032932507,0.0027701808,-0.01180914,-0.008388272,-0.008538337,-0.0008556368,-0.011815932,-0.015709674,0.04371693,-0.010072261,-0.0041359384,-0.008303175,-0.01402479,-0.022383798,-0.0054103024,-0.011311643,0.012701134,0.003515115,-0.021980856,-0.0077704173,-0.02101944,-0.005815547,-0.0008075917,-0.014123503,-0.0010179048,-0.018039469,-0.00016096514,0.0144938985,-0.017598463,-0.0011713114,0.016150542,-0.00028021634,-0.0028221859,-0.0006724838,0.02802377,-0.015075615,-0.0012437003,-0.017279275,-0.0007939059,-0.0068701096,0.008983652,-0.005601965,-0.005418688,-0.018081296,0.032618787,-0.021109205,-0.02517172,0.009839256,-0.014989108,-0.0032461602,-0.027145762,0.009236738,-0.00393249,-0.006209232,0.012368189,-0.014840197,-0.016829211,-0.005013207,-0.008535758,-0.015726373,-0.02039415,-0.015978375,-0.02032806,-0.017078534,-0.015780672,-0.0073997993,0.0046155336,-0.020941507,0.0021350775,0.009891967,-0.0033270018,-0.0062749144,-0.01051856,-0.02670132,-0.0068465956,-0.01219303,0.011072901,-0.013194386,-0.005131241,0.0015038913,0.0017832471,-0.019824762,-0.03216964,0.0030597504,-0.032851353,0.001708514,-0.0037272573,-0.03337358,0.010983205,0.031983558,0.016055875,-0.0022187904,-0.026199643,0.0043065734,0.0047300095,0.0046067815,0.03243439,0.011562469,-0.025448795,-0.03438194,3.9163977e-05,0.0010569189,-0.0070793927,0.017702218,-0.025440916,0.02269797,-0.008751525,-0.01222837,-0.008609533,0.008196073,0.008654697,-0.016149752,-0.017012566,-0.021484643,-0.014569579,0.005936938,0.007973019,0.003709388,-0.001431331,-0.02039729,-0.015250748,0.0011585336,-0.007933214,-0.0012711231,-0.0038843611,-0.005128948,-0.040032346,-0.0023928396,-0.0038043763,-0.015905315,-0.0077276994,-0.015472051,-0.013563715,0.014096836,0.03432569,-0.0051578786,0.0036159763,-0.0021568714,-0.0028712265,-0.013975425
0.015275515,0.00358646,0.008013129,0.0071680634,0.0029142061,0.0029380517,-0.024181861,0.01211589,0.00024565496,0.006180086,0.005022068,0.0031486247,0.0041260934,0.017938493,0.01202684,0.013596787,0.0035281796,0.016893467,0.0018199338,-0.0050363075,0.0015949076,0.00093127973,0.021721266,0.01889975,0.009403279,0.0024789032,5.686935e-05,0.032066405,-0.01754441,0.009864748,0.015407976,0.01517766,-0.005758181,0.0027734814,0.0049903267,-0.008242719,0.003600995,0.0029271236,-0.02890725,0.0039904835,0.008381491,0.00027806126,0.0037289038,-0.005573973,-0.000727742,0.011456424,0.0019699242,-0.0066067874,0.01568921,-0.020721871,-0.014421705,0.0046843444,-0.014558144,0.008980757,0.0065367334,0.009412485,0.0063972245,0.0055436403,0.017524919,-0.01719473,0.001405444,0.012033011,0.0061951918,-0.0035803476,-0.024827428,-0.0018835636,0.006154903,0.010651419,0.0020181825,0.014342248,0.023205597,0.015637113,0.0023773024,0.01109364,0.011842526,-0.016079692,0.015199669,0.023086227,0.012291938,0.021048866,0.012046727,0.004399374,0.003006192,0.011891515,0.0023725051,-0.028578717,0.0070225764,0.0038511683,-0.009252297,0.004810457,-0.0030701756,0.018810645,-0.0013343161,0.01959842,-0.015158188,-0.035562884,0.0007925723,0.0005706232,-0.0013760971,-0.0059637614,0.015927814,-0.006962551,-0.002827054,0.0129805,-0.013881907,-0.0021273075,0.011791649,0.015111987,0.0008983202,-0.0030112695,0.00916221,0.011478441,0.017431285,0.0009902539,0.009614217,-0.002273228,0.006063503,-0.016018381,0.0066288756,-0.0066096354,-0.0075676534,0.009276621,0.0049300212,0.013432564,-0.00034284778,0.03418051,0.025614457,0.0045388066,0.014545534,-0.004791651,0.0070200446,0.006714862,-0.0024062172,-0.0061336085,0.00685359,0.00856378,0.011487121,0.00694348,-0.0023602396,0.012912614,-0.012330199,-0.019233065,-0.013415979
0.007742836,0.0038182675,-0.004486164,-0.004858941,0.038391422,-0.006704673,-0.01685217,0.0038507362,-0.007001376,0.0018341513,-0.0040973946,0.009651438,-0.0009263512,-0.009855725,-0.0025722329,0.0030619474,0.014975225,0.007106262,-0.0021755192,0.0013794396,-0.012747228,-0.008844918,-0.009786097,-0.022785414,0.004813833,0.010235194,0.00017073378,0.0020633684,-0.0096363,0.0027489355,-0.00012357533,0.01069459,-0.008486494,0.0047250628,0.0014409609,0.029439753,0.0030490607,0.021732692,-0.024011035,0.019802742,0.0031235944,0.022100516,0.0037004193,0.012043345,0.0004395647,0.005487819,-0.0015031658,0.012023461,-0.02277597,0.00033294223,-0.0022580344,0.0029422343,0.017821422,-0.0030944338,-0.0027715284,0.004457456,-0.009584054,0.012732341,0.01572261,-0.007271372,-0.021508235,0.002769093,0.00041021872,-0.0037942473,-0.0010580458,0.0040303655,0.004045804,0.010373493,0.00878894,-0.0014718007,0.01070804,0.0091373455,0.020167643,0.0071262303,0.013951352,-0.000974359,-0.023675308,0.009325169,0.0024322914,0.048466608,-0.005390374,-0.0051731523,-0.006907327,-0.00787122,0.0065741395,-0.016881373,-0.007339267,-0.021493372,0.016062694,-0.0015963288,-0.004410051,-0.025415875,0.007505443,-0.02072784,0.019062098,-0.011274114,-0.0044743754,-0.0056087226,0.009489411,0.0003955476,0.0047781775,0.018098447,-0.0014506998,0.0046352167,-0.0062606595,0.004714179,-0.00023102202,0.0031188587,0.009000843,-0.0058806147,0.0018307585,0.013775039,0.0032017967,0.027296606,-0.00024140067,0.009403978,0.0022633756,-0.01256175,-0.011287728,-0.013668163,0.0019564992,0.010519184,0.0013785511,0.015186271,0.015650477,0.0068603028,0.009169139,-0.0011932952,0.0016274638,0.028455202,0.00024962332,-0.00012245774,0.007463118,-0.008906219,0.0057053175,-0.0073845442,0.011951416,0.007522536,0.019453514,0.00516052,0.0006555449,0.021429356,0.018771801
0.019047076,0.009458224,0.008772254,0.0038160793,0.0069831517,0.0034278128,0.010713633,-0.006944619,-0.013154095,0.0064675533,0.005403736,0.018989097,0.002242296,0.0020366888,0.004002122,0.006674971,0.000978413,-0.011007555,0.0015193941,-0.001863543,0.0027485974,0.00050890725,0.019325338,0.007065579,0.0012985868,0.006877682,8.00211e-05,-0.008132992,-0.006174814,0.0052124327,0.0073876167,0.016218174,0.0153989075,0.015848875,0.009281058,-0.013467709,0.014617094,0.013741609,0.004080017,-0.01138551,0.0016596494,0.031304814,-0.0028095208,-0.0065095033,0.0036488017,-0.0020078132,0.017499873,0.025223305,-0.0062075257,0.0029024538,0.003994385,0.0146504175,0.010561249,0.021864016,-0.014094673,-0.003674835,0.0038878848,0.01774863,-0.029306613,-0.0067629535,0.0074772653,-0.0113213435,0.013945914,0.010942289,-0.018295407,0.0020105308,0.016426422,-0.003916123,0.006695169,0.017116114,-0.011928236,0.015089481,0.013255503,0.011464829,0.00043162517,-0.022026684,-0.026468143,0.0046674567,0.010784872,-0.024092454,0.011920219,0.03683687,-0.0030171862,-0.004487442,0.0031715175,-0.0015470721,-0.0044638775,-0.01745024,-0.0039892336,-0.0045540165,-0.002212599,0.013332796,0.011961111,-0.017165372,-0.011174129,0.0055763116,0.034593582,0.032333113,0.027054265,0.012826371,0.015445635,-0.02086439,0.0011198455,0.007510606,0.0024117734,-0.0009962944,-0.000881942,0.000461475,0.009888303,-0.0038533388,0.00038570445,-0.008242257,0.014345064,0.008427226,-0.0024494352,-0.0017036451,0.0033723675,0.003953018,0.010773163,0.0117662465,0.020679403,0.011558555,-0.012052663,0.01986653,0.0135955075,0.013433049,0.016510203,-0.011682151,0.0033916542,0.013651948,0.027147397,0.0057064374,0.014591089,-0.01358784,0.015982062,0.0034938185,0.0026782537,0.009305543,-0.016577387,0.0017932188,-0.0054576322,0.053656325,0.00015820935
-0.005761603,-0.0005809879,0.0105926,0.010187052,0.034499526,0.003795552,0.01615214,0.012524295,-0.020968199,0.013906841,0.0067840097,-0.006115511,0.006065767,0.01902138,0.0012749527,0.00501846,0.009966599,0.009660134,0.021960314,0.01533274,-0.006699631,0.0121480245,0.006490158,0.008577169,0.0072242906,0.012813191,0.0011496991,-0.0069240853,-0.002804879,0.0053624464,0.029991105,0.00961977,-0.0062120855,0.0019930033,-0.011322109,0.009343788,0.05372066,0.0045456025,-0.0028357003,-0.00522564,0.023716718,0.00715086,-0.008314002,-0.037705567,-0.005814662,0.0022557415,0.0047385623,-0.011980681,-0.0059532765,-0.011100335,0.031762034,0.0034829276,0.004862872,-0.015255118,-0.0014554989,-0.00155041,-0.0042868275,0.0068499185,-0.011724737,-0.004857328,0.040304035,0.004082511,0.016070485,0.0013627354,-0.008268639,-0.011767028,0.03338447,0.0056592007,-0.038144287,-0.004322799,-0.007821856,0.0013013575,0.009690362,0.0078668725,0.0029246397,0.00971339,0.0018021073,0.008419133,-0.011649542,0.017811965,-0.001752222,-0.015652059,0.002179889,0.009176217,-0.023365092,-0.0018425323,-0.0032239482,-0.015364278,-0.008221084,0.013624475,-0.010994131,-0.039659187,-0.01815028,-0.0048014224,0.000103678554,-0.020527974,0.005183627,0.0043711253,-0.0031012092,0.0012921449,-0.007915754,-0.026615717,-0.011033695,-0.0053034406,0.022582248,-0.0031631365,-0.009977471,-0.0033042077,0.036527496,-0.0012698509,-0.007773746,-0.011660188,0.013397479,-0.0047240295,0.010003509,0.001405119,0.01680627,-0.009879023,0.0049656555,0.0022932142,0.014771776,0.011079088,-0.0028179437,0.0105719855,0.0035555195,-0.017158091,-0.015002763,-0.017797485,0.0073087346,-0.03512713,-0.017406873,-0.00033030566,0.0061821183,-0.016675338,0.005723119,-0.00823261,0.0079643745,0.0041902093,-0.010066755,-0.0034728777,-0.0059301686,-0.0103420485,-0.015501764
-0.018375767,-0.0047780033,0.018714605,-0.004073262,0.020189678,-0.021383848,-0.008771762,0.009229981,-0.034671005,0.009193607,0.005567123,-0.008015776,0.019393966,0.013098839,0.009072336,0.0052201375,0.0043925964,-0.0055472776,0.027782952,-0.0014685635,-0.010875732,-0.0048328266,0.018646223,0.03493259,-0.031606987,0.0011012228,-0.0030130884,0.00072837435,-0.0026889825,0.018462079,0.0029385202,-0.0012593959,0.011690429,0.023619352,-0.019950502,0.0013998011,-0.01691106,0.019049019,-0.0027453704,-0.004610596,-0.0011644317,-0.0055501815,0.008605231,-0.042619362,-0.0065387357,0.014687867,0.026929092,-0.025407646,-0.026191082,-0.0018886942,0.007800607,0.011831399,-0.016002692,-0.015548633,0.0037274184,-0.008472562,0.0002417909,0.01311558,-0.019265197,0.0053584394,-0.025738303,0.019649263,-0.018118842,-0.012452614,-0.031812504,-0.00072035845,0.01307917,0.013402935,0.022818483,0.003632484,0.009760138,0.015454574,-0.0016370704,0.021941554,0.01248278,-0.028273225,-0.0012034634,-0.0058401097,-0.0042823125,-0.0026692525,-0.017791195,-0.0014490541,0.008690666,0.0033848677,-0.0035362095,-0.005039457,0.013911674,-0.01900516,0.0036514401,-0.0028515942,-0.020471029,-0.015023595,0.005585867,-0.026439618,-0.03280114,-0.021997109,0.031566754,0.030783428,0.00875898,0.00015617907,0.004182063,-0.0051118396,-0.018320063,-0.009298118,-0.021278244,0.01024598,-0.00925158,0.019015735,0.017703626,-0.003561576,-0.01903529,-0.021693297,0.019154135,-0.023768902,0.016560758,-0.0055856872,0.018860051,0.002136522,0.0005942043,0.009045862,-0.019840103,-0.008452369,0.018721012,0.0041228915,0.004880815,0.009981852,0.005335452,0.006054372,0.008995712,-0.005735617,0.015321441,0.00837324,-0.014564436,-0.0359269,0.0062540015,-0.007489171,-0.008339608,0.013716811,-0.013483807,-0.0035658944,-0.027796019,-0.0037336424,-0.01735029
0.024510846,0.035247445,0.005713241,0.038495418,0.027130738,0.033166636,-0.007898575,0.008108599,-0.008456435,0.007564163,0.0056664944,-0.016346753,0.01285005,0.003786807,0.006467727,0.01022909,0.017516708,0.004837309,0.0016658306,0.018532831,0.015978381,0.0133598205,0.013905136,0.03110687,-0.016071437,0.01793091,0.011723679,-0.00804376,0.003472006,0.0034002867,-0.010661846,-0.006332379,0.01720263,-0.016652063,0.025007255,0.0053733145,-0.0062439386,0.012134372,0.008003203,0.032345194,0.024209823,0.0101718055,0.03428158,-0.0055806804,-0.0016174838,-0.003118636,0.0023499597,0.011652575,0.023213338,0.006803566,0.0048039174,0.015522008,0.02154978,0.019458603,0.022890799,0.018370649,-0.041098908,0.0058324486,0.0058569517,0.009717726,-0.014740232,0.011907984,0.029330987,-0.004793128,-0.0054033995,0.0037387447,0.008858703,0.0008745454,0.02912652,0.015084381,-0.008546073,-0.0042505153,0.015707688,0.023192577,-0.0010417886,-0.003888335,0.011101217,0.0037686606,0.012439771,0.001639761,-0.0035488922,0.012792809,0.010713007,0.003356236,-0.006877212,0.012584651,0.004439415,0.0308905,0.03064304,0.0023374278,-0.009811379,0.00039489474,-0.016392114,0.018309645,-0.0056566205,0.014268473,-0.010740884,-0.010448258,-0.0014963923,-0.008718584,-0.028484613,0.02088553,0.0029538227,-0.017578242,-0.0015322231,-0.023518618,0.033156935,0.0023731943,-0.00042817276,0.017176256,-0.010099379,-0.0031732228,0.0076066903,-0.016173147,0.0027915435,0.026326925,0.01810246,0.016779553,0.008582049,0.013877565,0.027406648,0.026078392,0.0045436164,0.001577354,0.0049631284,0.015196267,0.01151236,0.0027289754,0.0094509525,0.0421155,0.0037836106,0.008136421,-0.001697246,-0.0071511082,0.03165841,-0.003433697,0.003317575,0.0016550198,0.013714572,0.012612035,0.004769403,-0.0038574617,0.0025732946
0.004014004,0.013599624,0.023368245,0.007880749,-0.004840158,0.008146711,0.0009945892,-0.008038057,-0.00489711,0.006997064,0.017638257,-0.011740401,0.014520496,-0.00391104,0.023072574,0.024572685,-0.00050980505,0.0093664285,0.011742811,0.00067443494,0.00428784,0.012980338,-0.0030913688,-0.008389387,0.023995822,0.0010014083,0.019314613,0.0057417615,0.0036001708,0.0025422955,0.00794224,0.01097705,-0.002173053,-0.012665741,0.02361703,0.009358916,0.00416727,-0.0018778453,0.01748626,0.00011235941,0.017668404,0.0037956014,0.015902095,0.01913621,0.004327764,-0.0056147594,0.0068456815,-0.009779768,0.0081318095,0.031681526,0.013546805,0.023279052,0.0046900725,-2.9256567e-05,0.010028524,0.034332305,0.022455867,-0.029390171,-0.006406678,0.009255798,-0.009960543,0.027142297,0.008603922,0.00081513636,0.01390045,0.006158498,0.0061619133,-0.00036646705,0.029433537,0.0068355473,-0.009446733,-0.010262854,-0.013168344,-0.029616054,0.00016672257,-0.0047232695,0.019075304,-0.0009941105,0.022113204,-0.0026791282,0.04482747,-0.00968538,0.015809476,0.00064273924,0.003674767,0.0056952755,0.019461699,0.0058631706,0.004634386,0.018206898,-0.0044337157,0.011907089,-0.0218178,0.030301185,0.009639151,0.020050973,-6.795768e-05,0.00053228345,0.0058355816,-0.011232153,-0.024266124,0.02788304,0.007735688,0.010030577,0.017417809,-0.0019667968,0.021947503,0.04180783,0.0058889054,0.03810396,0.0033113612,0.0064257015,0.008054629,-0.013097465,0.0001687482,0.021707976,0.002681449,0.018646713,0.023239221,0.0087827025,0.021434868,0.0009528948,0.026365366,0.007952365,-0.019070249,0.008561529,-0.016294539,-0.0011140881,0.008625919,0.005891805,-0.0017214883,0.009261975,0.027994536,0.0068444153,0.022004701,0.02263828,-0.0034599937,-0.018359322,0.017541995,0.0017271815,-0.03327118,0.022501426,-0.0053140763
0.0025980957,-0.00094374735,0.009537148,0.008605501,0.022233713,-0.0062686875,-0.021719526,0.009964066,-0.0012301533,0.017519673,0.001668496,-0.0032474687,0.015158008,0.0006277468,0.0040296074,0.006299737,0.01433993,0.013262657,-0.0030997917,0.0020491583,0.0044891406,0.01445318,0.0015428141,0.011410847,-0.009750729,-0.018070376,0.005249598,2.6755966e-05,0.0191958,-0.00028062984,-0.02262194,-0.0037238095,-0.00012001488,0.0040411446,-0.009234829,0.0155001525,0.023336563,0.012236084,0.023186188,-0.02190394,0.0014691986,-0.0016609421,-0.0009321533,0.015613208,-0.010835474,0.008129202,0.015701726,-0.015772121,-0.0030721826,0.028955199,0.003940333,0.0019159848,0.0077753845,-0.0059435964,0.0014086245,0.013774991,-0.0068208035,-0.03745955,0.013038373,0.022579705,0.0023094555,-0.0016989559,0.007547,-0.012732472,0.005675196,0.0013124878,0.00888556,0.006978869,0.0038371584,0.004881555,0.01845569,0.004410414,0.019176599,0.012847009,0.009041619,0.00021195225,-0.0012820158,-0.0057673864,-0.0023717294,0.004222075,-0.023403652,-0.0032445677,0.020785116,0.008905956,-0.008525586,0.02788273,0.0025459295,0.005836798,0.00013257097,0.023875246,-0.009353057,0.020246252,0.044484496,-0.017498827,-0.006264653,0.019404925,0.028724276,0.029143061,0.0096221715,0.039558735,0.007504834,0.036972333,-0.007828463,-0.0009386586,0.011540142,-0.0034591611,-0.0029392336,0.0044552395,0.017885894,0.008744389,-0.0012341999,-0.008188702,-0.003945113,0.01394866,0.0031203832,0.0031069433,0.010967775,0.017408624,0.0028118612,-0.003554062,0.0047234613,-8.779578e-06,0.011611808,-0.010574445,0.0051577203,0.0048214737,0.0034222398,0.005773737,0.004628986,-0.018661,0.010583658,0.0048790984,0.029636515,-0.009634158,0.0022694953,0.0079578925,-0.002114389,0.016291263,-0.010090025,-0.01126725,0.006658773,0.0011490537,-0.020167008
0.010780799,0.0015138853,0.0090690795,0.012656616,0.026278153,0.01915497,0.002101914,0.022043774,0.030303197,0.013916979,0.013595595,0.009364641,0.018753016,0.02786065,0.007309365,0.017175,0.002230092,0.0233671,0.029539777,0.017792068,0.026139822,0.018523289,0.009164247,0.013890949,0.06284338,0.025722077,0.026522242,0.03632287,0.016229967,0.045963466,0.04624228,-0.010519335,-0.0015591867,0.02426837,-0.010098126,0.005068636,0.013495794,0.013638767,0.008841876,-0.003765069,0.01251472,0.0008447096,0.013751952,-0.0029194746,0.03621244,0.03958667,0.038523436,0.024589252,0.04104168,0.012192206,0.012261231,0.005193931,0.018287268,0.012069808,0.02234669,0.027419183,-0.013395587,0.005716363,0.030313127,0.0180396,0.023364821,0.013375641,0.015529368,0.034049436,0.03479099,0.011803425,0.0018945392,0.03426871,-0.0010798927,0.0035917806,0.032078505,0.010168896,0.005539821,0.005166882,0.029299082,0.043809615,0.024842681,0.03562158,0.0148806665,0.0085735675,-0.0039294763,0.020035477,0.01630816,0.024788795,0.046291523,0.021873523,0.01476952,0.025325265,0.020522323,0.013933322,0.024926914,0.022731753,0.010755744,0.017219732,0.057734866,0.013774694,0.026077006,0.02686487,0.05188843,0.01421625,0.026813254,0.0036194855,0.016047942,0.03187527,0.0056944075,0.040904526,0.016970381,0.052545402,0.0060395156,0.009746507,0.039910518,0.04786066,0.01280554,0.04041431,0.027807808,0.02169004,0.034268722,0.0066477107,-0.004599724,0.0013098335,0.013437374,0.011910289,0.013408824,0.029295394,0.018266063,0.008847122,-0.005334515,0.0020453539,0.016715508,0.0009617731,0.028706668,0.010367224,0.0045333877,0.030955989,0.008075759,0.008437499,0.020085348,0.009366742,0.009251032,0.019045867,0.030508876,0.014160142,0.011443099
0.016887806,-0.0005023936,0.012914611,0.038317848,0.0149428025,0.024867501,0.013539166,0.01928241,0.02215665,0.015726158,0.01154323,0.013706182,0.011000324,0.008458953,0.014569528,0.010417463,0.01637564,0.0074565765,0.011077302,0.020043936,0.028793402,0.02040001,0.015077267,0.024485506,0.0061872415,0.02485229,0.040033296,0.016233552,0.030298457,0.014600283,0.010059873,0.0055867843,0.02039354,0.013108854,0.02697014,0.016297374,0.0068193483,0.005297335,0.01416808,0.035954684,0.012860908,0.015461305,0.021368863,0.0296073,0.022250509,0.020136014,2.2594817e-05,0.030938994,0.009173241,0.027251791,0.0030006012,0.011589037,0.011389591,0.029397933,0.051992603,0.028028876,0.036020443,0.033556264,0.020799413,0.031083353,-0.0021053106,0.012509371,0.012643168,0.017803416,0.030937793,0.027675735,0.012663877,0.022988047,0.0037825457,0.0024197632,0.010409765,0.0122545315,0.026430871,0.008116363,0.027141264,0.008972159,0.035118986,0.043925475,0.02946123,0.019281503,0.028710864,0.035331313,0.01194787,0.014850425,0.014524058,0.021928232,0.014950782,0.025366835,0.04050114,0.016434584,0.023292838,0.016057022,0.04281576,0.02622572,0.031982727,0.024517955,0.019495677,0.020645112,0.0075050895,0.010639132,0.0062172893,0.020162622,0.0034571448,0.031164352,0.011149984,0.027522476,0.006051462,0.006383845,0.009558704,0.016272783,0.022176571,0.037533343,0.0070767635,0.03667054,0.015593046,0.007945838,0.0043590534,0.035893675,0.0071480162,0.028039856,0.013051383,0.023008235,0.0072816755,0.023832206,0.033684336,0.011180432,0.01028285,0.009864619,0.020496637,0.028932186,0.018033916,0.008680891,0.01852097,0.03907644,0.016821764,0.016836999,0.012821712,0.03980083,0.021891432,0.015436076,0.0448778,0.018142127,0.031025978
0.0018580165,0.021584462,0.026445301,0.02788417,0.021260938,0.015529555,-0.0062377267,0.013148038,0.022390645,0.013537869,0.010017022,0.006349186,0.0035746954,0.019821584,-0.013593366,-0.003434131,0.00028971862,0.00021753181,0.0077987984,0.00299046,-0.00048047304,0.014076645,0.022204567,0.0039343233,0.018982308,0.0052812435,0.0008758828,0.0060597463,0.018074993,0.013862144,0.038065113,0.0041560023,-0.0099205,0.0058972742,0.010706728,0.0208604,0.008978004,0.0039762356,0.011311751,0.0008116495,0.023524493,0.0013501057,0.021178177,0.028373959,0.011553529,-0.031051677,0.0009102756,0.030927096,0.014827469,0.0077266805,-0.0045700055,0.02052171,0.050662287,0.018304324,-0.012586355,0.0023785084,0.010500411,-0.00036817417,0.009457698,0.008336265,0.0028308062,-0.0026187263,0.0055955253,0.016974438,0.00063451007,0.008222278,-0.00086307805,-0.0028505009,-0.0006955052,-0.015500713,0.007930687,0.017060975,0.0041516307,0.0024281917,0.008307954,0.02015819,-0.015535448,0.0066434657,0.008384281,0.010359355,0.015231637,-0.01151876,0.008063328,0.008966911,0.010556174,0.012429047,0.0044759335,-0.0042600688,0.012382732,0.0041708364,0.017337369,0.0051463754,-0.0005781846,0.018089391,-0.0059807226,0.014409125,-0.007524971,-0.006984137,0.020443365,0.006296972,0.020169415,0.007758925,0.013500407,0.018646121,0.0074751824,0.006523644,0.0070452243,0.0159501,0.006979621,0.0144982645,0.0020371117,0.0057785856,-0.009955388,-0.005338423,0.0008134898,0.015221162,-0.0017223554,0.013413331,0.02412986,0.025333952,0.007961481,0.010799377,0.026342569,0.050963216,0.003250096,0.029627342,-0.00834986,0.004266375,0.023915598,-0.03139854,0.037842575,0.008305787,0.025273133,0.0230846,0.0052224207,0.024116311,0.011728888,-0.003696383,0.02678005,-0.015582517,-0.009002095,-0.0016263928,0.0059913592
-0.00018652529,0.0075628175,0.00572268,0.0030889101,0.01564781,0.016551008,-0.0035023922,0.0012781378,-0.00081486814,0.016133737,0.015249991,-0.0033143489,-0.0069445614,-0.0006165225,0.0005918043,0.0051151626,-0.011515524,0.008508523,0.03002194,0.00599139,0.009192886,0.013438696,0.004100538,0.009765525,0.005957372,0.008315785,0.004492625,0.011354531,-0.0066263657,0.018495752,0.025103647,0.004804206,0.016277082,0.0415812,-0.0077758282,0.01200903,0.030444982,-0.0031383438,-0.010852851,-0.0232437,0.01627237,-0.007776372,0.0020774202,0.0018604072,-0.000314028,0.00997226,0.011964956,0.007467622,0.022284627,-0.009569339,0.0060523506,0.0071937554,-0.0012485264,-0.038774118,-0.016149137,-0.012639642,0.004034936,-0.0036740294,0.03027548,0.0024187034,0.015984543,0.0068570357,0.020010473,0.032915615,0.0013358919,-0.02004278,0.0027995436,0.004573065,-0.013075929,-0.027204864,0.035754967,0.0065150675,0.020679379,0.008939621,-0.008646673,0.03042758,-0.016998496,0.015745368,0.016856179,0.006124775,0.00063963514,0.0007867897,-0.005245313,0.003827259,0.001386404,-0.01956478,6.3106418e-06,-0.0029409006,-0.0077968184,-0.0017044861,-0.008030999,0.0019983873,0.030834436,0.0025247931,0.00044806674,0.012636514,0.017585093,0.017765846,0.016003944,0.005484821,0.008816997,0.0064412663,0.0045599886,0.02273268,0.017839562,0.016711842,0.0045001064,0.015088604,0.0029052533,0.0036775917,-0.007537743,0.007738997,0.0025583962,0.03553515,0.012914758,-0.0071293786,0.008632076,0.012708711,0.0011885054,0.006281929,0.006216388,0.0025219023,0.009448443,0.01905297,0.023984399,-0.019656535,-0.02834595,-0.003953336,0.006293319,-0.02334755,0.014224446,0.014796973,0.0052872626,-0.00269082,0.008475637,0.005548708,0.009683636,0.026077652,0.008364288,-0.016610805,0.049390607,-0.012322117,0.009958591
0.043757617,-0.0027984697,-0.0063337795,-0.017288122,-0.008421948,0.01092654,0.004056955,0.0031543337,-0.0013501467,0.016796838,0.015769392,-0.0036052736,0.027405683,0.019680163,-0.004143594,0.005650051,-0.0074273627,0.0063229,0.0096173985,-0.024016656,0.04869401,0.006943834,0.008594032,-0.006454909,0.0031933952,0.016151361,0.0027162163,-0.00424606,0.008408548,0.007314033,0.009169486,-0.008915281,0.016128926,-0.0030081384,-0.014762677,0.004275568,-0.018306674,0.0034685163,0.020670244,0.019517055,0.007864975,0.008107824,0.012771314,-0.043167375,0.0109355645,-0.0022790423,-0.00024836604,0.0014644414,-0.0008803671,0.03212644,0.00088221394,-0.0027233781,0.0068493458,0.0109189665,-0.009847829,0.015577568,0.00715725,-0.0009232564,-0.008783963,0.020308606,0.0073574106,0.017543513,0.014098495,0.00861798,-0.015746575,0.0046725986,0.009517965,0.01863276,0.009147232,-0.0061961524,-0.008285867,0.00043343287,-0.0022433195,0.0034398371,0.0070406566,-0.010188717,-0.0016160076,0.020979881,-0.010426976,-0.007039793,-0.011753967,0.016285125,0.015576212,0.008610447,0.009580416,-0.0048432257,-0.0034056222,0.015159685,-0.002541814,-0.011717087,-0.00472405,0.0049457084,-0.026961721,0.02042061,-0.017808963,0.006266654,-0.00050235353,-0.00018437766,0.009224136,0.012408055,-0.016278144,0.0033073341,0.008253208,0.010256464,-0.00391658,-0.0065718014,0.046031736,-0.011821112,0.0051760445,0.002767169,-0.007168168,-0.0018321583,-0.0040227175,-0.0072942227,0.019863572,0.0063683507,0.021566803,0.01842738,0.008195697,0.019232254,0.001710467,-0.006944444,0.011116654,-0.010224152,-0.0083497055,-0.023079257,0.018053027,-0.024491876,-0.005939577,0.012540296,0.004614485,0.0013233898,0.01669183,0.008789811,0.009837482,-0.026568912,0.008631743,-0.007329358,-0.004124224,-0.029472739,0.006122091,-0.0021908954,-0.0009964816
0.005529995,0.022615384,0.020993672,0.022346504,-0.006244177,0.02376366,0.014391767,0.027187966,0.001766244,0.018998316,0.01712124,-0.00030426867,0.0035516387,0.004379918,0.009583354,0.0035449946,0.024754193,0.025074305,0.013391305,-0.00013200287,0.012887738,0.01121357,0.023852855,-0.0028653545,0.007613628,0.006192643,0.0083718505,0.006710229,0.024594806,0.0129337,0.0023559006,0.05708675,-0.037035506,0.015170824,-0.011020418,-0.022853378,0.01968408,0.017541507,0.013312354,0.024431817,-0.0013606176,0.017063001,0.010750103,-0.021029197,0.0059511135,0.026192702,0.009928073,-0.0022033993,0.008032931,0.029508773,-1.5504658e-05,0.045174383,0.00873463,-0.016585754,-0.0006422177,0.016598798,0.0025027934,0.010164167,0.026353464,0.012658379,0.007942396,0.011619388,0.021598589,0.015019751,-0.0101142265,-0.004613528,0.016351186,0.024126893,0.0038597034,-0.0015201569,0.028576892,0.038734216,0.015389298,0.026553623,0.014285572,-0.0008354522,0.010917507,0.004324743,0.0037072413,0.0015056124,-0.012888141,-0.0032897377,0.02455616,0.028989043,-0.0102767255,0.017136665,-0.014149845,0.030423135,0.0078054247,0.0082004685,0.009604014,0.009969868,0.012435642,0.0054842196,0.023336714,0.016678693,0.014777426,0.013239296,-0.0055013485,-0.021757841,0.01300742,0.019903012,0.008705569,-0.0048536267,0.016296808,-0.0027490752,0.0010372596,0.0056618573,-0.0034853844,-0.00092453044,-0.04391025,0.0023329332,0.014460725,0.0049507143,0.0062819766,0.019345473,0.029419277,0.019207634,0.022338994,-0.01858355,0.022210095,0.02193233,0.013630467,0.008524864,0.014908113,-0.0024116207,-0.019082591,0.012829782,0.014141602,0.03329342,0.015009658,0.03621264,0.013744789,-0.009815795,0.0135873845,0.0064000003,0.014795208,0.0119411945,0.0133927055,0.0039307317,-0.0036239661,0.0015741037,-0.008912493
0.0132286325,0.033737894,0.0070205186,0.011031097,0.007686521,0.03642632,0.017552253,-0.0009986712,0.0050056186,0.010856894,-0.0147987865,0.0011733621,0.0023058997,-0.0014446191,-0.005830586,0.0012734123,-0.022256553,0.0052641085,0.0012278855,0.030456064,0.009369591,-0.0097944345,0.004894532,0.0024794005,0.001787439,-0.008068215,-0.004712738,0.004799093,0.0017229002,-0.0045731924,-0.008532546,0.00536789,0.014354261,0.011211124,-0.026939236,-0.00545772,0.0038316683,0.0016050898,-0.004155429,-0.0010657785,0.014055373,-0.0038856883,-0.0018324135,0.0016612783,-0.0102893505,-0.00037704874,0.017118447,-0.005018113,-0.010293391,0.0024213037,0.0048057702,0.020102192,0.007352183,-0.03869256,-0.0043451637,0.016322076,-0.01419593,-0.007776521,0.016700553,-0.0027410528,-0.0072752517,0.020517785,0.007205088,-0.018418366,0.0028299214,0.00771863,-0.001324364,-0.007386634,-0.004663922,-0.027708568,0.02173965,0.008200109,0.010704725,0.015620327,0.0070753866,0.009402109,0.0020015445,0.0010945005,-0.026834566,-0.0033601094,-0.02211785,-0.0012779217,0.0068879947,0.007335658,0.004091978,0.013628861,-0.008193774,-0.006792603,0.0039070277,-0.000640776,0.008523305,-0.0049140826,-0.014555531,-7.815566e-05,0.012948621,0.0022467468,0.0036001923,0.002213155,0.008117589,0.011597286,0.010304322,0.018734526,0.016626308,-0.010378296,-0.02929682,-0.008130522,0.00596802,-0.00039551686,0.004398419,-0.0046858415,0.0065823584,-0.0011549769,0.005133109,-0.005685255,0.005032949,0.0033782683,0.00878236,-0.0077305604,-0.007272754,0.0018268377,0.022060823,0.010972729,0.008033656,0.007985513,-0.009608462,0.0057049515,0.001874066,-0.009104315,-0.005058298,-0.0026925523,0.02610134,0.005366512,0.00018396601,-0.008323381,0.0054845503,0.010637907,0.0128544085,0.012062741,-0.009212514,-0.028347425,-0.010304898,0.007840101,0.018127576
0.00039220415,-0.014970411,0.0061290334,-0.008102544,-1.2212433e-05,0.0033896174,0.003157489,-0.022251118,-0.011843342,-0.0023723328,-0.014388241,-0.012251137,0.020426039,-0.019585961,-0.016309015,-8.8813715e-05,0.0060819667,0.03983579,-0.0012171948,-0.019089922,-0.003966056,-0.015902882,-0.0036804657,-0.017775372,-0.018673627,-0.008584134,-0.020934403,-0.01637845,0.006650593,-0.0144638885,-0.005708486,-0.010880444,0.0135884285,-0.028053612,-0.026019383,-0.016800364,-0.009797281,-0.020521063,0.0013340609,-0.005916141,-0.013757125,-0.002464435,-0.0078594405,-0.0122067705,-0.028198946,-0.023752674,0.018701585,-0.0031309659,-0.01117371,-0.0060797,-0.0302089,-0.016999591,-0.006879734,0.00032754615,-0.0011203149,8.168444e-05,-0.025937699,-0.03859558,-0.030145012,-0.00793891,-0.015421553,0.012896045,0.00512366,-0.017280418,-0.012851803,-0.02238996,-0.02518868,0.0077831307,-0.0069151763,-0.002189329,-0.020237975,0.0011352394,-0.008775495,-0.0032078885,-0.0048053134,0.04545539,0.022796413,-0.014810108,-0.027787302,-0.0011193203,-0.028407384,-0.0162707,0.010914618,0.018299986,-0.008113019,0.00030834135,0.015913187,-0.02348004,-0.008679701,-0.022672102,-0.0017186617,-0.021976206,-0.026106212,-0.014026212,0.0010390151,0.005727724,-0.018341748,-0.01894986,0.00051994715,-0.018809374,-0.010536984,-0.015467567,0.0067160996,-0.021633256,-0.03769494,-0.017262524,0.011879757,0.008321717,0.016051544,-0.004967699,0.0029554926,-0.018602068,-0.013159927,-0.009548996,-0.0027868971,0.0049200268,-0.021575779,-0.019466033,-0.017599814,0.0028137648,-0.015554393,-0.03076585,-0.0044215024,-0.0152782835,-0.027427461,-0.00033592246,-0.022089966,0.0060627987,-0.026945177,0.010352213,-0.010130566,0.006681018,-0.016474212,-0.0053567477,-0.0064345878,-0.009971367,-0.010875892,-0.026206695,-0.001579959,-0.0060409643,-0.007358605,-0.011258578,-0.026150554
-0.009438999,0.017842405,0.003916961,-0.0017404081,0.00037865527,0.020241963,0.02529889,0.0020772256,-0.0013214862,0.0010767942,-0.02224297,-0.0031708777,-0.0028647091,0.0014122026,-0.015767438,0.010847137,-0.0005232403,-0.015240254,0.0032148762,-0.014193291,0.019417103,0.00043559354,0.008767705,0.00018024724,0.0031593954,0.005075895,-0.0030762265,-0.00092740264,0.004414515,0.006891596,0.0174442,-0.0075532887,-0.0149711855,0.0050216527,-0.008074241,-0.0076351464,-0.008159695,-0.011900606,0.0070712576,0.008365119,-0.0031538168,-0.008913437,-0.011814531,0.008783862,-0.0024586227,0.007848906,0.009200819,0.0013276422,-0.0043829847,-0.008176034,-0.0133642405,0.010678094,0.010653874,-0.0076683834,-0.015685428,0.0050603775,-0.0076438915,0.011000309,0.009705936,0.011839819,-0.0047483034,0.0017499309,0.013016915,-0.0134956315,-0.00093654264,0.035345964,-0.019010037,0.0027436353,-0.002423306,-0.005108651,0.015949374,0.016807476,-0.00047502294,0.01643077,0.01039345,0.009986592,-0.019509047,0.0013434328,0.0057597347,0.00030938908,0.023485342,-0.0032865694,0.011606203,0.010547069,0.0022045672,0.0074740285,-0.029033817,0.0131100435,0.007870494,-5.878322e-05,-0.0031645764,-0.008465525,-0.0011801682,-0.002657419,0.0070958585,0.0021916814,-0.0015545683,-0.0018573627,0.01296078,0.01563647,0.02653177,0.0063542584,0.009326464,0.003706295,-0.010557402,-0.006208418,0.02741987,0.00013803132,-0.0007951893,0.00798896,-0.0033616023,0.005069735,-0.0021328833,-0.007886564,0.012628781,0.010685474,0.002435863,0.008323694,-0.012471041,0.03517674,-0.010083828,0.005505588,0.0115039,-0.003721267,0.002015682,-0.023397662,-0.0024777222,-0.008306049,-0.023149658,0.01872132,0.011321441,0.0048449673,-0.012804093,0.0079510305,0.0015580663,-0.01397449,0.025944632,0.019685676,0.0026987381,0.0016794056,-0.0052820146,-0.0034038275,0.003656541
-0.0030677682,-0.017975979,0.0077001834,0.004259048,0.013804428,-0.0011614794,-0.02300873,-0.022747912,0.00046557002,0.00309439,-0.01646094,-0.010839682,0.016381502,0.00376071,-0.01735541,-0.0005843658,0.0027053626,-0.0008608615,-0.023922015,0.009175053,0.019278113,0.003929222,0.003649786,-0.007547604,-0.00050487835,-0.016395617,0.0008609751,-0.01121714,0.008491159,-0.01968541,0.007648729,-0.010095343,0.029028215,0.013247568,-0.005312562,0.026568057,0.0064593325,0.00046209712,0.02746816,0.025409834,0.00094039086,-0.0026465245,0.011068482,0.0012224372,-0.0117495265,-0.030034628,0.0025011804,-0.01549815,-0.0015558377,0.019372057,-0.0005326476,-0.0026062997,0.008638625,-0.0121712,-0.024517067,0.018879417,0.0022647306,0.0017796066,-0.015898112,0.021481134,-0.018060982,0.0045131524,0.020698324,-0.01760975,-0.006510712,0.02304696,-0.002455932,0.0042081717,-0.0013807127,-0.024930209,0.008748758,0.01647374,0.005113344,0.008411015,0.03041658,-0.02106027,-0.013279516,-0.01559159,-0.009314934,-0.00024272222,-0.018708311,-0.0042994563,0.0057508023,-0.00434264,-0.0048718806,0.0058200425,0.022009484,-0.013572156,-0.0013425006,-0.0027022185,-0.005818717,-0.016312374,-0.00044579897,-0.010069422,0.016646158,0.015485987,0.004005473,0.00406464,0.031857528,0.015189993,0.012954793,0.013810075,0.01682908,0.006296324,0.0088572325,-0.0109401755,0.004822667,0.01061234,-0.018932834,-0.004701834,-0.001135014,0.0018956251,-0.0032542218,-0.0046785455,-0.013959922,0.004986876,-0.0102183465,-0.0064188577,-0.00089858286,-0.0098172575,-0.0018904433,0.01784534,0.01299077,-0.02264202,0.023713915,-0.041556533,-0.024814017,0.013329305,0.008895642,0.014995927,0.025096968,0.010758215,-0.0025601154,-0.008875247,-0.0015560789,-0.0026195776,-0.017713016,0.0024435967,-0.038549703,-0.01296263,-0.008198202,-0.0025661793,0.0038950848
-0.017150784,-0.041951627,-0.0069756918,-0.008212386,0.0018412191,-0.01314489,0.051482737,-0.0012609567,-0.012849929,-0.005084377,-0.012111923,-0.01671096,0.004263532,-0.014293715,-0.0004618792,0.0044297413,0.013845755,0.008795541,-0.0013720905,-0.025713876,0.002480629,-0.02185874,0.0032478701,-0.0034026885,-0.0032102233,-0.016461745,-0.023948532,0.013413664,-0.017677192,0.00820914,-0.00510427,0.032389175,-0.044393368,0.051410906,0.0026831543,-0.030805808,-0.016725447,-0.018102227,-0.022017725,-0.044739947,-0.015561886,-0.010518093,-0.012169387,0.006329939,-0.015575616,-0.006204691,0.013108419,-0.015999772,-0.022976626,-0.0102658365,-0.017194903,-0.003439824,0.00816691,-0.013107639,-0.015799565,-0.03584239,-0.005900068,0.0009470377,0.029289838,-0.026661642,-0.027339876,0.024582122,-0.025842648,-0.015625855,-0.01012902,-0.026840974,0.0025184676,-0.009861626,-0.016366588,-0.0013959184,0.024558939,-0.027586386,0.0060737026,-0.019149102,-0.025614705,0.019048339,-0.032429572,0.004037936,-0.0160766,-0.009308271,-0.033918835,0.001297201,0.0009525772,0.0111195715,-0.023003962,-0.0193582,-0.013836425,-0.026300926,-0.010625288,-0.023827828,-0.00965314,-0.009977451,-0.0006064903,-0.009998001,-0.0037781568,-0.022922207,0.009526112,0.009192623,0.0007734783,0.038453892,0.0033655548,0.009134989,-0.005417319,-2.4123117e-05,-0.005214747,-0.012430515,-0.00920747,-0.010405123,-0.020632062,-0.012460733,-0.024116304,-0.004874129,0.037847172,-0.008328445,0.013619969,-0.016595736,-0.020640206,-0.019989539,-0.036861602,-0.01533227,-0.0004224889,-0.019287871,-0.027702712,-0.013335178,-0.015998606,-0.001968436,-0.0050529875,-0.0015542721,-0.017090464,0.005422174,-0.019364923,-0.01678985,-0.01937434,0.0022676364,-0.0068501644,-0.027465064,0.010671404,0.015809929,-2.0823441e-05,0.008926117,-0.01007513,-0.012131292,-0.025718093
0.006384901,0.049735546,0.006876824,0.010537799,0.006726362,0.032222725,0.005565856,0.028526045,0.0060899085,0.017387636,0.03376526,0.009500137,0.0028568637,0.023169426,-0.0016413294,-0.030542552,0.0005185129,0.0066047385,-0.0015655197,0.007145333,0.014825657,0.020196633,0.016961504,0.0236926,0.0027048038,0.034953337,0.021462386,0.026500875,0.0051154983,-0.0037436178,0.0027714772,-0.037282318,0.023829263,0.011431683,-0.008294281,0.011215932,-0.0021234117,0.03612496,0.005750096,0.012798242,0.0042581884,0.01587268,0.031190222,-0.0038174791,0.008078566,-0.0006379988,-0.018484116,-0.0009626439,-0.0019628806,0.019615497,0.007877231,0.014050501,0.0074735386,0.018888775,0.0075452887,0.014507899,0.006612697,0.007854409,0.016486362,0.01998853,-0.0044549834,-0.0071440823,0.013041474,0.009059015,0.0018301625,-0.0130806565,0.012142329,0.014249383,0.01802718,0.013359258,0.02203992,-0.00615054,0.0071142064,-0.016819363,0.0115305,0.010811283,0.011248916,0.0009444123,-0.0032741576,0.00028274208,-0.010804204,0.01289223,0.00935,-0.0046906676,-0.012880504,0.0112703545,0.044063512,0.002397635,0.003562712,0.008065419,0.032731872,0.0117979385,0.0006233286,0.01102115,-0.0007928228,0.012397169,0.0043602926,0.003985028,-0.0005526263,0.010121722,-0.0068678875,0.0042390004,0.02577417,0.0013009338,0.015890453,0.0022194982,0.005498464,-0.006145017,0.008242473,0.016848456,0.00081703626,-0.004607197,0.035547845,-0.010401448,0.0009609731,0.024365868,-0.004056073,0.0046597095,0.017906997,0.012560985,0.00017258432,-0.0010019066,0.01280203,0.0076382253,-0.016222367,0.02992792,0.014611715,0.016229747,0.043181907,0.012030691,0.008494082,0.020750802,0.009269691,-0.004888337,0.035041895,0.014450796,0.03187874,-0.015097594,0.012392489,0.010198127,0.007688936,-0.0012183394,0.011466182
0.013560447,0.02707378,0.02490899,0.012701562,0.015402881,0.012104909,0.011881013,0.04677437,0.011574087,0.008575109,0.030806696,0.0051510986,0.006312787,-0.0026010638,0.020063374,0.009327102,0.04892012,0.03808163,0.011067115,0.018073965,0.004866768,0.0014309501,0.007823583,-0.0055360775,0.015730018,0.04458581,0.02265776,0.008008634,0.023403455,0.017287193,0.0057532946,0.009882082,-0.022939533,0.026880361,0.020516038,0.026374554,0.009129987,-0.014515962,0.01966719,0.036784958,0.023068376,0.0027279146,0.038257748,0.019228458,0.013112225,0.008052792,-0.0018578861,-0.0027969116,0.026106605,0.005985072,0.013431634,0.010358797,0.015170563,0.0048914813,0.009053562,0.019648336,0.013267963,-0.000105960295,0.0007522376,0.018022964,0.0056604836,0.005296461,0.011580326,0.0026019234,0.005856964,0.007989675,0.018965404,0.018883277,-0.0050289575,0.008016136,0.0052669495,0.008369475,-0.023006983,-0.0057993215,0.048184406,0.0007543722,0.032442138,0.011370804,0.02085607,0.049772106,-0.0011413582,-0.00069806725,0.022211079,0.019556822,0.028103568,0.008937139,0.031878542,0.0063566775,0.006039305,0.030245332,0.04071232,0.019745432,0.0023726076,-0.0016664527,0.0041669263,-0.0021430803,0.0014035674,0.0014826357,0.006488607,-0.023259051,-0.0021268614,0.012752393,0.022721585,0.010831162,0.017044697,0.004297009,0.014155333,0.0074859196,-0.014844734,0.0028977664,0.0034812633,0.005691165,0.023384443,0.004392797,0.013413228,0.009413717,0.026256785,0.0021446561,0.0009086039,0.034204982,0.005950138,0.015637547,0.015624948,0.01705779,-0.01130986,0.02835378,0.0038735662,0.017195947,0.021801045,-0.017163876,0.0056454744,0.013426192,0.004431788,-0.00020320807,0.0069298362,0.017622951,0.0010991665,0.011064264,0.019684942,0.0037677875,0.002953574,-0.0029928098,0.0003401395
0.005245649,0.0070560183,0.005219052,0.018576365,0.014990189,0.005242983,-0.016258571,-0.009709781,-0.0028795814,0.007687268,0.005813477,-0.005025033,-0.013575748,-0.02015518,-0.018907547,0.00012259651,-0.019694814,-0.008330237,-0.013672415,-0.021645498,0.003919131,0.0010933299,-0.012044059,0.011189038,-0.008831518,0.0022532651,-0.0072940513,-0.0081040375,-0.0033943448,-0.010644715,0.0053213127,-0.0027631596,-0.03288716,-0.012458719,0.014906683,0.043733418,0.0011107204,-0.030553654,0.00065630116,-0.0127052665,-0.01625083,-0.043085206,0.003280988,0.0012869257,0.0015293024,-0.011753146,0.0056659565,-0.020765655,-0.0052848645,-0.0022622645,-0.015771836,-0.016277688,0.0021336041,0.007031791,0.0005211979,-0.025348254,-0.0027475068,-0.016371213,-0.0049155634,-0.013571687,-0.0056135394,-0.0067648906,-0.009118877,0.00320597,-0.015028145,-0.0122533515,-0.010724336,-0.032309942,-0.0005124789,-0.0057267603,6.023608e-05,0.0019670594,0.0005893409,-0.01876342,-0.018304082,-0.01067443,-0.023101743,-0.012244061,-0.011042904,0.007413503,0.0014911164,-0.036232155,0.012840568,-0.0052346624,-0.013648283,0.011946343,0.010839693,0.004954013,-0.0017727893,-0.015268158,-0.006044131,-0.019505965,-0.025814325,0.00485304,0.0035149883,0.005712321,-0.012778172,-0.013672657,-0.00081731845,-0.0066497047,0.0027174577,0.0030142907,-0.015590617,-0.00045447424,0.0148001015,-0.015011547,0.004559474,-0.0050782207,0.0018778238,0.0013238369,-0.0147382505,-0.004675964,-0.0003074212,-0.013010105,-0.03751273,0.0026992476,-0.023909781,-0.01296876,-0.016261106,-0.03148177,-0.0018539401,-0.011564283,0.0019627064,-0.009840177,-0.022350509,-0.0048429836,0.0059128236,-0.0055447426,-0.015936699,-0.04521176,-0.013410358,-0.014163494,0.03298889,-0.0011741137,-0.0078659635,0.0050830385,-0.022606209,-0.01763929,-0.0064553805,-0.0017015254,-2.8170645e-05,0.007221782,-0.022044487
0.019383531,0.008695705,0.010171027,-0.0010945033,0.018446233,0.005986896,-0.024714544,-0.029348407,-0.019252373,-0.008739205,-0.012929238,-0.031794902,0.0019879602,0.010156639,-0.0014372133,-0.011529293,-0.037565295,0.009267984,-0.00014309585,0.0005350197,-0.009344576,-0.0022685053,-0.03119246,0.0057163322,-0.020672165,0.009130858,-0.022463083,-0.033968072,-0.0071705077,-0.01286741,-0.0012953188,0.006346915,0.004452266,-0.033425927,-0.007938338,0.007779496,-0.015852552,-0.0267291,-0.014597036,-0.0318303,-0.031433932,-0.013085524,-0.0035950933,0.008661759,-0.023915228,0.0010854974,-0.025601462,-0.018767042,-0.009688478,-0.018567182,-0.026099395,-0.009211011,0.0041554454,-0.0032429295,0.007299255,-0.020921446,0.0056255762,-0.009402601,-0.018901983,-0.003611559,-0.012979601,0.016259126,-0.008656532,-0.01086673,-0.0122487005,-0.019905739,-0.022955041,-0.006647339,-0.018143898,0.0030464837,-0.029448692,-0.021959715,-0.014566055,-0.009743761,-0.035572454,-0.018484691,0.004091588,-0.0107581,-0.017706282,-0.01922734,-0.007658761,-0.03106914,-0.0029360047,0.0047218725,-0.018060002,-0.010082878,0.010643947,-0.019557869,-0.013336731,-0.031936746,0.011372326,-0.021950528,-0.022081595,-0.027073763,-0.014050158,0.0037414832,-0.034691263,-0.034568217,-0.008615147,-0.024770401,-0.020313099,-0.00963234,-0.017141128,-0.021449495,-0.00073524937,-0.013377463,-0.010718834,-0.0027682614,-0.015145414,-0.004340995,-0.0065081995,-0.014513899,-0.01736567,-0.02257362,-0.013384279,0.00031339005,-0.005530536,-0.024660632,0.0007095784,-0.040898554,-0.014300296,-0.037478138,-0.011061326,-0.0060543455,-0.024074316,-0.011234103,-0.001868628,-0.03241637,-0.026760634,0.0030045416,-0.0024130242,0.0117058195,0.0029917695,-0.0064540617,-0.024716798,-0.02655352,-0.0053987056,-0.022996657,-0.0030758847,0.00033694506,-0.009088865,-0.018420916,-0.03274139
-0.004268009,0.013253161,0.028475914,0.03542888,0.016052708,0.010729335,-0.0046705212,0.044060055,0.008550377,0.02091008,0.0010269647,-0.0014146799,-0.003198688,0.0530134,0.009370908,0.04046712,0.044983234,0.015800176,0.031712506,0.04580915,0.008920783,0.0064004557,0.036940772,0.025571238,0.01389097,-0.00093438104,0.031337544,0.0013309671,0.013931922,0.028035164,0.0018915217,0.05231638,0.026525062,0.007752092,0.005260356,0.010834147,0.0030089254,0.027510848,0.012839783,0.039579578,0.030010305,0.009742241,0.014038527,0.0045174905,0.007181774,0.026512869,-0.0035815276,0.009279847,0.020453176,0.018693201,0.03357701,0.01257768,0.01052001,0.0021058163,0.004672738,0.012824366,0.041441914,0.0016532447,0.0030489573,0.019285385,-0.015565071,-0.00010766648,0.012550009,0.010894161,0.007813191,0.02508268,0.007275993,0.043579835,-0.0012653247,0.008515182,0.0092648715,0.012658743,0.0032686237,0.012520616,0.005025523,0.0031623319,0.003363804,0.044946514,0.022237763,0.0177968,0.0019430565,0.039169423,0.031756494,0.023850273,0.006866551,0.02384196,-0.0025624186,0.027984722,0.014915194,0.03673999,0.028176893,0.008949849,0.010989876,0.0043575936,0.006318637,0.007879955,0.008595982,0.007902527,0.0038715485,0.02049249,-0.014395829,0.023412082,-0.0011547599,0.026250139,0.016164415,0.008961218,0.008540961,0.025961446,0.009362273,-0.0055232067,0.0084789675,0.010397578,0.031937573,0.008329921,0.025284557,0.009939673,0.033681225,0.0028913058,0.027687283,0.03543134,0.015895141,0.0314243,0.023476679,0.007057839,0.017412897,0.0033759149,0.0026686946,0.049690932,0.016178045,0.0023533115,0.0107951285,0.04685256,0.009355307,-0.0010627937,0.00559816,0.03075407,0.018647255,0.022296965,0.017257866,0.004835818,0.00012698956,0.012727954,0.025525916
0.004821431,0.020502094,-0.0043257233,-0.0069911685,0.015454554,0.0069712503,-0.0150410645,0.041718505,-0.008927148,-0.012957208,0.025112998,-0.003686186,-0.012604933,0.007442749,-0.019404713,-0.048858624,0.047916267,-0.008901143,0.008736887,-0.025524586,-0.004820587,0.0024729911,-0.014926679,-0.0027477965,0.004985814,-0.0005057715,-0.014067829,-0.006776314,-0.0063662566,-0.0068484843,0.008984546,-0.017765528,0.008461917,-0.0024924949,0.007849839,0.017806884,0.012674412,0.015609474,0.00657608,0.011755003,-0.0035135709,-0.013012964,0.012848103,0.0022700168,-0.004780678,0.0008503888,0.0009056162,0.0033816602,-0.013749788,-0.0011789585,0.0044376743,-0.0036122026,0.0053426945,0.003067037,0.00588913,-0.006553808,0.033538938,0.005182174,-0.01954377,0.01168214,-0.0057339184,-0.0270372,-0.0048628915,-0.022026997,-0.0040005986,-0.013220636,-0.023920134,0.0012262277,-0.027844109,0.00068961456,0.0014847796,0.0066001476,0.026086047,0.008362871,-0.015774151,0.026059635,0.0040652184,0.0035808263,0.0011173766,-0.0006720349,0.007843999,-0.015283389,0.008016518,0.019126855,-0.0040554786,0.010782194,-0.01182604,-0.0008826759,0.014105031,-0.019536428,0.019043095,-0.027424168,0.0036698012,-0.009120464,0.013170963,-0.0018857839,0.005732689,0.0059463885,0.0078165205,-0.022438467,-0.0087691285,0.0024677794,0.025840154,0.008470263,-0.011760294,-0.0014167903,0.006010575,0.0035491008,0.023145907,-0.014180059,-0.0011132425,-0.0025947262,0.01117241,0.0018881066,-0.02136074,-0.012901491,0.0009688325,-0.0024780566,-0.0042432584,-0.015496112,-0.0073702466,0.0078008594,-0.013916019,0.0056995824,0.01427679,0.015038642,0.0027388707,-0.023804646,0.0029834118,-0.005223306,0.0046850117,0.008858872,-0.012531066,0.0018947981,-0.02600978,-0.006204035,-0.012906503,0.006702836,0.008337996,-0.0052062813,-0.008018184,-0.0032046335,-0.006014265
-0.0145375095,0.002661202,0.010499729,0.006015213,-0.007406678,0.00061579514,0.003910435,-0.0109435655,0.0058378,0.014598946,0.04035382,0.006414835,0.017684791,-0.01846238,0.012935983,0.010250157,-0.023095835,0.013003095,0.0076039573,0.013228953,0.009079136,0.023791082,0.010941091,-0.00016627926,0.016145322,-0.0052482095,0.011418773,0.0026416052,0.0058946074,0.009686161,0.018017182,0.0008064974,0.008484906,0.012865807,0.015176105,0.008677287,0.01372845,0.007579689,0.03168365,0.031033745,0.011497585,0.021469746,0.008979486,0.0069139423,0.0012964858,0.010485117,0.009327429,0.0062871776,0.014214754,0.019480314,0.005055904,0.008827284,0.0010654153,-0.0010436755,0.008338149,0.048191868,0.0052265944,-0.005367566,0.00475483,0.04871226,0.011740025,0.024113547,0.033157278,0.00048375502,-0.004220061,-0.0079358,0.029616117,0.019480288,0.0102292495,0.008771085,0.02057543,0.01737137,0.01577722,0.015422368,0.01741031,-0.0017135218,0.02140912,0.009056495,0.028062098,-0.0068518054,0.008864485,0.006830718,0.0034625297,-0.003282166,-0.0055979434,0.02382598,0.012887391,0.025704745,-0.008683156,0.0032485286,-0.00037080795,0.008933373,0.004849454,0.03155867,0.006243636,0.013711061,0.011439966,0.010167866,0.014828518,-0.007435864,0.005439426,0.0012895335,0.016938403,0.0053693773,0.019697256,0.0024161246,-0.003223979,0.024681592,0.016400432,0.017039282,-0.002991097,0.006237018,0.010157592,0.007327521,0.036180176,0.0071082003,0.010372905,0.008024474,0.014318677,0.03165717,-0.007978583,0.0016735969,0.011262187,0.0045721186,0.008317779,0.008021526,0.0060155643,0.014019065,0.020529365,0.03801256,0.0069498057,-0.0061492734,0.03437536,-0.0005970057,0.013662562,0.0021769777,0.03631071,0.0037850658,0.017458748,0.008029124,0.0051575806,0.008176018,0.02683112
-0.025833547,-0.0075053405,-0.0074677616,-0.022855695,0.0050854236,-0.007283518,-0.018735383,-0.011843367,0.00081573613,-0.0049866512,-0.008593652,-0.0023017218,-0.048683394,-0.030442718,-0.008466255,-0.0055609774,-0.0024539335,-0.00031117164,-0.026218899,0.0068991245,-0.018807875,-0.023068663,-0.037216082,-0.015975557,-0.024218127,-0.012297096,0.007870408,-0.020928808,-0.03613891,-0.016547274,-0.0009682607,-0.0017199228,0.0025706822,-0.03001345,0.008465028,0.006335582,-0.022046808,-0.002481347,-0.037906833,-0.02084203,-0.022540465,0.0021754047,-0.022280943,0.010422569,-0.00419705,-0.023077156,0.008654505,-0.0020414675,0.0058294507,-0.02107234,-0.0076278187,-0.013326766,-0.0018896656,-0.0019203108,0.008089821,0.020271473,-0.0018205903,-0.003853527,-0.040400896,0.0033367667,-0.015281901,-0.016372057,-0.017243698,-3.4425408e-05,-0.001707877,-0.039996926,-0.0020097736,-0.009556968,-0.008345434,-0.00025350694,-0.03199643,-0.008479571,-0.011620427,-0.0075898636,0.0015382599,-0.010189803,0.01778818,-0.013638018,-0.017704774,-0.0024557086,0.0042819604,-0.004989825,0.0028614122,0.0036486117,-0.0062497146,-0.043651186,-0.028480649,-0.013828691,-0.04788193,0.004763687,0.0017319676,-0.0037065465,-0.015041282,-0.002467663,-0.010594945,-0.004396217,-0.013169408,-0.010834048,-0.0057420507,-0.01589309,-0.030165415,-0.0027339263,-0.02383073,-0.018218175,-0.015651235,-0.0075298846,-0.012633095,-0.033615615,0.0034753643,-0.0028622001,-0.0032856986,-0.009819303,-0.009466425,-0.0043071713,-0.037197072,0.003259642,0.03187011,-0.0030456753,-0.0040252926,0.010374136,-0.027059402,-0.012447717,0.023271618,-0.013180319,0.0049735,-0.012964379,0.0006009154,-0.038721107,0.002019992,0.0094578285,-0.020910949,-0.032163925,0.016892323,0.0065591647,0.006280769,0.003316544,-0.010175597,-0.010203028,-0.028158706,-0.0076688305,0.0053017377,-0.012816416,-0.004912654
0.0057790126,0.008779285,0.008319162,0.005488923,0.0034105629,0.008596404,-0.021888308,-0.009431802,-0.022630025,-0.0042076036,-0.012873594,0.015126142,0.014799215,-0.026221879,0.008427471,0.0081776865,-0.0204327,0.01371385,0.008311009,0.02141071,0.008080984,-0.008493699,-0.020754721,0.006174137,-0.0057695564,0.0049837986,0.0028176373,0.004592981,0.00592139,0.0075852503,-0.0068958215,0.018580485,0.0017480934,0.021854904,-0.012884032,-0.008970983,0.0039830776,0.008676951,0.007227604,0.011856373,0.0030139294,-0.00023680273,-0.027197424,-0.015263349,-0.0048525725,-0.006296687,-0.012487842,0.0005642008,0.0061365226,-0.007758485,0.023818353,8.707028e-05,-0.0036212634,-0.00092603173,0.0085731605,-0.00040101632,0.0036669709,0.004685155,0.00087635126,0.0026745377,0.016892143,0.0013265675,-0.005451899,-0.0053769276,-0.0064554326,0.0059512584,0.012990719,0.05104003,-0.016680721,-0.0030331388,0.0060585137,0.01749512,-0.007184528,0.010749304,0.004588745,-0.014981499,-0.0038727121,0.032855652,0.0025909655,-0.028391976,0.0017858958,-0.0038768118,0.002245389,0.0034646066,-0.0026160832,0.0109126195,-0.007764505,-0.023264173,0.003581806,-0.020460937,0.001022879,0.0076230974,0.011091531,-0.0161964,-0.023183025,0.005953551,0.0030697994,0.0028714081,0.008748287,-0.02458644,-0.011285787,0.0026510777,0.032900516,-0.0094067305,0.003648852,0.0021010386,-0.016791303,0.027754433,-0.00142432,-0.008919079,-0.0064139776,-0.002938996,-0.003974326,0.0050688297,-0.0075645894,0.01662505,0.02306638,-0.00027175713,0.0062651406,-0.01302281,0.00521017,0.054144375,0.0067881965,0.012983181,0.019997029,0.0019416157,-0.010692535,-0.023609467,-0.0051653795,-0.0056491587,0.00719009,-0.005704604,-0.018179726,-0.019487003,0.01311289,-0.013089813,0.020824745,0.0063099344,-0.0145415105,-0.015449723,-6.32843e-05,0.016726192,0.0022756336
-0.019643275,-0.016113523,-0.021872602,-0.04298586,-0.017840644,-0.012170037,-0.028754208,-0.0070586447,-0.025335487,-0.044437714,-0.034534402,-0.01234412,-0.018123126,-0.03101778,-0.01864706,-0.01887205,0.0032506501,-0.032826085,-0.031462543,-0.034040462,-0.022648536,-0.044273447,-0.0018088073,-0.027379975,0.0048363106,-0.005495852,-0.026550926,0.0005040057,0.054909505,-0.018469349,-0.00455421,-0.03185618,-0.027443215,0.002719881,-0.0056899916,-0.01772547,0.0009144824,-0.012256216,-0.04434052,-0.048642766,-0.033057116,-0.023589514,-0.026799023,-0.0041222554,0.0072040847,0.0022022864,0.010813452,-0.01753529,-0.035733745,-0.032363575,-0.02719244,-0.032884523,-0.023558378,-0.022887431,-0.016329177,-0.01759724,-0.01439858,-0.01036156,0.0049226247,-0.035226624,-0.013066795,-0.036207225,-0.024534058,-0.0069488212,-0.0067927856,-0.005590543,-0.027533814,-0.03652256,-0.011506377,-0.0030998252,0.000968799,-0.01482828,-0.016939646,-0.025633834,-0.03769153,-0.029883057,0.0077032754,-0.04393681,-0.018862503,-0.028429281,0.0044442397,-0.019294232,-0.02105562,0.0032415977,-0.01254287,-0.015838273,-0.03480488,-0.026270632,-0.0037864577,-0.014962291,-0.006856747,-0.008014126,-0.013265239,-0.04242487,-0.01077386,-0.029335205,-0.011862237,-0.010998221,0.009183932,0.013216471,0.025561513,0.00066727586,0.042732943,-0.03409426,-0.0391575,-0.015102696,-0.025563274,0.04156913,-0.016165938,-0.041704785,-0.00046691857,-0.02621657,-0.019942101,-0.0034570172,-0.019138912,-0.035973277,-0.039722644,-0.009318382,-0.033699896,-0.036251534,-0.037883908,-0.0067376792,-0.03128876,-0.0040809587,-0.014008176,-0.016519772,-0.004363101,-0.026822224,-0.022254843,-0.041545313,-0.016569525,-0.033959113,-0.03759877,-0.017276933,-0.036189817,-0.019452237,-0.0009779474,-0.028541602,-0.045255326,-0.0025106575,-0.011341099,-0.023339123,-0.028099194
-0.0016466491,-0.011733474,0.0006623762,-0.001381184,0.017481413,-0.0033589257,0.001987367,-0.012130003,0.001412102,0.019035306,-0.008225979,0.00071186014,-0.00068700686,0.0041604945,-0.0070229173,0.00046178047,-0.026383854,-0.028644618,-0.016636856,-0.01857273,0.00964329,0.0064260997,0.0028682295,-0.007535232,0.019853618,-0.011099411,-0.0068251025,-0.0074723046,-0.042131767,0.004942904,-0.0074750315,-0.0021860898,-0.0059513524,-0.012797648,0.00817897,-0.026810627,0.008343458,0.0032582078,-0.019619148,-0.0006227717,-0.00594284,-0.0049864016,-0.016402066,-0.0061269198,-0.024647627,-0.012069145,0.0138418805,-0.008556843,0.0011779983,0.01123249,-0.036441974,-0.0017993907,-0.017821347,0.010778906,-0.008302478,-0.0062657017,0.025892187,-0.0047483463,-0.0055497214,-0.010716325,0.0016578315,0.008440075,0.00086529367,-0.0054164752,0.006228176,-0.00251171,-0.0027253525,-0.044149753,0.0016374262,0.010162461,-0.0028387513,0.0047333743,0.0039615086,-0.012339603,-0.010993492,0.00784714,0.010067701,-0.0069860835,-0.00345706,-0.0046193246,-0.0036973096,-0.0022168187,0.00079799537,-0.019878432,-0.00061519444,-0.0058866274,0.0033297865,0.011999595,-0.004497038,-0.009223778,-0.0114697255,-0.026512776,0.00035710726,-0.008061241,-0.037085496,-0.044791862,0.0014597699,0.0021675052,-0.007617131,0.018273493,0.013055952,0.0047158906,-0.0066686664,-0.0032797903,-0.0015724022,-0.0021135127,-0.007163752,-0.022036538,-0.0008107275,-0.0011428352,0.002032523,-0.003915067,-0.018672552,-0.0037650056,0.0023123147,-0.004838025,-0.001506242,0.025896043,-0.000962873,-0.028965488,0.011064068,0.0054994985,-0.04732727,0.005214021,0.009691167,0.0023511257,0.012401214,-0.0012507457,0.005443167,0.0013578013,-0.021730594,-0.0002484843,-0.0184906,0.028532263,-0.02818042,-0.0064061005,-0.005890088,0.008653737,0.010158426,-0.0029546898,-0.0031161206,-0.0036934773,-0.0026643155
-0.0055452045,-0.011328939,-5.0725415e-05,0.00020290725,0.02018534,0.005196666,-0.004102856,-0.0121403895,-0.019596113,-0.03486921,-0.016196663,-0.008891635,-0.011957286,-0.0031277137,-0.011975011,-0.016917221,-0.022045065,-0.006457964,0.0007927995,-0.013669495,-0.022505641,-0.023096498,-0.010251451,-0.012742521,-0.040928647,-0.017582707,-0.024361528,-0.007566046,0.013212496,-0.011464605,-0.016827447,-0.048223883,-0.012714794,0.002991043,-0.038441915,0.019025449,-0.012084093,-0.0045208912,-0.017066767,-0.03813827,0.0003365036,-0.00888299,-0.017850133,0.0050791213,-0.012253284,-0.03397618,-0.0070870873,-0.006580742,-0.015719594,-0.009318892,-0.007825941,-0.010704281,-0.00350538,-0.0139393825,-0.018288376,-0.005085908,0.030090163,-0.01187372,-0.0013771709,-0.013787234,-3.3868477e-05,-0.022592094,-0.01173206,-0.0019285595,-0.009070853,0.0039547035,-0.008646054,-0.0098264925,-0.016689006,-0.005995333,0.000103503466,0.02928551,-0.029935673,-0.020093907,-0.011045817,-0.018924547,-0.013698289,-0.02054789,-0.008299727,-0.001328676,-0.006342843,-0.0021654582,-0.0018033143,-0.01491303,-0.008609589,-0.03869481,-0.01978882,-0.015011435,-0.0008638827,-0.023450874,-0.014666328,0.0051732603,-0.006058486,-0.015049119,-0.0052063335,-0.025751445,-0.02183256,-0.020364895,0.008567971,0.0034348154,0.0052749417,-0.022228051,0.008951724,-0.0027492428,-0.017931914,-0.0064213034,-0.0072647184,0.028260527,-0.034456845,-0.0068869013,-0.016840832,-0.00841192,-0.010136871,-0.012034744,0.009034383,-0.039909054,0.015219063,-0.018802766,-0.02420003,0.008737255,-0.0033106953,-0.0057495907,-0.0011458602,-0.0025449311,-0.0022174483,-0.0243905,0.014520194,-0.004692627,-0.036631014,-0.021510057,-0.037513062,-0.0047138203,-0.0016633887,-0.030982256,-0.017740013,-0.0001909202,-0.050166275,-0.04190687,-0.02133713,-0.013389697,-0.014932036,0.0075161783,-0.0052269027
-0.005722735,-0.0011911225,-0.014747273,-0.008964462,-0.014564769,0.003990964,-0.00014976971,-0.0072412193,-0.009532457,-0.0020858273,0.0040774085,0.0021244893,0.0020877114,0.016485501,0.0062799593,0.0045231394,0.00044002756,-0.012715725,-0.0033008605,-0.014484717,-0.012756059,0.0077897417,-0.012184778,0.00354381,-0.020457081,-0.0122290645,-0.01842834,-0.0019409973,-0.022196524,-0.035189457,-0.02447873,0.012918243,0.0009736195,-0.0152643155,-0.0015362008,0.0054487567,-0.008163257,-0.014757022,0.0008500032,0.022110885,0.0026694126,-0.0025202138,0.001605398,-0.008190975,0.014156861,0.026824154,-0.020645306,0.007187207,-0.015987663,0.0025753155,-0.007086588,0.00502281,-0.019989345,0.017836489,0.0045137485,-0.0049006566,-0.0111818,-0.0012640879,0.009332688,-0.014816333,-0.006456569,-0.0012464793,-0.00680398,-0.0015230039,-0.013515973,0.009126661,-0.010961868,-0.014418103,0.018029815,0.008946904,-0.015124265,-0.013438458,0.0015102532,-0.0016512638,0.0018437626,-0.006858168,-0.002078073,-0.022464115,-0.002986203,-0.0007696878,-0.0041449666,0.011032173,0.0064440705,-0.010818621,0.0014834255,-0.024028461,0.016040936,0.004641376,0.0046883905,-0.017736208,-0.014857085,-0.0057390537,-0.007813599,0.004693569,0.010814677,-0.00568608,-0.008750437,-0.0076263417,-0.0004578214,0.025296804,-0.015979683,-0.046392694,0.0059992606,0.0017589536,-0.0021832846,-0.0032846164,-0.0058183894,0.03656349,0.005260449,0.0071362904,-0.013855586,-0.005929267,-0.03233133,-0.0068734083,-0.011412593,0.005450724,-0.016084524,-0.0021787714,-0.0073518977,0.006115845,0.002407738,-0.0064018387,0.00260346,-0.024374448,-0.011592874,0.008650636,-0.00798114,0.0069479053,-0.0051274523,-0.01203331,0.008914505,-0.009870017,-0.0033308994,-0.0072028358,0.011875869,-0.0061367434,0.007972887,0.002317666,0.0021125497,-0.00096293073,-0.011512868,-0.018419605,-0.0038262298
0.00018829852,-0.011185668,-0.03239268,-0.014567813,-0.011559349,-0.020033374,0.0002997294,0.033508644,-0.00077817496,0.010115143,0.028708965,-0.0077340323,0.0050763558,0.0024474263,-0.0021450985,0.00085096434,-0.0057418086,0.0064578354,-0.0039393622,-0.009296574,0.002633715,0.019066673,0.00056687556,0.010513015,-0.008253239,-0.013967507,0.0014541233,0.0014933115,-0.0022489643,0.00658757,0.01349311,0.0042206557,-0.010123953,-0.034138214,-0.032235563,0.0121366605,-0.006671408,-0.003203934,0.003935074,0.010295913,-0.0070921443,-0.0013456857,0.024783626,0.02765407,-0.010922018,-0.0059234947,-0.030009065,-0.0070957,0.00067485217,0.022526126,-0.010291271,0.0034024138,0.019212391,-0.004126493,0.0132028675,-0.00868764,-0.00448012,-0.015838213,0.008678472,0.033479698,-0.004309753,0.012604157,0.00046586804,-0.006256651,-0.0042070523,-0.0045751613,-0.0034979861,0.01911128,0.01340214,-0.008016963,-0.017555196,-0.02225028,-0.022174366,-0.01765073,-0.0084338,-0.00059285667,0.029275844,-0.004625734,-0.0051132273,0.0033584628,-0.007965177,-0.014326207,-0.00840609,-0.017711401,-0.00052570645,0.031637914,0.022136584,-0.00024691783,-0.006936103,0.014992816,0.0010137409,-0.012342488,-0.018602049,0.000304142,-0.0001185555,0.008888782,-0.014538834,-0.012798643,-0.025634948,-0.05105079,-0.03417904,-0.011620646,-0.006685341,-0.012887526,2.4283305e-05,0.00019463152,-0.001342155,0.0013499483,0.02801403,0.003237635,0.0020593246,-0.00957131,-0.0058114342,-0.00841341,-0.0022557676,0.015395951,-0.00029423553,0.013876682,-0.019160222,-0.0343996,-0.006369721,-0.033935867,-0.0026623625,-0.011327816,-0.03941695,-0.00041011814,-0.0076392647,-0.0060960967,-0.012861833,-0.0013064966,-0.003339394,0.007947974,-0.0017292388,-0.022747274,0.021389242,0.002989594,0.0082128765,-0.011945752,-0.007449204,-0.0061918646,0.002036089,-0.0012753876,-0.013716489
-0.0038574403,-0.014098167,0.005066645,0.00014349166,-0.010936705,-0.010101484,-0.0013536382,-0.009721741,-0.0054261275,-0.01300554,-0.0172818,-0.018402265,0.0049995617,0.0043693352,-0.0129065085,-0.0048267376,0.0036910763,-0.0108637605,0.0018658563,-0.00209592,-0.0036110878,-0.016406104,-0.005128503,0.0030908212,-0.01575473,-0.000278485,-0.016944822,-0.019294996,-0.0005353298,0.00538138,-0.0504811,-0.0015855636,0.011476178,0.008013519,0.0074033947,-0.008966856,-0.014919521,-0.008335523,0.005195416,0.0068415045,0.005384323,-0.0059777442,-0.006588958,0.00065190345,-0.0124711525,-0.022610035,0.01405348,-0.007025007,-0.005467996,0.004938591,0.00807103,0.002250039,0.0051588523,-0.01715384,-0.0009263838,0.009924632,0.005168936,-0.0010249494,-0.021526035,-0.00821618,-0.017889,0.00198384,0.016912863,-0.00747934,-0.01581888,-0.0018586973,-0.0070857275,0.008147984,0.0024187136,-0.010908715,-0.012854645,-0.021542758,0.014328349,0.012242318,-0.008813374,-0.006191317,0.010933621,-0.010231433,-0.019363385,-0.013231907,-0.0068392977,-0.0017302176,-0.004708005,-0.01195479,-0.013292763,-0.0052056387,-0.022405908,0.021798883,0.005429007,-0.01664953,-0.009752685,-0.010761239,0.006086359,-0.000714276,-0.007104501,0.0039472715,0.007785841,0.0074344254,-0.026474204,0.024726562,0.024273444,0.016077887,-0.015455052,-0.013736466,-0.0111731645,-0.0149113685,-0.0007168362,-0.013480147,0.010150972,-0.0097678825,-0.019650597,-0.016135732,-0.0051272977,-0.0043650847,0.00014522392,-0.020391308,-0.024876349,0.01528351,0.014864023,-0.00067113526,-0.0047038794,0.01174989,0.00609851,0.009542312,0.0069946377,-0.01194988,-0.015689805,-0.00063773803,-0.0074970014,-0.0003030002,-0.0007012719,0.004518545,0.0037643402,-0.02456154,-0.004603684,0.0021634,0.004423484,0.0026649507,-0.0007575862,-0.011882115,-0.010591267,0.010451772,-0.0014545312
-0.0015047779,0.0033322824,-0.011355795,-0.018192925,-0.0050780457,0.04415374,0.00055370573,0.0034062415,-0.0051597226,0.007024882,0.005638225,-0.007249713,-0.0050739106,0.0062687933,-0.013364399,-0.010064011,-0.002887318,-0.005756667,-0.01513472,-0.01056603,0.004283398,0.00022398029,-0.015117442,-0.026539095,-0.004903404,-0.00526819,-0.013413975,-0.012726702,-0.0130791925,-0.014673479,0.030488512,0.0014565028,-0.009331506,0.0027246429,-0.0046240725,-0.0013785353,-0.013300197,-0.016538769,-0.007370526,-0.006584659,-0.0007615732,0.000574111,0.0027354853,-0.013558952,-0.014077701,-0.035832223,0.004897852,-0.007329935,-0.0061077233,-0.004512565,-0.014427338,-0.011279553,-0.013315098,0.007542844,-0.025971595,-0.034381717,-0.011818694,-0.007329883,-0.004808126,-0.0029242747,-0.0036282092,-0.01480592,-0.028321251,-0.022117086,-0.019685056,0.0016640266,-0.013336377,-0.021537498,-0.019094095,-0.009310883,0.01815059,-0.0084716305,-0.007361274,-0.009669183,-0.0015997887,-0.0013726447,-0.03861399,-0.0016837874,-0.014602156,-0.013695477,-0.0057139955,-0.02018601,-0.024876617,-0.017321493,-0.013647862,0.004802461,-0.0059680697,-0.019436013,-0.014059838,-0.003828641,-0.0075343363,-0.016059,-0.0025984365,-0.006636888,0.011215392,-0.009132126,-0.005663356,-0.006741356,-0.019142592,0.01008122,-0.00059154537,-0.006436415,-0.005742995,-0.0063046757,-0.013026254,-0.03986159,-0.00078119803,-0.017223524,-0.007063085,0.0017931219,-0.015087843,-0.013249541,-0.003126013,-0.006541578,-0.013467887,-0.014687514,-0.030282807,-0.006304793,-0.004837688,-0.004556738,-0.011347685,-0.033247706,-8.732453e-05,-0.01265274,-0.015569929,0.00065589044,-0.0002724044,-0.009597493,-0.012700073,-0.011501228,-0.0064128656,-0.015946744,0.002291279,0.022998104,-0.015736287,-0.010129055,-0.024978425,-0.002485808,-0.0053333193,0.0077032233,-0.011626136,0.00038095564,0.0031709457
0.00022999011,-0.018835612,0.0061816857,0.005478857,0.018584214,-0.042293273,0.0023572491,0.025877409,0.006798456,0.02497499,0.009420995,-0.008584499,-0.008653972,0.013794152,-0.0055975057,0.0018344782,0.0010305122,0.030476235,-0.003364632,0.0058837133,0.00071368273,0.0011228453,0.013332013,-0.03015045,0.01391891,0.0020703198,-0.0005210722,-0.0009761611,0.025632348,0.0026088282,-0.0070141554,0.010961751,0.009050923,0.0066629043,0.0075261863,0.018658804,0.009878435,0.020561842,0.007921692,0.008292066,-0.00041633844,0.009634683,0.01548073,-0.0048782583,0.0058272453,-0.009543631,-0.006273899,0.0024562068,0.013048987,0.042102188,0.004593675,0.00016118586,0.01819954,-0.01744244,-0.020516172,0.0018703295,0.01595772,-0.009553805,-0.006123025,0.030439619,0.0016709734,-0.019043569,0.0025165211,0.00756206,-0.00071435235,0.030643102,0.00079348125,0.0014764182,-0.038802963,-0.010301657,0.00227026,0.035419986,-0.00414693,-0.011915173,0.012879257,0.007466194,0.009850867,0.0024745557,0.00552907,0.00094358344,-0.010607744,0.0035727099,0.02347799,0.011565333,-0.012398381,0.005981863,-0.016733907,0.00817984,-0.007185908,0.00831835,0.04690336,-0.002972846,0.0055896025,-0.0012891777,0.0056208447,-0.0016940236,-0.0006217975,-0.0022018226,-0.02293741,-0.00290588,-0.011727115,0.015207584,-0.018498829,-0.0024541728,0.006210183,0.00940878,0.023926783,-0.0002768524,-0.0069431495,-0.010446049,0.024882512,-0.01152415,0.009056846,-0.007883655,-0.023548283,0.0031149108,-0.0039755497,0.007048554,0.008031979,0.02973143,-0.002688257,-0.004857596,-0.0041983947,0.006461695,-0.00063255895,-0.004059267,-0.017669389,0.015986398,0.03481792,0.018271247,-0.0029902225,0.030139457,-0.009315124,0.040864013,-0.0014018957,0.020399604,0.01794297,-0.011608621,-0.00017441157,-0.006851267,-0.008872604,0.0073669697,0.015946323
0.0026061516,0.029082619,0.01231019,0.005392453,0.01570137,0.024904428,0.0116888415,0.03185507,0.00638507,0.012193202,-0.0182076,-0.0039559035,-2.248399e-05,0.016316902,0.0033061123,0.0042946613,0.030974058,0.031675614,0.015217422,0.0013979189,0.01773017,-0.021967482,0.014000535,0.006677573,0.015614121,-0.0039833635,0.00089063216,0.0011092303,-0.004387453,0.003270831,0.0011052489,0.0016362732,0.00483237,0.004398683,0.012993146,-0.01565435,0.010115588,0.00037974305,-0.007343184,-0.00979723,0.0046287067,0.0018545976,0.03091988,0.050910868,-0.00040133484,0.010888486,0.014990671,-0.0071155094,0.015811594,-0.004168492,0.0057797097,-0.004987657,0.0029299548,-9.014271e-05,0.003444302,-0.010138156,0.016963966,0.0047338856,-0.007234199,0.017151363,0.0071403706,0.008145584,0.012834109,0.039088823,0.011365225,0.011827857,0.007130477,0.0037158588,0.02368429,-0.02281142,0.004329431,-0.020875849,0.007840633,0.0029198155,0.008714636,0.0062566437,0.032122403,0.015728567,0.0034405608,0.007904636,0.0010749521,-0.005043337,0.015472107,0.015757728,0.005653477,-0.008820439,0.016283274,0.0019765366,0.014252045,0.0142336255,0.014716991,0.009548092,0.0041373456,0.004141368,0.0019305898,-0.010108713,0.0060185557,0.005250061,0.023912411,0.012849154,0.010736617,0.0059594586,0.021372601,0.0010407409,-0.0030927937,0.0028548054,-0.004876742,0.0017677443,-0.005900303,-0.0026611453,0.0135988,0.00077877566,0.0038105305,0.004006543,0.009315014,-0.010007156,0.017754665,0.009178776,0.006237409,0.0029786564,0.00022940338,0.0014856718,0.0009917859,0.0051556802,0.004494597,-0.011850871,-0.011285111,0.0019185357,-0.0021184124,-0.0028904323,0.006597668,0.017793309,0.0039458754,-0.0066660848,-0.023757983,-0.0117883105,0.02640519,-0.0004247101,0.0045735333,0.004730675,0.0065998044,0.0005534813,0.00791963
0.013574734,0.008743752,0.02009779,0.015564139,0.016411318,0.0010550227,0.013573964,0.023225058,0.010173267,0.01481613,0.012818092,-0.0023111766,0.011968079,0.009587684,0.01469344,0.017374197,0.022688344,0.011283633,0.009134988,0.018330514,0.015216995,0.0038898182,0.016705552,0.027976315,0.015844293,0.011266566,0.020271052,0.008921153,0.035975117,0.009758677,0.022377353,0.017877761,0.0077747796,0.028807322,0.0155742485,-0.0073942,0.014011588,0.013125129,0.008212779,0.011081489,0.010733014,-0.0010664472,0.01954128,-0.011257444,0.010189213,0.0131210135,0.01659845,0.0021491796,0.026255261,0.04270999,0.023798376,0.010502592,0.013914009,0.04028522,0.014057206,0.011456088,0.009772912,0.025080271,0.0061839367,0.016003814,0.011294231,0.03057824,0.007404945,0.0032661734,0.013212178,0.02073199,0.012022205,0.015239762,0.024799727,0.02257813,0.012132512,0.05057395,0.014890401,0.019629344,0.00788896,0.007027276,0.020816151,0.020324875,0.026547335,0.020861384,0.01378117,0.004176409,0.011347405,0.023345035,0.019301267,0.015475647,0.029121818,0.028001456,0.009638123,0.016563334,0.020220466,0.02231363,0.024563227,0.0077815875,0.012822073,0.006703928,0.010709076,0.009335624,0.017931346,0.040805772,0.025332713,0.001374118,0.018527778,0.021918321,0.013017902,0.0077509778,0.010627736,0.013686345,0.020213852,0.0067874542,0.0205409,0.02066629,0.019927993,0.012614485,0.018449938,0.0018111402,0.017454097,0.011725258,0.019116944,0.009912649,0.013518859,0.034590214,0.0035755113,0.03428194,0.02905855,0.029113334,0.007938694,0.012015333,0.028807536,0.007982433,0.011338776,0.025291104,0.030299418,-0.0019642832,0.017460521,0.016903156,0.017251905,0.026418373,0.016159635,0.017556189,0.02446277,0.017037224,0.023978878
-0.0024855714,-0.0019363342,-0.002685532,0.0045329123,0.016451923,-0.032766018,-0.0027758544,0.0024246387,-0.001597817,-0.0030978834,0.011455866,0.005206158,0.0014820565,0.007923,-0.006955063,-0.00084625185,0.0007698126,-0.0280466,-0.012808425,-0.0058183502,0.0016502487,-0.0054717306,0.00750453,-0.016725954,-0.0030024871,0.002913056,0.019236589,-0.011102695,0.016286802,-0.010858294,-0.008224817,0.0055379905,0.016451947,0.003064367,-0.0034701768,0.021427196,-0.013560155,-0.0052404664,-0.0006689904,0.010661905,-0.013065418,-0.004480675,0.00073498767,0.0065743527,-0.0036828602,-0.0049456395,-0.0034441166,0.001831824,-0.0038611963,0.006816638,-0.01728885,-0.0008741906,-0.008658918,-0.009152466,-0.003782915,-0.018926797,0.0031491686,0.0054273284,-0.013477966,0.0154854655,-0.00717555,0.00019439403,0.0015298426,-0.0075746886,-0.008823229,0.0044557042,0.00537578,-0.0037104571,0.005482644,-0.008444598,-0.038987614,0.0051349746,-0.00014045369,-0.005098503,-0.0072864164,0.00019916799,0.00750291,0.0049431957,-0.0196688,-0.0073313955,-0.008225584,-0.014487008,0.0032019624,-0.007156549,-0.011231579,0.032287993,0.0049597453,-0.0021672053,-0.00057421904,-0.005060639,0.00855096,-0.004555784,-0.0002797665,-0.0044918917,-0.00036080088,-0.0010297196,-0.005631622,-0.006851528,-0.009168332,-0.008994678,0.0025415765,0.005809526,0.048784196,-0.005396018,-0.01261544,-0.0056590736,-0.0009553274,-0.044176385,0.010098883,-0.0031907596,-0.008093305,-0.0016613659,0.0043604225,-0.001551412,-0.016438417,0.0074921576,-0.010303749,0.012490176,0.0038188566,0.010768558,-0.0055852197,0.0021553487,0.014082378,-0.010108873,-0.006319169,-0.0024654325,-0.016465347,-0.0017700642,-0.013161931,0.004406044,-0.0033966592,0.0053898375,-0.0035422835,-0.014052909,0.0106207365,0.004693044,0.004160034,0.0012539923,0.00067501795,-0.0045127366,0.022655748,-0.012869637,-0.016390786
-0.007411536,0.006827809,-0.018544829,-0.008587193,0.01088888,0.012561869,-0.00782223,0.01183055,-0.0045511983,-0.0047842916,-0.015505865,-0.018577842,0.0044980757,-0.008594086,-0.0032664416,0.0007397784,-0.0011552284,-0.035500545,-0.012570927,-0.0033333236,-0.0056442823,-0.0086715035,-0.012474684,-0.018934,-0.0014198264,-0.015477134,-0.024380516,-0.007749118,-0.014195308,-0.016766615,0.007956291,-0.0048787277,-0.010410568,-0.004344931,-0.03863685,-0.037315194,-0.015667554,0.00046277605,-0.014570225,-0.023533087,-0.0064428654,0.0064127105,0.0014839452,-0.016160946,-0.012268348,-0.0120774545,0.0002569463,-0.015126772,-0.0048778653,-0.032960232,-0.015811153,-0.007816199,-0.016946342,-0.047800735,-0.012371337,-0.032173585,-0.001213368,-0.0069850236,-0.0062799007,0.0023964,-0.0036592595,-0.013685513,-0.0042100064,-0.009545758,-0.014378937,-0.02971413,-0.010671418,-0.017963178,-0.015911028,-0.040600955,0.00085691456,0.05035267,-0.017882703,-0.017862827,-0.00025516935,0.005141933,-0.023090404,-0.0036090836,-0.0067662224,-0.017231274,-0.013627581,-0.02457916,-0.03997139,-0.016122613,-0.02063271,-0.014441397,-0.0056052133,-0.034417287,-0.012906294,-0.00698933,-0.006853303,-0.007605251,-0.0023008976,-0.0064368825,-0.011025462,-8.2779676e-05,-0.0066657513,-0.007571416,0.002634924,0.009364999,-0.011248298,-0.011834266,-0.008976534,-0.0011297408,-0.0030409452,-0.0012295358,-0.009357888,0.0054582916,-0.028397389,-0.0002984982,-0.01066234,-0.0023847874,-0.006412979,-0.015928555,-0.010078622,-0.0013256529,-0.00082219206,-0.01259613,0.00046003424,-0.0066989344,-0.003587854,-0.012099318,-0.026616286,-0.01799565,-0.02248463,-0.043432985,-0.030089565,-0.00027221348,-0.012298327,-0.008245824,-0.009651106,0.0048033595,-0.02004889,-0.004389653,-0.010897825,-0.03440583,0.0018287404,-0.0064077843,-0.0040625334,-0.027542721,-0.006534798,-0.027953606,-0.009849645
0.0032303212,0.008729491,0.026450386,0.017833892,0.024170775,-0.00039395783,0.002802236,0.012037613,0.013431818,0.037241496,0.02704972,0.016852168,0.01000013,0.026552785,0.0051021357,0.0016678572,0.0075025824,0.0038942895,0.012775111,0.008389514,0.019620914,0.0036867065,0.012864785,0.017114855,0.03983853,0.013085917,0.03843107,0.004433996,0.036656335,0.016442439,-0.004503656,0.0033843555,0.04082126,0.012185802,0.014716145,0.018951382,-0.037984703,0.010944205,0.012889603,0.031129126,0.01353173,0.04710968,0.0132588055,0.04046415,0.011197634,0.009560687,0.014570488,0.013956027,0.018917885,-0.03292939,0.010676204,0.009332245,0.012311908,0.01560444,0.028256975,0.024889082,0.033835728,0.006173122,0.0037740152,0.027760362,0.0020715678,0.023096029,0.028259713,0.012903745,0.009216462,0.026061509,0.00054437574,0.019218987,0.027880367,0.018300388,-0.0045486223,0.009125155,0.0071403035,0.014452785,0.0066945106,-0.0006953804,0.036105037,0.020291384,0.026249524,0.0058810962,0.0020867884,0.0062248185,0.021296475,0.009357353,-0.0003493121,0.036492083,0.018121492,0.015992548,0.012853995,0.011024074,0.011643508,0.0021020407,0.011510318,0.0057872944,0.02070658,0.024507288,0.008437648,0.0099573275,0.014654454,0.002384739,0.0075706346,0.011818161,0.028446605,0.009990939,0.0052727065,0.0051016896,0.011825331,0.006653849,0.04812462,0.00060350355,0.014268354,0.010769602,0.029064592,0.0011648405,0.022552043,-0.005034428,0.014152469,0.046300575,0.00861619,0.031733956,0.026093176,0.023105808,0.011424115,0.012554797,0.0074984482,0.004770841,0.013936198,0.006335071,0.0258854,0.028651832,0.0052297497,0.0051532895,0.017944727,0.006352174,0.0036429334,0.0028979685,-0.00060744304,0.0013699606,0.0045707426,0.008605312,0.027149212,0.01672527,0.04362722
0.0074793184,-0.010280896,-0.015144408,-0.0027386947,0.022658449,0.0052356096,0.007058452,0.0071539176,-0.029398888,0.027526263,0.017828276,-0.0033201687,0.0068293847,0.0017190948,0.004681837,0.00021639373,-0.0074835233,-0.00771771,-0.0041856524,0.006865643,-0.017523078,0.00591666,0.010563603,0.0014591338,-0.020519845,0.0017068889,0.0026662014,-0.003857702,0.013612231,-0.005727604,-0.007599892,0.0072334763,0.001941828,0.0011431826,0.01922946,0.0029314626,0.030266024,0.017321974,0.008792348,-0.048142433,0.0051579294,0.014698047,0.014838895,0.0010329764,-0.0020137876,0.001990581,-0.013093468,-0.0073618684,0.0058278698,-0.011171011,-0.0030555064,-0.0058862846,0.008283036,-0.0062079486,-0.007500697,0.017509528,0.015932193,-0.0105530545,-0.010863982,0.01967875,0.0006058337,0.0063806404,-0.0059034526,0.00063968636,-0.004246285,-0.017423443,0.02300762,0.0076199207,-0.006888317,0.0075708814,0.0011285627,-0.0153418165,-0.04661334,-0.041706495,-0.0024903025,-0.0024280306,0.020814326,0.010561743,0.01935096,0.0022612875,0.014905654,-0.0108548645,0.04384767,0.009159619,-0.0014481703,0.010433964,0.034451377,0.016530069,-0.0110722575,0.0064192032,-0.006617369,-0.0015879599,-0.010883722,0.0037992112,-0.0022463351,0.007646435,-0.039519448,-0.03835314,0.0023773247,-0.013337867,-0.02946835,-0.002899292,-0.008378923,0.0067094667,0.01613168,0.0051361783,-0.009979334,-0.024302687,0.00019285642,-0.00028548855,-0.0026739677,0.004416279,-0.00026529748,-0.025173143,0.003954042,0.0063862484,0.023045015,0.004863893,-0.0031048758,0.010337712,0.0037458204,-0.009708818,-0.009346219,-0.008273046,-0.042397264,0.008291381,0.0031724544,0.0031401683,0.008971618,-0.011136077,0.0036054812,0.012253318,-0.0059867036,-0.009512551,-0.019829042,-0.020515323,-0.025342017,0.004331273,0.0088281315,0.008318968,-0.0054852217,-0.003658778,0.023938064
0.0077519678,0.006074115,-0.001961816,-0.00033360813,-0.019543875,-0.0024856161,-0.00533629,0.0010991739,-0.011450874,0.02076599,-0.022066388,-0.0124894865,-0.0020548478,0.0010709492,-0.0071174093,0.0056741717,-0.0030160425,-0.0070335492,-0.004276475,0.0032551363,0.01407718,-0.0120284,-0.010971077,-0.007745877,-0.00785365,-0.012654353,-0.0023834165,-0.0020813514,0.00091283116,0.0012568673,0.0074345493,-0.001657295,0.0031163236,-0.0016949959,-0.013538357,-0.022408482,-0.014983304,0.008465545,-0.0033756644,-0.013383601,-0.010023361,0.024025023,0.004174978,-0.028574266,-0.017428642,-0.0020024227,-0.012404179,-0.012442345,0.015200678,0.015866958,-0.009198185,-0.014706336,-0.016615938,-0.022186931,0.015575116,0.004537244,0.013219749,-0.0071506444,0.00378465,-0.015487814,-0.012954414,0.00015043281,-0.0022388324,-0.007207308,-0.009810513,-0.001040794,-0.01238396,0.0034836158,0.0010289177,-0.014389392,0.011012612,-0.0070086345,0.006741763,0.0020899111,-0.0049891826,0.002241673,0.024593102,0.011933661,-0.00282369,-0.0041534174,-0.012747508,-0.012187377,0.010257054,-0.03118832,-0.014862146,0.001979569,-0.003377676,-0.013143459,-0.023566883,-0.0024717543,0.01887668,-0.003946447,0.0017872257,-0.0016325321,-0.008235468,0.008622475,-0.0023724278,-0.0032876134,-0.019595243,-0.01234399,-0.027400848,0.008360151,0.0019454136,-0.005924996,0.001800702,-0.0018457249,-0.004201999,0.013451886,-0.04906364,-0.010740364,-0.016639749,-0.0016088067,0.008003698,0.0025380459,0.0037748073,0.0002543982,-0.0005507991,0.015879221,0.0105617745,-0.01942794,-0.008367302,0.0006292425,-0.0050584637,-0.006221842,-0.0004255278,-0.008716427,-0.019591738,0.0041463813,0.012445414,-0.012387991,0.0013320986,0.017463256,0.003867182,-0.011277996,0.002674833,-0.002024348,0.0010523368,0.00029807724,0.006888066,-0.0003034724,-0.012911649,-0.0024282932,0.015516592
-0.008638771,-0.009882666,-0.033956483,-0.02348803,-0.012753375,0.00026219152,-0.020116016,-0.010633595,-0.009395113,-0.0018171184,-0.049457453,-0.014799984,0.00251537,0.0059171906,0.0026783496,0.0036936514,0.029897124,-0.008085428,-0.009188019,-0.007591268,-0.012146767,-0.028257858,-0.0073372144,0.01989564,-0.017445972,-0.01287315,-0.016699681,-0.013585081,0.016872203,-0.008100301,-0.0127009675,-0.0025387695,0.010454216,-0.0056799427,-0.033679694,0.016021347,0.03186366,-0.010482116,-0.006829275,-0.010709068,-0.018400487,0.0032460233,0.0013651187,-0.026439294,-0.017369395,-0.0041983426,0.002059144,-0.012619251,-0.0067088082,-0.011963608,-0.0078470055,-0.0063209627,0.007877493,-0.010240214,0.009318549,0.021410182,-0.009004546,-5.422812e-05,-0.026112765,-0.00043518282,-0.015604861,0.01007117,0.023876283,-0.018828971,-0.016102998,-0.00018300861,-0.01191394,-0.00073511526,-0.0020579938,-0.016089402,-0.032201424,0.0042362656,-0.009898113,-0.010527981,-0.01213876,-0.010212885,0.023579583,-0.0043199137,-0.029032838,-0.035069898,-0.014101595,-0.0180623,-0.014920473,-0.014982354,-0.00700186,-0.008241322,0.0071925772,0.014824741,-0.013933066,-0.017204352,0.009962881,-0.011861725,-0.008491587,-0.012399165,-0.031670265,0.010618506,-0.008532936,-0.007161081,0.026839478,-2.1321699e-05,0.0020886436,-0.019206986,-0.02327967,-0.0029325401,-0.010806892,-0.0054714177,-0.012932694,-0.010965876,-0.016786337,-0.009457128,-0.02123696,-0.009198766,9.5503405e-05,-0.010215292,-0.013949392,-0.0041520223,-0.0031430032,-0.025489457,-0.028073959,0.006187289,-0.0048640333,-0.038985565,-0.0016448256,-0.023500968,-0.0018605031,-0.03368964,-0.018302351,-0.004168438,-0.009665618,0.016645271,0.0009108726,-0.0016157841,-0.020207535,-0.020813704,-0.0048384145,-0.028418813,-0.036191434,-0.0023217183,0.001772589,-0.022870824,-0.033104714,-0.030249279,0.0057829404
0.0014943611,0.014251656,-0.010530906,-0.0064855143,0.021583699,0.024139982,0.013561922,0.009974018,0.00403256,-0.0021420978,0.005610783,0.0021351175,0.021559456,0.026968367,0.00090547465,0.0014255969,0.025533583,0.023774277,0.020624474,0.0055532516,0.0036588507,-0.0016587554,0.0029729363,0.0058975928,0.022186134,-0.00017393474,0.011710706,-0.0006624386,0.020108476,0.011136333,0.0074847993,0.0031667333,-0.0015793741,0.012136949,0.000754606,0.0334075,0.022838138,0.017739758,0.006216425,-0.0018640347,0.009210452,0.010705233,0.018524311,0.033438683,0.027629314,0.0063073235,-0.0012545921,0.0069031855,0.015429832,0.030703304,0.005183897,0.0005386453,-0.042061526,0.0049250303,0.037040934,0.022846833,0.023042843,0.014439312,0.0018993169,0.002972152,0.0066469163,0.02773456,0.025822893,-0.010754807,0.0019144621,-0.0035584588,0.04640139,0.007205882,0.019577062,0.006182548,-0.00049518235,-0.018739864,0.012333523,0.013339759,0.018013222,-0.0014291508,0.004437113,0.009658522,-0.0032806015,0.016661456,0.012439426,0.002535738,0.00237149,0.037889875,0.0008987272,0.017550856,0.010624025,0.04727707,0.007441917,0.005175794,0.01272579,-0.0021252995,-0.0075230896,0.01510746,0.0057865074,0.022706868,0.0048913197,0.0055360845,0.013495392,0.0013236338,0.0044331434,0.009739278,0.008904723,0.0059444075,0.00048746914,0.0016206885,0.01508727,0.0078049256,0.030422688,0.0075204875,0.016218442,0.015445789,-0.00093324296,0.0070602647,0.027686158,0.004565693,0.021642748,0.0011363514,0.012820725,-0.013919728,-0.0029028403,0.008014054,0.0076243207,8.596107e-06,0.019229822,0.021278676,0.013180963,0.004072161,0.010463711,0.055033527,0.004596067,0.009341261,0.02256046,-0.0030278135,0.0048705325,0.0050736517,-0.006875666,0.011226534,-0.0014747232,0.011616723,0.0077698296,-0.0005377941,0.015106207
0.009273352,-0.0040591294,0.0126045095,-0.003403592,0.025618631,0.01050176,0.02081961,0.016152343,0.0058853156,0.015586329,0.004267366,-0.004565062,0.017406814,0.0028364733,0.014661436,0.018983895,0.014151335,0.022045687,0.0020325668,0.021366207,0.025003003,0.018440891,0.012016713,-0.015212009,0.020337738,0.009420037,0.030066535,-0.005838029,0.0050706295,0.008645847,0.008458836,0.017193066,0.008924538,0.004100457,0.03179497,-0.00916571,0.026205832,-0.0026580459,0.0009237956,0.0036706347,0.0080909785,0.008243334,0.0066683963,0.024110751,0.024123779,0.014889503,-0.042501014,0.0029276889,0.028210789,0.007879366,0.007961596,0.002672134,0.0037596016,0.022513757,0.0291945,0.037191533,0.034390748,0.0012686681,-0.013517519,0.02424815,0.0016771639,0.02596493,0.010867656,0.01955468,0.028066609,-0.002391926,0.011882345,0.02399561,-0.01307554,0.02629532,-0.0020908024,0.024812473,-0.0023823688,-0.0052858535,0.02854482,-0.0017011017,0.018774461,0.009294536,0.02504563,0.0099044535,0.012589882,0.00230168,0.028768128,0.003504932,0.00075411424,0.0036282316,0.025283126,-0.011842493,-0.016084433,0.012177844,-0.0002053231,-0.019040117,-0.00087479874,0.011964231,-0.0057552196,0.0059426855,0.0028991932,0.0042741327,-0.01993889,-0.024474464,-0.03507217,0.040515106,-0.0092701055,0.010108166,0.014906478,0.010566605,0.014323988,-0.010185828,0.037215143,0.0030756649,0.0052487827,0.005120945,0.0034948224,-0.00013583805,0.006600649,0.0025131814,-0.00052906293,0.028896008,0.030137626,0.0058078896,0.0073181563,0.00837971,0.0030006757,0.010560874,0.0003116848,0.0134486975,0.02465959,0.0029062694,0.026707862,0.008112822,-0.0036383802,0.023772968,0.0069204345,0.026400156,0.009046624,0.019073015,0.014488525,-0.0033132462,0.008832976,0.0151509335,0.014044155,0.028015055,-0.0009883745
0.010160717,0.009293288,0.026188936,0.018348282,0.012757441,0.02631491,0.01343565,0.016289659,0.0050634313,0.0029061958,0.0052393563,0.00035216473,0.010682026,0.0080654975,0.005762823,0.017393738,0.015876155,0.009056665,0.018647868,0.027152628,0.0005991142,0.012846613,0.021483969,0.016153231,0.011735927,0.004354215,0.017076306,0.008538444,0.0061647627,0.025274163,-0.013617314,0.013940712,0.024562074,0.015636273,0.025074251,0.017966555,0.0099581545,0.031338245,0.014310143,0.0067268317,0.037779957,0.0032917494,0.00848343,0.017032966,0.01697862,0.023101721,0.0028165244,0.027472608,0.018946754,0.015629334,0.009377599,0.00972144,0.027203688,0.02948078,0.009806096,0.006046487,0.0169724,0.011013958,0.0048434846,0.010546584,0.008431068,0.010551561,0.004323222,0.028526714,0.011174903,0.0073676757,0.0053309957,0.009735284,0.00603969,0.03040842,0.018932546,0.004215107,-0.0047353785,-0.0033557164,0.046347886,0.0026082434,-0.0119885,0.007841827,0.03840428,0.011894962,0.016640948,0.004327088,0.034723572,0.032434605,0.009385435,0.018242672,0.008105197,0.034269728,0.017892925,0.014848429,0.008587641,0.011411025,0.016919289,0.01466161,0.018981352,0.010374003,-0.0028591529,-0.0022974564,0.0046761897,0.017143758,0.010063981,0.0086882375,0.017393738,0.016994728,0.017685127,0.016694672,0.0109090395,0.017947208,0.037558522,0.004283674,0.0034746118,0.005272737,0.02650017,0.0010952856,0.015853938,0.0045740823,0.023941893,0.02149037,0.03062548,-0.01987189,0.007011225,0.010543588,0.016773976,0.021254856,0.0038788137,0.023364563,0.01942186,0.03460085,0.022283375,-0.0044241548,0.009706826,0.011401927,0.04606577,-0.0044919625,0.010301595,0.032854974,0.028823437,0.007532907,0.01377844,0.020311568,0.00688357,0.020991001,0.003700816
0.04467971,-0.0030795867,0.010006956,0.007091682,-0.01325288,0.0021169828,0.03373245,-0.0023094537,-0.00087306555,-0.0015127035,0.0047998973,0.0070934226,0.0026105586,0.0033812895,0.0070090936,0.007806967,0.023963582,0.0009633107,-0.0028732568,0.007794045,0.02055311,0.0062342943,0.031853512,0.016706832,0.00518792,0.0010590553,0.021297114,-0.005468743,0.020534962,0.00045390055,0.003998805,0.013355401,0.023486327,0.026291773,0.0054284744,0.040265422,-0.009859502,0.006925088,0.029289642,-0.004732577,0.01887665,-0.002692229,0.008089349,-0.0091814175,0.0019119354,-0.0027922858,0.01779363,-0.019628406,0.001983732,-0.030689541,0.021793015,-0.004463276,-0.017321993,0.006132458,0.0022413656,-0.007592311,-0.00078473706,0.011048528,-0.009337207,0.0019462518,-0.00963564,0.017715393,-0.01721408,0.02202687,-0.0033026403,0.0032096813,0.021041017,0.0090765515,0.010456131,0.0013789469,0.0070492206,0.018032188,-0.0044511314,0.007896113,0.008109604,-0.02294892,-0.02781877,-0.00093613565,0.006458859,-0.0073976032,0.013684589,0.00254024,0.02353117,0.0028110538,0.0050528347,0.001843201,-0.00069573335,0.01739519,0.021157892,0.03214083,0.023623249,0.013556017,0.010112906,0.038638763,0.035714924,0.008645216,0.004411378,0.004772907,0.040793482,0.036168,0.02723083,0.0149963135,0.037428826,0.009882775,0.023973228,0.0012820633,0.021154383,0.030488297,-0.0034375293,0.01812404,-0.0068024993,-0.007714793,0.0034637135,0.0021971622,-0.012012769,-0.0027678404,0.020281252,0.016201787,0.016098479,-0.02370327,0.021918729,0.003895698,0.02442808,0.012321351,0.005272989,0.009800694,0.018112235,0.0066620233,0.013203796,-0.0074139815,0.0135156475,-0.0010930477,0.010510082,0.003422697,0.0031380244,0.0013472317,-0.0052392837,0.009624913,-0.0046562664,0.01126159,-0.018010031,0.039707165,0.00029560272
0.019606017,-0.002865241,-0.005809037,0.0010086289,-0.016556416,0.018830528,-0.014810957,0.005372862,-0.0011254409,0.013728162,0.0037294272,0.01059075,0.012279774,-0.023573957,-0.019129705,0.00028792024,0.0068486393,0.019258395,0.018543206,4.976522e-05,0.042536084,-0.0037864987,-0.0047443956,-0.016695466,0.0083119515,-0.012660118,0.0024253037,0.0013060682,-0.021637894,0.016459303,0.006617747,0.002737349,-0.0055198353,0.017031787,-0.016439192,0.0038997023,0.009427847,0.006740072,0.015142408,-0.007179059,-0.017883265,-0.0051911045,0.0011586603,-0.026700027,0.015702028,0.010303702,0.008127371,-0.015124753,0.009832373,-0.0030724695,-0.005024934,0.002818916,-0.010004904,-0.015047343,0.011939,0.009998059,-0.008935833,-0.015975416,0.0048355875,-0.01573762,-0.011712924,0.008191438,0.047756545,-0.016959736,-0.0020894622,-0.00784817,0.0036553238,0.011538988,0.0015781019,-0.01100884,0.01045912,0.009391296,-0.00200863,0.009821918,0.011882888,0.0034128735,0.014669849,-0.006877186,-0.0049100295,0.0022605108,0.002187346,-0.004325317,0.0068652495,0.018587098,-0.0049411524,-0.022942245,0.0056179306,0.01440525,0.020795,-0.0010153148,-0.013036376,-0.018927604,-0.022109333,0.007953476,0.0063619795,-0.016317468,0.0025863266,0.0024498645,0.013565441,0.020225793,-0.005951155,-0.016369106,-0.0059023406,0.0035250308,-0.010941889,0.004566677,0.008291896,-0.012929471,-0.015320679,-0.005515864,-0.006966874,0.001097979,0.009138843,0.0026961733,0.006466556,-0.009937691,0.01578212,-0.003880701,-0.018778486,-0.027519185,0.0015158914,0.0005218135,0.011231568,-0.0022431612,0.0051214504,0.0038150297,-0.016940458,-0.0076451115,0.0047045485,0.005419982,0.028389387,0.005156062,0.003212737,-0.00037009083,-0.020173628,-0.00990539,0.0021498892,-0.0023387717,0.026957357,-0.01079548,0.007520342,0.0037900787,-0.007473858
0.052963853,0.014494937,0.03582442,0.019764736,-0.004631823,0.01775046,-0.03627552,0.012880795,0.006074446,0.027123693,0.011178693,-0.0074327383,0.022218458,-0.005623197,0.03183906,0.019662067,0.0041952264,-0.0055232514,0.036892742,0.009693295,0.0027546762,0.018841483,-0.0068198536,0.008934114,0.012290072,-0.020632077,0.0130073745,0.0087921135,0.0018869108,0.034505077,0.025090275,0.03344394,0.010828739,0.012449461,0.018854376,-0.030874886,0.0069327266,0.012202968,0.018340189,0.0034135617,0.015929382,0.002649909,-0.003938224,0.0154619515,0.013276501,0.034595683,0.0028094593,-0.0018980866,0.0034581115,0.005123496,0.013918152,0.0038912278,-0.016220734,0.02400034,0.0064460873,0.0038206284,-0.01757943,0.00912152,0.0071974155,-0.0046168473,0.003309018,0.0068530864,0.004035927,0.012771262,0.0089551825,-0.021243483,0.010099693,0.029544074,0.008160038,0.02182157,-0.0015172679,0.011254687,0.002216341,0.0033503454,0.0057734004,0.005939967,0.000732461,0.0042627025,0.009852845,0.032150377,0.022305308,-0.0056357235,0.006452974,0.024677575,0.0049451673,0.0017296746,0.002953031,0.0062474892,0.013296337,-0.0001971433,0.0016637491,0.0065526823,0.002115395,-0.009013005,-0.004435202,0.013678641,0.002970662,0.0024444489,0.019043926,0.009880849,0.013704383,-0.00046315044,0.0063288244,0.033866834,0.02772529,0.016470933,0.018950786,-0.011244291,0.016572323,0.0061089545,-0.007479701,0.033333145,0.040000886,-0.0028099231,0.015784616,-0.0019022916,0.008723874,-0.00049489085,0.0024911389,0.025870971,0.008406804,0.009664042,0.0039272765,0.018023398,0.009530787,0.03162422,0.005872468,0.022739012,0.00295557,0.0035983361,0.021249149,0.008756464,0.010261426,-0.0018511498,0.01696395,0.034268457,0.0057926406,0.013169148,0.016954381,0.009578297,0.002196732,0.011621867,-0.011544067
0.0077795833,-0.04500448,-0.0010639587,-0.003527795,-0.015792213,-0.03341553,-0.017809829,-0.0057628807,-0.0083895065,-0.012502773,-0.006318338,-0.010913985,-0.02279304,-0.0059063043,-0.013158847,-0.0019735768,-0.010443145,-0.030547503,-0.00836356,-0.001950209,-0.01109379,-0.009129031,-0.029214181,-0.018071245,-0.020007737,-0.01590994,-0.017891416,-0.007712163,-0.01576035,0.008290932,-0.0025254088,-0.033486277,-0.021367747,0.0029460955,-0.016219467,-0.03279888,-0.012500443,-0.022003733,-0.021668922,0.0018596835,-0.030711994,-0.0018102545,-0.0057695303,-0.0040578954,0.0020658793,-0.0115207005,-0.012926538,0.0066828826,-0.017157167,-0.012871599,-0.02022557,-0.045664027,-0.018446624,0.0059557725,-0.002353983,-0.00194492,-0.01845347,-0.0106707625,0.0017052144,0.0011822172,-0.018740986,-0.0029973406,0.012138867,-0.019532466,-0.024980344,-0.022095062,-0.0075351205,-0.02411636,-0.0014711898,0.011822043,0.00747269,0.0011708084,-0.006562339,-0.005291287,-0.0041575152,-0.02311771,0.0026452914,-0.0060258172,0.012714493,-0.028083034,0.0088758785,0.00067294016,0.001439061,0.0108800195,-0.0077236425,-0.010898832,-0.01877167,0.0014727227,-0.0090636555,-0.006216932,0.007247722,-0.015341803,-0.0055704433,-0.00958054,0.015146655,-0.011881474,-0.0037120376,-0.004228929,-0.016477108,0.0029455833,0.0084668705,-0.02452965,0.0057990896,-0.013077203,-0.026098736,-0.00023504719,0.00709127,0.0076707085,0.00091352034,-0.046455227,-0.028296608,-0.019796424,0.02130809,-0.004329942,-0.018563567,-0.028176464,-0.0007841084,-0.024548706,-0.000341177,0.008023025,-0.019666785,-0.0153406225,0.007838227,-0.011282103,-0.005673172,0.0051577482,0.003007561,-0.0021632835,-0.012256848,-0.010436704,-0.014291624,-0.0002062507,-0.013542734,-0.013396133,-0.04624447,-0.017420815,-0.00962824,-0.0051127225,-0.01806454,0.0016337382,-0.008732377,-0.0050366204,-0.0051405784
-0.0047290865,0.0055439244,0.022286024,0.003669477,0.019487243,-0.011174612,0.012770524,-0.0035229716,0.0006915508,-0.002070942,-0.019148849,-0.012222789,-0.0073176436,0.041925937,-0.021150973,-0.0031761825,0.0043138717,0.014079599,0.0019921279,-0.004626069,0.014052194,-0.020124044,-0.014454316,-0.009666344,0.005584901,-0.016118279,-0.007242799,-0.025747165,-0.0149243865,0.0005145585,-0.023606002,-0.0043402147,0.013342019,0.0025779093,-0.03336111,-0.035320815,-0.0032935925,-0.005945146,-0.021338165,0.0005769199,-0.012846999,-0.009730833,-0.0065762606,-0.016228693,-0.010108236,0.014198702,0.01025077,-0.0023413254,0.001301935,-0.015050314,-0.002030355,-0.007266948,-0.010112032,-0.0064385906,-0.0074706413,5.3307973e-05,-0.020224683,0.0077396603,-0.0111076385,-0.008161059,-0.004257925,0.005359693,0.029646453,-0.008266302,-0.0077962987,-0.009081274,0.00808477,0.0047860765,-0.0024448251,0.008160679,-0.006186869,0.014309151,0.0013926923,0.016882189,-0.010531362,-0.020613723,0.003227287,-0.002035915,-0.010051265,-0.0057044216,0.005464151,-0.003883576,0.0063824663,0.0015746225,-0.00041066948,-0.011823757,-0.0033428315,0.018484252,0.003657084,-0.022210136,-0.016426725,-0.024611209,0.0047446326,-0.019463968,-0.01603204,-0.01921415,-0.010229642,-0.00922828,0.011660533,0.048607275,0.01790614,-0.014104541,0.0006163735,-0.018323652,-0.01981635,0.004013378,0.0057549635,-0.0086584985,-0.023036,4.9885362e-05,0.01450661,-0.036352515,-0.0027550068,-0.0027926369,-0.0059996545,-0.021946423,0.0054912544,0.0011294875,-5.919952e-05,-0.0048562307,-0.022935677,0.013122499,0.02369259,0.0040849983,0.0013920646,-0.0038046716,-0.0027170386,0.0010801386,0.0061617373,-0.0035790177,-0.0065422654,-0.00070715137,-0.00684567,-0.009850634,-0.010406349,-0.010703899,0.008569593,0.025674384,-0.010629568,-0.008339787,-0.011832459,-0.01247968,-0.003863912
-0.008352844,-0.004517561,0.0043544387,-0.0057281945,-0.0045096297,-0.015165396,-0.006221492,-0.018633317,-0.008097772,0.006551118,-0.014918596,-0.014301904,-0.015066424,0.011746741,-0.020268783,-0.020218391,-0.0046875197,0.008601047,0.008370959,-0.02418007,0.020462323,-0.013902467,0.0027872175,0.006768984,-0.0032797148,-0.004064572,-0.013991773,-0.0057283286,-0.026788816,0.0032454068,0.0052264184,0.0037911334,-0.0020370483,0.017875867,-0.010599989,-0.0018679826,-0.017921617,-0.0002618665,-0.028100677,-0.00061426125,-0.028755173,-0.015412537,0.00044482388,0.019578896,0.019216249,0.012903955,0.0295599,-0.031041231,-0.01207828,-0.008282743,-0.024057914,-0.0049429536,-0.008758415,-0.015318755,-0.0073281415,-0.009528765,0.013302515,-0.006571885,-0.0015457906,-0.023612581,-0.013819825,-0.017045656,-0.0063924883,-0.00012211874,-0.013067253,-0.016350767,0.0067107147,-0.003843831,0.025558876,-0.011452217,0.009483649,-0.0017187512,0.0043641245,0.0023696152,-0.007924126,-0.015032439,0.0007792497,-0.024193801,-0.026407558,0.008713216,-0.008611044,0.008690558,0.012234589,-0.0027904976,0.00026638526,-0.029905241,0.016483458,0.0026984438,0.0064579584,-0.01412737,-0.029643226,-0.01271737,0.005128707,-0.013948768,-0.012872757,-0.019046165,8.446071e-05,-0.00075635687,0.009264731,0.011292382,0.03720408,-0.025405675,0.006406906,-0.0035244944,-0.02428314,0.0054411315,-0.01900421,0.00028620195,0.009400573,-0.026700523,0.008825215,0.008402271,0.00011814758,-0.0015634466,0.012021286,-0.016957842,0.002065939,0.0067494214,-0.013862193,-0.019466534,-0.010337282,-0.0074924305,-0.017879697,0.01444599,0.0038208035,-0.019463629,-0.006176686,-0.04062253,0.008161762,0.0024954788,-0.00036171265,0.017111294,-0.014352808,0.023631938,-0.01334394,-0.015428202,-0.041885015,-0.0020430163,-0.011761585,-0.006570421,-0.00015590154,-0.029994488,-0.016785774
0.0011391118,0.0027623475,-0.022485133,-0.0024898378,-0.015766958,-0.004615534,0.0069169546,0.002973061,-0.015205322,-0.0018749414,-0.018788528,0.0013599582,-0.009729531,-0.011921028,0.0054470575,0.009109881,-0.0042244773,0.009907136,0.027993858,-0.02813593,0.01013425,-0.006502621,0.00903084,-0.0399481,0.0037928084,0.005605258,-0.0033691358,0.007528576,-0.008862555,0.00991397,-0.0023844996,0.025112843,-0.012660179,0.013177445,-0.012174983,0.0011638813,0.004805204,0.000937975,-0.01456847,0.00073366426,0.029411027,0.0048577124,0.00045929104,-0.008193677,-0.0036090668,0.009688624,0.007335314,0.038694225,-0.0036389194,-0.0019221855,0.009012928,-0.0030285101,-0.015968103,0.0047151432,0.0034281388,-0.0071294606,0.0045059533,-0.0028624535,0.005356675,-0.012675745,-0.015628127,-0.005215738,-0.013422418,-0.0030342164,-0.003052272,-0.000134903,-0.0104525015,-0.0099404715,0.004807847,-0.010222841,0.0044293716,-0.02210667,0.0062360116,0.004826817,-0.01080111,0.005551979,-0.004577918,-0.018868005,-0.01411638,-0.0032068938,0.006704785,0.0029596435,-0.0031271512,0.009369104,0.0064168167,-0.0153237,0.01351187,0.01787166,-0.0007281834,0.00242134,-0.025147684,0.0025148354,0.01192361,0.010411371,-0.014053637,-0.007973671,0.0013706377,0.0005815197,0.009950084,-6.0169958e-05,0.011934299,-0.0020398889,-0.011561332,0.0041448907,-0.018624147,0.0011455333,-0.016829047,0.0008271858,0.00422485,0.0006119292,0.011260753,0.0396184,-0.005627958,-0.0017691366,0.028068347,-0.010523336,9.2482194e-05,0.0035135103,-0.03296177,0.0019908454,0.012349809,-0.003194768,0.004113146,-0.0037832027,0.010987511,0.011286249,-0.0021229908,0.010331752,-0.0003003506,0.009048724,0.0060928585,0.014960137,-0.00063245185,-0.01285878,-0.0024198014,-0.023787342,-0.008044189,-0.0029963953,-0.0059545375,0.0013481006,0.0046211868,0.0015831254,-0.00095644034
-0.0023591695,0.0076262695,0.01375222,0.010288181,-0.0020188093,0.018136797,0.0039905338,-0.020432897,0.00558226,-0.0007512113,0.0013095774,0.0143226795,0.0023754202,0.045107536,0.0021004304,-0.004654493,-0.0023778612,0.009334745,0.013876718,-0.0022792704,0.0028942488,-0.001288577,0.020082787,0.026556775,-0.0014745481,0.043033626,0.017888566,0.0335771,-0.009154897,-0.01306824,-0.0051708966,0.005421152,0.008372993,0.00777592,0.0053134076,0.0058374074,0.0399256,0.016456626,0.0073937895,0.0027891388,-0.002089493,0.021014404,0.020143205,-0.021591946,-0.0066004135,8.175522e-05,-0.0049299616,0.0036307871,-0.0041944645,0.017028406,0.01823223,-0.012449665,0.016554678,-0.0006090533,0.009884519,-0.0008383868,0.0008667549,-0.011062862,0.024135917,-0.009546405,-0.0018460602,0.004722282,0.023203742,-0.001394459,-0.010312652,0.03128721,0.0020142514,0.0071532,0.018397933,0.008521174,0.005503592,0.008433218,0.001349668,0.0021972992,0.008341977,0.010877863,0.008748651,-0.020554408,0.009338366,0.002122879,0.005813194,0.0059132306,0.009132064,0.0029426366,-0.0018921345,0.00796343,0.012897469,0.011008584,0.008388651,0.0006836802,-0.015844306,-0.0005026078,-0.019732982,0.02236038,0.0019899597,0.003927535,-0.0045868494,-0.0055031497,-0.013781663,0.029024027,0.0054082903,0.0035284748,-0.0071782134,-0.025924597,-0.0024772473,-0.010857796,0.02765299,-0.0054800883,-0.005538041,0.0013665128,0.0015160572,-0.010542473,0.02667179,-0.0057067014,-0.017049838,-0.012846002,-0.0020983294,0.008415094,0.01373198,0.009217901,0.02445114,0.005252657,0.004610374,0.003659279,-0.019291993,0.0076635247,0.002220869,0.0049432223,-0.009753665,0.026302895,0.0042903465,0.025083885,0.014438653,-0.009256305,-0.007512007,0.023643546,0.022728577,-0.02969455,0.010328237,0.006894851,-0.0009630434,0.0055826805,0.0068914643
-0.01635623,-0.015025716,-0.00644096,-0.029619172,-0.024458893,-0.007023122,0.0048353956,-0.042670257,-0.013931004,-0.0050923713,0.0013403026,0.0033693174,-0.007434014,-0.0036763335,-0.029009111,-0.046586473,-0.013509836,-0.037011463,-0.0071504954,-0.01163755,-0.0012221467,-0.0039241454,-0.0061979443,-0.0117600355,-0.024475023,0.01343749,-0.012112716,-0.009153256,0.0018745363,-0.0041240472,0.00064345263,-0.044075828,-0.0071604103,0.0038696788,-0.01461532,0.004976543,-0.009691976,-0.0215948,0.011289682,-0.0027992707,-0.011934247,-0.00045863446,-0.0030990737,-0.007385304,-0.018424949,0.0031230953,-0.035357483,-0.024700064,0.017654061,-0.018546652,-0.037559632,0.009808421,-0.008750336,-0.011480462,-0.024517681,-0.013524618,-0.00524473,-0.031889655,-0.008745281,-0.0045929886,-0.0029652426,-0.02229089,-0.0060351305,-0.013762763,-0.011958141,-0.008420302,0.0051419595,-0.013144093,-0.0027395664,-0.034253832,-0.017150182,-0.0011576209,0.00046075787,0.0020435955,-0.0032541621,-0.012592636,-0.04868135,-0.021827515,-0.011729,-0.03995243,-0.013743402,-0.0014297087,-0.004462866,-0.014931066,-0.019794445,-0.0085912105,2.2696331e-06,0.0023566093,-0.01796245,-0.018150654,-0.015995633,-0.013035318,-0.0267995,-0.025410969,-0.019634051,-0.0039010113,-0.00978661,-0.010171296,0.0049331095,0.000547071,-0.010719493,-0.005229581,-0.02335063,-0.018808806,0.001488951,-0.013059316,-0.015631398,-0.00052389316,-0.013598664,-0.004476141,-0.011899561,-0.008291351,-0.021764308,-0.013396921,-0.035854105,-0.0060663857,-0.006286485,0.0032151127,-0.008425148,-0.01146126,-0.01486969,0.009089803,0.010157522,-0.026952308,-0.008989934,-0.02319919,-0.017914224,0.0012131408,-0.0068207197,-0.007586006,0.024643611,0.0025578057,0.000508599,-0.013754405,0.0008192761,-0.0026676636,-0.011308959,-0.012727374,-0.015545599,-0.036956508,-0.031682715,-0.016471926,-0.008514581
-0.02488491,-0.0093136225,-0.028071668,-0.035446417,-0.024239264,-0.015324123,-0.008257121,-0.018459853,-0.027523693,-0.027958259,-0.008554425,-0.026957005,-0.02448636,0.011511913,-0.042120136,-0.035897557,-0.023216587,-0.03687988,-0.03562413,-0.025307931,-0.02994389,-0.010423472,-0.023785844,-0.00017227232,-0.040146176,-0.020881701,-0.02859439,-0.04125918,-0.0038284482,-0.030432679,-0.042016253,-0.04434527,-0.012747288,-0.027632747,-0.017917369,-0.0007970184,-0.0077850223,-0.015591748,-0.013790078,-0.000941474,-0.0320367,-0.0145681165,-0.0029045679,-0.02311809,-0.04004465,-0.018750343,-0.020871073,-0.03289926,-0.038874988,-0.007896153,-0.033743963,-0.012483569,-0.019356556,-0.029232733,-0.022905491,-0.012664827,-0.0010405853,-0.032543544,-0.03099566,-0.00081413053,-0.028505512,-0.03720395,-0.021477956,-0.031243745,-0.028346851,-0.015733462,-0.021684613,-0.041952193,-0.024705488,-0.037041254,-0.03846884,-0.03344066,-0.010384733,-0.0014939504,-0.007893205,-0.018907446,-0.022820938,-0.026963413,-0.03227949,-0.034874015,-0.02961123,0.0033531385,-0.012777846,-0.03921076,-0.029325776,0.018260697,-0.004353404,-0.017344704,-0.02814594,-0.02474657,-0.015469642,-0.011069518,-0.036016636,-0.007090004,-0.027409885,0.005309219,-0.01633862,-0.015930176,-0.042761073,-0.013126032,-0.016675668,-0.016075842,-0.014509298,-0.03227625,0.012180437,-0.023959797,-0.038304754,-0.010909393,-0.01821994,-0.012106366,-0.048437506,-0.040435664,-0.015479358,-0.011638692,-0.043798063,0.0010779621,-0.02155156,0.018692218,-0.01058897,-0.022851054,-0.03213682,-0.04321833,-0.03479861,-0.040003143,-0.012658345,-0.041438412,-0.038637854,-0.023981478,-0.033063393,0.00062917825,-0.013310395,-0.0143043995,-0.0021060426,-0.028835941,-0.016737055,0.0008546021,-0.0016913898,-0.0345527,-0.0072672646,-0.031338245,-0.016131544,-0.028597381,-0.015075503
0.009254441,-0.00070501957,0.0320073,0.018601071,0.005127022,-0.023963321,0.019504124,0.0063703693,0.001065569,0.009447552,-0.0025881361,0.03105529,0.00709322,-0.050958112,0.007134893,0.007068309,5.1515177e-05,0.009138697,0.008942177,0.011564014,0.023714779,-0.0069862064,-0.011664987,0.020166531,0.004556583,0.00085078087,-0.012181502,-0.015434412,0.007565082,-0.00030059088,-0.013425291,0.010199808,0.003077194,0.0036770394,-0.012072802,-0.0016247164,0.005598909,0.015205931,-0.008200441,0.007395,0.017845422,0.007827295,0.015266747,0.0124272285,-0.0063074026,0.013382349,0.0102781905,0.021883518,0.005972698,-0.006569594,-0.0052910093,0.007068071,0.024645733,0.003376755,-0.0079650115,-0.012700651,-0.017068949,-0.0039551333,-0.04364346,-0.011446331,-0.025224987,0.0005435366,-0.018905412,0.008162979,0.00040814746,-0.02202262,-0.0034892755,-0.010081513,-0.0030523445,0.014535733,-0.04154822,0.0071123475,-0.003193779,0.0011340939,0.0017683432,0.0018134154,0.003792719,2.4155714e-05,0.0077973986,0.008597052,0.019963866,0.0015035756,0.008046047,0.0063514677,-0.011227796,0.0011237748,-0.010154668,-0.00023393054,0.011042527,-0.0032646582,-0.0023308564,-0.011163661,-0.0023921635,0.0012115873,0.012196032,-0.0007135058,-0.0062764958,-0.007314114,0.025545435,-0.020464726,-0.010552689,-0.0054478124,-0.02142774,-0.013620632,0.001584637,-0.008814994,0.013450021,0.008246724,0.020568281,-0.007759398,0.0077097705,-0.009038899,-0.0107491985,-0.0014989814,0.014459989,0.0048569283,0.0045935493,0.008557882,0.0059552714,-0.0062137004,0.0044862465,0.0041067144,0.001186992,0.0073991604,-0.005325867,0.0045654005,-0.008750049,-0.00049752556,-6.831251e-06,-0.00092776306,0.025325041,0.0007426627,-0.02034036,-0.019363962,0.0040579773,-0.011508759,-0.01389261,0.010320799,0.009912804,0.0019536717,-0.002864102,-0.0044395234,0.0002661068
0.008468619,0.009184175,0.005864504,0.0064134877,0.014319148,0.019658,0.008418803,0.002944937,-0.0042763054,0.013191782,0.008631732,0.012873514,0.006879203,0.01097448,0.03098628,0.021623474,0.018984543,0.008925028,-0.0011283234,0.008419967,0.0067952373,0.006609896,0.008861568,0.010993114,0.003447527,0.0010704054,0.008840919,-0.0030172588,0.005324078,-0.01709763,0.03311208,0.02784098,0.022602953,-0.003856753,0.0061258296,0.0061711264,-0.002022745,-0.018280486,0.0024550324,0.0091318255,0.013712588,0.006951619,0.0076337066,0.019083248,0.008663874,-0.0043908227,0.010201886,-0.0007125549,0.0063744066,0.004463235,0.0074617383,0.014600622,0.0017156787,0.0048713353,0.0013790578,0.007080968,0.023806091,0.0048933597,0.006612633,-0.002857944,0.024947545,0.0077116247,-0.004132651,-0.006438015,-0.0066863876,0.028029282,0.0008604089,0.005447863,0.03009397,0.0015489496,0.00467374,-0.00795706,0.0034520933,0.011211204,0.011223478,0.00067568384,0.011448497,0.011958711,0.013396137,0.0076132976,0.015373379,0.012000834,0.010811528,0.027829552,-0.0024343375,-0.011115674,0.023033679,0.018585375,0.03323125,0.008045208,0.005157592,0.0064865737,0.0004878398,0.005518609,0.008304766,-0.010407595,0.0013369685,7.107481e-05,-0.025834125,0.005420698,-0.020156793,0.021126565,0.00017877668,-0.005792912,0.0019836249,-0.0025138743,0.008563487,-0.016310519,0.0018150657,0.00821421,0.0032085339,-0.003330391,-0.0045524295,-0.005002359,0.0135504585,0.0014114045,0.014576225,0.0016077748,0.011014238,0.0038613253,-0.01929722,-0.032408074,0.012885782,0.001022676,-0.017356373,0.005713315,-0.0010697609,0.009063014,0.023739249,0.0072724493,0.015105407,0.008433174,0.005417383,0.00065590907,0.0077800816,0.009163069,0.0021500653,0.0074704112,0.023835689,-0.010508817,0.007748829,-0.0032336563,-0.0017995127
-0.013897236,-0.023906942,-0.041874833,-0.02625823,-0.018928282,-0.023114063,-0.018862784,-0.0149401575,-0.03470297,-0.038803093,-0.0026484244,-0.034046195,-0.027528316,-0.02284313,-0.017988047,-0.020430692,-0.020723987,-0.019387685,-0.027637426,-0.022022516,-0.027749658,-0.007352568,-0.03465171,-0.04617319,-0.024410132,-0.01881953,-0.034624256,-0.016187068,-0.003985733,-0.015769996,-0.036987487,-0.013912834,-0.05041935,-0.042478193,0.0022591911,-0.014415534,-0.022659395,-0.042133342,-0.0036726687,0.00036192406,-0.032948226,-0.01618472,-0.039176747,-0.0064141843,-0.023409147,-0.029023848,-0.046052903,-0.03754712,-0.040627785,-0.009131568,-0.02032993,-0.02661769,-0.018192891,-0.031891443,-0.020997096,-0.012960833,-0.036610156,-0.023184568,-0.010103373,0.0015310524,0.012483456,-0.020233124,-0.018043673,-0.028550819,-0.020567037,-0.028011698,-0.037889235,-0.022249948,0.020890187,-0.018411497,-0.0050351974,-0.024174616,-0.025209732,-0.036941662,-0.014005665,-0.019342931,-0.020881213,-0.009958312,-0.024044305,-0.024434913,-0.02831519,-0.020495463,-0.018816018,-0.0228962,-0.01990895,-0.023059621,-0.013974883,-0.016491765,-0.047234982,-0.033684652,-0.015571862,-0.019645572,-0.013695901,-0.012881447,-0.038405225,-0.008464975,-0.02132319,-0.021723006,-0.03575889,-0.0143417865,-0.028997477,-0.024441257,-0.016825348,-0.023872577,-0.015537048,-0.030462883,-0.024114396,-0.041095987,-0.018226944,-0.016208626,-0.018490966,-0.015380651,-0.021744885,-0.032740854,-0.035085626,-0.01028746,-0.010039529,-0.03861663,-0.038194835,-0.009574503,-0.025308713,-0.009005623,-0.026301295,-0.03221922,-0.029753804,-0.023526996,-0.016624473,-0.028293073,-0.040513944,-0.010011952,-0.007921575,-0.010998061,-0.012017088,-0.010750102,-0.020521764,-0.03162468,-0.026882123,-0.037598215,-0.042543456,-0.027505685,-0.021315746,-0.022184037,-0.034531288
-0.012568029,-0.0142965615,0.012502493,-0.011028003,0.0053338255,-0.014962072,0.010464035,2.437085e-05,-0.009331243,0.0062889433,-0.018026093,-0.014335908,0.006487148,0.0017024195,0.016239012,0.019274637,-0.0038275868,-0.0037044631,-0.018130455,-0.01607954,0.014791271,-0.015053477,0.00708247,-0.009876281,-0.0081970785,-0.029381756,-0.010298766,-0.02513944,-0.021922506,0.002466943,-0.025254782,0.024272067,-0.016830536,0.014160932,0.010180392,-0.01752569,-0.012254763,0.0110581145,-0.030976292,-0.020517576,0.0014979253,-0.040776677,-0.021193366,-0.037866272,-0.017771615,0.0073374044,0.003917028,-0.00012835208,0.0073357364,-0.024186715,-0.0030185264,0.0026351828,-0.015500361,0.0031693485,0.013747916,-0.022859145,-0.014132081,0.0022109784,-0.005277097,-0.0074329395,-0.012483552,0.012909595,-0.008837061,-0.019765865,-0.0006874176,-0.0060135387,-0.003245959,0.0071412055,0.027473971,0.0027199397,-0.017245024,0.017800873,-0.0143821,0.012901991,-0.025181,-0.0026767226,0.009322504,-0.0072650816,-0.013969056,-0.010253752,-0.00925204,-0.014262436,-0.0051918123,0.004799338,-0.0054491833,-0.0063184723,-0.03290784,-0.0064539816,-0.025372472,-0.012147548,0.0069735097,-0.021095127,-0.009361459,0.00086096395,-0.0039909147,-0.01251827,-0.008862542,-0.0084588025,-0.0007108608,-0.013611663,-0.0037166849,-0.0027021682,-0.020936243,-0.008542566,-0.036485273,-0.0033255955,0.0034228396,-0.017705474,-0.015494525,-0.0070296563,0.0007346608,0.0023647416,0.019114505,0.00070676673,0.0060109226,-0.015690554,0.005862048,-0.011524256,-0.0014896281,-0.010869335,0.04609704,-0.010673873,-0.010352764,0.010309035,0.0013013519,-0.0052064676,-0.00058469176,-0.03286027,0.004612405,-0.019533042,0.0008558994,-0.008238478,-5.305372e-05,-0.009382125,-0.0177584,-0.011723995,-0.016541677,0.005566865,0.0050732424,-0.014251068,-0.010335429,0.007274288,-0.011685977
-0.011611093,0.003616075,-0.008416392,-0.0029104147,-0.011059871,0.0016149711,0.03659784,0.0023571346,-0.023087502,0.020516604,0.01272314,-0.01561038,-0.0046254396,-0.003318239,0.001713708,0.004796542,0.00044317544,-0.047323912,-0.018123256,-0.0025914423,-0.026035588,0.02632267,-0.012139805,0.0028303787,-0.017323494,0.0054783593,0.0029585427,-0.011141434,0.01668106,-0.011291964,-0.011016335,-0.025665417,0.016869266,-0.018183066,0.0039049909,0.006083885,0.005930459,-0.012615709,0.03635507,0.026102602,-0.0013448577,0.0075031556,0.0100433845,0.0012253057,-0.018036459,-0.02343433,-0.033101868,-0.013933957,-0.001367921,0.040147755,-0.012838677,0.013563045,0.0020974353,0.006105188,0.027861625,-0.0026401822,0.0033255583,-0.0063990094,-0.008295173,0.029749136,-0.015606595,0.0003850367,-0.009248218,-0.0058660526,-0.022649698,0.011798858,-0.019858237,-0.009779409,0.023645032,0.018869968,-0.0055970773,0.008014152,-0.01625067,-0.0054671466,0.008360315,-0.015638655,0.0025820863,-0.008499868,-0.0076685455,-0.0008658543,-0.010450289,0.03216056,-0.008587193,-0.017745215,-0.02479091,0.022158606,-0.0018253122,0.005808299,-0.017697044,-0.01343859,-0.0146741085,-0.0054299105,-0.018404115,-0.0025577135,-0.033136286,0.02563097,-0.0183546,-0.018365882,-0.013132101,-0.032462105,-0.018734762,0.0016666371,-0.0075044967,-0.0055716224,0.035124443,-0.0120969545,-0.02075582,-0.0064089037,0.0045925565,0.0061569465,-0.0067689065,-0.011008531,-0.018316828,-0.024397712,-0.00899956,0.0037502265,-0.0027890075,-0.018084083,-0.004016839,0.006292502,0.0013609147,-0.020093024,0.011921808,-0.033377524,-0.01582536,0.0058627687,0.0075837276,0.014828911,-0.0033776406,0.010162621,-0.023649424,-0.009934625,0.0019121598,-0.02489778,0.015855774,0.013179156,-0.010414923,-0.030494384,-0.0070905164,0.0077046463,-0.013224378,-0.008916123,0.0014174692
0.014530126,0.013438361,0.03540941,0.028926127,0.008835699,0.008639109,0.0030204393,0.0051362906,0.027012996,0.021889577,0.004670608,0.052275993,0.010729196,0.007967157,0.003637258,0.0069282292,-0.0028676465,0.026147924,0.032695077,0.016892642,0.011867401,0.014462182,0.028704382,0.02262539,0.026648708,0.022394307,0.026287146,0.008794578,0.016000137,0.018370394,0.01604012,0.0074082017,0.019850846,0.031827495,0.035258662,0.0077308957,0.016514082,0.007966487,0.017071933,0.041825503,0.03064169,0.03485613,0.039057553,0.019907692,0.015439123,0.029788893,0.030631308,0.029126558,0.029619252,0.0077092443,0.024970463,0.016738152,0.022353861,0.01648292,0.012072494,0.0069273347,0.0145536605,0.019028079,0.016633926,0.0021282285,0.012191728,0.010807349,0.001538733,0.032150418,0.00912972,0.026363328,0.021749869,0.0070297616,-0.00010445528,0.020177655,0.011939123,0.031429157,0.020271339,0.044038724,0.026396511,0.008336286,0.0034333747,0.015726378,0.015311714,0.024216367,0.032133404,0.051425826,0.008976081,0.019433115,0.029215677,-0.002678413,0.027089993,0.021790043,0.032149605,0.028072596,0.008868557,0.0131430905,0.0086176,0.010555374,0.023494538,0.0022625914,0.009660348,0.009810557,0.0197749,0.0058017955,0.014907936,-0.008586504,0.036337353,0.030354625,-0.0010741521,0.025178595,0.015500123,0.023693211,0.037173443,0.0060056066,0.012576658,0.03207635,0.013360951,0.031517252,0.031750157,0.0098148445,0.033228554,0.034028146,0.033110123,0.01159616,0.044650376,0.018886445,0.014106952,0.028423399,0.014137245,0.0207505,0.01056444,0.035013825,0.018053943,0.01617403,0.02333773,0.022936989,0.02637141,0.00419529,0.01597847,0.020075358,0.008146905,0.018651025,0.031762693,0.009082969,0.020050574,0.028432928,0.02888242
-0.0060757026,-0.020680722,-0.03934055,-0.027990784,-0.0048688706,-0.00908676,-0.012889978,0.0022710832,-0.014374506,-0.027545013,-0.005101027,-0.041063175,-0.016649593,0.0015049828,-0.018873978,-0.014164088,0.006520408,0.0023698248,-0.004976049,-0.008970775,-0.014410626,-0.00095906947,-0.009795938,-0.012536623,-0.0030027824,-0.033142358,-0.019354567,0.013826732,-0.0057480633,0.0021749455,-0.011932977,-0.016467383,-0.022288445,-0.022618975,-0.009485466,-0.0057484694,-0.016473286,0.002050898,-0.022208989,0.005922209,-0.024721477,0.00058924314,-0.015573047,-0.019175675,-0.011736162,-0.015250063,-0.005163841,-0.009104783,-0.024638262,-0.0018925825,-0.009032918,-0.0020523136,-0.0037047183,-0.025830746,-0.0041342527,-0.016316568,0.005438096,-0.016024385,0.014289942,0.00019740127,-0.006728206,-0.009434443,-0.020127326,0.011810286,-0.013336439,0.009073317,0.008545163,-0.012527235,0.011197445,-0.010736205,-0.0047905967,-0.027065061,-0.021656923,-0.04097694,-0.022542164,-0.009932637,-0.0065603517,0.0055751996,-0.010509178,-0.01613163,-0.01954742,-0.023707818,-0.00977264,-0.016154066,-0.013300812,-0.0045739785,0.0038933186,-0.016434683,0.028828366,-0.019562453,0.0034380462,-0.026553817,-0.010220889,-0.005166253,0.01125259,-0.016349645,-0.02010141,-0.020863399,-0.010162728,0.0013289498,-0.0077626947,-0.0026351167,0.00286364,-0.0117824,-0.008505739,-0.0031621186,0.0016299086,-0.0024901023,0.00515466,0.0033321409,0.003533042,-0.0007696934,-0.022731569,-0.014580166,-0.0034571309,-0.0003662249,0.0016516605,-0.039176337,-0.018020501,-0.006578747,-0.052095443,-0.013758481,-0.03491651,-0.01112067,-0.015979813,0.002177067,-0.0053360034,-0.015184525,-0.0039975345,-0.0034810472,-0.0063027367,0.0008254247,-0.0038221767,-0.016040957,0.0029543042,-0.010675248,-0.024541583,-0.00852837,-0.02619169,-0.013575306,-0.012819808,-0.026196636,-0.005299855
0.011188491,0.020635774,0.006468773,0.009088822,0.008632444,0.0141921975,0.023197765,0.0028870292,0.0064144367,0.03488172,0.025460258,0.00042921677,0.006270517,0.03515239,0.009512308,0.0015210621,0.018320657,0.0014352119,0.011429094,0.017180791,0.0075319177,0.0170324,0.021891236,0.020964887,0.016573166,0.039283182,0.02165895,0.005908921,0.005757486,0.0073673916,0.0021665543,0.023815354,0.015639467,-0.0015115496,0.026521463,0.005265939,0.010972765,0.022519298,0.019733453,0.03373743,0.018426219,0.013111459,0.05476538,0.012176709,0.0036753155,0.0023927502,0.006012881,0.014644179,0.013321004,0.020119444,0.0067253374,-0.001366985,-0.0019277018,0.008872428,0.008265238,0.009225774,0.03668274,0.005360883,0.011646693,0.020145051,-0.00057302136,0.017409975,0.017626109,-0.004160743,0.008392542,0.004300147,-0.004404273,0.0076590558,0.014744906,0.009828454,0.012805896,-0.0020093974,0.00732201,0.020010222,0.025652686,0.0064689913,0.00821439,0.0068586376,0.010315657,0.0076897894,0.0151009625,0.03556584,0.031445533,0.020838078,-0.009992015,-0.0041871965,0.057290666,0.0062810224,0.0023892904,0.023161255,0.008764211,-0.0057389904,0.0031512622,0.025582211,0.0005456051,0.020188972,0.006943888,0.007273002,0.0025116168,0.015892712,0.0032032775,0.003544392,-0.008153673,0.010673906,0.024100123,-0.0070039015,0.0081163095,0.0008608876,0.023522615,-0.00084369443,0.006012775,0.017422995,-0.009852707,0.0049420414,0.010772983,-0.0004024217,0.038386017,0.027663354,0.013292099,0.019941296,0.007827423,0.004593278,0.010394732,0.0062834434,0.0045156046,0.026224108,0.010810327,0.0023695948,0.017198203,0.029098848,-0.020073548,0.0519759,0.008232553,0.0032164631,0.002785311,0.006403449,0.011774358,0.004960301,0.01602223,0.014633525,0.0005890839,0.01554687,0.007970928
0.023154639,0.0075230785,0.030636234,0.010279617,0.014759051,0.004348592,0.0020337217,0.0066722883,0.014546709,0.014406795,0.0043186247,0.029281884,0.009326318,0.009242131,0.008020023,0.017521348,0.007089826,0.012000682,0.025062226,0.023844056,0.027322244,0.00017345417,-0.00065295026,0.018254753,0.013063198,0.011895023,0.029382471,-0.00016743969,0.018741624,0.015856091,0.009667345,0.019170137,0.004361661,-0.0008041598,-0.0022182204,0.016733356,0.006190731,0.0196484,0.021634746,0.008809762,0.010400731,0.019744234,0.019893585,0.010871898,0.007626315,0.03226128,0.004340423,0.019666865,0.016572373,0.029566554,0.010288723,0.008320741,0.0095715895,-0.0037814928,0.017081508,0.0042039114,0.027125966,0.0076385294,-0.015317727,0.028072646,0.0014194716,0.021238657,0.0010203114,0.013064199,0.015860831,0.026214816,0.0011930149,0.016593503,0.0304039,-0.007501751,0.010505885,0.006102055,0.009337762,0.021516599,0.0062552486,0.0070976187,0.0047820434,0.013287506,0.004825448,0.017435681,-0.018530428,0.0066080587,0.039633274,0.017623581,0.020989016,0.016607774,0.006745718,0.025908932,0.020104378,0.0235789,0.015756844,0.004272078,0.0061855447,0.028937936,0.0027853278,0.029539205,0.008734968,0.008713899,0.004732753,0.00710366,0.007905692,0.020432252,0.00034399796,0.005639594,0.011028523,0.012178138,0.02544425,0.0062355814,0.020780496,0.012242305,0.0011644345,0.017307978,0.01391908,0.0050237286,0.011042488,0.0077525093,0.03546978,0.009806696,0.025123587,0.0029214732,0.00047230907,0.015883086,0.021458346,0.008578252,0.007510241,0.0012096278,-0.0045109764,0.0067228875,0.008326251,0.01695763,0.018853426,0.0349026,0.0031732097,0.0060354657,0.009496603,0.014164434,0.010239791,0.002961767,0.023277089,0.0022967001,0.02585439,0.019584034,0.01047566
0.025367565,0.010323859,0.01367414,0.0031719664,0.017669827,0.03332656,-0.008215491,0.012674233,0.0053341268,0.01155081,0.022834579,-0.013741462,0.0022050971,0.017207025,-0.0016073119,0.0069619957,0.012049657,-0.0029111365,0.004443387,0.010480463,0.022048773,0.0107418485,0.004373366,0.020289429,0.00937657,-0.018906169,0.015632054,0.014428939,-0.0011392422,0.005445718,0.005188629,-0.0070989504,-0.001044564,0.015874557,0.024827026,0.006372928,0.0078511145,0.011944135,0.020461477,-0.00023171958,0.0012110677,0.005139736,-0.00046985317,0.008891136,0.009545259,0.020576589,0.013001172,0.0048050103,0.0064770263,0.012724908,0.0066280193,0.018913692,0.0042891577,0.020748623,0.003313072,-0.0028955452,0.008567903,0.00912644,0.019476198,0.01031295,0.0065242485,-0.001323225,0.002778696,0.009296774,0.014280252,0.0011032764,-0.0013849903,0.008450527,-0.026189834,0.024057148,0.01132525,0.022221018,0.014166681,0.018622719,0.025393091,-0.00015886966,-0.0015081381,0.017329535,0.019345053,0.0012700986,0.016339395,-0.00103621,0.009406468,0.0035149576,0.0072660064,0.0045796135,0.010075814,0.0071152407,0.007064607,0.016439743,0.007875393,0.009911392,0.004048853,0.007239945,0.0066140005,0.019227387,0.013707321,0.014296178,0.0069532446,-0.0017807838,0.00748907,0.007044193,0.0106966365,0.0152040515,-0.0038953237,0.0021799915,0.010779239,0.0022851406,-0.0031610439,0.011179738,0.0025238683,0.016099963,7.059425e-05,0.01677323,0.013873229,0.012281481,0.0026055137,0.012378267,0.009439049,0.021029565,0.0019927584,0.003887854,0.0011324203,0.0028832993,0.011426517,0.007187686,0.015131099,-0.00312451,0.006407073,0.0008826498,0.022542397,0.0027014967,0.00096001383,0.0064762114,0.016664634,0.012274852,0.010833715,0.008964127,-0.006341083,0.0081899455,0.011075908,0.005972594,0.0037075682
-0.003105538,0.009569847,0.0067615137,-0.014874773,-0.0024195295,0.005711505,0.0124657415,0.0002668975,-0.0015024431,0.02171511,-0.03496876,-0.006267069,0.004318163,0.0049438355,-0.019640503,-0.012775123,0.0002939375,-0.014459424,0.00631001,-0.016226111,-0.018463897,-0.030372322,0.011374485,0.0012525357,0.003260348,-0.026518121,0.005789381,0.008770839,-0.0094389375,-0.0009920262,0.01972945,0.0025467444,0.0073336493,0.01423619,-0.0070405602,0.0024510613,-0.011699896,-0.007449873,-0.018582411,-0.03523619,0.0013472596,0.0127690565,0.0076126447,-0.0056497306,0.005634738,0.005814865,0.009793046,0.0034160065,0.001108001,-0.00987071,-0.007172821,-0.0008274652,-0.0035659447,0.013070819,-0.01527196,-0.0018337173,0.005175319,0.0047385055,-0.010939417,0.00076135993,0.025526153,-0.008336509,-0.008444445,-0.0003006477,-0.0017898614,0.0076755947,0.0025199987,-0.008627264,-0.027244318,0.0032379199,-0.008528141,0.006940232,0.0068206578,0.00793059,-0.015531052,0.00185363,-0.008038003,-0.0012364658,0.0051846555,-0.0041541792,0.009969306,-0.0023882305,0.025317136,0.0036694221,-0.010947678,0.004787564,0.0041766856,-0.009055037,0.0028008753,-0.0055302307,0.011709786,-0.0038365824,0.003290439,0.0024559358,-0.0026324084,0.011134237,-0.002817724,-0.0025373567,0.0021400321,0.027013002,0.028349778,-0.006240567,0.019902518,-0.0059009492,-0.019574841,-0.001607067,-0.0069290083,-0.0060118046,0.010085029,0.0048497682,-0.006506061,0.009361308,0.011770804,0.0071435706,0.0041682967,0.0020683212,-0.00091463514,0.00073431246,-0.00083619915,-0.020009778,0.0017155539,-0.0008077882,0.007111818,0.0038105398,0.004127139,0.0017401949,0.0036277398,-0.027311627,0.0027153408,0.0062302984,0.012725148,0.019390464,-0.03385041,0.004181291,0.002724301,0.0012173867,-0.007808877,0.0044312635,-0.0038391538,0.0034967856,-0.006202081,-0.02003488,0.0074900687
0.0029669516,0.02484742,0.012142185,0.004589111,0.009582462,0.0066843205,-0.030779414,0.002188107,-0.0050274804,0.01656947,-0.0028057639,-0.017107898,-0.02506017,-0.008520497,-0.010015704,-0.0017137509,0.009658106,-0.010218212,-0.0008337023,-0.008570127,0.0021127919,-0.018292816,0.0060494877,0.01951757,-0.0032097306,-0.019061072,0.041414127,-0.0006200345,-0.011875287,-0.0060625374,-0.01711063,0.0004176963,0.007302347,0.011835357,-0.0014216481,-0.008723713,-0.007533867,0.028912026,-0.021295752,-0.00674559,0.005224641,0.0038328832,0.014156931,-0.04059852,-0.0034595476,-0.0015647141,0.016445022,0.01236447,-0.006362632,-0.0254548,0.0016027819,-0.0025137318,0.00045879837,-0.0027909921,-0.001260452,-0.024147097,0.009153404,0.0027340706,0.0030186856,-0.025957935,0.03602776,-0.0072619766,-0.0022860635,-0.01286705,0.0005720481,0.0024779653,-0.0051233843,-0.0024639107,-0.021887153,-0.002096693,0.014934162,0.023302294,0.011501599,0.00069347676,-0.027822975,0.0011949111,-0.006561974,-0.00038842484,0.0025370745,-0.011391912,-0.020890687,-0.018942904,0.005419431,-0.0034419186,-0.011851266,-0.023121245,0.0081200525,-0.047771588,0.0048872167,-0.010132903,0.002444189,-0.010720165,-0.006607715,-0.01596798,0.00069078896,0.01929539,-0.0051290616,-0.0048449785,0.013439087,0.015107315,0.013470903,0.02451798,0.009976806,-0.00042655598,0.000347876,-6.651506e-05,-0.016405856,0.0053054183,0.0040194895,0.0076405387,-0.011247959,0.005808991,0.013439277,-0.007396085,-0.008409163,0.006350794,-0.007755276,0.025279857,0.0026244828,0.02204362,0.007337095,-0.0057175197,-0.01731152,0.0018749814,0.0028750906,0.0011142241,0.0016427971,-0.0073553473,0.010104211,-0.016647361,-0.029549222,0.014674874,-0.021179996,0.0039866944,0.011937264,-0.02715883,-0.0063061416,-0.002464463,-0.0043539517,-0.0009345822,-0.008215124,-0.009358725,0.00874105
0.006393272,-0.011400325,-0.008803492,-0.0060331654,-0.014136182,-0.0074194316,-0.008947151,-0.0006389944,-0.009925438,0.017390162,0.005605589,0.00335134,0.008610593,-0.039213203,-0.00717427,-0.012819793,-0.011295626,-0.0059283487,-0.029993892,-0.0029899795,-0.0070874933,-0.00012564752,-0.008226706,0.006569592,-0.010511003,-0.00761313,-0.0023159198,-0.015156645,0.02588171,-0.010748312,0.005747841,-0.023524404,-0.038140852,-0.0111829825,-0.020633936,-0.0055181663,-0.035376634,0.0040707206,-0.015124939,0.029230924,-0.010158068,0.013194818,-0.029269777,-0.011021674,-0.0039992565,-0.008313108,-0.016355308,0.0041612973,-0.0109882075,-0.00659894,-0.003841254,4.343409e-05,0.0044220034,-0.013234826,0.005796595,0.0074333968,-0.0026307544,-0.0044419263,-0.010601807,0.003560571,0.023749817,0.004681575,0.008720393,-0.020239294,-0.002795577,-0.01649584,0.0016064551,-0.0061763916,0.040007338,0.0023009302,0.017099034,0.005512895,-0.018433638,-0.032786652,0.0047348524,0.0013832962,0.0067751626,0.0033343686,0.0070079947,-0.009824235,-0.025357354,-0.01894509,-0.006790215,-0.0073125344,-0.002416594,0.0034740735,0.0038476065,0.010024677,0.004498459,-0.029508509,-0.00930509,0.004458105,-0.008365931,0.0012928471,-0.0044470485,0.0031000227,-0.00753187,-0.007925568,0.0067626624,-0.007931894,0.0025645066,-0.01202319,0.00061039906,0.0061053103,0.0009981245,-0.01593697,-0.010726253,0.00078781415,0.020825163,0.027454976,-0.0005967757,0.031081632,0.009821978,-0.008176032,0.022377295,-0.001838984,0.03446655,0.0056350282,-0.00841786,-0.008332005,-0.013648178,-0.0072534606,-0.0231817,-0.0064304173,-0.005091412,0.0027971417,-0.009938978,-0.0047914907,-0.01265347,0.011994529,-0.030469213,0.014371868,0.015886575,0.017679973,0.011344843,0.011583238,-0.013427714,-0.009560935,-0.008389661,-0.0064749643,-0.0060355775,0.002307213,0.00840192
0.01686276,0.038218874,0.024555122,0.0069349525,0.0021624593,0.034076244,0.011116379,0.009389766,0.021568187,-0.0043101106,0.039834883,0.02831026,0.020697437,-0.026723761,0.023937928,0.030272027,0.019597508,0.0024277568,0.0015030466,0.019092424,-0.018253682,0.04008107,-0.00352683,-0.0151230395,0.0074537396,0.008283745,0.021714829,0.027050994,0.044999115,0.010349629,-9.0434216e-05,0.028824434,0.038586296,-0.005523093,-0.0048215,0.032510776,0.011465855,0.00861218,0.048848815,0.017687775,0.033721775,-0.005779363,0.0043433867,0.01529948,0.026254907,0.04149677,-0.007323852,0.014318673,0.010205585,0.02766652,0.022715705,0.033543326,0.018720355,0.0026198216,0.013816835,0.019091716,0.0141743785,0.0034533776,0.037297968,0.023153156,0.017299103,-0.00048223604,0.017922465,0.011628577,0.018466078,0.015585193,0.014613836,0.008913787,-0.0090817455,0.020575143,0.0017298432,0.051987886,0.006567603,0.039703168,0.051548973,-3.656745e-05,0.008297058,0.019197136,0.012672522,0.010132348,0.0074746413,0.04378525,0.010501371,0.012430186,0.02984114,0.030412782,-0.00416868,0.026634198,0.010709925,-0.0054488927,0.025820833,0.04064988,0.007107529,-0.0052346196,0.011406769,0.029927103,0.0053720605,0.005401157,-0.0073953196,-0.039668612,-0.04630235,0.03573733,0.009812311,0.01663003,0.037715435,0.0124364775,0.009320076,-0.02414513,0.011998128,0.030290753,0.0056228423,0.025580166,-0.046114784,0.0118869655,0.01068318,0.018411834,-0.001512764,0.0071262806,-0.032450385,0.0028729234,0.03125141,-0.00031751767,0.021161675,0.014457632,0.0026770234,0.011306472,0.008355567,0.0030766,0.0030782185,0.03922902,0.027372323,0.019168725,0.040087484,0.012438549,0.026322603,0.043740947,0.006670311,-0.009596039,-0.011508297,0.0058987495,0.0044663465,0.0069419984,0.01993078
0.012575088,0.0046949685,0.018356232,0.008215719,0.0014831824,0.017651755,0.021698773,0.0053491388,0.0059050964,-0.0017904425,0.019755907,0.022111902,0.025478179,0.023295388,0.009957358,0.012361221,0.015091067,0.008979665,0.014833203,0.01590767,0.0023845378,0.0022202767,0.008336426,0.021082394,0.0036226949,0.005765778,0.008230798,0.004513992,0.024061263,0.009359872,0.020679196,0.022325344,-0.013831949,-3.326405e-05,0.008247424,0.026380345,0.026902093,0.025020123,0.03619425,0.0023611365,0.01298907,0.0018017367,0.0030429875,0.032206725,0.01488037,0.016998876,0.00802846,-0.0073480792,-0.009328749,0.031146042,0.006847786,0.016901582,0.035120036,0.02115238,0.009292931,0.017733008,0.006480912,0.004563508,0.0018029669,0.035038773,-0.015798302,0.027875956,0.016507696,-0.009410929,0.03155803,0.022106957,-0.0032885466,0.018683897,0.010856069,0.020672396,0.0047938004,0.023994047,0.0044091027,-0.04493878,0.012377748,0.0049691987,0.0056907595,0.01093451,0.015454875,0.004738525,-0.00034349225,0.014758463,-0.0070888586,0.009334605,0.027698291,0.036616027,0.008438081,0.020002242,0.016984023,-0.0006666109,0.0077270293,0.024319358,0.0074554104,0.03343921,-0.0033864276,0.012501875,0.004618821,0.0047357706,0.008546165,-0.0015087193,-0.009693317,0.024936473,0.0031207465,0.022306517,0.027651213,0.025275137,0.0025391662,0.025786705,0.008761,0.005903202,0.008125655,0.02164486,0.0064605684,0.0006667888,0.020307347,0.020066433,0.006761627,0.045268267,0.004788684,0.007187628,0.0022079768,0.007608711,0.020950023,0.015524818,-0.0027339477,-0.021731861,-0.0015571043,0.008693126,-0.00045590103,0.0013226708,0.031134596,-0.007881412,0.03904762,0.005461988,0.011817696,0.0260362,0.012041027,0.0009525772,0.014314745,0.0012801364,0.0016472219,0.014165762,0.00912796
-0.0073843375,-0.0050714295,-0.0006327797,-0.00028921384,0.0037592724,-0.011301534,0.024476593,-0.004886709,-0.011807883,0.007581974,0.00035224203,0.026843566,-0.0022337912,0.008024959,0.0073305373,0.010046115,0.014036715,0.0017303638,0.008158391,0.00663393,-0.005685592,-0.011441328,0.023310311,0.0130376695,-0.0036894511,0.008807134,-0.014064392,-0.0076682325,-0.009124616,0.0048399623,-0.003472195,-0.006009672,0.020584807,0.0053481376,0.013450481,0.017344676,0.025711708,0.017850671,0.0114074815,-0.009956952,-0.0035509523,0.01814802,0.012960432,-0.01109039,-0.008045651,-0.0023164134,0.0031204438,-0.0071853064,-0.01013688,0.020532403,0.0016719978,0.00865835,0.033784486,-0.0021157833,0.000679709,-0.014319053,0.0012580873,0.006035977,0.0077585205,0.014839275,-0.014177835,0.014644973,-0.01017141,-0.006027624,-0.00017522182,-0.0069210622,0.0026256489,-0.0025526844,-0.0069002304,-0.0018833317,-0.0023413543,-0.0065680463,0.0023074215,0.012249367,0.025248624,0.007867543,-0.003958839,0.0142875165,-0.0040021483,-0.004012351,-0.00092452765,0.005958424,0.0069779614,0.021965789,-0.0014306065,-0.028986432,-0.0007989742,-0.003737568,-0.00947248,-0.020511005,-0.0014154054,-0.003022112,0.00021637045,0.0029775426,-0.0020161942,0.007489965,-0.0026924545,-0.0026788907,-0.0016344069,-0.010793123,-0.0036796257,0.01829807,0.0032864893,0.0025759004,-0.0036659632,-0.0012177154,-0.0037993547,0.025334213,-0.0026838658,-0.0041244607,-0.021464314,0.0055601965,0.0041394425,0.011261485,0.004028173,0.031524926,0.011397065,0.021203164,-0.040605225,0.024462797,-0.010539399,0.0017035082,0.0009015277,0.008995214,0.0036649872,-0.008742791,0.002485835,0.0008999696,0.020636193,-0.01260316,0.021566808,-0.016388802,0.01784378,0.022989534,0.015482748,-0.0009850105,0.006102965,-0.0030044345,-0.007283736,-0.007793233,-0.0013172682,-0.0077197496,0.013485066
0.019830417,0.020639287,0.013818063,0.02108287,0.003220249,0.010802312,0.026543567,0.022552624,0.005590104,0.016099252,0.034163456,0.023316287,0.025072593,0.024334352,0.0362316,0.042735204,0.021067359,-0.0015222849,0.0059098704,0.036635198,0.0022167591,0.04330217,-0.0026845597,0.019549813,0.0098881135,0.016062723,0.014044793,0.021854155,0.03731235,0.0084847,0.005510992,1.0398217e-05,0.011738292,-0.0019527934,0.01841477,0.043858916,0.02556162,0.02657704,0.023794204,0.017518193,0.024698224,0.0021899156,0.028986242,0.031273484,0.007872188,0.016612828,-0.0022171447,0.019654557,0.010831796,0.039559945,0.023269022,0.018510815,0.031079989,0.017880647,0.025270896,-0.010440316,0.03103698,0.0010422422,0.023564994,0.02696987,-0.011710089,0.01687322,0.0114087965,0.019972041,0.014995277,0.015640449,0.016145919,0.006684966,0.031208972,0.01940113,-0.010032393,0.018309139,0.008382187,0.0019498663,0.013450224,0.0053124297,0.016425619,0.025784988,-0.0057329983,0.007319106,0.014194166,0.009474127,0.016241541,0.032185383,0.0097223325,0.028665138,0.026515584,0.027748395,0.01839037,0.018042885,0.024156917,0.0055208197,0.00397769,0.013491121,-0.00085470174,0.025380876,-0.014504351,-0.014563171,-0.011101134,-0.015380416,-0.014937712,0.024151117,0.019277211,0.009043251,0.02260426,0.008299978,0.0034728162,-0.013679165,0.0010589324,0.028748907,0.00062379614,0.010401273,-0.008969558,0.0037570773,0.021488065,0.027714657,0.0067372657,0.02043439,0.0056972867,0.005855583,0.02326648,0.0024424065,0.031376876,0.004900258,-0.00067874976,0.021902852,0.012967355,0.025302282,0.010694163,0.01077642,0.016847689,0.013913894,0.01747578,0.02537977,0.017922338,0.017902508,0.0039014579,-0.0013745194,0.020233067,0.0032535354,0.0032995818,0.029725412,0.015389523
0.009981201,0.0044810157,0.008175435,0.023313645,0.040047217,-0.006436836,0.0129357595,0.039743073,0.016136777,0.01991506,0.0085467575,0.014843857,0.008734031,0.01671175,0.0069492385,0.006502233,0.02487763,0.008840809,0.051088855,0.004218516,0.03299114,0.0035021314,0.026884992,-0.005191369,0.027853107,0.02063596,0.01439116,0.035065934,0.0054252665,0.04889748,0.008649093,0.009900687,-0.00387898,0.024021078,0.011668621,0.0046386686,0.015673872,0.020659303,0.0063356874,0.01078047,0.029185247,-0.0150032975,0.017021049,0.023711707,0.025888266,0.02146792,0.027116254,0.008774792,0.027812026,-0.0071080457,0.032239746,0.011308687,0.014153909,0.006251116,0.03717684,-0.00039259344,0.009444412,0.040965248,0.047220506,0.0025027897,0.02364545,0.030780064,0.024176273,0.00010818895,0.01499082,0.03193492,0.017526267,0.0327501,-0.002946062,0.017435614,0.006693641,0.014413892,0.038620997,0.050660487,0.021824468,0.022581477,0.03454488,0.021357236,0.037387405,0.044064436,0.0128745595,0.012253371,0.034472294,0.0077185743,0.015563613,0.01159528,0.002084488,0.048344955,0.014737016,0.028724713,0.029577557,0.0054297894,0.022643533,0.01565199,0.036887687,-6.183889e-05,0.027246017,0.02798616,0.010793666,0.0067248587,0.009763876,0.011579291,0.010006182,0.021568669,0.007901136,0.04496183,0.04884971,0.013079104,0.01548476,-0.0005497895,0.01246805,0.015032435,-0.0060357247,0.047495447,0.023631295,0.011428174,0.017068818,0.012550745,0.011518893,0.038933937,0.020886641,0.008754807,0.0180556,0.011381095,0.027571814,0.015032861,0.01537355,0.039746966,0.040020537,0.040986262,0.008445341,0.013141273,0.004363767,0.017922275,0.009446271,0.010581868,0.027757261,0.018553056,0.009036012,0.013097571,0.036864556,0.0075838477,0.008295674
0.00046155974,0.0031060148,0.007857021,0.022956422,-0.010374837,0.012920683,0.0075877067,0.008334475,-0.003182373,-0.020124927,-0.006225234,-0.0057376474,0.023281988,0.0074828477,0.008128289,-0.00081986655,0.0008741794,-0.0060483105,0.008156395,0.0076701557,0.001642731,-0.01833842,0.007679862,0.004498453,0.0063023334,0.009199074,-0.0025864718,-0.002185003,0.005713896,0.012604231,0.0055994783,-0.024124742,-0.005315421,0.026521407,-0.008181054,-0.0029641856,0.011536477,-0.002095107,0.0014608679,0.0036940956,0.008361296,0.021792598,-5.9913844e-05,-0.007380709,0.0090199895,0.0047712997,-0.0012711734,-0.005132828,0.009614416,0.0031768503,0.0026655486,0.013137635,0.0011280943,-0.0071005933,0.007977952,-0.024122015,0.0049402197,-0.0015374962,-0.0001652725,0.007204652,-0.0125432275,0.014503406,-0.003924869,-0.003002122,-0.0051672664,-0.0065026376,-0.0030304817,-0.00018354133,-0.008437842,0.0032072207,0.0048142085,0.007048697,-0.008139482,-0.018508635,0.005926524,0.009432468,0.011985318,0.0067057693,0.038268294,0.0075349994,-0.0005454812,0.0012977477,-0.0060325637,0.025104046,0.017386345,0.008586874,-0.014986001,-0.015023261,0.01663201,-0.0012780996,0.0052266493,-0.010909688,0.008342175,0.00795804,0.0008085342,0.010232449,-0.005118521,-0.0057432484,0.02426467,0.0077970345,-0.0053139497,-0.007355077,0.015798775,0.018942203,0.008218806,-0.0024442533,0.0184275,0.030061327,0.0052650785,-0.007193856,-0.008608058,0.0050515756,-0.003980943,-0.008845469,0.00431375,-0.006104525,-0.013588639,0.0084703835,0.027024698,0.019043941,0.0024825688,0.011731153,0.019073762,0.02345957,-0.010303151,-0.010198353,0.015420576,0.00829272,0.01594646,-0.000338763,-0.0034103785,0.010047668,0.0017818175,-0.002333181,0.0018340172,0.0049347333,0.015378666,0.00080598425,-0.007288728,-0.009153601,-0.006786825,0.011839718,-0.0031341575
0.0023657596,0.0054779793,0.030516637,0.022329127,0.04656778,0.0091782035,0.00080029946,0.013875708,0.019983249,0.0030527841,0.02050849,-0.0058900546,0.021051336,0.017135918,-0.0107517615,-0.003950149,0.001707051,0.006562607,0.028586032,0.018869542,-0.006155541,0.025068058,-0.02594006,-0.03874438,0.023325704,0.02228757,0.021936277,-0.033774085,-0.004295904,0.014910318,0.0075302627,0.011969015,0.018572602,0.02762925,-0.020118266,-0.0030486789,0.006139432,-0.0011144951,0.0050724875,0.029213797,0.013288983,0.04109277,0.03282398,0.014359684,0.04649038,0.01820682,0.014094468,-0.005923109,0.020922108,0.007512232,-0.0026793694,0.007811028,0.008146418,-0.049928512,0.003642776,0.00019050576,0.005840942,0.0041233515,0.012324575,0.0019809445,-0.011784993,0.014658981,0.017174091,0.030452738,0.0106586125,-0.0029429933,0.022997897,0.010955403,0.023907118,-0.034780506,-0.0013606707,0.012610023,0.02595016,0.028126707,0.01363798,0.004334317,-0.002629837,0.012244036,-0.011946786,0.033814073,-0.032643944,0.022521263,0.018688753,0.01855905,0.0062848134,0.0083239395,0.00046263635,-0.011648018,-0.0022036657,0.026644208,0.0005515693,-0.014729945,0.005199125,-0.011545762,0.023592686,0.005796658,0.0049221534,0.0060981237,0.01658544,0.00037716515,0.00808712,-0.00516947,-0.015524764,0.017505258,0.009205043,0.019891707,0.0051964885,-0.0070217345,0.009427572,-0.005427392,0.030233663,-0.014081048,0.008659398,0.024583057,0.002022772,-0.0063341483,-0.018572109,0.0060890755,0.010454703,0.0020798082,0.014142601,0.018912246,0.0040150434,0.007895829,0.023744272,-0.04625389,-0.02595954,0.007111966,-0.012095528,0.0140858255,0.024285162,0.017233547,0.004323315,0.0022085467,0.0017141523,0.007856522,0.009410871,0.0032537226,-0.006585952,-0.020006571,0.053705923,0.00027334038,0.0051877787
0.009146631,-0.00029093213,0.00118051,0.009694215,0.022523466,0.021660615,0.013674345,0.005001171,-0.007001279,-0.012058483,-0.0059144627,-0.010381788,0.00555142,-0.0024206284,-0.008592432,0.0037385728,0.015204028,0.011247786,0.0007018279,-0.015222551,-0.011129545,-0.025460176,-0.038965102,0.0041090557,0.011819362,-0.007970341,-0.0026861439,-0.01546615,-0.012731349,0.0056878743,0.002142056,-0.03761549,-0.0077652596,0.009078738,-0.00026290212,-0.018760022,0.02026267,-0.016180981,0.0026303139,-0.00861886,0.0040297033,-0.0065725856,-0.017109724,0.008591968,0.007745286,-0.0030283183,0.010165904,-0.015456358,-0.0055124275,0.010234357,0.0026773065,-0.014447253,0.009088011,-0.015907478,-0.012128718,-0.023369465,0.0019763615,-0.012653552,-0.017301776,-0.006788291,0.0012457389,-0.007523369,0.013550159,0.004138397,-0.00094167795,-0.006372014,0.015719691,-0.0056581963,0.048300676,-0.023907695,-0.030465428,-0.003624877,0.0021553608,-0.002565613,-0.0015685884,0.009336635,-0.0071640573,0.0072855265,0.0019314578,-0.009085383,0.010220802,-0.008648736,-0.012093788,0.009488819,-0.01107051,-0.007601058,-0.0050567873,0.007267769,-0.0011918731,-0.016691016,0.009021485,-0.0127606,-0.0037572468,-0.014842082,0.0010751951,-0.020433884,-0.04193489,-0.042347312,0.035609405,-0.007447999,-0.004027851,0.0002574157,-0.013175644,-0.009522891,-0.0017451094,-0.0065569915,-0.008090701,-0.008717427,-0.0048572253,0.0026845606,-0.01306599,-0.029365756,0.0054738717,-0.011216756,-0.0029183421,0.008774843,-0.0026282147,-0.0124589745,0.004958518,-0.010067025,-0.011968562,0.007862877,-0.008210324,0.014361254,0.008360968,-0.009597899,-0.003557696,-0.0072810054,-0.01287269,-5.392637e-05,-0.025313832,-0.006514199,0.007453399,0.0034563113,-0.007851433,-0.0031969752,-0.00662639,0.004906345,-0.0076219738,-0.008830674,0.022766415,-0.011555659,-0.022375628
-0.0063775387,0.009259321,-0.0045196377,-0.0051687714,-0.011544503,0.0039361073,-0.014746673,0.0054209083,0.01717473,0.0005296562,0.020778129,0.04834662,0.0014342796,0.007916561,-0.0012070518,0.006548427,0.0045095277,-0.0065552983,-0.00073669385,-0.0035667866,0.009423465,0.020055056,0.007603408,-0.03260921,0.0049363235,0.015313733,0.0012521269,-0.00047815964,0.008303212,0.0052002906,0.010450471,0.013971427,0.04688506,0.0054953266,0.0011545895,0.035955388,0.0008764742,2.543442e-06,0.011165776,0.03932481,0.004555013,0.0063313316,0.009553583,0.016254837,-0.0020040404,-0.002334075,0.0046915826,0.013513003,0.0052496553,0.013617287,0.008802801,0.019572098,0.015387734,-0.014622865,-0.029349428,-0.011668844,-0.0013877647,0.016076483,-0.0020760568,0.011947634,0.002002731,-0.013974167,0.0069715925,0.011809899,0.002414017,-0.008948145,0.035299517,-0.034351967,0.00607154,0.006642377,-0.0059790164,0.0074553033,0.02475608,0.03334916,0.0048612743,0.0009541614,0.02285844,0.0035217516,-0.003189912,0.009073548,0.008142745,0.04267999,-0.0038165124,0.002529447,0.017890662,0.009806987,0.00530883,-0.005739324,-0.00034519844,0.00210685,0.011621439,-0.011153666,0.01036871,0.014063876,0.013917214,0.01172042,0.011821625,0.011811484,0.025249194,0.0047307103,0.0028743073,0.011367832,-0.0013178727,-0.0073689874,0.020789608,0.00985237,-0.016673768,0.01971869,0.006698418,0.024524547,-0.0028539728,-0.014757611,-0.013744827,0.0040655984,0.0024058726,-0.0026543997,0.014926109,0.003686308,0.013457456,0.015977353,-0.012863914,0.012183259,0.010771578,0.0049873684,0.024107838,-0.01555942,-0.012477249,0.0021848343,-0.0037864996,0.0074687637,0.020996496,0.006783438,0.0028971639,0.0023924913,0.0071232663,-0.00020805374,0.0065629994,0.008516251,0.041567758,-0.020167455,-0.008152211,0.013096627,0.0060961246
0.0019968133,-0.0058338027,0.017330602,0.005565204,-0.0058592297,-0.009501036,0.009958949,0.007127178,-0.0068279486,-0.0070238337,-0.0014022719,-0.007751245,-0.010151755,0.0069670603,-0.0022193706,-0.004102867,0.00080531836,-0.001592475,-0.016324196,0.007383503,0.023333859,-0.024539694,0.04267288,-0.0007013539,0.012462668,0.005433367,-0.003270451,-0.015360415,0.00910074,-0.01304421,0.033630174,-0.019301726,0.006167671,-0.010245588,-0.026883226,0.008687981,0.0048280787,0.006336838,0.010012932,-0.007337006,0.008293137,0.025636155,0.0011326047,0.010040721,0.00271637,-0.0012685284,0.01781581,0.008708373,-0.010438383,0.009975388,0.0032150522,-0.00047020614,0.010643477,-0.014863072,-0.0046489295,-0.012783593,-0.008117422,-0.004919024,0.01685642,0.005613663,-0.010958064,0.008531381,-0.020322952,-0.0041185655,0.0018696664,0.001384127,0.015198283,0.007922249,0.007969202,-0.011636337,0.008866116,-0.0044074208,0.010079289,-0.011033993,-0.021745417,-0.010872129,0.027172226,0.0035661254,0.0052828873,-0.017880047,-0.03938425,-0.005395096,0.008348452,-0.007936748,-0.028119635,0.019774863,0.017405313,0.021112826,-0.0051450934,0.0014003478,0.009874659,-0.0044143163,-0.020116415,-0.006131813,-0.01315086,0.0141665945,-0.03389175,-0.034183927,0.002471473,-0.003885842,0.014503723,0.0060595814,0.03368166,-0.008622285,0.006102077,-0.012723306,-0.008673977,0.008235164,0.006788849,-0.005219819,-0.017463468,-0.002670966,0.018169224,-0.0123259965,-0.006606329,0.00087442715,0.018929293,0.005737814,-0.00096129905,0.02973635,-0.013656784,0.013344846,0.006638343,0.010064451,0.004402553,-0.01316754,-0.022543259,0.008305064,0.0060801213,0.021718875,0.018373134,-0.007989259,0.024258055,0.002469629,-0.0015187021,0.023589158,-0.0089302715,0.0027417503,0.009876429,-0.02715921,0.008199159,0.011928195,0.009268245
-0.011786444,-0.0073678754,0.0040256935,0.015896028,0.010728528,0.006813493,0.013339698,0.015688123,0.011158524,0.025824687,0.021367311,-0.0036206981,-0.008103818,0.01937829,0.010650706,0.0167928,0.00020106975,-0.014045371,-0.0020220391,0.01800758,0.046065945,-0.025174912,-0.021634072,0.013217566,0.009733046,0.00019260868,0.016986385,0.0258901,0.022896243,0.0016568955,-0.009890845,0.030229084,0.027080003,0.008100171,-0.005179459,0.0059907623,0.009944121,0.02748635,0.0041859443,0.0071154833,0.01891883,-0.008101435,0.02891598,0.023111302,0.01025891,0.015162825,0.016775057,-0.021136567,0.0194096,0.0004907008,0.015135499,0.0069653387,0.0059790965,-0.0069582444,0.0046915803,0.005559723,0.012318985,0.0118385665,0.015518229,0.021376207,-0.003762897,0.0008924473,0.0088164965,0.005401873,-0.0022749659,0.011664366,0.006924794,-0.0013447581,0.014529809,-0.0050644577,-0.008313268,0.010930741,-0.027660012,-0.009611085,0.010582578,0.0090451855,0.014914857,0.007945632,0.023574684,-0.005312089,0.021724902,0.0043224962,0.027939906,0.013451828,0.010408983,0.0042098155,0.028210746,0.008610268,0.0023678942,0.0031759776,0.025610182,0.028500725,0.0011818763,-0.010708019,0.0037181284,0.028827459,-0.008336183,-0.008464184,0.014369252,0.006070416,0.00062352885,0.021170521,0.019070802,-0.0032008179,0.015323788,0.0048631,0.025048945,-0.041917153,0.010552431,-0.0024949834,-0.00044325553,0.0014163172,-0.0075490996,-0.007042017,0.003960169,0.020996448,0.005788205,0.012821607,0.021301545,0.007170298,0.005796628,0.027232105,0.040288158,0.016033784,-0.024295498,0.0022656033,-0.0077837463,0.022680802,0.03157652,0.02836397,0.018885678,0.026290039,0.0065838764,0.010045908,0.006337795,0.004425459,0.0001510065,0.010297261,-0.009360187,-0.023026653,0.0041010343,0.0047982745,0.007638558
0.007211293,0.021974677,0.009082157,0.011270208,0.0079699075,0.007065193,0.010163761,0.0059255045,0.04261165,0.011125617,0.008065525,0.020394685,0.036390815,0.021860164,0.032092236,0.026200037,0.0047497954,0.03563348,0.02804409,0.004561454,0.029929042,0.00853586,0.023723321,0.022612834,0.020528544,-0.0017807111,0.005970299,0.011111532,-0.010883033,0.023431048,0.0065693976,0.04803575,-0.0004607085,0.019851023,0.008178775,-0.012241118,-0.005225869,0.01700281,0.002868481,0.007251403,0.001431847,-0.017681716,0.006753277,0.009210592,0.005212153,0.029629584,0.026661523,-0.010285417,0.015456513,-0.0039288253,0.007636377,0.02324507,0.009171446,0.014201421,-0.013354527,0.007728515,0.010505847,0.03286422,0.002515114,0.0024789255,0.005707504,0.028155023,0.014387485,0.030814558,0.025608484,0.029232962,0.008799964,0.032629654,-0.015887465,0.050335407,0.0072959703,0.0064884536,0.009572063,0.02219959,-0.0044487454,-0.0067372434,0.031474926,0.008009138,0.020174611,0.027685417,0.0494661,0.010619157,0.0022641048,0.020384667,0.044858236,0.007871674,0.0032986011,0.022896927,0.00833736,0.049481496,0.023003351,0.041549597,0.04410484,0.03813767,0.0033934582,-0.0064201597,0.017970657,0.017760232,4.7392212e-05,0.004630711,0.013568612,-0.0037188083,-0.0055151936,0.027132453,-0.0032298174,0.036596853,0.043061826,0.0025888216,0.0003493093,0.010731079,0.0289232,0.014902292,0.010228896,0.031221088,0.023275908,0.019536218,0.050457183,0.014364079,0.014666599,0.005807905,0.026163902,0.00035685208,0.0063261744,0.022578638,0.022382412,0.013742283,0.04671696,0.021090485,0.025680868,-0.016978512,0.032815628,0.01503239,0.0056715063,0.0047160154,0.025904756,0.012727027,0.02150977,0.030471025,0.05786939,0.026775979,0.011303838,0.03398581,-0.02752332
-0.0063447393,-0.0039245216,0.009949403,0.02464725,0.021801643,0.00873064,0.029925812,0.004979544,-0.00037424732,0.0088737225,0.004671298,0.014741029,0.028242335,0.008634266,0.017430842,0.0061520236,0.0031956816,0.026548635,0.036507323,0.0167662,0.0031991042,0.009464069,0.029727818,0.011446115,0.020038445,-0.0055136234,0.0023371782,0.010499537,-0.002834767,0.029548325,0.018745527,0.023032065,0.00020372588,0.01875858,0.00014549121,0.008852161,0.012888366,0.007905828,0.0032849032,0.012140927,0.022968745,-0.0034489445,0.019669555,0.038023893,0.023740524,0.03509697,-0.02624777,0.011024952,-0.014189716,0.005289793,0.01593734,0.022012834,0.0038290336,-0.0059630144,0.005509111,-0.016354332,0.0005392805,0.010387008,0.008454149,0.0051175095,0.0012856415,0.017276509,0.0021148492,0.023783369,0.019145934,-0.005560534,-0.011725407,0.023895072,-0.010713149,0.0036277678,0.023493081,-0.0008150907,0.011580824,0.0102715045,0.010042814,0.012572128,-0.0054150634,0.00688982,0.012580783,0.036224574,0.028856488,0.0049555334,0.017108157,0.017535627,0.018884359,0.0019976245,0.006405843,-0.01767746,-0.010851448,-0.004398383,-0.00055475626,-0.012225345,0.015265424,0.045605324,0.019350644,-0.016022582,0.022483272,0.022692151,0.009085132,0.0055062044,-0.0048463307,-0.0016375054,0.0064204726,0.03759212,-0.002018473,0.026284479,0.027716676,-0.00869895,-0.0026635677,0.033908527,0.047509614,0.020138472,0.017256662,0.03943397,0.022634748,0.0097967405,0.0047080573,-0.005238984,0.011399702,-0.00037673116,0.0027121995,0.007124657,-0.00060420204,0.005914503,0.02591623,0.0043822657,0.0049012047,0.010405777,0.004779027,-0.0029528188,0.011517337,0.010753625,0.004462077,0.0020718165,0.024856173,-0.0025172979,0.008084333,0.021124741,0.0074291257,0.0025090026,0.023576476,0.0059887404,-0.0022630459
-0.018962868,-0.0032358784,0.005239689,-0.007905547,-0.013623437,-0.019752491,0.022185098,0.006220096,0.00093482155,0.023263942,0.0005643442,-0.00010895636,0.018337213,0.007785755,0.004447853,0.0058292886,-0.0038266405,-0.013759697,0.005615819,-0.0023422278,0.00290915,0.00016597379,0.026433747,-0.004052289,-0.00075970497,-0.016051657,0.0012428295,0.007598076,0.014932311,-0.0006863754,0.0048025213,-0.011255607,0.037496023,-0.0006551072,0.028596539,0.018996974,0.003336302,0.007128224,0.016247403,-0.009785678,-0.0058137607,-0.00073779933,-0.00094180927,0.00060271006,0.004162913,0.002143085,0.019090956,-0.010252297,-0.0147198625,0.010273017,0.017440429,0.0007324405,-0.01625291,0.027468644,0.022082161,-0.029786915,0.017471567,0.0070183063,-0.024825677,0.01977969,-0.0042694584,0.009034772,0.00299088,-0.014459791,0.0007069595,-0.012523519,-0.0059926715,0.01816155,0.009577459,0.0368382,0.0033498965,0.02341048,0.013178802,0.012841782,0.02679074,0.044986196,0.00094138086,0.00856271,0.005017719,-0.023127418,0.019376725,0.035250526,-0.0019497871,-0.0008378476,-0.00832618,0.026777089,0.020286549,0.004647423,-0.0011116946,0.012908277,0.008666928,-0.0059955586,0.02713502,0.0044749845,0.008603258,0.018462116,-0.000792115,-0.00037950557,0.002681828,0.01365443,0.015882712,0.004402956,0.00049182866,-0.0025585042,0.016553566,7.612351e-05,-0.01160359,-0.0028990451,-0.004659243,-0.0045135617,0.006631169,-0.0026592687,0.027700074,0.03543484,0.022638343,0.009156834,0.008723789,0.00097488984,-0.011228593,-0.0062100403,0.006395519,0.011588768,0.01611078,0.0014082529,0.014037299,0.028214082,0.046296507,0.010395002,0.014917184,-0.001639151,-0.013210075,0.0059037753,0.004784178,0.004923326,0.007224444,0.0024524145,0.0063306317,0.04603184,-0.018315706,0.0126564475,0.010566313,0.0063196872,0.0020763734
-0.01138063,0.021868574,0.017720375,0.012070651,0.019166024,0.022415444,0.008867534,0.0054202997,0.021488713,-0.0013150675,0.018086944,-0.008735681,0.010673597,0.015678072,0.015360006,0.023329042,-0.012319565,0.00059687626,0.015607033,0.0076720514,0.042622916,0.0407794,0.008034448,0.014092594,0.03963352,0.011916117,0.003935732,0.027340066,0.018298335,0.02145218,0.0066442136,0.022428699,-0.015892116,0.006977612,0.02181185,0.03317505,0.01305974,0.03784456,0.026378965,0.02817147,0.011152232,-0.025492031,0.016233461,0.0067732004,0.016594527,0.017299194,0.022308901,-0.017882433,0.03725303,0.005883949,0.014753204,0.017731695,0.020726316,0.011582314,0.0010463502,0.0048025753,0.016516536,0.019512631,0.017611526,0.013296093,0.0040879035,0.0045120213,0.024781961,0.023237858,0.020682774,0.01520403,0.027116425,0.04682649,0.01606189,0.01082768,0.0025875987,0.00724245,0.012707278,-0.004287977,0.007035805,0.012786526,-0.009279022,0.008935362,0.016768783,0.026724167,0.010741673,-0.008925853,0.010740083,0.016838707,0.01723111,0.034828622,0.012285423,0.011301878,-0.02825109,0.0364638,0.008847307,0.008605156,0.007888261,0.0009910259,0.020385405,0.017291388,-0.00022444502,-0.00053135026,0.0067743096,0.008740194,0.004028786,0.02367162,0.014510413,0.014599049,0.016942952,0.018473288,0.01032818,0.02777317,0.043178152,0.020664783,0.025711829,0.007976326,-0.0055977553,0.0143102445,0.015318294,0.020202402,0.024639828,0.032241564,0.01839641,0.008386388,0.045869242,0.00966658,0.03215532,0.015297913,0.009193717,0.010738662,-0.0040966272,0.0075850505,0.0076502487,-0.0036380459,0.0035130065,0.0063932026,0.011354831,0.029091211,0.0037611024,0.03173177,0.026020434,0.009350374,-0.011915788,0.010871322,0.044134617,0.02032866,-0.027046226
0.051359266,0.02979991,0.0045787613,0.002857985,-0.0005422691,0.026822418,-0.0017300341,-0.0009026909,-0.026198622,-0.0024846578,0.0019324273,-0.006597679,0.024065204,0.0050987164,0.002407087,0.0025918111,0.00946224,0.01840901,0.011132322,0.0015261732,0.003667702,-0.009489261,0.026181748,0.0041130073,-3.7559308e-05,-0.012376452,0.028656743,-0.013206953,0.015238639,0.007971211,0.0013839919,-0.0011261543,0.0076506315,-0.004868211,0.028280228,0.0047161924,-0.009421961,-0.0050270744,0.0077733235,0.0058460743,0.0034041125,-0.004759684,0.02645766,-0.0014466662,0.00032581016,0.006097992,-0.0027527912,-0.03735558,0.0041026566,0.0127825085,0.0044956612,0.038879,-0.0100096855,0.002615043,0.04517948,0.014073968,0.023633393,0.013887744,-0.01952467,0.018130729,0.016739555,0.01977861,0.004846837,-0.0015634224,-0.0025328118,-0.018791426,-0.0001523383,-0.00029172935,0.00071710255,-0.02579401,0.0014271289,0.0037396885,-0.0011909753,-0.014114015,-0.0017732754,-0.010695903,0.021353707,0.021088753,0.0062372945,-0.004764978,0.0010777107,-0.025309466,0.008196901,0.011521098,7.889606e-05,0.019438032,0.009526646,0.0050200233,-0.027622726,-0.0072997566,-0.0034995908,-0.0027358988,-0.005905509,-0.006433325,-0.015999831,0.013471301,-0.002822442,-0.0030852007,-0.009222826,-0.0035049412,0.0024349513,0.0115677,-0.0040444443,-0.003328152,0.001260614,0.0038698562,0.0059835343,-0.017798474,0.010400821,0.04336732,-0.010476582,0.0029749684,0.0068395077,-0.00077114906,0.0066867145,0.025100552,0.013629175,-0.005433971,-0.015057426,0.004746441,0.015183367,-0.0019004764,-0.0064035784,0.010806505,0.0051427386,0.0037971013,-0.0039715515,0.00998109,0.006094012,-0.0041086692,-0.009864451,0.010894174,0.0077814413,0.010242181,0.05008499,0.0062648957,0.035556994,0.012522127,-0.0054918285,0.001883355,0.013821922,0.0055321837,-0.023607373
-0.017707925,0.020289185,0.020425286,-0.008335736,0.0048210374,-0.010826245,0.015412305,0.0068206177,-0.028763954,-0.004295975,0.0069824,-0.011915665,-0.010238206,-0.013028836,-0.00092835445,-0.0040607657,0.050408415,-0.044414867,-0.0008571837,0.007115931,0.012006411,0.016280416,-0.0021918025,-0.0062725563,0.015062779,-0.013511434,-0.0088521335,-0.021086905,0.008150717,-0.0035530692,-0.007664904,0.000100904144,-0.027722862,0.023345917,0.023474839,-0.027671218,-0.0028061206,-0.005631244,-0.0018256279,-0.00010181405,-0.0019928627,-0.01987705,-0.016595114,0.0011647427,-0.0060208123,-0.002599272,0.038663223,-0.00956847,0.03234219,-0.018199617,-0.0039630206,-0.009867486,-0.00048696902,0.004017087,-0.00013054349,-0.013954306,-0.01958373,0.013056957,-0.015537662,-0.00060041714,0.018267663,-0.0036624465,-5.3371303e-05,-0.005080335,0.003148864,-0.03161941,0.00494706,0.009485187,-0.009076906,0.0032037254,-0.003945942,0.004329538,0.032734953,0.013655752,-0.0012911856,-0.021112438,-0.013526598,-0.011857642,0.0110725695,0.0061511463,-0.00019584503,-0.018650882,-0.032959867,-0.008171469,-0.0017112689,-0.024125323,-0.034026004,0.019496016,-0.024682835,-0.0131372325,0.0075583654,0.0058037043,0.0034184689,-0.014411785,-0.0048813857,-0.013618717,0.016639248,0.016681306,0.004753544,-0.011595957,-0.010625299,0.0036276784,-0.0056776106,0.016211413,-0.009066844,-0.0045226756,-0.013427835,-0.021594875,-0.022198465,-0.010526774,0.030612152,0.017132735,-0.034566943,0.0134054525,0.008867623,-0.0042192657,0.001281213,-0.007301504,0.032998737,-0.0041286964,0.005697419,0.020585334,0.005520779,0.0002488047,0.025700483,-0.0018197596,-0.017590864,0.0007734988,-0.016437633,0.002250813,0.012203749,-0.015277764,0.00538426,0.021615393,-0.0017830515,0.016560437,0.008084705,-0.009910237,0.0018009339,0.010314624,-0.023806565,-0.011833392,-0.018154306
0.01967334,-0.018812543,0.0070407526,0.0006714389,0.013398489,-0.0083491765,-0.015052615,-0.014434332,-0.0020059543,-0.019121788,0.0088961795,-0.03244977,-0.022033915,-0.01785257,0.02835126,0.008571829,-0.03232153,-0.01179811,0.009976173,-0.013447806,-0.0033112336,-0.025991075,-0.00071810465,0.008953377,-0.014470657,-0.018933933,-0.0057983063,0.0104167415,-0.014688378,-0.0016020387,0.007828612,-0.0015153997,0.0017052433,0.009587903,-0.009478964,-0.029438656,0.0017422512,0.0005344106,-0.011732755,-0.034886144,0.011647745,-0.02729116,-0.01869817,0.0059785275,0.007497156,-0.0050577167,-0.016244939,-0.03022195,-0.02305337,-0.016200496,-7.8743324e-05,0.014127709,-0.0051210616,-0.005350331,-0.0019771503,-0.0059671197,-0.021658741,-0.008954955,0.00034683943,-0.017859224,0.016910544,-0.000333827,-0.0012899814,-0.005354125,-0.0019476004,-0.03452395,-0.012020167,0.0074237767,-0.0059706774,-0.044445798,-0.0042720996,0.013713313,-0.021117046,0.026960373,-0.023182597,-0.03845404,-0.011342863,0.0073080403,-0.0070664957,0.007229487,-0.018313162,-0.015116978,0.009277315,0.0031687785,-0.024112176,-0.028708927,-0.01785389,-0.036117,-0.012268733,0.0011586137,-0.009481344,-0.02668143,-0.014259543,-0.030616954,-0.015172141,-0.0146540385,-0.017721223,-0.018424215,0.006581909,0.0022896389,4.3079257e-05,0.013874831,-0.019235952,-0.005463112,-0.003457849,0.009588058,0.0045942664,0.012079191,0.043103635,0.032419972,-0.012130145,-0.018661315,0.008734679,-0.017710505,0.0025912104,0.009819955,-0.0030911788,-0.004732918,-6.5295026e-06,0.004336448,0.044604268,-0.02191437,-0.014404535,-0.019443644,-0.0116493385,-0.012291066,-0.020672448,-0.0015930831,-0.009123482,-0.016765893,-0.0056774784,-0.0060215387,0.0041397396,0.045019295,0.012097477,-0.008637592,-0.010475712,-0.02666517,-0.022135917,-0.030107751,-0.013157189,0.015925243,-0.016854063
-0.009623073,0.019720338,-0.0005321605,0.018270547,0.032945994,0.017392423,0.004699155,0.012344342,0.046517428,0.047161635,0.027283749,0.02920369,0.01915121,-0.012489948,0.0072581633,0.017265242,0.0013961811,0.03322443,0.016347982,0.014291,0.020987002,0.03034068,0.021138761,-0.014555519,0.0146704465,0.008566063,0.00696053,0.034703296,0.0089818705,0.02295545,0.009696181,0.003088085,0.033991106,0.013839002,0.022655169,0.025453776,0.012061222,0.015773874,0.01908482,0.03529095,0.021146026,0.019551706,0.0115308305,-4.0108338e-05,0.04576175,0.016745022,0.017582577,0.04345821,0.024529513,-0.0045373086,0.016474871,0.027342875,0.0052630603,0.021271152,0.014561959,-0.0050384626,-0.009831261,0.012800812,0.014186619,0.014464591,0.027635012,0.007290198,0.0070409505,-0.0037792772,0.008415598,0.0037230076,0.0033227615,0.013920409,0.0018232698,0.02508636,0.0075613414,0.0130641125,0.018714871,0.014129116,0.013221083,-0.014343191,-0.0012964681,0.012453542,0.025747221,0.01697554,0.01796819,0.028980335,-0.0024175048,-0.02185274,0.019931335,0.021638475,0.029196344,0.006929032,0.030674161,0.0012273472,0.0113798855,-0.005891105,0.02585283,-0.0012416737,-0.010121053,0.0063964073,0.0030585993,0.0036033858,0.0031349463,0.009232099,0.007249694,0.025513867,-0.0031452803,0.022407789,0.022826146,0.024085768,0.024147524,0.014138479,0.04491228,0.036686502,0.0032643378,0.025923872,0.0026019216,0.01296678,0.031241953,0.029466359,0.0031120703,0.0050626565,0.016363814,0.038747817,0.010624135,0.01582663,0.020197192,-0.025756553,0.011930524,0.027172953,0.018731847,0.004953846,0.0011950377,0.026340146,0.02060524,-0.012461446,-0.005877588,0.019275647,0.016609728,-0.040894296,-0.0024649296,0.011291764,-0.012519153,0.0077930894,0.05722934,0.016075369,0.030289132
0.029643314,-0.0097829215,0.0009088591,0.0074216556,0.016148373,0.0030677356,0.025627645,0.020211566,0.020786334,-0.023281798,0.027236024,0.00092284754,0.015762681,0.0017949659,0.05021158,0.055579327,0.011277623,0.027841434,0.0005745506,0.040736273,0.004914837,0.047865734,0.02375746,-0.011519924,0.012455004,-0.03682902,0.01973347,0.010529494,0.01457417,0.0020295307,0.008077386,0.025074005,-0.0032358253,-4.708022e-05,0.0155437505,-0.007969871,0.01219305,0.022522692,0.015086158,0.028586434,0.036790073,-0.007985881,0.0062222234,0.017046148,0.0064033563,0.006295144,0.0013815081,0.013964145,0.010750604,0.01001027,0.010839008,0.005802462,0.007914482,0.012597583,0.020989629,0.020240428,-1.35218725e-05,0.009486565,0.0015133433,0.017486408,0.01707866,0.023635365,0.008173944,-0.015083315,0.034487642,-0.02677042,0.03151886,0.022563241,0.00079736393,0.035761937,0.009273684,0.008863346,0.026829919,0.027914427,0.017142458,0.009016422,0.04513964,0.03272484,0.006672242,0.037246823,0.03521077,0.00030572433,0.018977026,-0.0014841314,0.0381393,0.007624006,0.023656266,0.004327805,-0.009203851,-0.00019826647,0.032644954,0.039492104,0.0027470542,0.02826103,0.031228025,0.049137957,0.022803675,0.022836538,0.013335234,0.0007521156,0.023386396,0.01717648,-0.017074198,0.015767854,0.026244663,0.030555278,-0.0020513423,0.03608368,0.009825832,0.00860291,0.0025855051,0.0079893805,0.033079214,-0.006453721,0.013081561,-0.029523265,0.012311331,-5.8987178e-05,0.012698321,0.0035904795,0.006106625,0.01758231,0.013522095,0.0037110653,0.036558393,0.026197996,0.043100018,0.015158713,0.0059737395,0.018744878,-0.006361436,0.034550585,-0.0074680764,-0.00060277246,-0.001072878,-0.019698948,0.017442644,0.0097332,0.01013044,0.034128346,0.0038961908,0.035596874,-0.0044655576
0.044864774,0.051390782,0.008574054,0.0069712596,-0.008472517,0.044060647,0.011499021,0.013188867,0.038470205,0.045425966,0.016410239,0.0023919232,-0.0008558966,0.016376566,0.0119930655,0.009863985,0.028179789,-0.020666584,0.0074759102,0.042811178,0.012124979,0.005452529,0.006084204,0.01919797,0.011174927,0.0006015934,0.04455249,0.019291155,0.02398778,-0.004195679,0.04114729,0.02098041,0.019842256,0.030324638,0.016924223,0.035405822,0.04277349,0.012990162,0.028918061,0.0024832422,0.011777377,-0.025872681,0.018550107,0.01037222,0.026807494,0.0023800703,0.0065785553,-0.0012898417,0.04992828,-0.00078107696,0.010018352,0.016579257,0.024843147,0.010444835,0.018760892,0.043497447,0.025224958,0.038407467,0.034696963,0.018283803,0.0167038,0.0062490674,0.05195097,0.01170811,0.02661905,0.0010147523,0.018172089,0.014100694,0.0067949514,0.030098617,0.024606608,0.007387329,0.030070286,0.01894454,-0.038729403,0.04462789,-0.0033434602,0.01042307,0.0028665839,0.024134243,0.011647794,0.008148536,0.018671697,-0.028416991,0.012817045,0.021581806,0.018664896,0.054608844,0.0036513275,-0.001537649,0.007963658,0.0060807066,0.03822398,0.045583725,0.012830358,0.025492579,0.028970143,0.028910564,0.020977918,0.025468063,0.03176403,0.024727583,0.004525442,0.018109169,0.02521017,-0.017560348,0.0033931267,-0.0059550293,0.026146047,0.008976852,0.008611937,0.016840246,0.032287493,0.038281277,-0.0008573374,0.008493828,-0.022866093,0.009343822,0.0032281978,0.050055586,0.0052213706,0.020605827,0.006657301,0.012773404,0.038062066,0.02044985,0.019075416,0.008648114,0.017917978,0.040737398,0.03864485,0.038818233,0.0011732243,0.007595074,0.013179615,-0.0005739266,0.019842781,0.03134189,0.041146744,0.028034486,0.022557596,0.004374232,-0.005412534
0.0022073016,0.0018597366,0.02295919,0.039489422,0.019869655,0.005592497,0.02533932,0.014221424,0.016658325,0.042142786,0.0062383087,0.027728902,0.006075294,0.0220054,3.6698766e-05,0.005904963,0.041068155,0.026001174,0.0004128283,0.0050733397,0.0176546,0.013301204,0.01897077,0.044009835,0.01349753,0.0031078756,0.029821493,0.019662142,-0.017581478,0.008714411,0.026481332,0.03791643,0.04415071,0.0055589406,-0.00042353757,-0.012952808,0.008784949,0.0008028094,0.0017951457,-0.0077498723,0.00034969766,0.001075427,-0.007351702,-0.009426894,-8.133985e-05,0.004735104,0.00931637,0.0006825058,-0.038906008,0.009554622,0.0037400206,0.0017898139,0.041561894,0.005563321,0.009258216,-0.008769762,0.012009781,0.0079288585,0.008196732,-0.014453106,0.001527369,0.009062146,0.0060220286,0.046615787,0.052750845,0.030599646,0.011151092,0.005432247,0.01538324,0.0007964205,-0.034525312,0.030796671,0.00632454,0.0078074364,0.012382477,-0.0038270382,0.02538883,0.0076440116,0.005039988,0.013404003,0.0023126397,-0.008065132,0.055172622,0.010318699,0.038694814,0.00863479,0.04165495,0.011450875,0.028835477,0.016064674,0.035613358,0.043499567,0.016208146,0.0021533212,0.053800598,-0.0018581226,-0.0068683196,-0.0056125894,0.026078843,0.018151117,0.023063324,0.008427223,0.027149469,0.013376387,0.021219775,0.05456318,0.035063505,0.040307425,0.0030766157,0.01097341,0.025463339,0.01831667,0.035695393,0.004870196,0.0126457615,0.029573757,0.0041366904,0.030561427,0.016044032,-0.01066206,-0.002053693,0.029031137,0.002322386,0.042516567,-0.0002595391,-0.0011986392,-0.00016272906,0.009607011,0.054213718,-0.0052885003,0.008300234,0.01563543,-0.011502264,0.041565605,0.016669832,0.01849572,0.031257786,0.0074377037,-0.0025780052,0.012029868,0.009205878,0.026035754,0.0053078816
0.012729947,-0.0008703461,0.01145707,0.00994121,0.020377986,0.029521558,0.012729468,0.026658019,0.014787016,-0.0384569,0.016696755,0.036746174,0.0068711024,0.013586764,0.0069787903,0.011109126,0.023429673,0.0048187,0.03580922,0.010244874,-0.0018707113,0.026062943,-0.0013309354,-0.013613457,0.00792974,0.004520493,0.014968535,0.0024480168,-0.035119172,0.02979323,0.0021044947,0.014817076,0.0051395292,0.013035801,-0.019618459,0.0134669235,0.023190506,-0.017553408,0.0044897245,0.018381845,-0.0034146393,-0.001553663,0.012994684,-0.03093674,-0.0006633671,0.030609077,-0.034683503,-0.0089316,-0.018628826,0.0125240395,-0.011911234,0.01657717,0.010137084,0.0018968796,-0.011700233,-0.014368201,-0.045219216,-0.010791419,0.034098476,0.022005528,-0.0028857794,-0.0066339895,-0.02669366,0.030907687,0.0072199525,-0.00050677825,0.019211533,0.016570045,-0.028858926,-0.003261624,0.02775395,0.027069394,-0.014401734,0.016810749,0.019448902,0.060983386,0.024235353,0.02639851,-0.0039102053,0.019937478,-0.0033694692,-0.007197134,0.017129526,0.0015302887,0.002838537,0.0053646793,0.023499858,-0.024699561,0.01511479,0.006663258,0.017462116,0.0030597663,-0.013702873,0.018803824,0.013477553,0.011038121,-0.0015868936,-0.0015219972,0.018936854,-0.005540315,-0.008302184,0.0068753106,-0.009032685,0.027349833,0.011298213,0.02768046,0.0076088253,0.020715993,0.014648456,-0.006087072,0.023108948,0.012782618,0.002987706,-0.0035196878,0.021429367,0.023626387,0.0044373428,-0.009001154,0.0046952413,0.0056480463,-0.00015635975,-0.0026699277,0.005682539,0.012972352,-0.006491106,-0.0025385488,-0.009816742,0.008495061,0.00067179464,-0.0001590522,0.0077547925,0.014169516,-0.025960952,0.0042088977,0.00941116,-0.009211529,-0.031601816,-0.008970976,-0.01750156,0.002956667,0.0596649,-0.011456994,0.0031865723
-0.0049166717,0.008270628,0.008188057,0.009580536,0.02704,0.0060162204,0.0038516046,0.008981169,-0.0056181047,0.0071672923,0.013365981,-0.021754239,0.0062640873,0.011329108,0.002465194,-0.0035417043,-0.019035337,0.025743356,0.0039727055,-0.010929367,-0.008605184,0.005100069,-0.019418485,0.02143672,-0.016248608,-0.006797107,-0.025635537,-0.00060782395,-0.011069607,0.0032259962,0.041734044,0.0068596746,0.015679035,-0.0047862567,0.02367128,0.01630475,-0.030930866,-0.012197243,-0.026320145,0.0018369239,-0.0072200503,0.009157449,0.02142924,0.0027560396,-0.008011045,-0.008204538,-0.010449564,-0.015443375,-0.008322908,-0.016605949,-0.01243853,0.0034753717,-0.0090423,0.016757246,0.0057425504,-0.007957216,0.02515306,0.0056853755,-0.006674679,-0.0013373783,-0.007137578,0.010452983,0.019623961,-0.022942826,-0.0015551317,-0.0137703065,0.014331696,-0.0010216143,-0.038081273,0.026588632,-0.027215872,-0.013426276,-0.0038804412,0.012270532,0.0223832,-0.015365116,-0.013446959,-0.012795808,0.0045184735,-0.03468628,0.01793726,-0.029027846,0.0034431983,0.000118917786,-0.00663447,-0.0035065105,-0.01867874,-0.02901199,0.005115216,-0.01343368,0.0056349006,-0.00041040964,0.008107774,-0.009937301,-0.008899571,-0.0012301952,-0.007474143,-0.009165615,0.009878506,-0.008255724,-0.0035551582,-0.01757353,-0.025906865,0.0009106677,0.00174079,0.0034737159,-0.011557061,0.0057958555,0.004319368,-0.0015742611,-0.011208732,-0.00432845,0.009616579,-0.0052057207,0.0040188516,-0.0049223118,-0.0050140154,-0.044046335,0.004764044,-0.020074397,-0.006773142,0.00062896125,0.0012233723,0.018102292,0.0028434778,0.023522256,0.031075457,0.020248054,-0.010262381,-0.004514504,0.0063008955,-0.0018077483,-0.026020184,-0.0032190671,0.0017290134,-0.009058751,-0.0023823688,-0.005132664,-0.009153815,0.012235185,-0.011420324,-0.02027902,-0.0053711403
-0.0044572596,-0.012497721,0.006899352,0.0044360664,0.010348544,-0.0026024012,0.015501178,0.010345014,-0.002770693,-0.02307513,0.0057374705,0.022456292,-0.011717338,0.0072431085,-0.0012736684,0.0063697305,-0.027230226,-0.03180146,-0.013894774,-0.016365562,0.019348897,0.008115712,-0.0142922215,0.0043116063,-0.0056196004,0.015389489,0.015891407,-0.0067584906,0.006170924,-0.027870394,-0.01627199,0.001484761,0.030634511,-0.007742474,0.0065011373,0.013605179,-0.020377237,-0.0026656445,0.011952186,0.036417734,-0.012026444,0.012197614,0.004463654,-0.00025422312,-0.0073300283,-0.010138728,-0.0023188386,0.017680097,-0.020999875,-0.006705068,-0.013301162,-0.0016254643,0.030799102,0.0075967438,-0.00010222569,0.007672418,0.0023942925,0.011133127,0.008461167,0.00883752,0.010420238,7.667672e-05,0.026297333,-0.029148787,0.0074263304,0.007695715,0.0028259866,0.00070049055,-0.004224235,0.021062803,0.0028754938,0.017909212,0.024681233,0.018036373,-0.009094903,-0.012099398,-0.01459985,-0.02774189,-0.0008035861,-0.0018019006,0.016673807,0.046919614,0.011484593,0.02160906,-0.00046020467,0.04050629,0.00019086339,-0.0056338683,-0.0038929386,0.0013882238,0.0055141356,-8.8384375e-05,0.008549884,-0.010279238,0.011230076,0.04104918,0.028133186,0.027983526,-0.02505777,-0.00819804,0.0059037665,0.021001,-0.03089184,-0.0100125335,0.010164322,-0.014127096,-0.0075387806,-0.015857676,-0.007936874,0.008127678,3.877189e-05,-0.007493658,-0.012081277,0.005182515,-0.0103356615,-0.007273577,-0.0012412611,0.014950201,0.0076237996,0.02853288,0.014713784,0.012999107,-0.022685837,-0.029191766,0.004892941,0.01057952,0.0014620125,0.004279627,-0.00068000704,0.05142559,-0.0076760817,0.005603167,0.03420654,0.006288754,0.0025349436,0.009952313,0.0051504564,0.005704257,0.020798855,0.006593489,0.0025894186,0.0052814893,0.033111118
0.0050628753,0.028823212,-0.005698599,0.0062845773,-0.02172535,0.0073247594,0.0039694635,-0.0012126304,0.006346721,-0.0014342461,0.008990623,0.0061561484,0.0131150605,0.005478429,0.0062587853,0.0060724583,-0.04650457,-0.024773553,0.0032861661,-0.006209098,-0.016741829,0.0075291456,0.0047144657,0.02324734,-0.012736013,-0.0034485618,-0.00627229,-0.0017604604,-0.030487701,-0.009320684,0.0106224185,0.011631959,-0.0031767264,0.012608374,0.012558071,0.026333764,0.00656073,-0.0016530622,0.019604288,0.011708497,0.0037088683,0.001598645,-0.021459099,0.001864587,0.006017573,0.01382735,-0.042610418,0.01179217,-0.0044598784,0.040933974,-0.011536695,0.0135974325,-0.008402221,0.008132047,-0.0009021424,0.022863653,-0.021623757,-0.009589668,0.01442734,0.010097465,0.017259654,0.023049988,0.045675248,-0.007232735,0.00887733,0.004086759,0.037644934,-0.0022491682,-0.005993424,0.010970361,0.04752457,0.016118892,0.023106132,0.007431259,0.01825796,0.006362516,0.0025961064,0.015704565,0.0051070587,0.010206065,0.0063693887,0.025102623,-0.009366082,0.007153218,0.04195425,-0.028532375,-0.0051938705,-0.00066599716,0.008970363,0.0033165691,0.004521068,0.029111747,0.002823026,0.0052709924,0.022732377,0.011612208,0.040316198,0.039169304,0.016037624,0.046415146,0.019111682,-0.011245372,0.008163836,0.0018095905,0.032576878,0.00675378,-0.004856201,0.02666934,-0.009510601,0.01927346,0.005297862,0.007593935,-0.013500113,0.007490711,0.0003263345,0.029091563,0.003611343,0.025104769,0.018639255,0.010968805,0.0043551237,0.0046161613,-0.0048670545,0.027946137,0.0039326507,0.009130433,0.008495942,0.017049745,0.003112169,0.0017834604,0.01943389,0.021524698,-0.0016085664,0.0021197489,0.019930696,-0.0016221935,0.019024711,0.019611755,-0.0295932,0.0069855666,-0.0017730789,0.005163524,-0.0061452016
0.008244166,-0.028157711,0.027285395,-0.009100046,-0.0052502174,-0.013200853,0.014558779,-0.00067491084,0.019811474,0.006561743,0.0021622889,-4.108064e-05,0.02417785,0.007172781,0.01408326,0.0058632,0.004976972,0.004548559,0.005558584,0.0014075944,0.017945431,0.010304545,0.010140951,0.006036915,0.0039628595,0.00019127037,0.00694116,-0.030166913,-0.015159382,0.017183427,0.011709066,0.004610003,0.003016675,0.0261069,-0.008037601,-0.022717554,0.019478157,0.015983861,0.022234045,0.012459966,0.010489025,0.006515504,0.016563531,-7.7871606e-05,0.01783546,0.011532318,0.010776023,-0.018058928,-0.008060198,-0.0039957883,-0.0058264416,0.0028604101,0.019586537,0.015293933,0.03668532,-0.0075294264,-0.0142659545,0.01609361,-0.03737422,0.012175662,0.016805239,0.006884656,-0.014994897,-0.01616624,0.02068765,0.014229364,0.0025488455,0.012149944,0.00054659415,0.008411649,0.011383114,0.011268099,0.0022440571,0.005107009,-0.012213899,-0.01339405,0.013487639,0.0048069954,0.026796438,0.01005291,0.006230169,0.0038012974,0.027103223,0.0054778345,-0.00093810447,0.015116896,0.023752261,-0.0374494,0.03793312,-0.009178247,-0.005043559,-0.021845158,0.016497396,0.0030307937,0.015887896,-0.01041105,0.022964893,0.02366962,0.027627248,0.002593563,0.007935668,0.009296578,-0.02538839,-0.009066492,0.007254513,0.0033787284,0.0030603716,-0.006161606,0.0020776466,0.009058104,0.018031063,0.0058662766,0.017600687,0.008337521,-0.0077826176,0.0075085666,0.01022814,0.0536969,0.0064391172,-0.00064003933,0.0026570316,0.019292748,0.0062908093,-0.016159244,0.005108103,0.007138941,-0.00094858184,0.009087622,0.013083369,0.0062324726,0.016833108,0.009194415,-0.007419197,-0.0025634263,-0.0044600703,0.00045624934,0.013688721,0.0114855375,0.021045756,-0.0071945824,-0.016962314,0.029166209,0.011775633
0.015596493,0.0044181766,0.008641643,-0.013858933,0.023505324,0.00028459914,0.013269287,0.0038409075,-0.007521324,0.009417125,-0.0019117706,-0.009098122,0.002444378,0.011368429,0.009544924,-0.0034967763,0.0075795506,-0.011986127,0.011405235,-0.0089960545,0.014560111,-0.008874731,0.0050897053,0.020464037,0.006756249,-0.008107768,-0.0059741326,0.015228983,0.005121159,0.010266857,-0.0034765135,0.0074500153,0.010768708,0.02697816,-0.0050949566,-0.02305162,-0.008041881,-0.026122209,-0.00021634996,-0.00093734264,0.0009399401,-0.0042742044,0.030963229,0.023581121,-0.0015006512,0.008484657,-0.015165225,-0.0042247754,0.019854708,-0.03303045,-0.018505458,0.009277114,0.0064075333,-0.012169398,0.01732656,0.01039849,0.023750542,0.03116882,0.012133469,0.0039483374,0.002532404,0.023111844,-0.024652962,-0.010933753,0.0032153353,0.036380224,-0.0048392583,0.0055976524,-0.01438164,-0.0016827537,-0.028732613,-0.0076387674,0.007685209,0.0046387278,-0.0022313576,0.0022831485,-0.0041572936,-0.0003993176,0.023926534,-0.017911995,0.0052492726,0.011840817,-0.006595645,0.0068499646,-0.0049852096,-0.041534044,-0.0066281743,-0.007830409,-0.005696479,-0.03714904,-0.029171865,-0.00016756915,0.020711908,-0.0053745545,0.025978921,0.008855774,0.025801973,0.024039343,-0.018906694,-0.040616058,-0.021403152,-0.00220324,-0.0066297464,0.015861662,-0.0011250228,-0.01135554,0.0027686674,0.016545193,-0.0025227387,-0.012947438,-0.0025321515,-0.002314087,0.011530462,0.018013418,-0.0069344286,-0.01290681,0.0023932029,2.0416453e-05,-0.0132900905,0.017244093,-0.0056927428,0.051746108,0.0004374329,0.001436213,0.013355907,-4.781224e-05,0.00940959,-0.0011977125,0.018535936,-0.011129092,-0.0070569273,0.012919073,0.030922703,-0.008497965,-0.011992343,-0.0076575894,0.024060115,-0.00010638777,-0.01673247,-0.010744922,-0.023732726,0.0013802974,0.012461723
-0.009420719,0.0073595904,0.005890159,0.0031109173,0.010104313,0.0043082405,-0.01728223,0.02348512,0.017582528,-0.012590911,0.0010867864,0.01911609,0.02562982,-0.0020271642,0.0034466647,0.009163534,0.0051161028,-0.0044116396,0.022847587,0.02772608,0.004656762,0.009807337,0.026136843,-0.009528689,0.004903166,-0.00014109258,0.0107372515,-0.0021068314,-0.0070182383,0.017659336,-0.009369817,0.0054843063,0.0031370604,-0.0029444108,0.0054598767,-0.017760085,0.020958783,0.051291205,-0.008123092,0.0036283974,0.0041203154,-0.0046474375,0.00095573533,-0.015857125,0.016039776,0.010258389,-0.015152954,0.046042424,-0.00052484777,0.041827127,-0.0021748524,0.003117917,0.0024256026,0.016461965,0.015410747,0.00019409321,0.011157316,0.0012699421,0.0029434627,-0.020930376,-0.0094563365,0.022722531,-0.020750735,-0.0014180038,0.010039743,0.036977366,-0.008333599,0.008336818,0.00021067634,0.008926176,-0.040587068,-0.032033324,0.011378711,0.012413394,0.05631616,-0.0035126256,0.016509788,0.014678351,0.008566951,0.041399594,0.018096223,0.023947056,-0.0048044045,0.0014429782,0.0024833046,0.0045252503,-0.019711405,0.0072670276,0.043092463,0.0005978774,-0.0042834505,0.01381404,0.006812964,0.018516976,-0.010028373,-0.008620637,0.0026753796,0.0054572336,-0.01755446,0.0016508922,-0.007393958,0.01844253,-0.00028878823,0.0063319746,0.0023628557,0.0041822097,0.030206874,-0.0014523268,-0.011897864,-0.003056365,0.0042842813,0.010777996,0.005316869,-0.0071584377,0.014286564,0.0072343647,0.0041358313,0.010911361,-0.0067655332,0.005048507,0.016352754,-0.00040623266,-0.03918265,0.0010636961,0.0030065887,0.01762611,0.02270195,0.009860138,0.0010700319,-0.012513358,0.023085674,-0.0070518777,-0.0066223554,0.0008173371,-0.0022246744,0.0061320243,0.0038479022,0.0067145773,0.02561627,0.00871063,-0.0023960723,-0.011542987,0.038009115
0.0031446107,0.0088511,0.012959035,0.0030780789,0.009185748,0.030493805,-0.010645077,0.014873571,0.0060011633,0.015200896,0.010712815,0.03177686,0.010946135,0.003732658,0.0058028987,0.009799344,0.007949371,-0.008612322,0.006144219,0.0035710381,0.013122128,0.0030499958,0.04663429,0.008731001,0.0013445122,-0.0139125325,-0.0039191116,0.016869541,0.0047150413,0.0058958307,0.007901251,0.00883453,-0.0055053905,0.017921489,-0.005678246,-0.009814212,0.0055274237,0.025514813,0.0022904798,-0.04871377,0.008219772,0.007778156,0.017995998,0.0058119725,0.0031783134,0.0032548215,0.015153993,0.011005431,-0.011684388,-0.00868036,-0.013381546,0.016133893,-0.013176842,0.0036882153,0.0090030525,0.017224591,-0.014584968,0.008825843,0.0321803,-0.018224072,-0.010898106,0.017989961,0.023097947,0.0012021549,0.0045570675,0.014231706,0.007784351,0.0059523038,0.00034134556,-0.0030148672,0.020961769,0.015745303,0.013718607,0.010819898,-0.026046623,-0.0010487372,-0.003998054,0.00893836,0.00041958597,-0.0037215594,0.0009791097,-0.010325512,0.007938499,-0.0032955427,0.017221615,-0.007936016,-0.014937658,0.016209844,0.010910541,-0.011322379,0.0058873873,0.0016880482,0.0054301103,0.005025957,-0.012468366,-0.0007828176,0.005757319,0.0012081414,0.03661477,0.014643632,0.04343938,0.0057495753,0.0075542196,0.01226443,-0.0023350092,0.0028893473,0.034358762,0.030542161,-0.014593439,0.0010518506,0.0029412769,0.018668182,0.02183887,0.03198152,0.0156595,0.0011164974,-0.017964013,0.008490786,0.013608133,-0.009828433,0.011631913,0.021623507,-0.018685045,0.025598973,0.024366034,0.007100699,-0.0028908215,0.0075152637,0.010153281,0.0152529,0.03383457,0.0050136554,0.009488117,0.0010847533,0.009120885,0.006693023,0.02270139,0.023541315,0.018332817,-0.009961722,0.0035380833,-0.017747786,0.01094653
-0.0038324958,0.038746994,0.022020273,0.03862081,0.023481086,0.045017272,0.007568138,0.042554144,0.020031523,0.028278276,0.0168745,-0.010973481,0.016640661,0.036117695,0.008983402,0.0018134955,0.015639722,0.031498536,0.0025300654,0.030951336,0.01257764,0.010852764,-0.0035904339,-0.0057786033,0.017483553,0.014985124,0.04950171,0.04541261,0.014466271,0.016332984,-0.0050343927,0.0073780324,0.00988545,0.005806142,0.005731832,0.0117164375,0.036681503,0.014591018,-0.0011478942,0.00033123232,0.014487084,0.012263556,0.047626093,0.056474,0.03706363,0.0074162213,0.0221209,0.0042245374,0.019898197,0.05611208,0.009243473,-0.011505425,0.004870013,0.0041547203,0.010522931,0.04573203,0.027951472,-0.0064004716,0.04020515,0.039153203,0.015721908,0.011858128,0.041445598,0.022913512,0.0058110617,0.0044255396,0.026658244,0.0050234566,-0.002095133,0.007086319,0.051854253,0.024317099,0.011822285,-0.0004170593,0.017898783,0.019473495,0.0042317314,0.02378586,0.0071410127,0.026115483,-0.00046448037,0.0005388316,0.020172352,-4.506018e-05,-0.012969354,0.0096428,0.050136447,0.035037994,0.01438684,0.024126882,0.041927733,-0.040224034,0.0045075063,0.0020948276,0.018151883,0.019787356,0.007607675,0.012842994,0.0076008886,0.0015804237,0.010886319,0.013930032,0.017846813,0.00445675,0.015792565,0.0068039885,0.008426764,0.0071032085,-4.879106e-05,0.012565051,0.0049807513,0.0077676065,0.012599932,0.015454039,-0.0030826796,0.022755327,-0.0031094346,0.0242127,0.024217356,0.0060614883,0.018232169,0.003749115,0.028455239,0.024601365,0.0070104552,0.0014299583,0.0146316225,0.0141972685,0.02543863,0.038995683,0.008298729,0.021813389,0.0124185085,0.02024096,0.019437877,0.017498557,0.0073394803,0.00813248,0.01750574,0.003211257,0.027869899,-0.00552628,0.019103013
0.04802209,0.007048351,0.009710549,0.005518696,0.025109956,0.0043209163,-0.0024740463,0.022750553,-0.009028045,-0.02163399,0.011972057,-0.006847186,0.018993348,-0.0054306015,0.02685931,0.020742595,0.0009471085,0.0353916,0.031337623,-0.016018871,-0.00032808539,0.020856753,-0.008263608,0.043105535,6.693043e-05,0.0040334202,-0.0012513399,0.017659102,0.0071557397,0.036886066,0.026193738,0.0033934023,-0.00235165,-0.0026758946,0.026179515,0.0060779457,-0.017286709,-0.012097212,0.019445788,0.0040451484,0.006648835,0.0012445012,0.018988714,-0.011414889,-0.011592582,-0.007817566,0.0009323824,0.033993166,0.015277123,-0.002792241,0.010579692,0.013750071,0.039825823,0.040661205,0.01441053,0.015027886,0.05370502,0.014711007,0.019764036,0.03669519,0.009636646,0.0075749294,0.008203829,0.020132031,0.005195404,-0.008725837,-0.004057548,0.0066348896,0.0073581785,0.009451322,0.0068993773,0.013091237,0.0009236187,-0.0007553026,0.04212205,-0.002392958,-0.0021909457,0.013289055,0.007085693,-0.0055469926,0.016549151,0.007908954,-0.0021011736,0.008706946,0.005452108,0.008081969,-0.0019208528,0.023201339,-0.011839133,0.028058665,0.00044996943,0.018576255,0.041864917,0.0035194326,0.004151784,0.0066111363,-0.0021289354,-0.009643331,0.021548718,-0.0035045762,-0.0016842484,-0.0011317134,-0.0060276855,-0.011775093,0.020319898,0.02764515,0.0031750873,0.002758598,-0.011240695,0.007679237,0.024304163,0.028785108,0.008278888,0.0065177493,0.001662638,-0.0016876189,0.0016010776,-0.0018583639,-0.0024741478,0.00803339,-0.0071337745,-0.002207146,0.028935853,0.005171679,0.003343258,0.0079610525,0.039170273,0.0062151747,-0.0041272733,-0.009768579,0.0024139863,0.002795741,-0.006095374,-0.00065117795,-0.0015854528,0.0003822092,0.001748791,0.018187165,0.01261343,0.0068191243,0.013673771,0.04817102,0.0023000408
-0.00034530088,0.023956396,0.02700069,0.008502593,0.01514104,0.025468975,-0.009188848,0.012575741,0.0050755735,-0.004432641,0.0018259026,-0.0005204752,-0.0029173763,-0.00474325,-0.001079239,-0.00052928366,0.0011485191,0.0048349374,-0.011082152,-0.0019935519,-0.006724179,-0.0052063838,-0.012195868,0.016292538,0.044737842,-0.00637524,-0.018366786,-0.01811424,-0.0033062128,-0.0004143212,-0.0038068052,0.0012214882,0.001492667,-0.0032589734,0.00467798,-0.0042158663,-0.0042236615,0.0017301999,0.03816177,-0.0026954878,0.022386659,-0.017141376,0.0017492976,-0.0038700607,0.001521565,0.023777336,0.0002421746,-0.011425525,0.0051803095,0.040091526,0.0029339446,0.0038591456,0.011831138,-0.0017053904,0.00626713,-0.010512304,-0.00883631,0.004585315,-0.0086960755,0.0017856723,0.013286617,0.002916906,0.022429384,-0.005975973,-0.003910929,-0.009119917,-0.011194453,0.016060874,0.002701993,-0.01478106,-0.023883216,0.0261619,0.01871394,0.0048155882,0.023634009,-0.009213187,0.044331428,0.004592159,0.025608633,-0.0009779353,0.00090201106,0.0015680483,-0.0059676412,0.01682667,-0.008110039,-0.003298602,0.00030038506,0.0008182321,-0.008606983,-0.0059741177,0.009506177,-0.016753014,-0.008827301,-0.00588776,0.0029615993,-0.0076640267,0.014206328,0.018232891,-0.0043453593,0.014414555,-0.023911033,0.01629263,-0.0012774486,-0.0048916247,0.0038315821,-0.007495191,-0.00090592355,0.0074571045,-0.000560089,0.0069534495,0.017409764,0.0057265684,-0.0007362226,0.0015400164,0.016959893,0.009036481,-0.002277881,-0.0017950563,0.016710138,-0.0030722711,-0.0013781907,0.006340561,0.021510087,0.0008272305,0.0062248516,-0.0051570497,0.006898995,-0.004179539,0.0006390959,0.0082453955,0.008290999,0.009356685,0.047107294,0.0024962146,0.017923014,0.003617106,-0.012925016,0.0032079387,0.03234406,-0.014103625,0.007937645,0.00902778,-0.011387881
-0.02583924,0.018029839,0.0020165863,0.047255225,0.019788215,0.023676652,-0.034472927,-0.012824409,-0.014572507,0.004356229,-0.010987654,-0.016136844,-0.015018903,0.006302431,-0.01429476,-0.011093264,-0.014820583,-0.025857665,-0.032456107,-0.0036739437,-0.00988229,-0.0084535405,-0.020896781,0.011022437,-0.0329452,-0.020305663,-0.019578535,-0.020062543,-0.011090647,-0.03897629,-0.0075893886,0.0051098913,0.0016573723,-0.015694905,0.018481681,-0.0009922329,-0.033024903,-0.02431063,-0.020031989,-0.01928901,-0.042541437,-0.006869698,0.006817022,-0.010966344,-0.022427138,-0.04716066,-0.015693743,-0.024560496,-0.028829493,-0.017167963,-0.026476376,-0.0029162234,-0.012954233,0.00197169,-0.012593729,-0.011055412,-0.03093658,-0.011669952,-0.013845244,-0.03190118,0.0134293735,-0.015786557,-0.024641372,-0.02159857,-0.012438048,-0.013787931,-0.011408709,-0.025025241,-0.0078014825,0.009672521,-0.019299624,-0.020932626,-0.021064606,-0.011357009,-0.028504949,-0.0018764455,-0.031260215,-0.018861452,0.03158233,-0.025015272,-0.0002728505,-0.0033424618,-0.019852743,-0.034682926,-0.0127005,0.0062580816,-0.034790207,-0.026427388,-0.018887278,-0.024595104,-0.002850431,-0.015036557,-0.027702224,-0.004923152,0.011036744,-0.01183751,0.0049070977,-0.0031872736,-0.024364673,-0.017891757,-0.008695472,0.005399735,-0.010171693,-0.0025558174,-0.0037385551,-0.02290957,-0.018481655,-0.0038200952,-0.026999332,-0.016237814,-0.020344254,-0.0058780834,-0.010447862,-0.011002744,-0.042741586,-0.008905781,0.0058929385,-0.012240872,-0.029414732,-0.017762039,0.020541469,0.010833134,-0.036403004,-0.023890514,-0.008895304,0.00398474,0.0012592608,-0.019236717,-0.026743613,-0.02133634,-0.00014982559,-0.013977993,-0.0220197,-0.006772263,-0.006574765,-0.015588226,-0.006729247,-0.013950996,-0.025563128,-0.007189177,-0.006201528,0.036379233,-0.010093858
-0.0009867884,-0.025699344,-0.008971982,-0.018572021,0.017653693,-0.022787422,-0.016227642,-0.017352244,-0.019401144,-0.04499221,-0.013924729,-0.024494648,-0.019368881,-0.0039183097,-0.008032955,-0.008230219,-0.019235997,-0.020065725,-0.016089069,-0.034132835,0.0084673455,-0.01914259,-0.0179411,-0.010998797,-0.03511379,-0.007778395,-0.01800574,-0.007315602,0.006932272,-0.038697153,0.0020786393,-0.00326504,-0.0042703114,0.0063311695,-0.04191695,0.024910588,-0.018532958,-0.016766433,-0.009737836,-0.017606396,-0.02474453,-0.0004974082,-0.0070102476,-0.021056872,-0.031042553,-0.014314476,-0.012947556,-0.033199478,-0.025415748,-0.020856835,-0.02940667,-0.02520157,-0.032674365,-0.016611844,-0.015402976,-0.010219295,-0.027207226,-0.0106546655,-0.031041134,-0.0072258227,0.0037552072,-0.015735129,0.0040525864,-0.019823972,-0.0038864408,-0.010205168,-0.0057323705,-0.002715584,-0.0059657954,-0.014914244,-0.023836657,0.02173837,-0.029637896,-0.016300762,-0.038988534,-0.03185481,-0.020305205,-0.038853668,-0.028258435,-0.03400237,-0.022027008,-0.0019728057,-0.0034090206,-0.010047186,-0.021553509,0.0016416665,-0.01972954,-0.012565795,-0.0040040035,-0.022419635,-0.013431475,-0.009607488,-0.02375286,-0.028400868,-0.007215308,0.005086665,-0.012380557,-0.010262873,-0.0061193183,-0.024931781,-0.02045779,-0.01597417,-0.0050648376,-0.0059018135,-0.006758265,-0.024846967,-0.028316297,-0.0014270088,0.0034892634,-0.022022009,-0.004789483,-0.015945189,-0.001569502,-0.027813982,-0.030366592,-0.023677789,-0.02061256,0.019391885,-0.0261091,-0.025774565,0.028728561,-0.012180824,0.012658965,-0.03864296,-0.018649254,-0.007451648,-0.022396494,-0.007039033,-0.025948845,-0.0104795415,0.005895743,-0.015659198,-0.015548017,-0.0098060705,-0.03361374,-0.017951388,-0.022289209,-0.016461313,-0.041068185,-0.027123407,0.00036566146,-0.0032240767,-0.0051986706
0.009158264,0.012816791,-0.0015325043,-0.010011807,-0.017478947,0.0054974565,0.0070374985,0.007445886,0.009877634,0.03280909,0.0040364144,0.0051863473,0.011042502,0.010351127,0.01602588,0.005587442,0.010071979,0.010698789,0.042512566,0.01312499,0.035770595,-0.0058050863,0.0192255,0.016574172,0.011939176,0.003672218,0.01793943,0.0019167056,0.004946111,0.031146146,-0.012231011,0.00933497,0.027383516,0.021689605,-0.011785911,0.011737999,0.010003843,0.00078751706,0.011666942,-0.005086262,0.01028536,0.02589487,0.026031565,0.017567128,0.012248151,0.030169398,0.013504993,0.005319021,0.0032879412,0.016198833,0.008893112,0.026018895,0.0038159154,-0.012537917,0.003336561,0.0019223467,0.017699283,0.018056884,-0.010855179,-0.02463502,0.01141195,0.018446261,0.010278127,0.023303235,0.020449873,0.008198777,0.011608128,0.008505721,0.007043955,-0.011231173,-0.0009889817,0.012199771,0.010387298,0.011862264,0.029879434,-0.0083457045,0.018636985,0.024127144,0.0046785786,0.00544066,-0.0005621156,0.021450415,0.025118995,0.01572809,0.0056501874,-0.003275631,0.012501851,0.00082523096,0.0077519435,-0.006652752,0.020321716,0.005067266,0.033490654,-0.0013490571,0.024520768,0.018003823,0.04524631,0.04641474,0.010583468,0.004959898,0.014999855,0.015636522,0.021449592,0.0047233803,0.0022470308,0.01610351,0.017268455,0.015693462,0.012101019,0.017944165,0.03265656,0.026373226,0.01588545,0.013528332,0.025248678,0.0098053,0.018281545,0.005567427,0.009674659,0.015371535,-0.014901258,0.011369703,0.03268633,0.033935897,0.011251669,-0.014122138,-0.0046133995,0.029059695,0.013588966,0.00899162,0.0063392944,0.0136817545,-0.0121252015,0.0059186993,0.0062588747,-0.0060069375,0.021572858,0.023932785,0.014532311,-0.0032666186,0.007907642,-0.004431065,0.0017304383
0.008986149,0.004001679,0.02290846,0.006242266,-0.016322084,-0.004711017,0.03130167,0.00089406595,0.008118529,0.031669468,0.0071285637,0.0082990695,0.012671068,0.005741636,0.010515719,0.0014536977,0.0006992072,0.052186936,0.012702734,-0.01086035,-0.009756526,0.0014289394,0.0015364392,0.015002148,0.009548788,-0.0033500846,0.0058649615,-0.012058584,-0.0053917225,0.024307461,0.0072543556,0.019235894,0.0022262046,0.012615115,0.0072249398,0.0043600556,0.020555915,0.0072296406,0.0046835896,-0.0037742695,0.015942376,0.011700422,0.005306272,0.0077585694,0.007267344,0.04856534,0.008884604,0.023031496,-0.0010034591,0.019439552,0.016603565,0.01994998,0.014719885,0.0082837045,0.013451652,0.0036444534,0.0071374676,0.0107927155,-0.017931651,0.0054266127,0.010001151,0.01825769,0.014478343,0.03971259,0.027704684,0.015403537,0.0025612935,0.03077399,0.0009342637,0.002627355,-0.007440541,0.00067911204,0.02407191,0.0045916517,0.0073605897,0.0025655273,0.021655034,0.032156423,0.010397833,0.016356416,0.0024165465,-0.0124958735,0.0069571845,0.018583402,0.010846237,0.043879718,0.003676122,0.011008901,0.010798619,0.012422491,0.00095583964,0.00024871528,0.021175012,0.030619906,0.014822103,0.011021861,0.017446095,0.018363249,0.029628834,0.05037504,0.032465104,0.011458979,0.0061774477,0.0043432303,0.0016130684,0.016505253,0.042452104,0.017015517,0.0033193491,0.0085571855,0.049263403,0.01024899,0.015231468,0.004523324,0.0018722648,0.01956523,0.0068415506,0.011511037,-0.011876913,-0.012332927,0.05616891,0.003826445,0.0039332495,0.0029239412,0.0038295584,-0.0072460026,0.015620811,-0.00058621727,0.01828107,0.03552762,0.0035214555,0.013262293,0.0041142283,0.009922121,0.0041546617,0.008555962,0.009582611,0.033423647,0.018590938,0.00175355,0.012426657,0.027994048,0.015410864
0.006946151,-0.010089237,-0.011273831,-0.021222536,0.0075866147,-0.013275513,-0.009476675,-0.007571401,0.011535864,-0.006588569,-0.006437067,-0.014618099,-0.014291024,0.0012826743,-0.0010790676,-0.019790057,-0.010580312,-0.001719919,0.02427386,0.002915916,0.018568888,-0.0026588682,-0.0032413881,0.00559504,0.056813516,-0.008611515,0.0006824881,0.00071292557,-0.005037587,0.037998497,0.014929416,-0.010788992,-0.012460098,0.017774146,-0.007993234,-0.026619729,0.019496426,0.003415226,-0.01916989,0.017491467,0.020527389,0.008002818,0.011779328,0.0013917871,0.0037847236,0.0004737815,0.0066610803,0.00030131172,0.028740488,0.010000226,0.016657755,0.026033781,0.011715346,-0.022282075,-0.005516099,0.011038357,-0.00028693862,0.013699577,0.0070605683,-0.012245983,0.0011660289,0.0016117655,0.015700048,-0.0037300056,0.0070415367,-0.0061217844,0.0059450795,-0.0074901357,0.002659184,-0.016752327,0.026146576,-0.013580773,0.020087443,0.0023592971,0.013300225,-0.008631388,-0.0020323386,0.028449045,-0.0018149614,0.057528015,-0.013414882,-0.015587989,0.0005439203,0.011572843,0.012902064,-0.022655457,0.013845643,0.0126546575,-0.0076010637,-0.0027556932,0.0016680257,0.0006070025,-0.0033526234,0.011666781,0.0045195213,-0.01189746,0.008800652,0.016827382,-0.016667627,0.00012763869,0.002319063,0.00501801,-0.0053244755,0.02501947,-0.0029855976,0.048290577,-0.0060036276,-0.0110186115,0.0006688582,0.017691456,0.0072565023,0.029622989,-0.00013454631,0.011019561,0.0039123995,0.029739028,-0.013816293,0.0007436415,-0.010711253,-0.013031367,-0.0078099165,0.00981041,-0.0045472197,0.00376405,-0.0039901184,-0.024171561,0.002120031,0.0051586614,-0.0026383456,-0.024193548,-0.0058196783,-0.008816823,-0.004712062,0.016016973,-0.017688146,0.05312816,0.011068825,-0.0057962816,-2.3078173e-06,-0.0052951165,-0.005023459,-0.007198725,-0.007208828
-0.0011887476,0.0051470883,0.017675648,0.026797898,-0.01772934,0.013694381,0.002854947,0.0033446169,-0.008523596,0.007206789,-0.025811736,-0.012536939,-0.0032914234,-0.004154576,0.0036742063,-0.025514934,-0.0065526757,-0.028666489,0.010151381,-0.010682428,0.026422493,-2.7956441e-05,0.004132994,-0.017804489,-0.00030875485,-0.0023301234,-0.0033494476,-0.0105539225,-0.0025323266,0.0014046589,0.009309767,0.012724601,-0.009514142,0.012267054,-0.015990121,-0.008590991,0.010417286,0.0022132583,-0.033769462,0.017974341,0.0023167199,-0.008710694,-0.022077676,0.027471237,0.00876423,-0.009733887,0.010425132,-0.010106888,0.010092529,-0.012194252,-0.0033617122,0.03381795,0.011420548,-0.018325228,-0.008054746,-0.0070781577,0.004941656,0.010442627,-0.0037022522,-0.005632827,-0.006837556,-0.0060096104,0.0050893314,-0.0026457561,-0.0019127754,0.00086904503,0.002611477,-0.022233717,0.0030575972,-0.019191857,0.009042492,-0.0015259981,0.027815018,0.018694336,0.006074197,0.041330405,0.03451836,-0.0015785089,0.014937073,-0.013866112,-0.010105068,-0.019309131,0.012102623,0.034646578,-0.006824011,-0.014844518,-0.0028704358,-0.009124663,-0.0024312679,-0.010532882,-0.008687401,-0.009522654,0.02754965,-0.009112548,0.008284276,-0.007674724,0.0010584481,0.004000567,0.041364495,-0.006208582,-0.00032580178,0.0019204514,0.02165777,0.00222392,-0.0007004831,0.006341352,0.04304782,0.01967223,0.0018088762,-0.028260332,-0.00689405,0.0062638326,0.00015608035,0.01027072,-0.0006783288,0.0130612105,-0.0010751523,0.019813795,0.011126965,0.0034335246,-0.010438882,0.0071436414,-0.0052549634,0.014371989,0.0012363223,-0.017293429,0.0056530233,0.031079244,0.005503279,0.0098768985,0.008564379,0.0021409653,0.0020482577,-0.02366687,0.0016506612,-0.013433302,-0.010382572,0.009296882,0.0068848534,-0.008051097,-0.0069199502,-0.018763714,-0.0025372142
-0.026055988,0.008253481,0.0032655103,0.006515624,0.025557121,0.010347658,0.008544933,-0.0033473698,-0.01657843,-0.0051962044,0.006821537,-0.013806002,-0.01868012,-0.010403782,-0.0010431409,-0.009757832,0.00035840273,-0.035605885,-0.002594851,0.01079864,0.016637798,0.004371482,-0.008097526,-0.0047733914,0.014676124,-0.017047403,-0.019259939,-0.0072504133,0.023426784,-0.0066981204,-0.044643577,-0.0043127537,-0.008341497,0.018829044,-0.018341735,0.05745765,-0.02314154,-0.005960051,0.012179646,-0.0008589085,-0.019721255,-0.0047973674,-0.0071068853,0.03842661,0.0003921762,0.0014990754,0.00085002463,-0.010316629,-0.017615002,0.015878247,-0.01162268,0.0007086471,0.026824385,-0.040306497,-0.012838552,-0.0012665549,0.0069977324,-0.009983614,-0.0021083653,0.00841708,-0.009746363,-0.0119183995,-0.010466365,-0.023688044,0.011881109,0.0051063676,-0.0050948206,-0.011531899,-0.0045924205,-0.032251768,-0.014381928,0.007368587,0.0006216001,-0.026571754,0.028403204,-0.014130469,-0.022900444,0.0123552475,-0.0021370687,-0.017935505,-0.026117265,0.008060832,0.009890193,-0.017899856,-0.017020376,0.03034878,0.018104304,0.0058505847,0.0046382886,-0.01650275,-0.012268238,-0.0030020513,-0.011267375,-0.040773734,-0.0026811492,0.02189691,0.019636175,0.019859854,-0.0065769088,-0.013833854,0.0031512743,-0.008663813,0.013752405,-0.02341748,0.021847207,-0.005001707,0.01954485,-0.007875238,0.00513971,-0.019556705,0.0103772525,-0.00074067526,-0.0022667767,-0.011524493,-0.015050989,0.0060160477,-0.011102755,-0.016678846,0.0033653602,0.00011449773,0.0018968815,0.012522153,0.018269539,-0.00053423084,-0.025191467,-0.023181953,-0.047297884,0.0147548225,-0.020272356,-0.0029816339,0.012870701,0.006767019,-0.002845684,-0.009510048,0.0023433995,-0.0045446567,-0.013214251,-0.0064657703,-0.02399503,-0.02304884,-0.0067868363,-0.02453801,-0.0060189795
0.04920196,0.008680975,0.020124197,0.014439183,0.022571728,0.018320242,0.021890372,0.023526847,0.0067100525,0.048555583,0.020926975,0.0062882556,0.035178684,0.029240534,0.04165139,0.051515117,0.008410009,0.012293702,0.03723693,0.044147264,-0.0030387929,0.01422881,0.025983926,0.01878465,0.00016282126,0.024230428,0.047291674,0.006654192,0.022090953,0.035258256,0.060202435,0.022121357,0.033800174,0.022506122,0.017570544,0.026790546,0.010226906,0.014235921,0.031304743,0.012681777,0.05475822,0.013549671,0.015114218,0.0183812,0.007344953,0.044113375,0.023561457,-0.0015435433,0.043443967,0.026796553,0.02830323,0.01276469,0.050244708,0.032300554,0.04477147,0.021564249,0.0074263727,0.020060353,0.01576478,0.04992847,-0.010643439,0.040052928,0.02486203,0.02150457,0.024457552,0.0062438794,0.03392996,0.05178515,0.0033970857,0.021474004,0.011508383,0.054348994,0.03932731,0.027385194,0.031672888,-0.00015900377,0.058386303,0.02475918,0.026830826,0.027858144,0.033528164,0.010199395,0.04696707,0.036065858,0.02247126,0.021366794,0.039321806,0.02124931,0.008228492,0.013337284,0.02109171,0.0061081927,0.00022695214,0.03230404,0.02320822,0.04055185,-0.0017508455,-0.004777007,0.036285013,0.036439113,0.027532319,0.054637417,0.0014056945,0.008963816,0.020649457,0.021343093,0.005064788,0.014708082,0.0048300833,0.036749404,0.003202132,0.019129775,0.01111747,0.013508266,0.042666808,0.008423591,0.03892467,0.0088213775,0.051447853,0.02855692,-0.0030680224,0.007238261,0.014776746,0.037052948,0.038982835,0.03126553,0.04230867,0.040254313,0.036100514,0.005730035,0.0072624814,0.04122278,0.033152323,0.027905455,0.038440302,0.02193491,0.032518886,0.016473588,0.027398368,0.023412,0.020125823,0.017234486,-0.001866579
-0.004879875,0.0030048108,0.008081883,-0.00012200605,0.0034947488,0.0022071898,-0.004525069,0.0054371897,-0.0044333767,0.038500857,0.031085527,-0.012782324,-0.0018236637,0.008237664,0.028271608,-0.014281521,-0.0075635854,-0.0004549306,0.019254275,-0.005239198,0.030853631,0.004060431,0.01428959,0.010691585,0.012273581,-0.025934163,0.016473375,0.0060421536,-0.0010043923,0.014985621,-0.014583085,0.010229365,-0.019904375,-0.011980504,-0.009125557,0.007336802,-0.0039284835,0.02553289,-0.027591143,-0.004484946,0.022788785,-0.0092304535,0.01969136,0.005454275,-0.0064555854,0.018282067,0.007047124,-0.0043792166,0.04397446,0.0024709767,0.021247108,0.009700017,0.00010583922,-0.014193984,-0.0075363964,0.0021250527,0.021797433,-0.030018486,0.007881171,-0.027087089,-0.02303785,-0.007156521,0.0020088954,0.006011728,0.0055472413,0.0014026752,0.01200504,0.00904069,0.0070758644,-0.007866472,-0.00565657,-0.010788651,-0.0052020587,-0.0038765995,0.0048982142,0.002298832,0.00034090318,0.0120758945,-0.0009369133,0.0075604334,-0.013198925,-0.011095684,0.011470758,0.008692402,-0.018692505,0.015591985,-0.0017211223,0.012738447,0.0053311996,0.020508302,-0.0004670499,0.0015718248,-0.038337715,-0.017782342,0.023786824,-0.014623221,0.009200009,0.0061265873,-0.015896253,0.0024679461,-0.030443251,-0.0065888073,0.008282093,-0.041062668,0.029685937,0.0030959183,0.0045416625,-0.011722343,0.0067597395,0.008223956,0.0059174886,-0.0012896108,-0.03976386,0.00148213,0.012918475,-0.022343911,-0.021291472,0.019643102,0.031733844,-0.023574293,0.007180422,0.009804731,0.044968426,0.006239611,-0.016928872,-0.016385533,-0.018480461,0.010113738,-0.00019396842,-0.006390393,0.004731258,0.028644795,0.019096278,0.0027658446,-0.00529298,0.0017848471,-0.011955719,-0.014700362,-0.024467409,-0.0062931776,0.0023814999,-0.025203649,-0.009089945
-0.020305425,-0.0008883402,0.025395062,0.025218483,-0.005399585,0.0123481825,0.00782783,0.003818064,0.006792503,0.0024792384,-0.0048931576,-0.006830374,0.007778713,-0.022777706,0.0052546314,0.0025313068,-0.011688346,-0.0062211305,-0.0133133475,0.0016399333,0.01822849,-0.012562662,0.02615175,0.0048614205,-0.0016457867,-0.015041344,0.0019790176,-0.03099285,-0.010742037,0.0011398932,-0.006605206,0.005047128,-0.021354996,-0.00038632378,0.0008707596,0.0034487443,-0.024369314,-0.020475447,0.009451028,0.0016308296,-0.0003843438,-0.010533823,0.00759444,0.021943694,0.0023299279,0.014538475,0.0013740603,-0.0032318607,0.012782432,-0.0011634631,0.01135331,0.0076516615,0.0019173846,0.002765473,0.018663289,-0.0072604753,-0.020583015,-0.019801587,-0.021766663,-0.0019646995,-0.00815169,0.0014049402,0.0064806193,-0.00269055,-0.0020406414,0.00027636997,0.00045777485,-0.011049727,0.0053985943,0.00028053857,0.008674098,0.04796543,-0.010012936,0.0010790909,-0.013363181,0.046198517,0.023128875,0.003345522,0.027820423,0.0013171509,-0.0015185932,-0.014472391,0.006462964,0.016194368,-0.0031197984,-0.005306011,-0.008308249,-0.010193868,-0.0025416957,0.0016826196,-0.016591042,-0.006501604,-0.011329643,-0.0009495979,0.024818787,-0.023151547,0.0053645596,0.0067358995,0.015483707,0.004987987,-0.017802577,-0.021402322,-0.00853572,-0.025068272,0.02417055,-0.010241566,0.003935946,-0.023330372,0.007947747,-0.02045155,0.007366702,0.002154191,-0.012467783,-0.017708752,0.017873857,-0.020311993,-0.0201504,0.003916096,-0.012059012,-0.008636026,0.038449146,-0.0111125875,0.0009865183,-0.008209627,-0.0020250715,0.001805325,0.002081938,0.001220569,-0.013222668,-0.020212565,-0.0038348194,0.014728232,0.047662254,0.00046364777,-0.012951644,0.039283853,-0.01938734,-0.025712725,-0.01106159,-0.0049477145,-0.0029247757,0.01684745,-0.009190485
