[ 11.13941  -11.326102],[-3.5288465  3.8609436],[-9.193961  9.62965 ],[-0.21453598  0.35292023],[-11.238371  11.813126],[ 10.019639 -10.418316],[-8.986576  9.81084 ],[ 4.9989433 -5.1080093],[-2.2679343  2.7460406],[ 5.898105  -6.3374834],[ 13.043843 -13.780826],[ 13.312517 -13.597976],[ 8.762387  -8.9605875],[-17.322182  18.559399],[ 14.290834 -14.181184],[ 2.1324456 -1.9152447],[ 2.342632  -2.2701151],[-13.125844  13.955215],[ 4.355712 -4.22496 ],[ 6.0955048 -6.084586 ],[-3.0490546  3.3228047],[ 17.371206 -17.787039],[ 15.829465 -16.287436],[ 7.284384 -7.55872 ],[-0.75998366  0.766412  ],[ 6.0509033 -6.6330285],[ 4.0428224 -4.024971 ],[ 19.67446  -20.234512],[ 8.293222 -8.734207],[ 5.7991242 -5.763004 ],[ 16.798128 -17.078188],[-0.09849123  0.09210746],[-12.234389  13.455137],[ 9.755681 -9.720341],[ 19.925852 -20.646093],[ 15.907864 -16.854557],[ 2.993838  -3.0774152],[ 0.6121967  -0.50916475],[ 11.674111 -11.605268],[-2.6743076  2.654932 ],[ 13.42887 -13.79079],[ 2.8016555 -3.1795464],[ 10.348687 -10.79741 ],[ 13.395882 -13.780484],[ 7.825105 -7.908538],[-1.9801407  2.4316063],[-2.257907   2.6694615],[-3.3379781  3.9903765],[0.18596457 0.11023182],[ 7.613529 -8.212789],[-2.1699889  2.2971358],[ 3.4203112 -3.8275917],[ 4.1312947 -4.0032086],[ 9.559139 -9.802146],[ 3.4871547 -3.7955391],[-2.7812703  3.0659258],[ 14.0333395 -14.674287 ],[-4.0538907  4.335242 ],[ 11.236925 -11.485943],[ 5.163158 -5.181535],[ 4.7042785 -5.0657763],[ 0.85751283 -0.80681336],[-12.159482  12.784983],[-2.9755435  3.115651 ],[ 5.7061033 -5.7248263],[-0.6756847   0.85854495],[-1.2730302  1.3576725],[ 1.3940382 -1.1275259],[ 2.8924518 -2.8737628],[-1.616347   1.8948472],[ 8.95343  -9.124178],[ 0.27474523 -0.17136991],[-2.116196   2.1392562],[-7.721639  8.135203],[ 12.24192  -12.783987],[ 14.838812 -15.391768],[-2.4659498  2.8108265],[ 4.7096767 -4.6019025],[ 8.067716 -8.083746],[ 0.773321  -0.3977632],[ 1.2274338 -0.8623231],[ 3.7316902 -4.0285134],[-1.9311645  1.830869 ],[ 2.4364188 -2.4792979],[ 2.575757 -2.409138],[ 5.864489  -5.8523355],[ 4.511023 -5.18637 ],[-7.306352  7.524959],[-0.62595326  1.0573771 ],[ 13.306294 -13.41045 ],[ 10.093637 -10.318178],[ 17.204988 -17.739061],[-0.64899236  0.8997419 ],[ 14.104753 -14.246639],[ 17.411644 -17.47066 ],[ 11.532663 -11.903097],[ 9.576615 -9.797641],[ 10.069807 -10.353158],[-0.09606025  0.27826822],[-15.1071    16.151325],[-6.9618106  7.605687 ],[ 9.517534 -9.282861],[-1.2807215  1.4270766],[ 12.255838 -12.646711],[ 15.403092 -15.919372],[ 1.3523548 -1.2576035],[ 0.8747563 -0.6824149],[ 13.336025 -13.400619],[ 16.462309 -16.986212],[ 1.9876071 -2.0207074],[-7.161835   7.3210793],[ 20.59237  -21.340794],[ 3.6739988 -3.4682043],[ 2.4339237 -2.5231218],[ 5.3863325 -5.1755185],[ 14.475678 -15.323324],[-2.883166   2.9630752],[-3.4230072  3.8423214],[ 0.48649302 -0.2853049 ],[ 5.5117   -5.728222],[ 12.350109 -13.05491 ],[-10.087547  10.650578],[-10.894735  11.541079],[ 1.0547514  -0.79997426],[-1.3334156  1.4455057],[ 5.410634 -5.749831],[ 4.86068  -4.519262],[ 5.823408  -5.6269836],[ 2.9037263 -2.926779 ],[ 2.7703447 -2.98228  ],[ 7.1021633 -7.436678 ],[ 3.630811 -4.233895],[ 2.3822575 -2.3203576],[  9.958018 -10.374601],[ 10.906612 -11.780172],[ 9.797135 -9.646568],[-9.389967 10.013581],[-10.627344  11.325335],[ 4.2422233 -3.885682 ],[ 5.789207  -5.7038383],[ 8.0398855 -8.688385 ],[10.189793 -9.987735],[ 1.3822677 -1.6524479]
[ 11.726112 -12.492721],[-0.19643423  0.21518402],[ 4.4029846 -4.440036 ],[ 10.689301 -11.215925],[ 9.283164 -9.596157],[ 13.584479 -14.399332],[ 4.349649  -4.5950966],[ 14.028743 -14.330351],[ 10.544589 -11.211837],[-1.579829  1.619643],[ 13.926445  -15.1831045],[ 10.611471 -11.749593],[ 12.460661 -13.367027],[-3.140069  3.281955],[ 16.082373 -17.092335],[ 19.538336 -20.343761],[ 6.2008257 -6.6685996],[-3.7916865  4.479289 ],[ 0.724564   -0.79093355],[ 18.12928  -18.822454],[-7.695586  8.025449],[ 12.324514 -13.373692],[-1.4253525  1.9105989],[-6.584452   6.7419853],[ 10.68161  -11.114601],[ 4.2820444 -5.179683 ],[ 14.983333 -15.795404],[ 0.8335412  -0.97680694],[ 17.974058 -18.802423],[ 8.571168 -8.725386],[ 1.6005089 -1.6794271],[ 0.5522975  -0.80217755],[ 0.4237524  -0.44861895],[-3.9105275  4.1240025],[ 11.136244 -12.183512],[ 12.255756 -13.414221],[ 13.947922 -15.204525],[ 3.1927662 -3.5075336],[ 18.12214  -19.262808],[ 1.2420964 -1.7881333],[ 19.230059 -20.239511],[ 15.553756 -16.589518],[ 3.2175508 -3.4269762],[-6.245953   6.6923947],[-10.707995  11.626052],[-1.9241093  2.3686435],[-15.905829  17.002008],[ 21.726194 -23.076416],[ 8.535093 -8.668192],[ 15.645498 -16.790226],[ 17.520042 -18.38356 ],[-0.11528315 -0.03965436],[ 8.375368  -9.6227255],[ 14.099819 -15.162069],[ 10.727891 -11.913482],[ 2.138808  -2.1677961],[-4.3334723  4.5649576],[ 10.769636 -11.329205],[ 1.6676167 -1.4904572],[ 20.371107 -21.252823],[ 6.881329  -7.2809305],[ 14.650161 -15.758549],[ 5.7342033 -6.4725823],[ 5.6525664 -6.3844085],[ 11.800575 -12.746127],[ 14.543501 -15.981155],[ 2.9944139 -3.1683533],[ 8.792994 -9.432714],[-16.045067  17.184376],[ 14.209851 -15.092924],[-2.3499863  2.3234205],[ 7.5532293 -7.8118486],[ 1.9047852 -2.2379525],[ 2.8753119 -3.0223262],[ 4.333076  -4.8852243],[ 10.56936  -11.588234],[ 5.89845   -6.0586433],[ 16.675013 -17.139044],[ 20.563587 -21.622934],[-3.0679557  3.2483032],[ 8.889627 -9.313487],[-1.6072035  1.6070974],[-1.4920543  1.5443783],[ 10.577978 -11.471327],[-0.26761645  0.31858158],[ 19.637064 -20.626143],[-9.105331  9.668211],[ 0.91706187 -1.2396967 ],[ 4.967208  -5.2500796],[ 17.427826 -18.393358],[ 18.54704  -19.368637],[ 7.735671 -8.931372],[ 0.7243358 -0.8858989],[ 15.344136 -16.239006],[ 10.0841675 -10.6779995],[ 15.86345  -16.755882],[ 8.252001 -8.450744],[ 8.030761 -8.357065],[-8.164765  8.493617],[-6.9530926  7.246937 ],[-15.075369  16.082169],[ 17.425621 -18.461893],[-2.6368895  2.7755342],[ 3.2353268 -3.5159073],[ 17.119    -18.044397],[ 1.6801946 -1.8929546],[ 17.967764 -18.9312  ],[ 2.3434134 -2.628976 ],[-1.1877267  1.1560098],[ 16.649252 -18.006592],[-9.802306  10.8540535],[-4.2149158  4.9300475],[ 3.333628  -3.7112598],[ 5.1330147 -5.6625023],[-1.1187365  1.3622545],[ 11.49433  -12.654547],[ 10.087477 -10.43904 ],[ 0.7298455 -0.91836  ],[ 17.274784 -17.74917 ],[ 17.031181 -18.14067 ],[  9.194534  -10.2689295],[ 8.60322  -9.345766],[ 15.03363  -15.414513],[-6.796259   7.4313188],[ 4.0167923 -4.2767115],[ 17.06665 -18.50251],[ 10.117372 -10.700322],[ 22.292223 -23.435751],[-2.970965   3.2913423],[ 1.565706  -1.9112569],[ 0.79625046 -0.7958296 ],[-7.8254457  8.407603 ],[ 16.868736 -17.447695],[-16.68511   17.763931],[ 5.498074  -6.0635667],[ 15.471214 -15.9951  ],[ 21.455751 -22.668196],[ 8.7991295 -9.153297 ],[ 12.223173 -12.648995],[ 12.152519 -12.969989],[ 11.295386 -11.892925],[ 20.727058 -21.596712],[ 14.3868685 -15.222259 ]
[ 4.525203 -4.742375],[ 2.7328403 -3.2137475],[ 17.01688  -17.927824],[ 5.063817  -5.1711397],[ 10.940548 -11.181863],[ 6.8685255 -7.5295305],[-5.4155374  5.9227147],[-3.0545843  3.5987759],[ 11.265756 -11.974087],[ 3.9221525 -3.9561033],[ 8.091935 -8.990555],[-9.725085 10.321101],[ 14.09417 -14.87139],[ 11.464063 -12.306421],[-6.0426426  6.4921346],[-5.4455895  5.94281  ],[ 5.0654383 -5.346084 ],[-8.132193  8.862872],[-11.337806  12.007676],[ 17.324223 -18.270418],[ 4.1324205 -4.1491013],[ 3.2280047 -3.9503922],[-9.845178 10.421735],[ 19.885784 -20.86747 ],[ 0.67453504 -0.7808224 ],[-10.620546  11.695282],[ 5.083435  -5.6331415],[-7.6760626  7.9799495],[ 5.7028737 -6.0042377],[-3.3842876  3.3871002],[ 3.0856206 -2.9087496],[-8.764187  9.334596],[ 6.3028483 -6.835671 ],[-0.73922557  0.6872866 ],[  9.8402195 -10.635424 ],[ 2.2110715 -2.2403626],[ 2.5745652 -2.8904362],[-0.62889725  0.83409005],[ 13.049056 -13.994196],[ 3.1052704 -3.7790933],[-14.243265  15.001406],[-1.0420412  1.0510765],[ 0.7696962 -0.9665541],[-1.2461379  1.1690097],[ 3.510715  -3.5491333],[ 1.7748524 -1.8114552],[-10.92449   11.933696],[-17.318    18.16965],[ 11.951045 -12.356693],[ 0.27620113 -0.01836079],[-10.309111  11.20702 ],[ 3.4568381 -3.9142394],[ 11.247222 -12.475066],[-8.159142  8.840272],[ 0.6757181  -0.91967815],[ 5.574063  -6.0831385],[-2.4732265  2.6738153],[ 0.35169247 -0.14346454],[-4.3857746  4.515307 ],[ 8.189122 -8.359389],[ 12.313305 -12.947801],[ 5.9963503 -6.273055 ],[ 13.16001  -13.944955],[ 2.151431 -2.193833],[ 4.139515  -4.3401985],[-1.2152367  1.3738354],[  9.59847  -10.707539],[ 12.2943945 -12.557125 ],[0.08275665 0.16884178],[ 4.272275  -4.3408527],[ 3.2899208 -3.1679535],[ 15.816999 -16.470963],[-1.7113537  1.7666082],[-4.836778  5.141411],[ 7.6550817 -8.289638 ],[-3.333871   3.2691538],[ 1.3517675 -1.3877344],[ 13.875991 -14.416406],[ 5.0968924 -5.198874 ],[ 1.1283965 -1.2710099],[-3.0578063  3.3958168],[-0.8385562  1.3809884],[ 2.4246945 -2.402766 ],[-5.5725794  5.6519012],[0.07777907 0.1454764 ],[ 13.517214 -14.220054],[-5.5925994  6.116293 ],[-8.761828  9.2348  ],[ 0.27188978 -0.27405614],[-5.6777797  6.1437297],[ 7.4489374 -7.9908705],[-2.6166122  2.5133808],[-7.5627246  8.051572 ],[-10.607106  11.386346],[ 9.1543255 -9.62652  ],[ 4.4559426 -4.9219885],[ 1.7450384 -1.8907583],[ 1.9203643 -2.1219406],[ 1.7823653 -1.5983105],[ 1.5397404 -2.1673176],[-4.6530905  5.035425 ],[ 0.34210536 -0.36206383],[ 6.2870727 -6.241927 ],[-7.6936054  7.7969127],[ 15.608148 -16.28801 ],[ 0.6409072  -0.43268633],[ 15.004313 -15.693524],[ 5.3691936 -5.903939 ],[-3.0516765  2.984945 ],[ 0.0396862  -0.11881959],[-3.7919726  3.7607968],[-15.854172  16.541449],[ 11.328728 -11.728199],[-1.0928043  1.0418831],[-15.332777  16.114983],[  9.847484  -10.8477955],[ 4.0839705 -4.18783  ],[-2.251161   2.7849357],[ 19.134308 -20.074831],[ 1.6468232 -1.7634157],[-13.247606  13.818091],[ 5.4076285 -5.390742 ],[-0.18882385  0.19467877],[ 9.097169 -9.316362],[-5.375661  5.603712],[-10.8219185  11.575131 ],[ 4.493546  -4.3680525],[-10.156332  11.008626],[ 3.736082  -3.5742776],[-4.960929   5.3649178],[-0.49481958  0.5706704 ],[-1.644307   1.4534461],[ 10.857271 -11.629994],[ 17.185652 -17.538498],[ 5.6557465 -6.443959 ],[ 16.609415 -17.645067],[ 8.472547 -9.652315],[ 4.6320643 -4.756524 ],[ 6.440661  -6.8066354],[-4.227534   4.8025594],[-4.4331713  4.4745703],[-0.18007311  0.38483995],[ 0.24349704 -0.29379523]
[ 2.429303  -2.5839732],[-2.316287   2.0453362],[-12.257338   12.9100685],[-3.0694592  3.1699643],[ 1.4594065 -1.8922493],[-14.48412   15.200605],[-3.76615    3.6259713],[ 8.27776  -8.361734],[-0.3316411   0.33648795],[ 3.660711  -3.9090002],[ 3.462696  -3.7561169],[-11.613648  12.401318],[-3.6306233  3.954741 ],[-16.53194   17.403841],[-2.6404083  2.9440658],[ 4.4740543 -4.723149 ],[ 0.07599985 -0.11383513],[-5.151004  5.575323],[-3.8674512  4.0437965],[-1.1081766  1.4273382],[-1.4174268  1.3686268],[ 1.0299332 -1.0744195],[-13.040716  13.975277],[-13.06396  13.50271],[ 0.24801877 -0.36833066],[-17.775547  18.715149],[-10.122282  10.460267],[-17.429155  18.52476 ],[ 4.169938 -4.403962],[ 10.249075 -10.404866],[ 3.7829926 -4.4694805],[-4.2696266  4.5552473],[-6.3478775  6.6132803],[-2.0250952  2.0711267],[-4.050138  3.851968],[-3.2172616  3.1454577],[-17.299126  18.335   ],[-13.530155  14.455841],[-3.3714554  3.0181875],[-1.0595757   0.96717256],[ 2.001183 -2.120579],[-12.590525  13.445603],[-12.632293  13.396499],[ 11.365357 -12.106792],[ 3.6044047 -4.087824 ],[ 1.5438108 -1.5929339],[ 6.8542595 -7.0454216],[ 0.5863263  -0.63539934],[ 0.75360507 -0.7762589 ],[-12.253725  12.723875],[-11.488975  12.075489],[ 8.649833  -9.9037695],[-10.560058  10.92082 ],[ 2.7077339 -2.9725876],[-4.682531  4.698609],[-2.9085598  3.2390363],[-0.4409098   0.56254435],[ 4.8675723 -5.2775927],[-12.807357  13.57921 ],[ 5.090681 -5.324647],[-0.5981874  0.6129841],[-1.5039828  1.4520193],[-14.9037075  15.925627 ],[-0.48047853  0.7008112 ],[ 5.819334 -6.192523],[-16.162783  17.003933],[ 7.0570774 -7.6462593],[-4.624666   4.8331695],[-3.6667366  4.2207823],[-7.1280365  7.3488703],[-2.304641   2.5046053],[-9.174528  9.670262],[ 5.5472445 -6.202853 ],[ 2.8663213 -3.3502116],[-6.646826   7.0144053],[-4.3057303  4.3649974],[-7.409207  7.634208],[ 8.847321 -9.537364],[-3.2653453  3.3733323],[-1.3585641  1.370354 ],[-3.4300323  3.6626587],[-3.0350785  3.0388498],[-1.156239   0.9605096],[ 1.1546824 -1.0567629],[ 2.8117092 -2.9713857],[-5.9133964  6.109314 ],[-5.6721463  6.0051913],[ 0.7935315 -1.0662856],[-10.07385  10.72064],[-1.9426126  2.265768 ],[ 8.596762 -9.152908],[ 3.6188061 -4.035125 ],[ 10.949245 -11.711537],[-10.455949  11.076418],[ 1.9590211 -1.8716601],[ 0.57573897 -0.61448544],[ 6.5399084 -7.499957 ],[ 6.1758027 -7.142127 ],[ 10.782967 -11.349291],[-13.784349  14.629553],[-2.7662055  2.775193 ],[-2.3592649  2.392994 ],[ 4.0339446 -4.296699 ],[ 13.384347 -13.985351],[ 3.7415514 -4.0163813],[ 5.8160644 -5.9800606],[-13.604038  14.463382],[ 1.130571  -1.1619512],[ 9.095875 -9.543016],[-0.70840824  0.6974934 ],[-8.176042  9.079321],[ 4.6633916 -4.8316007],[-12.212243  12.900315],[ 5.6075835 -6.433499 ],[ 8.501676 -8.969852],[ 8.611318 -9.477983],[ 2.4763012 -2.462015 ],[-1.003072   1.2589687],[-10.569434  11.099142],[-7.0727396  7.037265 ],[-14.121873  15.006774],[-5.331005   5.6136622],[ 6.8199162 -6.814413 ],[ 0.23115712 -0.18126078],[ 18.24351 -19.00788],[-4.4320397  4.539715 ],[-4.8232627  5.165117 ],[-2.6781878  2.868447 ],[ 5.1820745 -5.520635 ],[-13.574401   14.3080015],[ 2.3350754 -2.5762103],[-9.444277 10.084756],[-6.7606688  7.0350327],[ 4.092542  -4.4259024],[ 5.2449317 -6.088795 ],[-13.32413   13.990968],[-10.526828  10.712328],[ 13.904914 -14.553413],[-4.0118976  4.1469946],[-7.1247916  7.5007653],[ 1.3257462 -1.3797067],[-0.42257637  0.51211005],[-3.7306976  4.0968003]
[ 10.0294485 -10.362786 ],[ 10.081744 -11.014022],[ 2.16528   -2.4425242],[ 13.454233 -13.971943],[ 12.998532 -13.53114 ],[ 7.4711795 -8.176868 ],[-6.408364   6.7547092],[ 18.630205 -19.108849],[ 6.5257053 -6.6863256],[-0.3754709   0.56712085],[-3.0123458  2.7726448],[-2.4587314  2.9406214],[ 4.573032  -4.7764826],[-0.41933006  0.43436825],[ 15.180121 -15.757826],[ 19.680336 -20.266045],[ 11.852104 -11.997654],[ 16.137423 -16.55596 ],[ 2.220698  -2.0369186],[ 6.6024666 -6.8061485],[-0.4961977  0.7897617],[-0.986391  0.916114],[ 4.2097516 -4.1183095],[ 1.1890839 -1.5982556],[ 13.944689 -14.449867],[-8.439062  8.80959 ],[ 7.83485  -8.043384],[ 4.1063    -3.8498065],[-1.5281647  1.8493314],[ 3.1859884 -3.1279955],[-4.440877   4.5535083],[ 19.126856 -19.743063],[ 8.554425 -9.097102],[ 1.7124246 -1.4920174],[  9.902061 -10.100334],[-1.1519299  1.2661306],[ 11.791827 -12.039311],[ 17.960777 -18.33391 ],[-7.5311265  7.73331  ],[ 0.18225415 -0.18843335],[ 9.579185 -9.759693],[-3.4425027  3.298044 ],[ 1.8306283 -1.5250813],[ 7.4537826 -7.61712  ],[ 7.730862  -7.7508006],[ 1.2926048 -1.088536 ],[ 16.623451 -17.431026],[ 17.564966 -17.95221 ],[-13.517183  14.316474],[ 13.573778 -13.883374],[ 18.877668 -19.405718],[-6.346618   6.5873904],[ 4.094946  -4.7172275],[ 10.634488 -11.024946],[ 16.955378 -17.412193],[  9.7193165 -10.120543 ],[ 1.8147477 -1.7328941],[ 17.85292  -18.457659],[ 2.127882  -2.0401053],[-1.54454    1.7644273],[ 4.482878  -4.8939786],[ 13.727453 -14.114014],[ 6.0309515 -6.271458 ],[  9.863262  -10.1445875],[ 9.147192 -9.777998],[ 10.852634 -10.807644],[-1.7140555  1.6450819],[ 6.609746  -6.5345163],[-2.7033155  3.1388602],[ 17.686686 -18.52595 ],[ 7.082438  -7.2984724],[ 2.4461763 -2.1298888],[ 1.5072923 -1.6709857],[-1.6116824  1.6928308],[ 2.9026806 -2.9121933],[ 8.558524 -9.131902],[ 20.74307  -21.701948],[ 12.566553 -13.35142 ],[ 6.691912  -6.9727073],[ 19.33995  -20.095629],[ 6.1386786 -6.3412595],[-1.5083402  1.8669027],[ 6.8108125 -7.442031 ],[  9.899196 -10.362102],[ 13.270588 -13.608311],[ 6.472071  -7.0300384],[0.31895193 0.01724393],[ 1.9271753 -2.0246918],[ 10.564112 -10.900198],[ 10.492671 -11.077593],[ 7.743366 -8.075899],[ 7.285611  -7.7891445],[ 10.87266  -11.039882],[ 12.312625 -12.694246],[ 12.687154  -13.3252535],[ 0.913378   -0.77598697],[ 5.0497932 -5.477425 ],[ 4.6272297 -4.976668 ],[ 3.2347    -3.0802135],[-0.16173849  0.3548236 ],[ 7.798011 -7.831868],[ 7.3561907 -7.6202145],[ 12.694144 -12.870582],[ 7.5623364 -7.5426283],[-2.712916  2.939926],[ 6.023746 -6.039092],[ 11.564208 -11.780798],[ 2.310676  -2.2006426],[ 5.815273  -6.2011147],[ 4.9555225 -5.597045 ],[-0.0331694  0.2153645],[ 5.460438 -5.484592],[ 16.89312  -17.450573],[ 10.30602  -10.290667],[ 14.381357 -14.646687],[-0.530336  0.380036],[ 2.0689824 -2.0249658],[-0.71512485  1.0589708 ],[ 1.6157357 -1.6489754],[ 10.385902 -11.216859],[ 9.477418 -9.691189],[-1.5739753  1.709934 ],[-2.9402816  2.9985638],[ 12.142163 -12.467937],[ 11.8401575 -11.986719 ],[ 16.896992 -17.5866  ],[ 11.903391 -12.32854 ],[ 0.9860065 -0.6541454],[ 2.578341  -2.2255461],[ 3.9908886 -4.1756   ],[-12.003332  12.765384],[ 1.7488979 -1.3127121],[ 3.4130325 -3.4232783],[ 4.609574 -4.777674],[-0.39195362  0.42598408],[ 1.622972  -1.3222648],[ 12.836121 -13.336686],[ 6.194507 -6.318353],[ 4.3385057 -4.4454145],[ 18.40438  -18.964893],[ 16.993513 -17.489119],[ 10.964481 -11.533599],[ 5.0715523 -5.194823 ]
[ 16.882437 -18.108303],[ 5.1285195 -6.267137 ],[ 23.079765 -24.257204],[ 21.66661  -22.829649],[ 16.953934 -17.84873 ],[ 12.823278 -13.422596],[ 13.1235285 -14.320579 ],[ 13.467469 -14.593497],[ 17.238611 -18.143986],[ 18.488224 -19.2802  ],[  9.164193 -10.513831],[ 20.97273 -22.13239],[ 18.881493 -19.68054 ],[-3.2836676  3.0680444],[ 20.291147 -21.605904],[ 18.498602 -19.744675],[ 15.944204 -16.879517],[ 20.543644 -21.321602],[ 21.832855 -22.739023],[ 17.294165 -18.277256],[ 20.918451 -21.835176],[ 7.2990003 -8.71462  ],[ 19.163767 -19.858444],[ 0.9534473 -1.0949336],[ 20.12998 -21.18972],[ 14.121929 -14.511905],[ 18.899899 -19.747517],[ 21.392012 -22.200016],[ 2.5832863 -2.9579177],[ 18.512188 -19.341553],[ 20.485842 -21.546585],[ 20.817772 -21.822584],[ 14.713827 -14.934411],[ 20.55577  -21.436363],[ 15.161848 -16.555834],[ 3.612808 -4.15016 ],[ 11.608556 -12.374653],[ 12.305193 -12.833954],[ 11.494898 -12.343678],[ 0.7423831 -1.112793 ],[ 19.753212 -20.952227],[ 15.248301 -16.071722],[ 11.165343 -11.632743],[ 16.289639 -17.468449],[ 20.749893 -21.627083],[ 20.612738 -21.51414 ],[ 18.937595 -19.646544],[ 17.66587 -19.0475 ],[ 20.91986  -21.748508],[ 8.333627 -9.184346],[ 18.871025 -19.98953 ],[ 12.928664 -14.270672],[ 14.897073 -16.707067],[ 19.109032 -20.179823],[ 15.241809 -16.008604],[ 7.8474607 -8.529364 ],[ 2.7188673 -2.7281168],[ 17.071075 -18.209452],[ 20.316294 -21.256567],[ 1.2624601 -1.4536765],[ 15.609499 -16.593561],[ 20.057608 -21.085001],[ 15.038938 -15.488418],[ 19.574444 -20.418085],[ 16.027216 -17.066578],[ 15.045657 -15.690505],[ 17.524815 -18.070574],[ 20.184872 -21.119045],[ 16.823002 -17.707739],[ 20.730034 -21.957533],[ 19.814888 -20.602606],[ 21.014507 -21.88286 ],[ 10.187591 -10.938354],[ 8.087041 -8.653231],[ 6.041656 -6.671257],[ 14.125421 -15.223784],[ 17.653852 -18.894625],[ 14.170319 -15.688467],[ 19.6083  -20.59958],[ 18.380838 -19.388374],[ 19.708673 -20.758549],[ 3.848122  -3.9560685],[ 14.43236  -15.278223],[ 21.054453 -22.088034],[ 16.032848 -16.94933 ],[-6.690456  6.949644],[ 4.4345927 -4.6595035],[  9.40462  -10.285048],[ 21.622417 -22.643532],[ 14.732525 -15.502486],[ 8.152919 -9.14261 ],[ 11.17591  -12.268165],[ 17.74219  -18.869366],[ 5.575554  -6.1516795],[ 19.681189 -20.483017],[-0.57157964  0.36201793],[ 12.665281 -13.843395],[ 12.125351 -13.320606],[ 21.064833 -21.943588],[  9.990101 -10.638882],[ 15.16326  -15.597593],[ 13.949702 -15.27551 ],[ 13.98441  -14.825097],[ 18.463121 -19.507704],[-9.182339  9.571473],[ 17.639261 -18.32722 ],[ 20.784988 -21.646002],[ 11.56674 -12.21314],[ 17.843235 -18.804848],[ 6.8389115 -7.7976804],[ 21.127337 -22.161541],[ 21.070704 -22.118105],[ 13.445529 -14.272316],[ 9.141263 -9.680852],[ 20.080229 -21.211542],[ 1.3645324 -1.7893038],[ 17.31673  -18.102802],[-4.8638477  4.7547417],[ 14.60564  -15.454299],[ 12.124106 -13.05701 ],[ 18.844662 -19.905308],[ 20.389706 -21.2286  ],[ 19.832952 -20.73124 ],[ 20.625772 -21.487324],[ 9.257841 -9.820364],[ 21.139606 -22.294233],[ 19.300611 -20.346476],[ 16.599157 -17.676912],[ 19.591492 -20.343847],[ 5.3880095 -5.632564 ],[ 16.701836 -17.831772],[ 15.036866 -15.94913 ],[ 2.2491255 -2.5188215],[ 18.40044  -19.215569],[ 14.146414 -15.628157],[ 6.922166  -7.1015325],[ 6.035222 -6.683376],[ 17.935518 -18.889982],[ 12.452078 -13.096608],[ 17.450323 -18.454329],[ 14.122851 -15.202898],[ 16.860645 -17.87784 ],[ 14.280959 -15.077222]
[-4.2355976  4.65581  ],[ 3.1105747 -3.828384 ],[-17.824474  18.876383],[-9.512067 10.092651],[-0.26968756  0.1247561 ],[ 16.406584 -17.623915],[-11.466489  12.282238],[-0.6558836  0.5325399],[-0.7563079   0.77049243],[-4.5313783  4.9847226],[ 4.0197244 -4.8972487],[-17.294916  18.385857],[-4.1465564  4.400458 ],[ 21.242805 -22.302876],[ 0.12278073 -0.42542183],[-1.6600488  1.6423465],[-1.1249542  1.55517  ],[-11.732849  12.759327],[-9.116897  9.60046 ],[-5.1959443  5.3265705],[-15.546423  16.542633],[ 1.1338457 -1.1941775],[ 9.272464 -9.502472],[-17.477512  18.61223 ],[-2.38736   2.433779],[ 13.182793 -13.945523],[ 2.8804085 -3.5292745],[ 14.230907 -15.442832],[-5.5526457  6.137053 ],[-0.763783    0.79318005],[ 8.5686245 -9.804965 ],[-6.2217197  6.656362 ],[-9.125107 10.42741 ],[-7.158377  7.748803],[  8.932325  -10.0792885],[ 4.578956 -5.425177],[-3.709466  3.777729],[-8.867119  9.353356],[ 2.359147  -2.4718997],[-4.5001926  4.786334 ],[-10.891209  11.732437],[-8.794763  9.319068],[-11.436729  12.274523],[-5.1935825  5.5379844],[ 2.8109553 -3.3097098],[-9.044969  9.623259],[-6.065357  6.619757],[-13.601345  14.266561],[-1.984479   2.3257103],[ 0.00064069 -0.1465171 ],[ 2.9835312 -3.3715498],[-5.9139895  6.2751975],[-9.813519 10.205264],[-3.1155627  3.5261786],[ 7.0437064 -7.9843946],[ 10.159315 -10.926053],[ 11.73125 -12.43803],[ 2.9534504 -3.3178926],[ 19.458525 -20.68958 ],[ 10.0179405 -11.183472 ],[ 15.402318 -16.613913],[-0.61662406  0.6530302 ],[ 13.596567 -13.989239],[-7.4107547  7.7079916],[-0.5643033  0.6354595],[ 14.389136 -15.399746],[ 3.9132838 -3.933162 ],[ 10.174511 -11.08873 ],[ 6.338414  -7.0247226],[-8.821714  9.296987],[ 18.360176 -19.379257],[-2.8020828  2.8773594],[ 2.9908855 -3.0751944],[ 1.4666235 -1.4569957],[ 3.0195758 -3.5856373],[ 1.0474685 -1.2231716],[-0.92638487  0.79112184],[ 5.326667 -6.163941],[-7.2737207  7.7804523],[-4.065241  3.855932],[-12.037468  12.912011],[-0.14877903  0.389807  ],[-5.224167  5.285061],[-2.0519657  2.3757732],[ 7.073156  -7.6953053],[ 2.2842488 -2.5051637],[ 12.397345 -12.602193],[ 5.499472 -6.043611],[-12.236045  13.41326 ],[-0.44174325  0.52701557],[ 2.6714582 -3.1620605],[ 7.0001745 -7.9804235],[ 7.6476097 -8.653389 ],[ 1.5842307 -1.3646849],[-7.6311064  8.044757 ],[-0.01176172  0.00412567],[-0.44354707  0.45816624],[ 0.04218353 -0.02688114],[-12.546335  13.280519],[ 14.312405  -15.1546545],[ 13.7537155 -14.084643 ],[ 8.749074 -9.754578],[ 16.531216 -17.395811],[ 11.190134 -12.396873],[ 2.781136 -3.254046],[ 4.600397 -4.833157],[-10.454652  10.984698],[-6.1074786  6.463341 ],[-12.273002  13.044685],[ 3.363201  -4.0231376],[ 0.11529225 -0.1542446 ],[ 5.8847017 -6.5776696],[  9.802613 -10.402935],[ 1.545151  -1.5104514],[-4.744363   5.2857313],[-2.4319384  2.4342291],[-4.4252687  4.7992826],[-9.91251  10.735458],[-4.6244125  5.0441847],[ 2.8015468 -2.9252305],[ 0.54431456 -0.5541522 ],[-1.967865   1.9395144],[-0.01075669  0.13990198],[-2.288011   2.4483528],[-0.85692894  1.0427428 ],[-1.1936502  1.1985002],[ 8.20132  -9.102725],[-1.6394055  1.8463823],[ 0.41596067 -0.29402536],[ 6.5628934 -6.530272 ],[-15.356745  16.470919],[ 1.4984266 -1.7168779],[ 18.931347 -19.935389],[ 11.729971 -12.652143],[-8.624728  9.120203],[ 11.648677 -12.864311],[ 8.723579 -9.357721],[-6.801736   7.1645517],[-3.1593485  3.800272 ],[-1.2559303  1.435103 ],[ 3.8552992 -4.5907507],[ 5.839525 -6.444266],[ 1.4890324 -1.5268474]
[-2.2465756  2.112184 ],[-8.653485  8.910907],[ 0.8900772 -1.0337332],[-1.1135361  1.1998738],[-9.160305  9.366133],[-13.962748  14.698962],[-6.309005  6.641683],[ 0.3381337  -0.48985893],[ 6.524905 -7.422136],[-2.4887412  2.7131116],[-2.3883836  2.4032328],[-11.165868  11.942523],[ 0.92411906 -1.1362956 ],[-3.46268   3.474885],[-12.7038555  13.200602 ],[-8.692693  8.877936],[-11.168208  11.735176],[ 2.1696541 -2.372082 ],[ 3.4154725 -3.768728 ],[-0.46492684  0.4956175 ],[ 4.888385  -5.4697804],[-4.5100226  4.4207716],[-8.198685  8.672314],[-3.5727434  3.6936536],[ 3.0016048 -3.5481477],[ 2.0008278 -2.3527148],[-4.0281057  4.192582 ],[-0.6255309  0.7182321],[ 0.526928   -0.80830187],[ 16.293669 -17.377453],[-13.536921  13.993066],[-12.338718  12.870453],[-10.287785  10.670563],[ 6.992433  -7.5020046],[-3.212135   2.9789011],[-5.9986143  6.048784 ],[ 9.575929 -9.881842],[ 12.630434  -13.4482565],[ 0.16246611 -0.06282623],[-9.112404  9.703463],[-9.333976  9.598913],[-9.126175 10.255678],[ 0.38805878 -0.25563914],[-11.226741  11.578446],[-7.135923   7.3859215],[ 8.703766 -9.206816],[-4.126713   4.1948404],[-3.6157215  3.548455 ],[-3.0649366  3.5327246],[-2.3845801  2.4749522],[-3.4223154  3.5375793],[-11.439693  11.966384],[ 3.179924 -3.942126],[ 3.305119  -3.7172492],[ 5.8616805 -6.5530195],[-3.7400675  3.707094 ],[-14.19317   14.957863],[ 0.865736  -1.0356109],[-2.102672   1.8997978],[ 3.0738206 -3.8727953],[-11.692078  12.19601 ],[-1.2624756  1.2577786],[ 10.054123 -10.657911],[ 0.90477335 -1.157395  ],[ 5.3379602 -6.209064 ],[-17.465414  18.418957],[ 5.8314285 -6.7033157],[ 0.38897312 -0.3568415 ],[-15.525753  16.618599],[  9.397672 -10.140775],[ 2.3140063 -2.768027 ],[ 7.2301373 -8.082801 ],[-0.41388857  0.49167216],[-2.7825887  2.8788407],[-8.036922  8.473901],[ 2.7967737 -3.4169528],[-1.4172469  1.2711112],[-4.275114  4.099431],[-10.91846   11.364651],[-2.4554746  2.3737416],[-2.3404148  2.2225947],[-9.928202 10.585634],[-1.4216559  1.4412233],[-12.11067   12.651547],[ 5.7626348 -6.334565 ],[ 5.6735206 -6.630907 ],[-6.7094398  7.30264  ],[-10.0371475  10.434236 ],[-14.585964  15.220976],[-3.3623445  3.5664022],[-0.43277436  0.15551068],[-3.6893628  3.5665252],[ 3.4292328 -3.7047484],[-4.9592338  5.0231624],[-9.613671  9.912426],[ 6.249811  -6.5871315],[ 3.078225  -3.3723288],[ 3.4007308 -3.7356405],[ 13.90524 -14.88941],[-2.161768  2.114344],[ 13.823176 -14.859874],[-12.089647  12.617876],[-3.9917617  4.1077156],[ 1.4467078 -1.4879982],[ 3.2584445 -3.745646 ],[ 2.518303 -2.581664],[-2.6231112  2.7519944],[ 13.930267 -14.712345],[-2.3872435  2.5999687],[-9.310788  9.505253],[-0.09573201  0.06664088],[-2.992758   3.0262678],[ 9.233891 -9.770883],[ 6.542981 -7.002847],[-6.908119   6.9595685],[-1.0109376   0.96954423],[-8.092451  8.836338],[ 7.71166  -7.972778],[-9.980406 10.429732],[ 0.09273288 -0.5309666 ],[ 14.354962 -15.594379],[ 15.551303 -17.00252 ],[-4.276539   4.4353366],[ 5.1692133 -5.887479 ],[ 14.822711 -15.900037],[-1.2898902  1.2941507],[ 5.6894293 -6.5506954],[-1.4274944  1.4239575],[-11.424039  11.854134],[-0.93722147  1.1511384 ],[-3.73602    3.7223005],[-3.2574387  3.5664947],[-3.8902493  4.1373396],[ 0.40386403 -0.19819982],[-2.9702594  2.9912977],[-0.5167233   0.29670578],[ 1.9447315 -1.748724 ],[-1.0554589  1.1011515],[-6.995711   7.0338383],[  9.141048 -10.040495],[-3.1438682  3.0074413],[ 6.1471915 -7.1509695],[-1.864326  1.934917]
[ 13.540432 -14.024335],[ 17.81025  -18.672756],[ 21.192242 -22.014322],[ 19.071505 -19.977522],[ 15.181099 -16.037048],[ 14.012861 -14.929019],[ 18.00251  -18.962496],[ 11.689298 -12.780716],[ 17.705069 -18.66843 ],[ 19.560808 -20.759584],[ 0.87508166 -1.3972208 ],[ 21.037626 -21.78927 ],[ 20.326952 -21.328253],[ 13.834169 -14.857146],[ 18.508732 -19.80991 ],[ 18.166847 -19.341114],[ 16.859283 -17.54969 ],[ 11.345056 -12.210304],[ 18.401901 -19.088842],[ 17.259268 -18.3586  ],[ 21.00293 -21.94507],[ 7.6243753 -8.708366 ],[ 18.869015 -20.121044],[ 22.028585 -23.23276 ],[ 15.368475 -16.058506],[ 12.794968 -14.039189],[ 16.69478 -17.34182],[ 8.175455 -8.648509],[ 2.373692  -2.9304733],[ 16.51786  -17.411737],[ 20.395662 -21.45994 ],[ 12.532626 -13.151044],[ 21.668861 -22.619446],[ 21.230862 -21.969059],[-0.32906064  0.21329774],[ 1.646541  -2.1197772],[ 17.882132 -18.754972],[ 20.011665 -21.20676 ],[ 2.7289956 -3.3705046],[ 3.6453822 -3.335194 ],[ 20.093756 -21.23901 ],[ 16.36027  -16.953394],[ 21.031994 -21.952787],[ 6.5233607 -7.139899 ],[ 14.579627 -15.420484],[ 19.088345 -20.076899],[ 20.814816 -21.80892 ],[ 20.383373 -21.367142],[ 20.38425  -21.373114],[ 5.3245544 -6.371376 ],[ 15.016427 -16.02481 ],[ 18.968893 -20.191406],[ 16.643412 -18.00808 ],[ 19.666765 -20.761772],[ 17.032799 -18.48856 ],[ 13.222932 -14.015387],[ 20.202236 -21.021626],[ 14.537408 -15.778772],[  9.325762 -10.373765],[-1.7878981  1.6958442],[-2.6184235  2.3600366],[ 12.741363 -14.02835 ],[ 12.379557 -12.946354],[ 17.753918 -18.586676],[ 14.3767605 -15.142682 ],[ 19.471964 -20.667732],[ 17.686008 -18.456202],[ 16.81451 -17.87284],[-4.327749  4.589705],[ 16.902159 -18.058577],[ 5.478537  -6.1618137],[ 11.266502 -12.539904],[ 18.849342 -19.692907],[ 19.940807 -21.075445],[ 14.12699 -15.14537],[ 13.152101 -14.2004  ],[ 16.78313  -18.213451],[  9.090868 -10.089604],[ 18.941399 -19.937946],[ 15.121059 -16.136097],[ 17.29742  -18.071926],[ 19.340525 -20.30157 ],[ 11.873649 -12.200836],[ 18.66401  -19.780523],[ 15.358347 -16.418152],[ 14.601065 -16.05571 ],[ 5.8290944 -6.196713 ],[ 17.213423 -18.077742],[ 21.198978 -22.097572],[ 19.440046 -20.349638],[ 11.042913 -12.209584],[ 6.0228744 -6.757776 ],[  9.582502 -10.313324],[ 4.681281  -5.1996365],[ 18.201103 -19.224812],[ 1.9722861 -2.3903368],[ 15.474927 -16.332275],[ 15.430679 -16.298416],[ 19.240189 -20.030907],[ 9.024574 -9.596522],[ 17.885004 -18.860931],[ 15.78393  -16.995584],[ 3.5116122 -3.926948 ],[ 13.953001 -15.301703],[ 10.660069 -11.858022],[ 19.503355 -20.397436],[ 19.279232 -20.282661],[ 20.327541 -21.412054],[ 16.917261 -17.985579],[ 14.70912 -16.07113],[ 13.109303  -14.2275715],[ 14.955498 -16.385128],[ 17.322489 -18.270535],[ 18.129477 -19.142185],[ 20.86344  -22.089363],[ 14.068478 -15.338213],[ 10.511108 -11.488071],[ 21.818594 -22.856361],[ 21.45968 -22.67   ],[ 7.1021924 -8.30233  ],[ 14.780634 -16.391403],[  9.844102 -10.986791],[ 18.378439 -19.154974],[ 18.568413 -19.637814],[ 17.791088 -18.940508],[ 16.302422 -17.443674],[ 15.223896 -16.445278],[ 19.649055 -20.63723 ],[ 20.753098 -21.720926],[ 6.2857533 -6.803611 ],[ 10.787141 -11.202368],[ 7.5789604 -8.051291 ],[ 12.780166 -14.011966],[ 8.029322 -8.865261],[ 14.898854 -16.37217 ],[ 18.902588 -20.30805 ],[ 16.150822 -17.324831],[ 18.628717 -19.69373 ],[ 22.986088 -24.104273],[ 16.4939   -17.785843],[ 14.176605 -15.10012 ],[ 15.994444 -16.938719],[ 18.996307 -20.220146]
[ 2.5916016 -3.0835395],[ 12.509166 -13.747681],[-5.009107   5.1229925],[ 13.946388 -15.426053],[-1.5011834  1.4833584],[ 11.405339 -12.491564],[-8.840643  9.383056],[-0.10471576 -0.28610054],[ 6.3662634 -7.561454 ],[-6.6888533  7.0223093],[ 14.076921 -15.06819 ],[ 11.697864 -12.990665],[-1.9202551  2.0234811],[ 5.6930537 -6.6595616],[-12.214668  13.032996],[-10.70604   11.410518],[ 8.759458 -9.501284],[-0.48503608  0.49182314],[ 12.263083 -13.200727],[ 11.355217  -12.9096575],[-10.398402  10.716543],[ 7.898843 -8.874204],[-1.9136391  1.8703395],[ 6.9639006 -8.284247 ],[ 7.0044637 -7.8109083],[ 19.11219  -20.222242],[ 10.06349 -10.97601],[ 16.860582 -18.158363],[ 16.050648 -17.321413],[-1.4503434  1.4849368],[ 14.588267 -16.209234],[-13.74759   14.552933],[ 16.777636 -18.218184],[-8.74817  9.03702],[-9.850536 10.624575],[ 15.008373 -16.443033],[ 16.760353 -17.60265 ],[-2.5312953  2.3270571],[ 20.01198  -21.410843],[ 12.482723 -13.070256],[-2.2952845  2.138286 ],[ 21.032688 -22.148363],[ 15.802906 -17.408262],[ 20.432259 -21.778158],[ 9.153526 -9.995813],[-3.5688443  3.8122504],[ 0.85290134 -0.9666856 ],[ 2.9753094 -3.5759451],[-1.0011164  0.7414752],[ 14.494456 -15.696931],[-0.22735661  0.1714586 ],[-2.5118694  2.893456 ],[  9.522271 -10.703399],[ 3.4115293 -4.356969 ],[-7.8744955  8.378406 ],[ 18.068346 -19.165134],[ 14.611857 -15.705926],[ 0.01575847 -0.32305157],[ 4.9803376 -6.1080875],[ 10.353456  -11.8808565],[ 5.434016  -5.5025387],[-7.1785984  7.324794 ],[ 11.482801 -11.99637 ],[ 13.72174  -14.834992],[-1.2923454  1.1598618],[ 2.8385718 -3.7123168],[ 3.8891447 -4.661    ],[-3.3256392  3.2522001],[-7.6049285  7.9980645],[ 7.1701627 -8.0564375],[ 13.402714 -14.789091],[-9.783746 10.338345],[ 12.019433 -12.754929],[-9.654061 10.459011],[ 19.259626 -20.353651],[ 0.942455  -1.1416596],[ 1.1807797 -1.558248 ],[ 0.87512565 -0.9283815 ],[ 13.087387 -14.297699],[ 1.4371487 -1.9132857],[ 10.779418 -11.558576],[ 13.157722 -14.197454],[ 3.0099392 -3.449666 ],[-2.8650699  2.8101845],[-2.0073824  2.150262 ],[  9.239181 -10.575494],[ 18.715109 -19.955936],[ 12.182012 -13.180038],[ 10.820944 -12.003053],[ 4.5638986 -5.3989835],[-4.353907   4.2979226],[ 12.3053055 -13.442062 ],[ 6.951916 -8.147703],[ 5.150905 -5.676966],[ 7.5534897 -8.737022 ],[ 15.42572  -16.375263],[ 4.2388825 -5.1632943],[ 4.8332753 -5.7819395],[ 6.0972424 -6.4696198],[ 12.009227 -12.832414],[ 4.652365  -5.2793655],[ 0.6649009 -0.729969 ],[ 18.572454 -19.589552],[ 3.4993448 -4.3591976],[ 20.30551 -21.78814],[ 0.6386955 -0.8629158],[-1.5819548  1.6100881],[ 13.666241 -15.169424],[ 12.925294 -14.105198],[ 0.5041829 -0.7797158],[-3.1626177  2.9566498],[-4.695725   4.6333885],[-8.921457   9.3921175],[-3.3251677  3.4258194],[-2.4833229  2.7698543],[ 10.869169 -12.077158],[-2.189558  2.885638],[ 8.006024 -9.089701],[-1.1956445  1.2009557],[ 13.142276  -14.4845295],[-14.648167  15.241756],[ 6.649807  -7.5534706],[ 15.732255 -17.215212],[-2.2340183  2.1233225],[ 0.98361206 -1.2150971 ],[ 5.696932 -6.867001],[ 2.2788744 -2.890683 ],[ 19.695215 -21.170238],[-0.43448344  0.21946727],[ 16.123148 -16.955221],[  9.201512 -10.159198],[ 10.012069 -10.575479],[ 1.2080331 -1.4330245],[ 4.231551  -4.5512385],[ 11.64499  -13.151819],[ 13.016277 -14.409631],[ 10.999157 -12.279594],[ 0.22852167 -0.6531825 ],[-2.4018414  2.5302095],[ 11.039247 -12.333046],[ 4.768984  -5.4213977],[-3.1028235  3.139249 ],[ 10.47282  -11.713015]
[ 10.526583 -11.544809],[-0.7011466   0.30529898],[ 11.458472 -12.287134],[ 3.2569332 -3.9722602],[ 15.0985365 -16.210022 ],[-2.623786  2.372727],[-13.641438  14.419896],[-0.18315917 -0.15346724],[ 14.544161 -16.06245 ],[-10.347601  10.967826],[-9.282057  9.806729],[ 14.973645 -16.172249],[ 7.116015 -8.283788],[ 2.776738  -3.2448895],[ 3.704333 -4.354495],[-4.356864  4.681533],[ 1.1821645 -1.3810581],[ 21.235992 -22.355453],[ 18.921148 -20.331427],[ 1.1102326 -1.3717242],[ 19.146847 -20.228024],[-14.851247  15.747177],[ 12.680872 -13.893862],[ 3.8168736 -4.608277 ],[ 15.951437 -17.296698],[-1.9660211  1.7205405],[ 2.4432626 -2.7566397],[ 6.816686  -7.8661304],[-13.0858135  14.03247  ],[ 13.410861 -14.583222],[ 10.800561 -12.335615],[ 20.124361 -21.205362],[-7.708343  7.715192],[ 18.190111 -19.346207],[-0.23265928 -0.14984855],[-2.0076048  1.971388 ],[-5.5672073  6.1970367],[ 15.680202 -17.038303],[-16.440628  17.34656 ],[-13.528064  14.725255],[ 6.927937  -7.8620653],[-4.9836993  5.508576 ],[-7.8388352  8.160511 ],[ 5.4124227 -6.575659 ],[ 13.329605 -14.506661],[ 18.222324 -19.465929],[ 18.268597 -19.641768],[ 11.222036 -12.481123],[ 13.934094 -15.344109],[-17.665365  18.642143],[ 12.830994 -14.101798],[-10.984642  11.67686 ],[ 0.13552645 -0.32804632],[-3.3195992  3.2647572],[-13.599173  14.329923],[-0.33712873  0.11215332],[ 1.4044539 -1.6447034],[  9.328363 -10.892906],[-0.3042066  0.034479 ],[-15.913616  16.759975],[ 13.72056  -14.456634],[ 1.8187842 -2.162928 ],[ 5.182197  -5.7056813],[ 12.109905 -13.502081],[ 16.240868 -17.66677 ],[-1.2720891  1.0050324],[ 17.657106 -18.89986 ],[ 11.788304 -13.218411],[-6.6155457  7.2797194],[-12.830016  13.628671],[ 2.6643963 -3.403225 ],[-2.181488   2.2892528],[ 13.397955 -14.832075],[  9.581878 -10.637703],[-4.481662  4.221034],[ 12.729813 -14.013025],[-2.7805107  2.5396228],[ 7.2495055 -8.139629 ],[ 10.471598 -11.500306],[ 2.9734302 -3.8483653],[ 8.384878 -8.903591],[-14.029093  14.902484],[ 10.922367 -11.675871],[ 16.742949 -18.090673],[ 15.608224 -16.939089],[-11.955952  12.523091],[-1.1726518  1.0072074],[ 0.51954603 -0.3861792 ],[ 11.4318285 -12.631113 ],[ 15.3127365 -16.732021 ],[ 13.343896 -14.868485],[ 3.3239038 -4.07948  ],[ 13.770062 -15.406999],[ 3.0704248 -3.6112275],[ 19.599552 -20.908092],[-14.292627  15.242496],[ 13.02705  -14.401078],[ 13.145514 -14.496257],[ 10.761398 -12.002965],[ 20.548433 -21.528715],[ 16.639875 -17.77098 ],[ 1.5774511 -1.9556075],[ 11.864431 -13.104613],[ 6.0943327 -7.1447406],[-15.576479  16.399326],[ 12.540283 -14.038143],[ 17.479425 -18.674343],[ 11.247467 -12.450569],[ 1.4754295 -1.8350755],[-10.339464  10.960885],[  9.688777  -10.9277725],[ 15.901561 -17.1971  ],[ 16.907274 -17.659733],[ 18.287111 -19.86451 ],[ 11.56737  -12.926342],[-4.731936   4.8100457],[ 8.347035 -9.260844],[ 17.42439  -18.731709],[ 11.424032 -12.398861],[-6.2982206  6.3653507],[ 4.337364  -4.7338724],[ 17.027325 -18.457968],[-6.788869  7.289393],[ 19.075377 -20.253675],[ 14.351172 -15.819011],[-8.305741  8.889505],[-2.6180503  2.463983 ],[-5.2726183  5.6612053],[  9.385346 -10.269645],[-2.3780546  2.6822433],[ 19.508015 -20.355288],[ 12.207422 -12.913103],[-4.0807457  4.350444 ],[ 14.5848465 -15.748403 ],[-12.500745  13.268042],[-3.8896272  3.5376225],[ 8.626125 -9.892955],[ 17.637829 -19.02536 ],[ 8.266969 -8.967834],[-6.2601094  6.442134 ],[  9.695181 -10.771921],[ 12.834492 -14.040764],[-1.2964932  1.1858724]
[-10.978115  11.529962],[-14.03082   14.823251],[-16.79906   17.841646],[-15.689388  16.585794],[-4.0230155  4.0844607],[-8.1648445  8.56797  ],[ 5.8167667 -5.791853 ],[-1.3977646  1.1726741],[-14.1488695  14.773835 ],[-15.645195  16.880648],[-0.3218165  0.9634034],[-16.149803  16.969631],[-6.254777  6.595596],[-8.80902   9.667944],[-0.51598537  0.752128  ],[-3.6657977  3.7016234],[ 6.5104613 -7.3008447],[-6.0665894  6.3443656],[-15.310135  16.13239 ],[-6.1461077  6.1852155],[-10.214444  10.912369],[-11.124461  11.99395 ],[-15.924852  16.885147],[-14.602066  15.559859],[-14.399513  15.033208],[-16.343113  17.514053],[-14.272919   15.0644455],[-9.928662 10.483506],[-12.083364  12.749446],[-12.262576  13.009139],[-11.851758  12.205975],[-3.830536  3.814247],[-11.819894  12.383104],[-14.562261  15.362795],[-16.231827  17.310448],[-0.9258861  0.9886394],[-6.242156   6.8071656],[-4.5508842  4.944565 ],[-10.846993  11.516543],[-15.873812  16.966516],[-16.869825  17.879532],[-16.242462  17.147287],[-17.477072  18.64011 ],[-8.778687  8.921964],[-12.861718  13.705104],[-16.107668  17.17233 ],[-12.124294  12.710766],[-15.793392  16.813534],[-16.49163  17.39878],[-3.4535642  3.8409648],[-15.050679  16.00765 ],[-8.013011  8.592255],[-12.74886   13.608152],[-14.956626  15.77805 ],[-10.019301  10.699638],[-7.0373816  7.5920653],[-8.629623  9.377981],[-12.483172  12.896805],[-15.278601  16.333574],[-5.1516027  5.586707 ],[-7.6330647  8.117219 ],[-5.7235727  6.0589776],[ 0.13772479 -0.08285889],[-13.946724  14.654992],[-2.4061682  2.327694 ],[-16.312695  17.561106],[-12.949537  13.633502],[-3.663815   3.8095255],[ 5.53392   -5.8983164],[-14.99825   15.860719],[-12.751919  13.547719],[-16.826242  17.890476],[-13.769962  14.441843],[-16.291027  17.307081],[-14.001583   14.8362875],[-10.671071  11.156182],[ 1.7928658 -2.0739393],[-8.373137  8.605749],[-11.437354  12.056518],[-13.603179  14.36485 ],[-15.088151  15.775036],[-16.147047  17.127037],[-6.9445252  7.707394 ],[-11.649286  12.455496],[-16.011108  16.962776],[ 4.257019  -4.5624924],[-12.136552  13.363428],[-15.450165  16.683203],[-16.478832  17.547138],[-15.574949  16.468727],[-9.370585  9.799983],[-11.244653  11.985118],[-6.697254  6.751103],[-8.362212  9.017543],[-5.571706  5.757823],[-3.3781998  3.8495727],[-10.12551    10.5285425],[-10.20013   10.605155],[-5.9413085  5.8754787],[-1.4927361  1.9374975],[-13.20826   14.114395],[ 11.077995 -11.922785],[-14.845496  15.47342 ],[-14.975597  15.695667],[ 5.2029414 -5.39521  ],[-15.967862  16.959805],[-7.7901673  8.386722 ],[-6.982035  6.97079 ],[-17.500145  18.687067],[-1.952394   2.1000538],[-8.948111  9.510071],[-16.967602  17.993576],[-10.220437  10.744084],[-15.761213  16.709642],[-17.393072  18.448751],[-2.864942  2.831729],[-18.21258  19.56435],[-16.526646  17.522442],[-17.111862  18.123623],[-10.14553   10.667046],[-15.869113  16.89575 ],[-10.594574  11.031644],[-11.524341  12.139803],[-10.813614  11.350413],[-6.325316   6.4650435],[-15.4475155  16.35928  ],[-8.191626  8.570911],[-15.828653  16.556183],[-14.080618  14.849676],[-13.938187  15.129338],[-12.476881  13.13828 ],[-12.434799  13.836692],[-17.089895  18.310352],[-3.9182422  4.0582223],[-11.182623  11.762636],[-13.247235  14.188575],[-2.0641708  1.8765172],[-3.121488   3.0291696],[-16.961248  18.043432],[-9.016062  9.498261],[-9.757125 10.363163],[-15.406471  16.33632 ],[-15.056065  15.974185]
[ 14.043132 -15.226361],[ 15.634771 -17.36755 ],[ 20.37962 -21.5493 ],[ 18.523743 -19.868994],[ 8.31777  -9.837069],[ 11.31004  -12.691471],[ 8.290244 -8.620914],[ 0.6635026 -1.0017416],[ 14.49314  -15.410362],[ 18.195498 -19.148096],[ 5.139595  -5.7158203],[ 21.231737 -22.176064],[ 12.233916 -13.391011],[ 2.9179256 -3.7287302],[ 15.587258 -16.24529 ],[ 12.757734 -13.759628],[-0.25043026 -0.18346997],[ 0.87958133 -1.0704417 ],[ 13.622544 -14.6922  ],[ 10.358426 -11.509919],[ 15.846665 -16.86699 ],[ 3.0876958 -3.2552161],[ 14.854441 -15.737157],[ 14.133905 -15.513132],[ 12.332916 -13.754704],[ 21.36384  -22.548332],[ 15.065054 -16.036644],[-8.388102  8.639605],[ 6.1943016 -6.3598413],[ 11.305802 -12.552248],[ 14.690101 -15.887523],[ 17.011889 -18.303917],[ 19.010895 -20.039257],[ 18.698135 -19.829342],[ 15.678615 -16.658796],[ 7.753621 -8.152283],[ 14.545349 -15.424352],[-2.8216848  2.9333203],[ 15.668329 -16.479334],[ 2.1737995 -1.7220718],[ 19.433672 -20.4684  ],[ 2.4744816 -2.6164074],[ 17.020206 -18.246725],[ 15.8568945 -17.113876 ],[ 12.288859 -13.253809],[ 13.936479 -14.799199],[ 10.550055 -11.692249],[ 7.7222843 -8.663229 ],[ 21.059742 -22.09549 ],[ 7.155028 -7.418677],[ 16.727509 -17.627182],[ 3.9329157 -3.8182464],[ 3.539965  -3.3266623],[ 19.872608 -20.800507],[ 3.866308 -4.112376],[ 16.286968 -16.876997],[-5.2028418  5.611517 ],[ 16.911057 -18.158363],[-12.969787   13.5566845],[ 1.7917355 -1.9463878],[ 6.821096  -7.6518736],[ 11.829941 -12.762159],[ 15.362232 -16.543415],[-4.8714356  5.0808587],[ 13.030483 -14.398867],[-8.106816  8.525805],[-4.4386244  4.479393 ],[ 8.467332  -9.3362875],[-0.3966861   0.53116745],[ 12.641257 -13.750107],[ 1.0939038 -1.537991 ],[ 19.272211 -20.099968],[ 17.003807 -18.568762],[ 22.33507  -23.608133],[ 14.513318 -14.674412],[ 5.528269 -6.276031],[ 4.121703 -4.774554],[ 2.0817463 -2.5198739],[ 11.008744 -12.164681],[ 13.812332 -14.528976],[ 16.014101 -16.706411],[ 17.918465 -18.546349],[ 11.77274  -12.855403],[ 15.426336 -16.250301],[ 11.394801 -12.003429],[ 1.9071553 -2.1638215],[ 1.5121458 -1.6277009],[ 14.403377 -14.913294],[-13.427235  14.102044],[ 19.26146  -20.382107],[-0.1001308  -0.10352873],[ 16.581055 -17.477732],[ 10.501134 -11.923048],[ 11.7381115 -12.560806 ],[-4.4692626  4.2376895],[ 13.030737 -13.777992],[ 17.636286 -18.881426],[ 17.44977  -18.728527],[  9.722616 -10.887954],[ 10.141112 -10.762835],[ 11.626092 -12.604435],[ 3.9907174 -4.6491876],[ 0.89770985 -0.84836936],[ 10.729322 -11.592709],[ 9.221672 -9.921545],[ 11.217981 -12.045483],[ 2.9198635 -3.549806 ],[ 0.3893878 -0.3711617],[-2.6638553  3.1500633],[ 0.5988899 -0.6092561],[-2.2100978  2.1262121],[ 5.9798093 -6.312352 ],[ 18.115036 -19.270954],[ 16.181591 -17.435234],[ 8.543048 -8.618976],[ 1.6361355 -1.6604474],[ 3.136821  -3.2084854],[ 20.178627 -21.218258],[ 17.519926 -18.729815],[ 10.369598 -10.829495],[ 22.026604 -22.98924 ],[ 11.768096 -12.900164],[ 21.26407  -22.328709],[ 11.177373 -12.179802],[ 15.42136  -17.200483],[ 0.3313039  -0.33349025],[ 3.8105078 -4.7425914],[ 15.767699 -16.539034],[ 10.791139 -11.767147],[ 7.054937 -7.617019],[ 8.762449 -9.094692],[ 1.1359042 -1.2772819],[ 6.935948  -7.2432876],[ 11.330787 -12.579638],[ 0.42850655 -0.5499296 ],[  9.948974 -10.402583],[ 18.556734 -19.93836 ],[ 12.648133 -14.174099],[ 21.523285 -22.556942],[ 15.441939 -16.79496 ],[ 13.220657 -14.584161],[ 18.984316 -19.789623],[ 6.8770895 -7.0054717]
[-10.33853   11.183256],[-12.633056   13.7137575],[-3.793043   4.4076076],[-6.4236546  6.8351984],[-6.0991035  6.4116445],[-7.646326  8.405642],[-12.5543375  13.691926 ],[-2.013856   2.0447056],[-9.4006815  9.972616 ],[-16.881645  18.17051 ],[-15.666351  16.848932],[ 1.001525  -1.0528207],[-4.4257445  4.57342  ],[-16.937435  17.961214],[-7.710575  8.159831],[-3.191239   3.6815844],[-14.32291   15.257345],[ 4.158601  -5.1339164],[-9.629383 10.308028],[-16.139751  17.259453],[ 1.8404372 -2.026014 ],[-12.16451    13.0170555],[-15.014239  16.137169],[-16.01319   17.245754],[-6.21263    6.3227954],[-18.442522  19.745483],[-15.741141  17.148739],[-5.565063  6.206524],[-2.9520838  3.4624436],[-5.893791  6.03328 ],[-1.0843966  0.9545124],[-15.036198  16.07072 ],[-13.213781   14.1473675],[ 2.598702  -3.1718616],[-16.341223  17.449484],[-7.101279  7.717951],[-11.580605  12.301517],[-15.835988  17.059114],[-13.815165  15.063442],[-15.1210375  16.208231 ],[-14.571078  15.781164],[-14.345735  15.802728],[-17.104158  18.324396],[-13.732373  14.654996],[-9.372494 10.142538],[-0.6313752  0.9586874],[  8.85152  -10.175421],[-14.401969  15.486484],[-8.093005  8.520794],[-9.055888  9.916137],[-6.4360356  6.852391 ],[  9.743081 -10.307052],[ 1.3877277 -1.6063863],[-12.501372  13.583134],[-6.0742126  6.40217  ],[-5.861227   6.2799478],[-15.897957  17.163147],[-5.633923  5.952337],[-4.791322  4.824399],[-11.789048  12.83792 ],[ 2.1292105 -2.7579997],[-15.49385   16.486296],[-8.496417  8.720344],[ 0.84762764 -1.1252648 ],[-9.4935465  9.917175 ],[-0.87937933  1.2459378 ],[ 8.622304 -9.579219],[-2.3608286  2.1818695],[-11.066606  11.657283],[-12.775209  13.827622],[-11.908029  12.600472],[-0.25378796  0.13367477],[-3.1695845  3.2513626],[-12.658959  13.95848 ],[-15.772936  17.139353],[-4.389572  4.625393],[-7.577197  8.01495 ],[-5.578065  5.909906],[-8.717977  9.393996],[-3.5778425  3.701461 ],[-10.89372   11.847128],[-15.9642935  17.34097  ],[-16.578037  17.912895],[-16.26716   17.493185],[ 3.249397 -3.716419],[  9.502516 -10.356918],[-17.035559  18.129314],[-0.61213815  0.96418434],[-1.1756828  1.6550242],[-15.007339  16.202446],[-6.1938114  6.878087 ],[-0.8235822  1.1439015],[-0.4175543  -0.04997676],[-13.849997  15.044391],[-0.08545294 -0.28256506],[-12.978328  14.125687],[-7.546968   7.9756007],[-7.821373  8.271694],[ 4.86169   -5.7784524],[-11.516006  12.419737],[-2.1738567  2.3428586],[-1.4616802  1.9051378],[-2.7862544  2.9386523],[-8.267115  8.558644],[-15.863524  16.845238],[ 0.16677994 -0.19733985],[-2.2000995  2.3221157],[ 7.4451575 -8.416455 ],[-12.610757  13.905779],[-1.090017   1.4646813],[-3.851208   3.7713032],[-14.597714  15.755097],[ 6.992539 -8.041436],[-8.569131  9.230833],[-11.775422  12.691592],[-4.6202703  5.063328 ],[-16.030628  17.307833],[-17.16425   18.554356],[-10.719321   11.7106285],[-13.499299  14.391924],[-2.0201643  1.9386102],[-0.7806429  0.5701137],[-12.296804  12.954571],[-2.3530955  2.3848429],[-3.3614202  3.409879 ],[-16.81411   18.004412],[-11.099989  11.53924 ],[-4.7694974  5.105919 ],[-14.959209  16.055513],[-15.495767  16.787014],[ 13.092596 -13.717693],[-15.584959  16.692345],[-7.4602003  7.9724193],[-3.9250731  4.077121 ],[-2.2403624  2.6884   ],[-5.6999784  6.404143 ],[-10.08954   10.453633],[-2.148533   1.8885663],[-13.21593   14.376166],[-11.500303  12.344354],[ 0.20091069 -0.48243964],[-6.6312704  6.789673 ],[-9.652122 10.558277]
[-13.516487  14.23816 ],[-6.0608478  6.3406596],[-16.427383  17.486761],[-9.166794  9.73442 ],[-12.398403  13.149648],[-9.218963  9.815204],[ 0.80940264 -0.8075408 ],[-2.0364614  2.202983 ],[-9.684125  9.894212],[-4.832879  5.364728],[ 3.2544303 -3.5568388],[-13.287656   13.8258505],[-6.6826925  6.918375 ],[-6.633624   7.1056743],[-5.401239   5.6893682],[-13.932052  14.674937],[-8.844513  9.504167],[-9.817853 10.107094],[-15.447881  16.4868  ],[-15.212764  16.093843],[-15.569795  16.314566],[ 4.556753  -4.3646817],[ 1.7482947 -2.2450693],[-12.300921  12.897823],[-11.160863  11.565753],[-1.8549442  1.8582255],[-16.741848  18.001574],[ 0.8929377 -1.3632755],[-11.297527  12.01501 ],[-10.561945  11.006196],[-11.997227   12.4853945],[-12.869823  13.610674],[ 1.8099169 -2.0696762],[ 3.02812   -3.4503293],[ 10.825634 -11.345249],[-10.168067  10.648984],[-5.417034  5.644723],[-12.657109  13.5789  ],[-10.938957  11.608023],[-0.2942125   0.39212388],[-8.567268  9.221878],[-9.083167  9.736132],[-13.061928  13.869572],[-0.6265631   0.51648057],[-4.397312  4.337668],[-16.989944  18.091923],[-4.0104575  4.2388325],[-14.491514  15.35308 ],[-13.826427  14.525838],[-13.376824  14.240295],[-9.373587  9.917356],[-5.056516  5.438642],[-3.077262   3.3920472],[ 2.7255352 -3.2204666],[-12.725802  13.433394],[-3.352441  3.228572],[-12.098145  12.994823],[-0.42649117  0.40371627],[ 14.966885 -15.704366],[-11.869337  12.585194],[-2.3582726  2.529238 ],[-14.185159  14.982864],[ 1.973475  -2.3150697],[-14.254208  15.05372 ],[-10.752574  11.371721],[-14.507405  15.482285],[-2.1145382  2.1126878],[-13.152451  13.783579],[-11.374783  12.267446],[ 12.757341 -13.692953],[-5.3756456  5.372756 ],[-5.318591  5.897044],[-5.6049857  5.767109 ],[-15.992841  16.969261],[-4.934779   5.3936415],[-6.600738  6.775395],[-4.9936037  5.0916505],[-8.364387  8.937835],[-0.67864835  0.34258777],[-9.877715 10.498421],[ 17.32386  -18.391104],[ 0.8904522  -0.80458105],[-15.701969  16.743362],[-11.133334  11.847836],[-13.416157  14.057047],[-8.900481  9.227055],[-2.5612059  2.8192518],[-15.050416  15.896902],[-14.506073  15.647562],[-13.41689   14.221223],[-11.450152  12.120275],[-0.7957524   0.99391943],[-4.742519   4.6853666],[-15.187747  16.105804],[-1.8346549  1.7759893],[-13.951789   14.9657135],[-9.384944  9.849055],[-9.449488  9.916963],[ 0.10055573 -0.04988738],[-1.7098048  1.947428 ],[-1.8224158  1.8043829],[-15.136061  16.118814],[ 1.0753348 -1.356501 ],[-2.8831863  2.8443832],[-8.405575  8.727235],[-7.6966615  8.190193 ],[-14.541493  15.357631],[-0.76391184  0.5278272 ],[-11.749757  12.722269],[-5.0439935  5.3383756],[-2.0202408  2.014182 ],[-10.379195  11.028761],[-8.00471   8.124066],[-4.6291537  4.612407 ],[-9.411131 10.209683],[-3.7514806  3.992426 ],[-13.388135  14.224231],[-5.6302857  6.3254695],[-14.427819  15.285897],[ 3.808247  -3.9008527],[-10.952194  11.454268],[-12.102333  12.601474],[-14.418024  15.194331],[-9.935904 10.34426 ],[-2.7423596  2.6603053],[ 5.136077  -5.8645153],[ 3.759401 -4.132743],[ 1.1898583 -1.3682308],[-1.4756688  1.8766131],[-11.637142  12.302945],[-13.171409  14.224399],[-13.429557  14.315004],[0.32335556 0.01652212],[-6.028068  6.330673],[-7.591657  8.257401],[-8.425821  9.094222],[-1.920538   1.8648127],[-2.859454   2.6958714],[-14.212929  14.877704],[-0.5057769   0.41465205],[-14.033959  14.733619],[-11.274546  11.848886],[-12.632941  13.494203]
[-15.32828   16.516378],[-5.723909   6.3971806],[-7.422045  8.28476 ],[ 1.6596576 -1.8314158],[-8.787828  9.427394],[-16.702248  18.051382],[ 10.435567 -10.643664],[-7.6055403  8.065641 ],[-2.2654266  2.5721166],[-8.419617  9.313277],[-11.893132  12.971831],[ 12.658674 -13.084949],[ 1.0122247 -1.0320569],[-13.442006  14.181469],[ 1.1147119 -1.3463866],[-3.0493605  3.3389473],[-9.594673 10.555442],[ 2.8251724 -3.276894 ],[0.03891188 0.25142527],[-5.8595166  6.481092 ],[-15.1617565  16.334908 ],[-4.867779  5.229776],[-2.217579   2.4911535],[-14.443885  15.28044 ],[-2.9247603  3.025475 ],[ 12.249096 -12.935996],[-12.446844  13.547578],[-15.658311  16.875444],[ 3.4665396 -3.0010805],[-7.2859817  7.8878517],[-0.20383632  0.06777848],[ 17.018223 -18.10239 ],[ 4.1028824 -4.276757 ],[-14.036056  15.09295 ],[-14.37336   15.442103],[ 2.9026499 -2.4374652],[-5.8752785  6.367981 ],[-10.20159   11.014961],[-10.209333  10.971872],[ 3.2914774 -3.3884714],[-4.1194935  4.73379  ],[-2.7019534  2.997541 ],[ 4.0868955 -3.7177014],[-7.3490925  7.9588356],[-5.6678834  6.2042913],[-13.775629  15.015966],[-6.5656366  6.9444885],[-8.474441  9.184484],[-1.1952493  1.3348271],[-4.2406244  4.871332 ],[-2.749296   3.1724455],[-12.06062   13.083106],[ 0.5938266  -0.40342933],[-14.728556  15.833181],[-1.4703857  1.5495925],[ 2.949011 -3.384311],[-0.86585796  1.4798516 ],[-5.252139  5.639945],[-12.480513  13.420749],[-1.7984412  2.4054613],[-5.0245957  5.8369718],[-0.6556848  1.0738527],[-0.6387367  0.6979049],[-10.127691  10.805566],[-9.583534 10.170053],[ 10.246767 -10.140904],[ 4.006555  -4.5355897],[-7.4990435  8.075735 ],[ 16.326761 -16.736774],[-16.457619  17.666342],[-2.1534314  2.313966 ],[-15.9352255  17.321833 ],[-6.604056  7.044791],[-2.2537339  2.4036279],[-7.285634  8.161507],[ 0.85854536 -0.7873214 ],[ 1.7256029 -1.9750614],[-4.7850723  5.1894646],[-13.200359  14.355619],[ 2.132908  -2.0770864],[-16.014227  17.293043],[ 3.7350976 -3.5641525],[-6.085616  6.903201],[ 0.3533394  -0.08261538],[-6.4283676  7.126687 ],[-2.6724005  2.9482336],[-5.6379933  6.2113595],[-0.96119696  1.3392428 ],[-6.536217  7.044559],[-12.584957  13.282173],[-1.1230034  1.7587788],[-6.1860013  6.887632 ],[ 1.7520494 -2.1584153],[ 0.8545158 -0.5267189],[-1.1015975  1.1596065],[-12.119271  13.230124],[-10.959003  11.581507],[-11.1637945  11.79837  ],[-1.8687007  1.9701353],[ 10.364721 -11.141684],[-4.5327206  4.9429584],[ 0.13272315 -0.06479882],[-1.7179569  2.1107044],[-10.046952  10.769348],[ 10.128897 -10.392507],[-0.5004917   0.82054055],[-1.8383772  2.322381 ],[-5.2775264  5.512884 ],[ 3.5339417 -3.8231206],[-7.6649556  8.250452 ],[-4.859563  5.155991],[-12.12101   13.088049],[ 2.0175292 -1.8237537],[-11.796521  12.756693],[-14.046348   15.3215685],[-3.6627498  3.7944477],[ 0.81250554 -0.5128821 ],[-13.839758   15.0449705],[-9.018502  9.644908],[-13.646778  14.78196 ],[-0.5570663  0.9463019],[-0.9087584  0.9476256],[-0.13025391  0.322533  ],[ 1.1407562 -1.1486074],[-3.6000283  3.6245673],[-7.248643  8.002387],[-10.550351  11.111654],[ 2.6671774 -2.6225584],[-3.5557525  3.966836 ],[ 0.16070014 -0.11380465],[-14.730892  15.90592 ],[-3.3254466  3.8843899],[ 1.0142806 -1.1750467],[-5.2337236  5.804486 ],[-9.447153 10.264519],[-8.021723  8.874189],[-3.7355235  3.901946 ],[-3.1245759  3.0221527],[ 5.2181945 -5.58632  ],[-5.1022477  5.3288527],[-4.720412   5.0295014],[-3.665696   3.5653937],[-0.04331237  0.19601907]
[ 2.0748305 -2.2524965],[-7.7367043  8.317331 ],[-10.932527  11.685172],[ 9.208389 -9.749686],[ 9.19972  -9.059764],[-8.219031  8.829606],[-12.168507  12.880402],[-2.152579  2.348022],[-0.98701245  1.2747613 ],[-12.781086  13.582491],[ 19.373772 -20.133274],[ 0.44805518 -0.14637268],[-4.676343  4.949333],[-7.567166  8.005308],[ 15.131397 -16.17588 ],[ 6.872582  -7.8776145],[ 1.1074287 -1.1935548],[  9.834313 -10.564434],[-4.810929   5.1963954],[ 15.271098 -15.841801],[ 13.849241 -14.834411],[ 20.52707  -21.236473],[-12.117096  12.68282 ],[ 5.6367908 -5.383099 ],[ 0.44419432 -0.27046108],[ 14.095017 -14.789016],[-3.4384212  4.088221 ],[-7.3633246  7.6833897],[ 9.369184 -9.268634],[ 1.766477  -1.5667852],[-13.240429  13.757822],[-8.627137  9.003515],[-11.707518  12.266482],[-12.058424  12.612104],[ 7.9833107 -7.8885803],[0.45646203 0.09423083],[ 6.327414  -6.7317867],[ 7.398812 -7.816125],[ 7.6470118 -7.208387 ],[ 18.20083  -18.831207],[-0.4816113  0.7068384],[-15.460076  16.455202],[-6.4423685  7.0991836],[ 7.376231 -7.359147],[-2.829328   3.1956174],[-5.120816  5.395931],[-10.341276  10.644756],[ 1.5820647 -1.256757 ],[-0.80073225  0.6005071 ],[ 5.5246043 -5.203304 ],[ 3.0811913 -2.7991734],[ 1.9812771 -1.7511674],[-0.57467437  0.8776163 ],[-7.5526676  7.878776 ],[ 11.240178 -11.990769],[-5.6246815  5.722509 ],[-7.6439853  8.076219 ],[-9.065195  9.324555],[ 8.258355 -8.149312],[0.0146399  0.35326022],[-14.627384  15.690479],[ 11.469058 -11.693861],[ 4.1211295 -4.8969407],[ 3.9380183 -3.360122 ],[ 4.1645193 -4.257441 ],[-3.6980493  4.2300367],[-4.327476   4.3113494],[ 4.1227016 -4.87916  ],[ 14.674921 -15.381307],[-2.2840037  2.2870665],[ 7.3457556 -8.218285 ],[-8.855527  9.381218],[-10.806966  11.433437],[-6.397587  6.882555],[ 11.489993 -11.128439],[-2.4022467  2.4794824],[ 8.046963 -8.736081],[0.40649793 0.08235721],[-4.726841   4.8168144],[ 2.1289682 -2.010856 ],[-10.526613  11.003361],[-6.0607886  6.305728 ],[-13.403342  14.415966],[-9.503146 10.029597],[ 5.3940716 -5.7244635],[-6.4682226  7.056659 ],[-0.56850773  0.49088418],[ 11.338891 -11.554282],[-0.848123   1.0153701],[ 0.8605265 -0.8980359],[-9.525125 10.211702],[ 3.7733774 -4.475352 ],[-4.22406   4.147206],[ 0.7317657  -0.38121027],[ 2.320051  -2.5579517],[-4.0832157  4.504554 ],[-0.5199809  0.5479927],[-0.72657675  0.752551  ],[-5.153643   5.0965495],[-14.902975  15.642286],[-15.025518  15.64892 ],[ 3.0505404 -3.682616 ],[-13.964489  14.685046],[ 5.6685333 -5.7548513],[ 7.6477075 -7.9704323],[ 0.4114567  -0.04392276],[ 1.8300184 -1.5611941],[ 3.0399277 -3.7390327],[-7.955794  8.289652],[ 1.7316852 -1.4741709],[ 8.567623 -8.60672 ],[-0.808274   1.3107849],[-6.802473  6.794494],[-3.7934082  3.7850108],[-1.2708917  1.7272604],[-1.8120717  1.8675464],[ 1.4694756 -2.0753808],[-7.063194  7.718247],[ 2.3136737 -2.1008756],[ 15.68498 -16.14527],[ 5.019387 -5.086273],[ 0.22148949 -0.17398775],[-8.090162  8.684332],[-1.6457856  1.4990321],[-1.7547667  1.537759 ],[ 3.2372048 -2.7543983],[-6.4439864  6.480456 ],[ 16.393213 -17.315983],[-4.055047   4.1289077],[-13.190951  13.949348],[-10.071566  10.614243],[-10.392246  11.05437 ],[ 19.254925 -20.387508],[-7.3747315  7.894273 ],[0.12238103 0.09819299],[-1.7456737  1.8299564],[-0.9928904  0.9991625],[-2.9750798  2.8163984],[ 1.2396998 -1.5780685],[ 0.86946845 -0.45905203],[ 5.3873396 -5.1465263],[  9.6385355 -10.246225 ],[-9.462946 10.286114]
[-2.6656847  2.921429 ],[-11.059293  12.058124],[-5.48725   5.960954],[-0.30402562  0.5922134 ],[-1.6143873  2.107884 ],[ 3.9035988 -3.8346152],[ 21.781475 -22.871403],[ 2.093098  -1.7514889],[ 3.8278346 -4.4136453],[-4.6437373  5.1961555],[ 6.292248 -6.969241],[ 14.919997 -15.693601],[ 17.46419  -18.836456],[ 9.063047 -9.199713],[ 12.289562 -13.466549],[ 8.206472 -8.865493],[-2.1086226  2.5330548],[ 7.3289084 -7.9781804],[ 0.98064107 -0.9226215 ],[ 11.989969 -12.942992],[ 1.0719568  -0.98137015],[ 16.111135 -16.830126],[ 4.63879   -4.8729057],[-10.303657  11.069107],[ 2.0573142 -2.0554373],[ 15.6376505 -16.926323 ],[-12.853327  13.840272],[ 5.5314417 -5.5330043],[  9.267945  -10.1805525],[ 0.49607876 -0.44818258],[ 16.644915 -17.795553],[ 6.484304 -6.991922],[-7.2909026  7.771689 ],[-6.1688232  6.6182804],[ 9.691105 -9.794341],[ 15.961351 -16.542818],[ 5.2943664 -5.8303623],[-14.033573  15.297469],[ 18.871828 -19.889524],[ 13.4929085 -14.543974 ],[ 1.9941368 -1.7613477],[ 2.707201 -3.222996],[-4.9217873  5.138929 ],[ 21.294994 -22.825619],[ 2.0771956 -2.5489388],[ 1.9904025 -2.5358996],[-11.934178  12.79041 ],[-5.002389  5.594689],[ 6.0409617 -7.1250963],[ 18.905672 -19.718794],[ 0.4083901  -0.31627524],[ 13.227362 -13.78798 ],[ 2.060761 -2.195544],[ 13.85044 -14.40089],[ 5.2525516 -5.8858294],[ 20.27965  -21.383608],[ 1.3669289 -0.9915444],[-0.53089243  0.9933782 ],[ 0.9087185 -0.6414106],[ 20.085445 -21.233196],[-14.4873905  15.452991 ],[ 6.3833904 -7.1300077],[ 6.937227  -8.1369095],[ 15.636526 -16.403938],[ 6.6441193 -7.1565375],[ 5.442388  -5.4348574],[ 7.0329127 -7.899165 ],[ 6.462673  -7.4184546],[ 19.557001 -20.73166 ],[ 16.884201 -17.531345],[-4.416521   4.8129344],[-8.432144  9.447153],[-9.250197 10.025686],[ 4.2180076 -4.2214046],[ 19.079851 -20.109812],[ 1.8847064 -1.6440052],[  9.604831 -10.486539],[ 2.9959319 -3.0155246],[ 3.3522053 -3.5650036],[ 10.072959 -10.670576],[ 18.484001 -19.29899 ],[ 17.65556  -18.422318],[-1.5584055  1.8209026],[ 8.28683  -8.702248],[ 11.732064 -12.450659],[ 18.602385 -19.30961 ],[-2.7498329  2.7970297],[ 22.387905 -23.672998],[-1.1605967  1.4776212],[ 9.799611 -9.672649],[ 6.964864 -6.687769],[ 12.193369 -13.077354],[ 3.6660948 -4.3407907],[ 16.195671 -16.799255],[ 1.3231087 -1.6687505],[-5.240418   5.8325114],[ 4.1505437 -4.3075237],[ 4.153927  -4.2992935],[-9.930831 10.701875],[-10.629     11.356231],[-6.6530385  7.4444   ],[-14.358322  15.718991],[-6.3249755  6.95781  ],[ 3.2215514 -3.539652 ],[ 9.360913 -9.913473],[-0.13680294  0.16678074],[ 16.41189  -17.583328],[-4.7451425  5.0053177],[ 3.6813905 -4.2134137],[-0.0058995   0.28941214],[ 10.559061 -11.529892],[ 1.5638067 -1.3930985],[-11.5610895  12.599169 ],[ 10.426769  -10.7628565],[ 11.836036 -12.548276],[-0.48500842  0.6013855 ],[ 12.685613 -13.885826],[-10.564639  11.602559],[ 3.2559552 -2.9281964],[-12.141728  13.406529],[-0.25357774  0.566865  ],[ 1.8520948 -2.2867904],[ 16.380733 -17.915054],[ 3.073863  -3.2742767],[-2.7151182  2.9707327],[ 11.958482 -12.455297],[-1.4250054  1.4557681],[ 11.263792 -12.322653],[ 0.06740467 -0.16391674],[ 18.654383 -19.520517],[ 21.247618 -22.582836],[-8.363097  8.977712],[ 15.847277 -17.165794],[-0.9259346   0.90194243],[-0.38955966  0.75481784],[ 19.710152 -21.20099 ],[ 7.9022355 -8.645378 ],[-0.22382161  0.32465136],[ 4.3826075 -4.417012 ],[ 5.362013  -6.0061607],[ 13.286622 -13.804608],[ 7.6238704 -8.534644 ],[-1.4993526  1.779899 ]
[ 1.3983481 -1.7707589],[ 17.940388 -19.064266],[ 13.895307 -14.922979],[  9.090927 -10.012543],[ 12.5492935 -13.138959 ],[ 12.581615 -13.590186],[ 10.673045 -11.849595],[ 4.1752925 -4.9722958],[ 16.709585 -17.706984],[-6.322336   6.8608356],[ 0.97289824 -1.0821213 ],[ 4.6211886 -5.321949 ],[-10.675218  11.881954],[ 22.120878 -23.314137],[ 13.109082 -14.749804],[ 13.659299 -15.066292],[  9.155326 -10.299762],[  9.077043 -10.460362],[ 19.973028 -21.514475],[ 7.0663085 -7.994393 ],[ 12.011213 -12.732262],[ 4.887368  -5.8302355],[ 8.872614 -8.750372],[ 3.488741  -3.1860425],[ 13.757572  -14.7791815],[ 7.298586  -7.8066945],[ 8.522619 -9.340916],[ 19.305819 -20.338686],[-15.656405  16.875114],[ 12.767964 -14.302521],[-1.6202202  1.6910347],[ 20.42859  -21.910168],[ 21.656649 -23.264204],[ 11.94358  -13.199534],[ 19.437738 -20.749659],[ 8.130272 -8.919677],[ 20.29852  -21.815605],[ 0.41454548 -0.41094118],[ 12.425876 -13.356132],[-13.061148  13.716249],[ 14.060109 -15.180118],[-7.1417727  7.9666543],[ 19.743444 -20.675829],[ 7.738349 -9.322283],[ 11.253786 -12.035975],[ 14.990026 -16.249245],[ 15.908297 -17.46893 ],[ 1.5712774 -1.6097113],[ 16.862171 -18.001863],[ 10.69725  -11.631033],[ 10.781781 -11.970635],[ 2.403328  -2.7853854],[ 1.4498698 -1.6981255],[ 15.1900835 -16.152067 ],[-0.35043648  0.41647863],[-5.2605886  5.5733657],[ 5.8332458 -6.3626223],[  8.933408 -10.169831],[ 15.755063 -16.867405],[ 5.6794863 -6.3814034],[-9.026062  9.539977],[-0.48790705  0.7162188 ],[-3.8800128  4.120814 ],[ 18.654865 -19.76393 ],[ 6.560313  -7.6140637],[ 17.855062 -18.855568],[ 4.8876734 -5.7714553],[ 13.010444 -14.043919],[-17.87636  18.98418],[ 3.081209  -3.3959649],[-5.437355  5.796917],[ 4.8547935 -5.548823 ],[ 17.364029 -18.56264 ],[ 20.022465 -21.20915 ],[ 0.7745441 -1.3084304],[ 1.2374903 -1.4372406],[-5.0195155  5.450462 ],[-1.4617351  1.7199402],[-3.1756594  3.4645834],[ 15.05075 -16.60026],[ 18.450216 -19.706276],[ 16.137405 -16.975586],[ 10.046225 -10.968521],[ 14.773842 -15.944814],[ 5.9860096 -6.978266 ],[ 0.69163096 -0.49619365],[ 3.8941798 -4.302286 ],[-5.716086   6.1129136],[-0.5980532  0.7101933],[ 20.254465 -21.182392],[ 7.1991954 -7.63449  ],[-2.6208553  2.9701955],[ 10.276745 -11.596335],[ 6.398663 -7.011396],[ 4.38154  -5.223488],[ 0.7671822 -0.878586 ],[ 5.961365  -6.5191483],[ 6.4568057 -7.053762 ],[-2.8007343  2.9070299],[ 11.37095  -11.906169],[ 3.666537  -3.6571507],[ 14.033977 -15.199435],[ 6.0393233 -6.9190683],[-2.2524605  2.3885925],[ 7.3339243 -8.068502 ],[ 16.66517  -17.904564],[ 10.437953 -11.576394],[-0.687143    0.64868975],[-6.3659773  6.709138 ],[-12.206642  13.121431],[ 5.058679 -6.132389],[-15.304441  16.335312],[-2.0190673  2.052738 ],[ 15.406628 -16.584597],[-12.36938   13.314258],[ 8.165883 -9.063703],[-16.196318  17.168444],[ 0.30322942 -0.0533747 ],[ 13.305856 -13.568124],[ 12.267477 -13.047898],[ 17.138847 -18.034403],[ 11.014158 -12.165315],[ 17.394646 -18.68528 ],[ 12.0172615 -13.508792 ],[ 8.229016 -9.69006 ],[ 7.3262467 -7.462396 ],[ 10.920439  -12.0620165],[ 3.8589842 -4.7220583],[ 10.325947 -11.650597],[-9.480486 10.410662],[ 19.031118 -20.495518],[-3.0796921  2.8721673],[-9.60811  10.581063],[-0.9800635  1.0622269],[-0.80964065  1.2377243 ],[-9.68077  10.695083],[ 11.952983 -13.361243],[ 10.765386 -12.037388],[ 1.0068603 -1.1951175],[ 6.8547173 -7.796563 ],[ 8.770959 -9.654858],[ 4.659226  -5.3018966],[-1.6509888  2.0335636]
[-2.5323932  2.6321163],[-13.943466  14.968128],[-13.610703  14.666888],[-5.7845526  6.4517627],[-2.0523665  2.4247892],[-11.890122  12.869023],[-11.164053  12.175092],[-7.4348807  8.192433 ],[-12.554968  13.318226],[ 6.3454065 -6.5139475],[-16.496016  17.77488 ],[-15.452089  16.40492 ],[-10.149925  10.866432],[ 17.443546 -18.859797],[-15.20105   16.167568],[-15.4156685  16.497677 ],[-9.304693 10.22451 ],[-2.107108  1.99903 ],[ 6.875582 -8.025685],[-13.244873  14.391605],[ 16.885777 -17.335213],[-16.987011  18.026468],[ 14.677688 -15.329611],[ 17.634558 -18.41966 ],[-7.5606704  8.014143 ],[-11.874433  12.534045],[-9.19825   9.946401],[-15.593869  16.71279 ],[-15.118997  16.1364  ],[-5.9812474  6.5522575],[-0.49030685  0.78225636],[-16.19119   17.374332],[-17.137253  18.270424],[ 11.069163 -12.005743],[ 12.531622 -13.395982],[-18.108568  19.328325],[-13.313016  14.432177],[-1.0174732  1.3900253],[-16.775728  17.912596],[-4.477333   4.9856243],[-15.626402  16.882303],[ 0.5716638  -0.69605714],[ 4.2817163 -4.5606737],[-8.098769  8.632691],[-11.819437  12.74083 ],[-14.434092  15.395017],[ 12.912835 -13.898948],[-9.783757 10.577234],[-9.267024  9.817694],[-15.075195  16.091679],[-11.6621895  12.52438  ],[-15.3698015  16.528366 ],[-12.5168915  13.711208 ],[-0.1445072  0.7408505],[-4.7087045  5.284602 ],[-12.730865  13.548513],[-8.378471  9.089018],[-1.082543   1.5318239],[-16.826275  18.015223],[-15.227995  16.345552],[-6.441451   6.8030906],[ 4.4634066 -4.804481 ],[-10.864518   11.5018635],[-7.452664   7.9198866],[-8.411262  9.184421],[-7.325827  7.759231],[-11.87044   12.528598],[-2.1364179  2.3875864],[ 8.372776 -8.768359],[-11.793168  12.851726],[-1.931596   2.1162188],[-14.541437  15.600475],[-4.5472293  5.1289067],[-14.014514  14.681295],[-15.740525  16.830538],[ 2.8726523 -2.974653 ],[-4.2523465  4.769808 ],[-9.281211  10.0698395],[-4.462739  5.44284 ],[-7.75216   8.150708],[-3.8208015  3.9496844],[-16.73955   17.907185],[-4.720783  5.021901],[-9.354463 10.149749],[-13.474024  14.410187],[-16.122902  17.242645],[ 7.337821 -7.347333],[-13.9547205  14.585498 ],[-5.9965644  6.394005 ],[ 1.3618522 -1.4200675],[-11.820556  12.551401],[-16.62835   17.733406],[-3.3361084  3.6747031],[ 7.5489926 -8.021902 ],[-7.9879375  8.667641 ],[-13.248531   14.0812645],[-5.089476   5.8808036],[-5.2444654  6.044212 ],[ 12.049781 -12.786006],[ 21.751097 -22.659033],[ 22.056772 -23.1068  ],[-15.113051  16.351377],[-10.946974  11.86338 ],[-10.5590105  11.496422 ],[-17.081905  18.302488],[-9.130694  9.968197],[-7.6100526  8.2384815],[ 19.534243 -20.727098],[-9.544845 10.083712],[-8.998536  9.692108],[-2.8351676  3.2690127],[-7.1231074  7.623447 ],[ 22.49241  -23.577265],[-10.770189  11.623246],[-0.14596653  0.34145087],[-8.652608  9.588439],[ 8.487544 -8.734736],[ 0.38888198 -0.27648386],[ 20.501411 -21.373516],[-0.8975657  1.2737014],[-13.726466  14.520801],[0.03385571 0.32306635],[-13.090463  13.979908],[-11.750764  12.839703],[-2.3755317  2.6152248],[-11.43109   12.484052],[-6.4507957  7.0403066],[ 1.245617  -1.6646563],[-0.46464747  0.507339  ],[-15.514072  16.505924],[-16.355299  17.53241 ],[-6.732993   7.2388964],[-16.626318  17.850153],[-2.3340888  2.6369205],[-13.716467  14.670604],[-15.192648  16.277845],[-5.4774218  6.1015463],[  9.671583 -10.867051],[ 17.864538 -19.028513],[-8.085343  8.938756],[ 0.8019396  -0.81645495],[-4.889562  4.969128],[-9.3061   10.163011]
[-4.513908   4.9603276],[ 6.5902486 -6.124263 ],[-10.9431715  11.85067  ],[-7.238119  8.077486],[-0.80104727  1.1707424 ],[ 1.500593  -0.9619847],[-11.756552  12.798519],[ 1.0788926  -0.88793623],[-3.543455   3.5403774],[ 6.5476003 -6.8251   ],[-7.613193  8.445256],[-15.397293  16.44616 ],[-10.53438   11.587431],[-11.291076  12.071938],[-3.4220908  3.8355007],[-2.437072   3.0933135],[-5.3187685  5.9441533],[-8.348274  8.954623],[-10.2044325  11.015706 ],[-10.217307  11.102162],[ 0.6270941 -0.8037725],[-0.3285361   0.56526905],[-3.6662934  4.132878 ],[-7.021217   7.3985796],[-1.8664411  1.8848898],[-2.0156271  2.3441944],[-5.2595406  5.6256375],[ 4.334035 -4.172541],[-9.1567335  9.941572 ],[-7.3256693  7.87814  ],[-12.158204  12.969201],[-10.563407  11.402509],[ 17.263546 -18.005377],[ 4.019805 -4.621155],[-1.7840997  2.0636878],[-12.886565  13.917056],[-15.359514  16.565641],[-10.588125  11.474369],[-11.863837  12.740562],[-0.789357    0.84139454],[-6.730361   7.2991533],[ 7.768048 -8.605117],[-1.2526172  1.4675858],[-16.084398  17.286911],[-6.316697   6.6112127],[-11.452249  12.435201],[-6.27753    6.5178447],[ 14.66542  -15.066454],[ 12.510273 -13.251485],[-13.534083  14.571281],[-4.0053916  4.3795686],[-1.6099864  1.8535125],[-14.529454  15.733804],[-9.427002  9.900138],[-5.7428913  6.293384 ],[-9.536946 10.154697],[-1.8501786  2.1722999],[-0.9958994  1.1748884],[ 2.700095 -2.445864],[-13.977405  15.122536],[ 14.179037 -14.375435],[-14.128202  15.286222],[-12.46025   13.405445],[ 10.082448 -10.79404 ],[-14.316597  15.377509],[-9.405579 10.159365],[ 3.3383243 -4.021353 ],[-12.503431  13.450888],[-7.7684436  8.759046 ],[-6.247029   6.9094205],[ 0.20577395 -0.10399349],[-10.106522  10.77329 ],[ 0.39593452 -0.31904316],[ 21.493492 -22.758566],[-4.169004  4.634721],[-0.9653526  1.1951967],[-2.4879127  2.7202253],[-0.808393   1.0107721],[-1.1986476  1.6906835],[-5.2646365  5.6496673],[ 8.429695 -9.123719],[-0.00856795  0.139619  ],[ 11.886242 -12.648744],[-3.8952155  4.4553814],[-13.784908  14.705066],[-13.025745  13.958593],[-0.35275912  0.5399588 ],[-3.7150238  4.100044 ],[-6.141297   6.5352287],[ 0.14561382 -0.19754875],[ 1.1398665 -0.6491864],[-8.648606  9.155766],[-3.0806143  3.4045882],[-13.048838  14.059598],[ 7.006423 -7.914837],[-5.3645687  5.745816 ],[ 1.7492993 -1.9533119],[ 1.7475891 -1.9345567],[-2.8002706  3.1645517],[ 8.773891 -9.248089],[ 9.095241 -9.734987],[-10.238485  11.049216],[ 4.4947677 -4.647339 ],[-8.522295  9.229071],[-11.940481  12.903084],[-13.376228  14.347983],[ 1.5810722 -1.7612152],[-10.375183  11.002714],[-2.028934   2.1237533],[-0.19336838  0.40624595],[-4.9975386  5.305121 ],[-9.578255 10.340139],[-2.5709946  2.612022 ],[ 5.6115584 -5.819341 ],[-10.610945  11.476053],[-2.3587925  2.7954996],[-0.33951512  0.4867767 ],[-14.680932   15.6499195],[-5.4147615  5.5093846],[-3.461324   3.9092588],[ 3.9256551 -3.9996715],[-1.5985901  1.8255585],[-12.300004  13.338034],[-10.409676  10.998466],[ 8.633467 -8.926732],[ 18.537188 -19.267517],[ 6.063945  -5.9759145],[-8.440721  9.151117],[ 5.7288613 -6.1961927],[ 5.08459   -5.8195734],[-16.172876  17.281136],[ 7.399624  -7.5473747],[-13.330817  14.320499],[ 5.1428866 -5.4156976],[-0.3425393   0.68623614],[-7.533692  8.223062],[-6.0035114  6.468751 ],[-0.22228679  0.38351923],[-8.728736  9.374463],[ 2.5284266 -2.808922 ],[-0.98328274  1.1178095 ],[-9.241396 10.029683],[ 0.04138814 -0.09990197]
[ 15.769358 -16.338537],[ 12.788433 -13.331655],[ 6.8229513 -6.984654 ],[ 1.8175261 -2.1263509],[-0.7275711  1.1586746],[ 13.669081 -14.060697],[-12.863935  13.938504],[ 10.586621 -10.995761],[ 16.563545 -17.266813],[ 2.085735  -2.1906002],[ 6.1951227 -6.6707907],[-9.470778 10.445892],[ 9.397835 -9.578614],[-3.4508307  3.927475 ],[-5.9505935  7.0733147],[-0.9232277  1.6989924],[-2.1811075  2.6558619],[ 0.794761  -1.2005851],[-1.2507721  1.8024719],[ 1.2573746 -0.959316 ],[ 3.5699794 -3.895008 ],[ 16.465492 -17.154507],[-11.05688   11.987747],[-2.1192758  2.2807207],[ 5.2002378 -5.1249743],[-7.253694  8.309873],[  9.749639 -10.462302],[  9.881761 -10.449686],[ 4.9765534 -5.2108474],[ 1.7429138 -1.8223431],[ 5.318909 -5.096288],[ 14.616685 -14.915024],[-7.2827635  8.309084 ],[-0.94139415  1.0532031 ],[-5.2534275  5.783188 ],[-7.7267013  8.488553 ],[-10.103141  11.247275],[-9.004302  9.711967],[-5.6489997  6.172387 ],[ 12.81305 -13.28789],[ 3.976515  -4.2672477],[-11.046594  11.897278],[ 1.4179691 -1.4410836],[ 14.256393 -15.095128],[ 9.437476 -9.836801],[ 1.0301741 -1.3316052],[-1.5873666  1.8114575],[ 12.339884 -12.95164 ],[ 11.52888  -12.582642],[-5.183328   5.8124785],[-0.04738899  0.05682617],[ 2.4439616 -2.6934154],[-10.923712  11.874195],[ 3.2830796 -3.623799 ],[ 5.9220104 -6.543585 ],[ 12.716268 -13.007499],[ 4.8127384 -5.3140445],[-0.05800134  0.7259237 ],[ 2.1924548 -2.5600379],[-2.3907232  2.9808717],[ 14.135454 -14.349054],[ 0.32366765 -0.0462795 ],[ 14.540672 -15.286161],[ 5.1922464 -5.9755   ],[ 9.740628 -9.914681],[ 6.1812882 -6.574141 ],[ 6.9170413 -7.442754 ],[ 3.4961987 -3.4406335],[  9.974151 -10.421871],[  9.966321 -10.674269],[ 11.361572 -11.321157],[ 8.840453 -9.351294],[ 4.398162  -4.5919003],[-3.1159496  4.1278477],[-4.5976667  5.125922 ],[-3.6395586  3.9783187],[ 7.543153  -7.7191525],[ 0.32510027 -0.14880839],[ 13.950345 -14.216587],[ 9.217434  -9.7195425],[ 5.5333204 -6.0540333],[ 0.3152462  -0.05668344],[ 7.324357  -7.8404946],[-12.05025  13.23605],[ 8.179176 -8.22304 ],[ 18.568775 -19.352505],[ 14.421009 -15.320615],[ 0.750049   -0.79189974],[  9.532137 -10.144235],[ 18.643204 -19.73126 ],[ 7.6997037 -7.9481664],[ 4.981863  -5.0487437],[ 6.306619 -6.664091],[ 2.6576242 -2.4062366],[ 6.241458  -6.4490104],[ 0.11966538 -0.02443026],[ 1.96684   -2.0510235],[ 2.227838  -2.3222191],[ 0.54987586 -0.527222  ],[ 13.4557085 -14.3343935],[ 2.6294491 -2.7181344],[-4.6224785  5.0950165],[ 1.2097677 -1.3687544],[ 3.2466948 -2.7747376],[ 6.8244834 -7.338948 ],[ 7.8100767 -8.362044 ],[ 5.746277 -5.91559 ],[-11.811472  12.853551],[ 3.0559642 -3.5873768],[ 11.438245 -11.733206],[ 15.291581 -16.031734],[ 1.1329153 -1.1380389],[-0.19697466  0.29830694],[-3.5954537  4.147187 ],[ 1.8398738 -2.1328964],[-6.094595  6.661491],[-1.5606041  1.9100981],[-6.1544957  6.4973207],[ 20.094782 -21.453585],[-8.792906   9.8432045],[ 17.023394 -18.358667],[-0.17222056  0.42513233],[ 0.45211345 -0.32923144],[-1.6455559  1.989432 ],[ 2.04268   -1.7831188],[ 7.9526997 -8.531705 ],[ 0.20721433 -0.03653708],[ 3.0055952 -3.8821936],[-6.6119647  7.3516955],[ 8.553408 -9.217787],[-12.7818    13.893745],[ 16.758425 -17.381126],[-8.703217  9.437423],[-7.0189104  7.685262 ],[-0.54667836  0.83994955],[ 6.9523168 -7.3466034],[-1.0531626  1.5387065],[ 1.6251435 -1.5776517],[ 12.982017 -13.413498],[ 10.39545  -10.891217],[-0.45380753  0.7769953 ],[ 10.458741 -10.638951],[-0.7904705   0.98643535]
[-10.829655   11.5269575],[-13.492798  14.346788],[-7.6728764  8.315523 ],[-12.452588   13.5570545],[-1.0809655  1.595099 ],[-11.329988  12.065606],[-14.580194  15.774782],[-14.519888  15.891057],[-10.519981  11.208531],[-9.324685  9.893084],[-15.376048  16.506218],[-14.554716  15.607163],[-14.8268585  16.092428 ],[-15.919081  17.333149],[-14.858656  15.852757],[-15.120093  16.199085],[-12.657884  13.583892],[-9.991065 10.849803],[-4.043021  4.719805],[-14.346076  15.495009],[-3.5616174  4.133552 ],[-17.031015  18.257553],[ 1.813795 -1.731353],[-10.708315  11.174904],[-6.826119  7.471957],[-15.968177  17.257742],[-11.098073  11.806117],[-13.319575  14.008305],[-15.658922  16.786196],[-7.5660567  8.58754  ],[ 0.5402678  -0.12979671],[-6.872975  7.586296],[-10.23643   11.015497],[ 2.1379821 -2.431635 ],[-8.343581  8.771542],[-14.992818  16.100895],[-14.782897  15.975049],[-13.224439  14.182012],[-13.18743   14.212864],[-11.74866  12.6908 ],[-14.237914  15.313757],[-1.0522289  1.2012311],[-15.728537  16.84475 ],[-16.44623   17.831644],[-5.861793  6.506779],[-10.942269  11.808504],[ 1.1769392 -1.4032872],[-13.286932  14.319401],[-12.795665  13.714515],[-14.014919  14.948942],[-13.0103    14.034517],[-14.512002  15.789088],[-12.211802  13.127427],[-9.165627  9.700331],[-14.915347  16.035292],[ 13.64835  -14.073078],[-14.032123  14.986059],[ 8.579626 -9.07922 ],[-13.822331  14.749173],[-14.789319   15.9541645],[ 13.503845 -14.056078],[-8.142096  9.191462],[-10.8621025  11.875573 ],[-15.887525  16.847729],[-8.46943   9.261503],[-7.8003664  8.72742  ],[-13.867301  14.959017],[-6.1854935  6.9688168],[-16.557817  17.862492],[-11.017421  11.827635],[ 13.7888775 -14.181012 ],[-4.8537965  5.2453704],[-5.11576   5.776164],[-3.0982764  2.961981 ],[-10.212486  10.988992],[-1.9439931  2.1984055],[-11.637465  12.840698],[-11.881361  12.696109],[ 10.117585 -11.058857],[-11.762777  12.794259],[-9.281398  9.425713],[-1.5700965  1.8774924],[-11.946376  12.849708],[-15.63747   16.911634],[-5.356008  5.905925],[-14.140312  15.268062],[-13.174103  13.979931],[-15.672239  16.92415 ],[-12.296762  13.371939],[-14.041642  14.959595],[-14.905862  16.003275],[ 2.8935757 -2.8892775],[-1.5434226  2.030784 ],[-11.898105  13.080573],[-1.4591964  1.7120706],[-13.428878  14.345352],[ 13.854127 -14.846918],[ 13.794304 -14.796705],[ 5.8595905 -6.6560087],[ 14.135294 -15.508321],[ 15.320235 -16.484697],[-13.64125  14.63183],[-10.710657  11.73201 ],[ 2.2309659 -2.3000507],[-13.818989  14.950723],[-6.731466  7.534733],[-1.8512529  2.412011 ],[ 16.174318 -17.016743],[ 3.319503  -3.9349463],[-13.773633  14.755394],[-3.1550553  3.4933267],[-2.4979393  2.719264 ],[  9.980095 -10.671704],[ 0.33327416 -0.34629405],[-12.881162  13.806397],[-10.994849  11.645621],[-3.7956164  4.2662873],[-12.312828  13.274794],[-1.2828989  1.7159204],[-3.9645033  4.6594396],[-16.077665  17.044212],[-4.6652517  5.3642244],[-16.286263  17.711456],[ 1.8726954 -1.8234038],[-0.18558544  0.20002326],[-13.679691  14.428619],[-3.1089556  3.5951042],[-14.941908  16.206148],[-7.6331873  8.559998 ],[-7.2215567  7.8949885],[-13.840776  15.157289],[-8.894023  9.452213],[-13.70601   14.708517],[-12.602778  13.544078],[-8.732024  9.327287],[-14.735206  15.8568  ],[-5.1133723  5.886291 ],[ 6.0570908 -6.4400916],[-16.850706  17.991201],[-4.6732903  4.9133925],[-0.1121941  0.4884562],[-13.394172  14.509686],[-10.176707  11.112866]
[ 0.17532605 -0.1401532 ],[ 6.5764775 -7.246542 ],[ 1.3092775 -1.7849381],[-9.412457 10.309773],[-15.65884   17.018967],[ 11.637792 -12.296749],[-5.1332397  5.568299 ],[-14.771184  15.930063],[-6.704457   7.4073286],[-4.7565417  4.830495 ],[-6.5522523  7.106672 ],[-1.4162914  2.0684588],[-3.1881523  3.6829746],[-6.5146775  7.4889483],[ 2.0023131 -1.8220711],[ 2.436679 -2.716517],[-12.897907  13.856638],[-2.093456   2.2016716],[-16.417185  17.679379],[-1.3884581  1.6359254],[-15.916344  17.092342],[-0.43850964  0.5327161 ],[-14.21635   15.298921],[ 11.494625 -11.94363 ],[-12.989125  14.105885],[-7.1352105  7.5692782],[-1.9230021  2.2049334],[-12.028545  13.04238 ],[-0.5267655   0.40927207],[-15.365755  16.531908],[-3.6259074  3.8373098],[-0.3246565   0.42802823],[  9.68824  -10.470194],[-13.5118475  14.906738 ],[ 0.25444674 -0.33581346],[ 1.6749446 -1.8960252],[-6.293176  6.996976],[-11.420855  12.301489],[ 1.2267591 -1.2606012],[-3.6717992  4.25368  ],[-12.531222  13.538243],[ 11.339539 -12.396787],[-9.468643 10.252716],[-10.99596   11.929982],[-14.271752  15.449287],[-10.09224    10.7360325],[-13.81821   15.177448],[-3.716411  3.957274],[-14.014332  15.152894],[ 10.929817 -11.401066],[-10.554267  11.476173],[-3.281939   3.7728426],[-7.926471  8.51013 ],[-5.047104   5.8594465],[-14.472005  15.304582],[ 3.755185 -3.96398 ],[-3.2990444  3.2733092],[-15.42962  16.52141],[-14.446602  15.417262],[ 3.4189765 -4.127058 ],[-11.773565  12.338763],[-15.105276  16.206688],[-11.145491  12.106347],[ 1.2845888 -1.3771322],[-1.3894062  1.1803521],[-15.950242  17.167625],[-9.606967 10.62429 ],[-12.993101  13.76869 ],[ 5.353146 -5.643055],[-6.1953154  6.64381  ],[-2.3355658  2.8151858],[-2.5720928  2.625651 ],[-15.507376  16.740658],[-16.438227  17.620604],[-4.9666977  5.3818245],[-12.542436  13.591732],[-13.415582   14.3737335],[-8.318364  8.822746],[-15.736366  16.993742],[-15.581766  16.674889],[-7.3227158  8.024765 ],[-4.8090425  5.085479 ],[-12.573052  13.479739],[-2.4300508  2.7847967],[ 3.91194   -3.9763453],[-1.9557116  2.4359307],[ 0.07720336 -0.25956202],[-16.588802  17.64953 ],[-7.859085  8.399544],[-16.606125  17.832903],[-14.049149  14.98522 ],[ 5.66026  -5.321133],[-10.787993  11.460279],[-5.7326956  6.5182195],[-14.254937  15.289135],[ 5.5071936 -6.403874 ],[-11.910672  12.583109],[-12.20184   12.878251],[-6.350453  7.110603],[-0.57993805  0.17521676],[-4.5867176  4.690148 ],[-7.6185646  8.141008 ],[-2.9867284  3.2818341],[-6.690587   7.3389044],[-3.2563412  3.4883018],[-16.193962  17.323193],[-17.00432   18.207302],[-7.5308433  8.627166 ],[-2.616738  2.603127],[  9.603505 -10.024586],[-4.746241  5.034874],[-2.1777625  2.0400112],[  9.819178 -10.544127],[-15.506226  16.70729 ],[-8.186159  8.69639 ],[ 0.5575317 -0.3235488],[-8.853928  9.499831],[-3.6504781  4.0467834],[-1.911435   1.5949798],[-13.33434   14.369636],[-4.1959624  4.607981 ],[-5.0760193  5.7312617],[-8.236001  9.116993],[-6.963163   7.6478333],[-13.715104  14.670974],[-9.863598 10.85096 ],[-4.3973284  4.726262 ],[-14.910535  15.929683],[-15.37698   16.673683],[-15.099352  16.250702],[-6.413926  6.93015 ],[-0.11318193  0.10274035],[-2.564376   2.7338474],[-3.7576885  4.0011415],[-0.3275517  0.1789458],[-7.3074875  7.7033887],[-13.259268  14.212251],[-8.3830385  9.0944195],[ 1.0682449 -1.1803745],[-9.710375 10.356433],[-15.040246  16.244799],[ 1.7166073 -1.1644005],[-6.553005   7.0809617]
[ 2.6290681 -2.9430966],[ 4.565773  -4.7493315],[-1.289448   1.6453918],[-10.838997  11.772737],[  9.794694 -10.61163 ],[-9.160476  9.933426],[-4.486889   4.8391995],[-6.3936596  6.855357 ],[ 10.470443 -10.67613 ],[ 14.99507  -16.030598],[ 6.467048  -7.4646235],[ 0.69267315 -0.56488657],[-14.830895  15.888494],[-8.590571  9.435301],[-3.0944092  3.3560543],[ 2.808847  -3.1037104],[-0.46251273  0.37300932],[ 12.599894 -13.275797],[-6.0067043  6.3196034],[-2.4601119  2.7588768],[ 0.4797487  -0.18825623],[ 18.31887  -19.271536],[-3.5328016  4.083442 ],[-6.2453036  6.344884 ],[-2.6909266  3.133837 ],[-8.023095  8.655687],[ 0.7913727  -0.92059684],[ 7.0068707 -6.708312 ],[-2.8667424  2.978791 ],[-5.760148  6.148862],[-0.42712525  0.6875818 ],[ 19.803112 -20.754927],[ 0.9077003 -0.8838476],[-13.53103   14.505697],[ 3.3067615 -3.4537337],[ 2.1404355 -2.5609756],[-4.923155  5.130364],[ 3.3550155 -3.989546 ],[ 0.6450944 -0.8102158],[-3.2916722  3.8143342],[-3.0550582  3.199593 ],[-13.537865  14.532753],[ 3.4140449 -4.1002536],[ 5.7460494 -5.8074493],[-5.171318  5.66891 ],[ 1.1353921 -1.1746744],[-0.24458799  0.36655813],[ 7.40131   -7.3967094],[-6.6410456  6.882395 ],[ 2.3782225 -2.6555068],[ 1.1418518 -0.8840765],[-11.660906  12.400034],[ 2.207682 -2.490181],[ 9.0468235 -9.193141 ],[ 1.3691024 -1.4391009],[ 17.9228   -18.625685],[-4.364209   4.4099264],[ 6.1878963 -6.124933 ],[ 0.6816434 -0.6127665],[-4.6989236  4.9123936],[ 8.859659 -9.302801],[-9.100485  9.74059 ],[ 7.205518  -7.6333413],[ 3.3170526 -3.5487192],[ 11.393577 -11.839398],[ 3.4508107 -3.7450206],[ 2.768882  -3.0184627],[ 7.4711337 -7.0253363],[  8.69791  -10.016514],[-6.0589957  6.1256886],[-0.6952336  0.8713406],[-0.48416513  0.30368555],[ 7.8875103 -8.322812 ],[ 17.514442 -18.439112],[-4.0061383  3.7182288],[-4.2264643  4.4769173],[-3.005819   3.5910306],[ 0.55815464 -0.46977437],[-13.911735  14.810801],[-2.4813604  2.7977607],[-2.1547184  2.4759026],[ 0.4012836  -0.45017004],[ 2.386124  -2.8548307],[-15.712611  16.891186],[-7.433267  7.903995],[-11.117034  11.824937],[ 14.733103 -15.745071],[ 13.611783 -14.232115],[-6.5109606  6.7854195],[ 6.1223702 -6.153667 ],[-3.230926   3.3549871],[ 11.141104 -11.375475],[-3.1596076  3.5792897],[-0.6792168  0.8589745],[ 10.41632 -10.7146 ],[-8.223335  8.828839],[ 3.4513783 -3.4085386],[ 4.1167655 -4.136453 ],[-14.149906  15.2899  ],[-2.0870275  1.8271472],[ 10.552326 -11.642394],[ 8.06255  -8.602543],[-12.259391  13.229904],[-7.7290535  8.243071 ],[-2.960176   2.9640017],[ 3.2770433 -3.3664525],[-12.75333   13.627006],[-15.821618  16.838745],[-1.3950263  1.3343823],[ 2.5040002 -2.5254765],[ 9.883484 -9.96934 ],[-1.6420879  1.596729 ],[ 8.335058 -8.950784],[ 10.970889 -11.19139 ],[-2.4290264  2.5694664],[ 5.1477814 -4.977349 ],[ 14.747735 -15.716145],[-3.3435206  3.3931859],[-16.163738  17.293749],[-9.513106 10.336341],[ 1.2375321 -1.0664213],[-9.067764  9.9662  ],[-12.594192  13.337194],[-14.350023  15.475051],[ 11.747418 -12.520805],[ 7.69331   -7.9670496],[-6.340234  6.486294],[-4.5542107  4.815676 ],[-9.424233 10.062156],[ 7.397589 -8.447136],[ 2.2698457 -2.4271593],[-9.689989 10.249954],[ 0.5688841 -0.9392835],[ 3.9457574 -3.6380715],[ 0.96600306 -1.1552006 ],[-1.5571803  1.7187349],[-4.239347   4.5145903],[ 6.259367  -6.7390957],[ 9.399739 -9.992249],[ 4.937038 -4.533269],[ 5.102365 -5.312819],[-4.8220263  5.4548697],[ 3.3641684 -3.4790437]
[ 1.0875683  -0.90945953],[-7.3691096  7.738823 ],[-13.63299   14.538726],[-7.943766  8.69815 ],[-15.024147  16.188017],[-3.735349  4.12251 ],[ 3.7707324 -3.7091722],[-4.4319763  4.7873693],[-12.612799  13.4195  ],[-2.0356402  2.1556962],[-9.7508745 10.283774 ],[ 2.9408991 -3.2725017],[-9.21184   9.919218],[-5.920816  6.11118 ],[ 12.499002 -12.721501],[ 5.614398 -5.865156],[ 2.965035  -3.3144968],[-9.107227  9.655871],[-12.1872015  12.94466  ],[-12.090409  12.798643],[ 3.395588 -3.248325],[-14.206011  14.990277],[ 19.536612 -20.13768 ],[ 21.801426 -22.646534],[-9.834017 10.656799],[-14.336362  15.391109],[-9.936546 10.357012],[ 19.262959 -19.855717],[ 0.7426986 -0.8586117],[-5.41563  5.74843],[-3.2451131  3.528196 ],[-10.112732  10.432902],[-14.390145  15.462752],[-7.6961765  8.481407 ],[ 17.506975 -18.134811],[ 9.091706 -9.843306],[-2.0265217  2.3690612],[ 4.509169 -5.132144],[-0.9700447  1.0454595],[-16.186157  17.305176],[-8.174182  8.742874],[-13.192934  14.028699],[-13.281029  14.086295],[-8.69058   9.209335],[-13.471572   14.4626665],[-8.451492  8.917221],[-5.680646   6.4025993],[-6.0433035  6.500725 ],[-13.464001  14.545079],[-3.2331553  3.4785018],[ 2.4883103 -2.4982793],[-6.516635  6.880865],[-0.61722463  0.6194176 ],[ 21.058018 -22.027048],[-0.7433687  0.9511646],[-4.0634236  4.059034 ],[-1.8809985  1.888182 ],[-2.8357184  2.9885392],[-4.7519684  4.9012704],[ 6.629847 -7.037415],[ 5.381139 -5.556699],[-7.6981316  8.063456 ],[-7.100949  7.703745],[-15.964587  17.094511],[-10.832393  11.471052],[ 0.5149332  -0.53764284],[-7.618302   8.4291525],[-5.4646497  5.757359 ],[-13.63353   14.450041],[ 21.97183 -22.88864],[-1.425411   1.6326215],[-2.75705    2.8236506],[-10.774425  11.610661],[-15.349941  16.47337 ],[-3.8166091  4.214304 ],[-2.1412575  2.6862202],[ 4.4992967 -4.5735765],[-5.868652  6.411511],[ 10.642135 -11.392498],[-8.8923235  9.2878685],[ 18.390112 -19.291777],[-12.032608  12.992713],[-12.277888  13.081829],[-4.8455405  5.124275 ],[-3.0291612  3.1652873],[-10.902137  11.511823],[-2.0139916  2.2446773],[ 13.129215 -13.622953],[ 1.5038438 -1.6901624],[-15.437809  16.416626],[-0.891588  0.944823],[ 8.317897 -8.540394],[-2.5816271  2.7710867],[ 9.544578 -9.817747],[-12.054642  13.074584],[-2.3403928  2.4805217],[-1.3030602  1.2865736],[-1.855081   1.7827827],[-4.107488  4.866398],[-0.4635601   0.42254806],[-9.020412  9.857977],[ 3.126313  -3.3311572],[ 8.650759 -9.119531],[-3.5529418  3.5127306],[-1.7238803  1.9861373],[-9.797366 10.405493],[ 2.291863  -2.0904438],[ 9.624653 -9.601516],[-5.4062185  5.694996 ],[ 3.9678974 -4.188836 ],[-13.783377  14.676814],[ 1.0632696  -0.79642105],[-9.541837 10.059875],[-8.022596  8.373381],[ 4.108782  -4.5471787],[ 5.455251 -5.620152],[ 12.827114 -13.93804 ],[ 3.3558607 -3.8071022],[-3.4522893  4.0626793],[ 0.21769121 -0.2608241 ],[-8.415333  8.829391],[-4.8111596  5.496521 ],[0.12893403 0.28344107],[-3.2978883  3.5047545],[-12.38744   13.534079],[ 22.238398 -23.241978],[ 15.242224 -15.375573],[-1.7402704  2.2097254],[ 10.601487 -10.983655],[-8.8800125  9.569436 ],[-12.287781  13.164462],[-7.2882843  7.790542 ],[ 1.837255  -2.1887643],[ 4.205371 -4.032271],[-0.9700219  1.0658607],[-2.0060668  2.281714 ],[-2.9935434  3.2354097],[-5.085854  5.49156 ],[ 5.022365  -5.0413623],[ 15.262043 -15.708822],[-14.998645  16.041296],[-2.6175325  3.0810862],[-7.906851  8.374296]
[ 0.21876925 -0.2599569 ],[ 12.962882 -13.43666 ],[ 5.624594 -6.059746],[-1.8997055  2.1932244],[-8.363489  9.0215  ],[-8.245025  8.809447],[ 2.5274549 -2.9032564],[ 7.991735 -8.779711],[ 11.027616 -11.750972],[ 13.32049  -14.129087],[ 9.001558 -9.74204 ],[ 13.571199 -14.446431],[ 3.535605 -4.137441],[ 3.5706878 -3.9818442],[ 7.7053347 -7.868765 ],[-0.31960675  0.21109419],[-8.317902  8.955511],[-10.257882  11.036523],[ 4.340316  -4.5198717],[ 14.175798 -14.830704],[ 11.96522  -12.809864],[ 21.165651 -22.130224],[ 20.395805 -21.794138],[-2.9112625  3.2839115],[-4.7648993  5.5311685],[ 10.25277  -10.732262],[ 5.5485077 -6.600526 ],[ 18.49206  -19.409664],[ 11.86854  -12.961813],[ 3.1165736 -3.3830786],[ 3.0008488 -3.439295 ],[ 19.087866 -20.30595 ],[ 16.330511 -17.40979 ],[-1.7877693  2.555686 ],[-0.05868842  0.11604035],[ 18.834976 -19.814   ],[-11.438991  12.241479],[ 10.515803 -11.376611],[ 2.3631034 -2.6599045],[ 15.879424 -16.981216],[ 0.7833709 -1.0860872],[ 3.8477204 -4.1855702],[ 15.686307 -16.712042],[ 3.763381 -4.453905],[ 2.879682  -3.2429173],[ 6.6585827 -7.4962783],[-4.412381   5.0457845],[ 19.489616 -20.385523],[ 10.327309 -10.793097],[-0.4331105  0.4311635],[ 0.80789393 -1.0901172 ],[ 16.362398 -17.462023],[ 1.8284212 -2.240981 ],[ 13.4618845 -14.402512 ],[ 15.099111 -15.525832],[ 13.928785 -14.751848],[ 2.3125772 -2.8791192],[ 16.70999  -17.744774],[ 17.558962 -18.41005 ],[ 7.7759156 -8.690323 ],[ 2.42925   -2.8321688],[  9.823782 -10.325631],[-5.3693647  6.099618 ],[ 1.666422  -1.3518026],[ 7.2040014 -7.6786456],[ 8.555374 -8.864025],[-1.3807304  1.8225607],[ 13.432419 -13.716627],[-14.998108  16.14614 ],[ 18.728636 -19.895678],[ 20.091858 -21.303518],[ 5.069065  -5.8548045],[  9.509958 -10.184387],[  9.768353 -10.249701],[ 4.289746  -4.3668857],[ 1.39644  -1.313446],[ 10.308027 -11.190719],[-0.26746726  0.36640608],[ 3.4903634 -4.090881 ],[ 11.226117 -11.373426],[-5.5839562  6.404102 ],[ 14.265838 -15.185225],[ 11.554651 -12.159089],[-3.077644  3.531397],[ 13.013775 -13.486008],[ 14.155508 -15.24516 ],[ 10.4502535 -11.113977 ],[-4.775492  5.350544],[ 10.373177 -10.955358],[ 17.033144 -17.885649],[-0.54449683  0.5802908 ],[ 13.136744 -13.811239],[ 4.095373  -4.0540395],[ 15.406674 -16.044306],[ 4.160663  -4.0764422],[ 12.576766 -13.499989],[ 20.617376 -21.716866],[ 20.492609 -21.590492],[-11.734977  12.872006],[ 3.742166 -4.420964],[ 5.4112453 -6.393223 ],[ 8.800206 -9.356736],[ 15.157586 -16.114433],[ 4.185317 -4.327138],[ 4.4487476 -4.836257 ],[ 10.198277 -10.256328],[ 12.3381   -12.620175],[ 15.745849 -16.438204],[ 9.136369 -9.75829 ],[ 4.3604107 -4.9803605],[ 14.896635 -15.580633],[ 19.931189 -20.853008],[ 0.83532125 -0.89418674],[ 14.373314 -14.806185],[ 6.0564995 -6.068615 ],[-2.085484   2.4858627],[  9.740775 -10.267103],[ 7.45796  -8.389867],[-5.2749844  5.975627 ],[ 8.440357 -9.801757],[ 15.685416 -15.933551],[-0.2567047  0.6150415],[ 6.5356417 -7.199443 ],[-0.28393984  0.47306818],[ 2.3428447 -2.3371103],[ 11.130945 -11.963355],[ 12.359169 -13.042543],[ 12.294365 -12.805674],[ 16.206635 -17.402624],[ 2.6373756 -3.2545156],[ 19.029415 -20.084522],[ 5.996367  -6.6410756],[-1.2556195  1.5843067],[ 9.1831255 -9.618683 ],[ 8.274405 -8.539092],[ 7.567865 -8.408939],[ 10.615457 -11.15401 ],[-3.4416492  3.7393916],[ 14.069984 -15.092786],[ 6.5168343 -7.2041945],[-9.57839  10.275851],[ 14.048917 -14.899123],[ 14.433304 -15.206909]
[ 13.896938 -13.890896],[-2.3857002  2.5689545],[ 3.4622397 -3.8522756],[ 6.511548  -6.9036827],[ 7.1355143 -7.711482 ],[ 2.5761144 -2.6830423],[ 17.412102 -18.23309 ],[ 4.5275984 -4.994774 ],[-2.6316292  3.2000456],[ 2.903373  -3.6189945],[-5.0157332  5.639742 ],[-16.395977  17.488985],[-0.4711238  0.5291135],[-3.551315   3.9811502],[ 8.851386 -9.312698],[ 3.414697  -3.5995607],[ 6.0231895 -6.345987 ],[ 7.393221  -7.5136585],[ 4.9623513 -5.3941765],[  9.829263 -10.855819],[-6.1413426  7.1618195],[-11.154645  11.762296],[-7.187377  7.925669],[ 17.021906 -18.314913],[ 2.784865  -3.0991206],[-14.503119  15.62511 ],[ 6.2633657 -7.3948274],[-3.2096717  4.0486016],[ 4.0533257 -4.5302124],[ 1.0165476 -1.0110003],[-5.941477  6.623714],[-10.261379  11.375248],[-16.943417  18.198778],[-2.4876187  2.7019107],[-0.06557892  0.36746687],[-14.747098  15.664533],[ 3.185466  -3.5309517],[ 5.32732   -5.9592905],[ 2.0795379 -2.2894473],[-15.729751  16.932373],[ 1.6064658 -1.9399495],[-3.9948883  4.682139 ],[-3.689118   4.1979027],[-12.514534  13.706233],[ 3.815175  -4.1781487],[ 4.221388  -4.5507994],[-0.04591689 -0.05912349],[-9.089108  9.978757],[ 0.81599313 -0.5683152 ],[-3.6492488  3.7913582],[-6.497929  6.973566],[-10.165594  10.827329],[-2.5574682  2.5726697],[ 11.322512 -12.265867],[ 19.665792 -20.518665],[ 4.633747 -4.901957],[ 14.111132 -14.73189 ],[-3.6452186  4.0472383],[ 9.057006 -9.217814],[-4.797957   5.3357024],[ 3.4712384 -3.4771276],[ 11.072578 -11.64314 ],[ 7.6462116 -7.8777857],[-6.6467457  6.99474  ],[ 4.5464044 -4.7373896],[ 9.519237 -9.613371],[-13.390969  14.445137],[ 18.7959   -19.837345],[-0.41934824  0.69570655],[-0.9383281  0.9471854],[ 7.4098997 -8.195207 ],[-1.1274875  1.3294402],[-9.691252 10.499864],[-16.352608  17.306854],[-1.5379686  1.5310708],[ 0.95680386 -0.6106589 ],[-15.106828  16.28978 ],[ 2.8705158 -3.2291055],[ 6.934524  -7.8115644],[ 0.2184132  -0.06719525],[-4.524625   4.9703746],[-15.444256  16.544506],[ 7.082575 -7.536059],[ 3.3693366 -3.8623831],[-5.002732  5.191929],[-1.2388521  1.5861549],[-0.8640362  1.0107851],[ 12.8330555 -13.431544 ],[ 2.3525052 -2.668813 ],[ 3.6737363 -4.2894635],[-0.8452307  0.81804  ],[ 15.238121 -16.203995],[-4.544526  4.632613],[-6.4894786  6.794235 ],[-8.444144  9.029626],[-0.479899   0.7595996],[-11.700895  12.273634],[-11.631922  12.192274],[-8.411105  9.107396],[-2.974538   2.7239904],[-2.5170324  2.6362026],[-2.1963646  2.4296885],[ 0.49989465 -0.8277081 ],[ 8.364947 -8.945245],[-5.31411    5.6775355],[ 0.49033573 -0.571537  ],[ 14.892599 -15.449615],[-9.207125  9.798511],[-1.4594128  1.7770305],[-11.13186   11.924542],[ 1.5319192 -1.6662172],[ 12.336056 -13.154302],[ 15.717515 -16.98766 ],[ 0.63908297 -0.54456663],[ 0.4097479  -0.62287766],[ 11.144791 -11.753934],[-11.947188  12.984637],[ 3.2692676 -3.9909651],[-7.685337  8.347741],[-8.594239  9.339906],[ 13.7295475 -14.20805  ],[-9.141881 10.09454 ],[-7.788281  8.482738],[ 1.0615745  -0.99860775],[-4.6831174  5.6382823],[ 13.231525 -14.401093],[ 13.095807 -13.45279 ],[ 8.233613 -8.367688],[  9.4194355 -10.356576 ],[ 0.13374643 -0.13274634],[-10.231947  11.418183],[-2.5576642  2.9571939],[ 7.7057343 -8.649918 ],[ 4.7900867 -4.8553042],[ 1.7052109 -1.8987465],[ 7.1154413 -8.357903 ],[ 1.2158903 -1.2563621],[-1.5985305  1.8861777],[-17.316887  18.484657],[ 10.228304 -10.848801],[ 3.81239   -4.0742397],[-5.9387236  6.4689875],[-2.7861621  3.1508825]
[ 2.965065  -3.3006337],[  9.323881 -10.358447],[-5.9916115  6.3710985],[ 3.3698967 -4.035497 ],[ 11.313955 -12.263406],[  9.332574 -10.303374],[-4.5237603  4.9586167],[ 4.7232456 -4.958595 ],[ 8.215805 -8.728618],[ 13.163625 -14.490242],[ 0.97108227 -1.2399738 ],[  9.628709 -10.14858 ],[ 15.374101 -16.423092],[ 2.2926877 -2.7156553],[ 7.3699884 -7.8501234],[ 7.435871 -8.495586],[ 7.399957 -8.428186],[ 8.520701 -8.522218],[ 17.92332  -19.126123],[ 1.0856413 -1.3824613],[-14.729523  15.8988  ],[ 14.437452 -15.301656],[-17.117025  18.100502],[ 7.862982 -9.095027],[-4.8400564  5.32689  ],[-8.801865  9.301573],[ 10.957694  -12.0062685],[ 15.316394 -16.296535],[-8.530304  9.271001],[ 15.649961 -16.702858],[-13.996092  15.030036],[ 14.291231 -15.742123],[ 2.0827305 -2.241836 ],[ 6.5046325 -7.348937 ],[ 16.478327 -17.588917],[-0.5450743  0.6865664],[ 0.05841571 -0.05061356],[ 0.45290157 -0.7606555 ],[-2.0582244  2.1912744],[ 13.322123 -13.972292],[-3.2827854  3.3212166],[-11.857684  12.523188],[ 6.6831803 -7.0060244],[-4.6085796  5.133876 ],[ 7.808832 -8.153953],[ 5.4878845 -6.400197 ],[-12.3525505  13.230929 ],[-5.9530487  6.076295 ],[ 17.287708 -18.143974],[ 0.33191606 -0.20054711],[ 1.8922505 -2.3253543],[ 7.642326 -8.329344],[-3.3700066  3.610779 ],[ 14.029012 -15.348016],[ 8.501396 -9.240303],[ 7.696734 -8.732652],[ 14.959373 -15.451655],[ 2.8497913 -2.9438088],[-12.487811  13.002488],[-0.83524245  1.1094056 ],[ 11.972072 -12.589872],[0.07586852 0.08567852],[ 18.727522 -19.76685 ],[ 13.702041 -14.730656],[ 2.951632  -3.1547704],[ 1.1558592 -1.287726 ],[-4.607438   5.0882535],[ 1.6215156 -1.9739782],[-6.7857437  7.211253 ],[ 11.499737 -12.614653],[-6.14945   6.217543],[  9.715203 -10.930136],[-4.966335   5.3131323],[ 9.422557 -9.742805],[ 17.748037 -18.87926 ],[ 9.04544 -9.45185],[-10.887536  11.68305 ],[ 1.0399804 -1.3887626],[ 2.4374428 -2.9682806],[ 16.478796 -17.317802],[ 18.929472 -20.4869  ],[ 5.0134244 -5.232043 ],[ 1.930308  -2.1025934],[ 13.5391445 -14.97219  ],[ 17.896086 -19.071466],[-9.135944  9.783341],[-7.6564813  8.122298 ],[-6.029831  6.376254],[ 2.7269833 -3.066233 ],[-9.262395 10.212283],[-2.3012323  2.509448 ],[ 6.0511017 -6.8963184],[ 16.94547  -17.749403],[ 8.766776 -9.321052],[ 15.979736 -16.766588],[-3.6169643  3.793047 ],[ 16.593243 -17.962841],[ 16.680084 -18.05539 ],[ 0.88547444 -0.8787899 ],[ 5.3108053 -5.943391 ],[-7.6379476  7.9562697],[-1.7088295  2.028721 ],[-16.243704  17.379288],[ 10.86948  -11.408741],[ 0.77044916 -0.9177052 ],[ 14.730897 -15.556297],[ 14.228274 -15.360309],[-1.0862626  1.2900031],[ 0.7534399  -0.64935756],[ 7.106939 -7.808954],[ 12.993275 -13.8785  ],[ 8.71624  -9.337361],[-7.0574245  7.4289517],[ 11.432765 -11.940562],[ 12.355655  -13.4624605],[  9.485666 -10.481544],[-12.63457  13.67305],[ 0.44069746 -0.548031  ],[  9.731027 -10.234614],[-14.605708  15.407575],[ 14.956589 -15.886561],[-6.2483473  6.8269677],[0.04292257 0.07670749],[ 4.4094167 -4.972888 ],[ 0.43798107 -0.2546569 ],[ 12.440529 -13.804338],[ 17.394958 -18.493263],[-0.02948203  0.26803052],[-1.9792035  2.3063812],[-8.356529  8.759396],[-12.424171  13.349673],[ 16.258503 -17.43055 ],[-11.510324  12.292374],[ 2.7442694 -2.9292018],[ 6.249876  -6.9639482],[-12.631035  13.477349],[ 13.505026 -14.423076],[ 8.467928  -9.0775795],[-1.8708694  2.1572912],[ 12.790687 -14.089335],[-2.0316265  2.2729247],[-5.883285   6.3752546],[-4.0826945  4.463008 ]
[ 10.095821 -10.679452],[ 12.446882 -13.037836],[-5.401046  5.854846],[-5.137392  5.40125 ],[-2.9418235  3.3527935],[ 2.9472756 -3.4405487],[-12.642981  13.59826 ],[-8.3960905  9.041731 ],[-2.3537347  3.0743325],[-12.963479  13.90288 ],[-10.457475   11.4205475],[ 5.2962017 -5.5815673],[ 12.138487 -13.190108],[-10.289422  11.165385],[-9.328068 10.235304],[-10.162099  11.116165],[-2.872109   3.0654004],[ 16.171888 -17.38959 ],[ 8.0030155 -8.9044695],[-11.119461  11.898074],[-14.327682  15.47588 ],[ 17.997923 -18.983873],[ 18.86026  -19.866316],[-8.553735  8.835199],[-0.90680134  1.1010997 ],[ 0.6569983  -0.60965717],[-11.749973  12.528484],[-14.183241  15.184604],[-12.481787  13.293988],[ 7.788295 -8.631567],[ 12.5012865 -12.848584 ],[-16.276276  17.74225 ],[-14.362946  15.357521],[-1.4617652  1.7621715],[ 5.4962416 -6.1596246],[-3.0898275  3.6332576],[-6.4162245  6.8952127],[-14.882771  15.991773],[-0.75881445  0.8702508 ],[0.0576168  0.02136093],[-10.932172  11.705093],[ 7.7178574 -7.8418984],[-13.441386  14.436619],[-11.002129  11.901871],[-2.3550503  2.735958 ],[-8.100309  8.862112],[-9.886061 10.865697],[ 15.222491 -15.730305],[-11.11196  11.97352],[ 1.3050903 -1.6676948],[-10.01845   10.975162],[-5.9505486  6.762217 ],[-6.040917  6.578846],[ 11.757671 -12.628797],[-7.166259   7.5962563],[-1.6340848  1.9001579],[-2.404417   2.4777954],[-0.8511703  1.3237247],[-5.9255576  6.1670737],[-12.342299  13.173305],[ 0.32352433 -0.3115756 ],[ 0.895412  -1.1112418],[-4.152496   4.8391623],[-3.995635   4.3938427],[ 5.5416327 -6.038175 ],[-0.3501437  0.7032405],[-4.1552763  4.7825575],[ 4.916853  -5.3589783],[-4.6080046  4.8804874],[ 3.1978607 -3.8368762],[ 9.270198 -9.858976],[-7.7516584  8.333909 ],[ 18.983875 -20.124418],[ 12.551002 -13.295621],[-9.567655 10.136847],[-4.9897676  5.3114157],[-6.318637   7.0302615],[-3.4996812  3.809706 ],[-12.529766  13.353593],[ 11.482616 -12.052219],[-15.095165  16.35692 ],[ 3.5017092 -3.665893 ],[-12.308747  13.139203],[-7.6472077  8.077512 ],[-3.548269   4.2244205],[-0.8249172  1.1429161],[-15.282     16.376348],[-1.4539577  1.7263191],[-0.28779018  0.43793416],[-1.5183699  2.2083688],[-11.484642  12.24341 ],[-14.845143  15.93921 ],[ 2.7436576 -3.0506506],[ 8.398174 -9.115233],[ 4.5832996 -4.6640153],[-12.908235  13.830834],[ 8.036216 -8.686597],[ 8.068529 -8.722071],[-7.973681  8.607378],[-4.111239  4.502214],[ 2.6151252 -3.1418402],[-11.933008  12.968667],[-10.495928  11.307895],[ 2.5608811 -2.9697666],[-10.387835  11.432317],[ 3.9847217 -4.74212  ],[-10.461828  11.445141],[ 22.003819 -22.992964],[-9.458705 10.229713],[ 7.0510826 -7.567079 ],[ 2.552372 -2.96477 ],[-2.3133206  2.8518946],[-2.071051   2.3573315],[ 10.391321 -11.049962],[-2.640323   3.2389898],[-3.6843212  3.9086454],[-7.225252  8.174109],[-9.826488 10.541749],[-13.985722  15.082136],[-1.9131454  2.1438215],[-1.0543344  1.5159562],[-10.474373  11.301704],[-14.382723  15.404288],[-10.9108305  11.75577  ],[ 17.904888 -18.87299 ],[ 1.6371388 -1.886205 ],[ 3.4965792 -4.2501636],[-11.893873  12.89496 ],[-14.277262   15.2371435],[-12.610144  13.389632],[-7.38657   8.102033],[-13.54556   14.508944],[-3.6195939  3.6805017],[-0.47097325  0.5766968 ],[-8.824324  9.719019],[-1.0249033  0.9710941],[ 2.2366831 -2.39488  ],[-4.3714876  4.9493837],[ 1.114059  -1.1655289],[ 16.869308 -18.42346 ],[ 0.06723748 -0.192547  ],[ 2.619417  -2.4310644],[-3.1979036  3.2668169]
[-1.6583899  2.1047907],[-15.889359  16.894762],[-3.983522   4.2471414],[-7.3805304  7.8277397],[-4.1204944  4.177325 ],[-4.269946  4.517988],[ 0.7419534  -0.79163593],[-0.3858605  0.3918783],[-16.154099  17.199808],[-4.008841  4.308474],[-11.680064  12.248363],[-5.673965  5.733247],[-16.610277  17.66505 ],[-13.458525  14.312844],[-15.794694  16.97359 ],[-14.5126705  15.494881 ],[ 0.3117325  -0.55611455],[-17.142778  18.176313],[-13.784164  14.340661],[ 0.9392071 -1.0936885],[-10.872479  11.653119],[-7.6350875  7.5671654],[-15.015372  16.380213],[-11.919717  12.877464],[-12.257585  13.041009],[ 3.149398  -3.7025023],[ 0.9498434 -1.0880276],[-12.459891  13.318665],[ 12.611047 -14.081179],[-10.426478  10.781992],[-2.1696186  2.4302623],[-16.918993  17.908844],[ 0.20025116 -0.25016296],[-7.644966  8.015745],[-9.735958 10.228064],[ 15.718268 -16.859774],[ 11.615781 -12.701412],[-10.164873  10.7302  ],[-2.065681   2.2283018],[-3.9262693  3.996139 ],[ 1.8489586 -2.3057935],[ 14.6955805 -15.180633 ],[ 3.1104124 -3.004882 ],[-0.21320114 -0.11738139],[ 1.5974165 -1.4434879],[-15.262835  16.193138],[-13.451712  14.21766 ],[ 2.5923917 -2.7744215],[-11.415148  11.943979],[ 12.909557 -13.787112],[-2.9423144  3.209392 ],[-14.55381   15.565942],[-0.19522023  0.21963803],[-5.062034   5.0917706],[ 15.562961 -16.691536],[-7.4800177  7.913099 ],[-4.841572   4.8427653],[-16.602335  17.647196],[-2.4704354  2.4965916],[ 5.817546  -7.2111473],[-11.843677  12.476158],[-15.133522  16.160536],[-10.429203  11.144104],[-14.8499975  15.705817 ],[-16.38923   17.521292],[-14.484256  15.605853],[-5.81597    5.9704742],[-16.833364  18.005363],[  9.574562 -10.1013  ],[-18.783056  20.030182],[-9.223248  9.637672],[-3.2670891  3.399629 ],[-6.3186417  6.8386407],[-13.6157675  14.418652 ],[ 10.452048 -11.686639],[ 13.770956 -14.704   ],[-11.664343  12.257296],[-3.853709   3.8270063],[-13.517703  14.394423],[-14.514182   15.2199135],[-17.272377  18.311914],[-6.125209  6.528198],[ 7.762299 -7.880689],[-10.882627  11.438918],[-17.226213  18.285185],[-1.6628621  1.8199975],[ 8.938889 -9.169931],[-12.400966  13.141108],[-5.6440706  5.7568436],[-16.736715  17.833088],[-10.352423  10.832106],[-16.482677  17.49553 ],[-17.547113  18.657753],[-17.791264  19.028044],[-0.03427482  0.10665421],[ 10.04285  -10.633357],[-11.471444  11.55989 ],[-11.441247  11.524139],[-0.44078135  0.34889078],[-6.239544   6.5119495],[-11.094766  11.614433],[ 3.0429628 -3.5079167],[ 8.45934  -8.944405],[-15.12397   16.023651],[ 3.1027982 -3.4802651],[-15.702403  16.656574],[-14.904813   15.7519655],[-5.9897466  6.190593 ],[-0.08158653  0.35046566],[-10.187181  11.001946],[-14.566325  15.458667],[-12.884896  13.707491],[-8.15755   8.576328],[-16.374128  17.452572],[-15.553855  16.654396],[-10.9123335  11.644126 ],[-16.400906  17.542004],[-8.628431  9.194333],[-12.136436  12.887105],[-2.0927944  2.2711267],[-12.503865  13.133175],[-1.2344792  1.5298926],[-2.6535447  2.7398293],[-9.84696  10.412798],[-15.250611  16.24834 ],[-8.088806  8.569885],[-18.274979  19.394123],[-10.451271  11.095534],[-13.249529   14.0507345],[ 15.547083 -16.453552],[-13.583661  14.455391],[-7.2773943  7.3746853],[ 1.1116426 -1.5953699],[ 0.4896021  -0.16117221],[-15.361722  16.402483],[-7.975616  8.386682],[-14.755787  15.555922],[-16.176245  17.344166],[-16.580637  17.581354],[-15.577315  16.361324],[-4.0122766  3.9988675],[-14.153158  15.048742],[ 19.189808 -19.758904]
[ 4.742647  -4.9369483],[ 7.834213 -7.791451],[-3.0611243  3.5138648],[-8.946308  9.548541],[-4.2142477  4.7329764],[ 3.0531185 -2.7894094],[-13.899227  14.746719],[-1.4399301  1.587195 ],[ 8.5755205 -8.621019 ],[-3.4646535  3.7755208],[ 1.7277403 -1.976144 ],[-6.333641  6.328366],[-12.957494  13.80091 ],[-1.3374215  1.4504812],[-6.615243  7.184729],[-0.73395467  1.1170571 ],[-2.615994   3.0038435],[-13.148124  14.046208],[-12.307371  13.061415],[-4.461396   4.7859163],[ 0.38290492 -0.5559948 ],[-5.1760097  6.051319 ],[-14.257651  15.164571],[-11.215994  12.099535],[-5.152805  5.36157 ],[ 7.8934107 -8.262937 ],[ 3.1996963 -3.3925445],[-0.48837394  0.5390097 ],[-0.59517366  0.5601688 ],[-11.656141  12.395436],[-6.228579  6.740549],[-7.849179  8.472999],[ 12.666563 -13.159401],[-9.054035  9.736082],[ 4.304602 -4.830553],[-6.34404    6.6980014],[ 0.0221296  -0.02020501],[-0.7258848   0.58351237],[-0.49098855  0.8381013 ],[-8.8754015  9.392048 ],[-5.9951715  6.3031406],[ 3.2031863 -3.2931733],[-9.548112 10.069091],[-12.90845   13.603129],[-4.162051  4.639779],[-10.154784  10.701232],[ 18.718857 -19.874924],[-7.234869   7.7322116],[ 16.185106 -17.280386],[-2.856812   2.7129517],[-7.265297   7.9381146],[-4.238809   4.4906507],[ 3.0734603 -3.272368 ],[ 2.3648336 -3.0341947],[-1.2856703  1.6656052],[ 12.744369 -13.126035],[ 10.00673  -10.046361],[-0.22405392  0.4997303 ],[ 4.102366 -4.636475],[-3.8514998  3.920014 ],[ 5.3651114 -5.611038 ],[-7.7417192  8.191493 ],[ 7.0686784 -8.043288 ],[-7.8652105  8.391864 ],[-6.1994853  6.8115687],[ 7.0447226 -7.415184 ],[ 12.422852 -13.557807],[-10.882508  11.848513],[ 8.081683 -8.650912],[ 2.7811198 -2.84684  ],[-10.908561  11.506511],[ 4.507691  -5.0853405],[ 2.2103615 -2.0068126],[ 2.2585773 -1.9891747],[ 4.998333 -5.170073],[ 1.6229461 -2.0958047],[ 8.259169 -8.690102],[-0.93824524  1.116285  ],[ 2.3852234 -2.5291455],[-5.371858   5.7828593],[-9.977645 10.843163],[ 6.063632  -6.3057814],[-7.1850834  7.6577387],[-5.4702444  5.6085157],[-7.399148  7.751917],[ 1.477772  -2.0138292],[-2.5500624  2.8391423],[ 19.061056 -20.237787],[ 8.927107 -9.260599],[ 3.05066   -3.6216762],[-0.8172731  0.7249498],[ 12.841943 -13.203682],[ 0.50992477 -0.1183382 ],[-15.206679  16.268608],[-6.2748003  6.825424 ],[ 12.100298 -13.008503],[-5.7443194  6.3112698],[-6.256394  6.855505],[-1.4838021  1.6721334],[-3.7496693  3.7469614],[ 8.922078 -9.688272],[ 1.7985038 -1.8838636],[ 0.30026093 -0.6765967 ],[-12.38413   13.129599],[ 4.3912363 -4.8495255],[-4.6016603  4.978125 ],[-7.682662  8.147883],[ 0.33724898 -0.2671535 ],[ 7.8103623 -8.214217 ],[-9.116602  9.832483],[-14.567158  15.585354],[-9.88808  10.619519],[-8.864878  9.364892],[-8.691402  9.410534],[-11.60182   12.514613],[ 0.39757356 -0.23191237],[0.10505767 0.02707584],[ 8.710005 -9.3549  ],[-2.423725   2.5942616],[  9.906863 -10.68891 ],[-2.268152   2.9356043],[ 2.136719  -2.2225194],[ 7.417108  -8.4142065],[ 1.1177602 -1.1144992],[-11.201806  11.936259],[-2.5305083  2.8121655],[ 1.1618907 -0.9128488],[ 0.10212633 -0.11827565],[ 2.171168  -2.5051231],[ 7.6955075 -8.009865 ],[-2.1686714  2.2181737],[ 2.1451268 -2.2068682],[ 0.10258052 -0.23269612],[ 2.7390268 -3.1811483],[-9.164979  9.924347],[ 10.447935 -10.60366 ],[ 1.7082237 -1.62888  ],[-2.5775344  2.6740725],[-6.697241  6.82365 ],[-5.2314925  5.398158 ],[-7.7917614  8.359744 ],[ 1.4934723 -1.1576482],[ 1.207063 -1.020128]
[ 12.889292 -13.708104],[ 4.8691883 -5.0373034],[-1.1154586  1.5279349],[ 6.037677  -6.7611556],[ 3.6488404 -4.281038 ],[ 14.063934 -14.889773],[-12.431611  13.42378 ],[ 0.06695685 -0.11129631],[ 8.964685 -9.184428],[-12.060618  12.618066],[ 1.2809802 -1.7506592],[-2.4699173  2.1619158],[-8.493989  8.952526],[-0.94899875  0.88085717],[ 0.32263938 -0.44541997],[-0.4399851   0.29278797],[ 8.1082115 -8.563633 ],[ 11.478491 -12.173855],[ 2.9718938 -3.7836034],[ 0.6736537 -0.8163948],[-1.3557236  1.4206624],[ 3.0871778 -3.6578038],[-14.271043  15.224039],[ 7.9721527 -8.507369 ],[ 3.8447099 -4.2633834],[ 11.900583 -12.654621],[ 2.3998177 -2.6780684],[-0.8413607  1.0977924],[-7.752398  8.320776],[ 7.219078 -8.403916],[ 2.09168   -2.3380108],[ 10.364147 -10.738295],[-16.103636  17.07055 ],[ 2.2666726 -2.5777967],[-16.449526  17.843523],[-8.568853  8.983289],[-0.30616158  0.2449959 ],[-3.1798892  3.369844 ],[-12.252234  13.175377],[ 9.222942 -9.969229],[ 6.4116077 -7.078207 ],[-2.518877   2.5085733],[ 7.8619685 -8.3075905],[ 6.12712  -6.939509],[-0.8467436  1.1154435],[ 5.830892 -6.781333],[-7.601738  8.109971],[ 2.9448462 -2.731206 ],[ 16.113594 -17.196085],[-5.2132287  5.246682 ],[-3.8689609  4.0541134],[ 1.2310153 -1.5608041],[ 18.190802 -18.918484],[-14.1154175  14.8582945],[-13.931884  15.057263],[ 15.210507 -16.515574],[-11.764354  12.673063],[ 1.2757124 -1.5546128],[ 17.339605 -18.117247],[-11.798625  12.428288],[ 8.300357 -9.089995],[-4.0798225  4.4814725],[-1.7965653  1.7592193],[ 17.190002 -17.966734],[ 2.8203726 -3.3159628],[ 12.788336 -13.680541],[  9.968545 -11.131831],[-5.2325053  5.7425694],[-2.5724347  2.9048333],[-13.700513  14.898176],[-5.6466484  5.868463 ],[-9.309173 10.016256],[-8.40442   8.813161],[-10.519499  11.189229],[-13.013569  13.7575  ],[-16.25475  17.3694 ],[ 3.621729  -4.1802635],[-1.3225074  1.3337618],[-3.417974   3.8490875],[ 14.271232 -15.265025],[-9.513829 10.297638],[-15.800521  16.685635],[ 11.873936 -11.992462],[ 11.447469 -12.438515],[ 11.378037  -12.2327385],[-13.918433  14.712139],[-9.79522  10.121773],[-5.7620344  5.858516 ],[ 3.4353716 -3.3178308],[-8.542151  9.12732 ],[ 4.416036  -4.9907427],[  9.957642 -10.938152],[-11.393048  12.411563],[-0.0651068   0.10659833],[-1.8668633  2.1508672],[-13.612037  14.49903 ],[ 0.29233822 -0.3914445 ],[ 0.47012267 -0.61648196],[-0.15365556  0.01230367],[-7.0365834  7.313824 ],[-11.792813  12.321397],[-2.2393358  2.4481375],[ 4.366182  -4.8701954],[ 8.288068 -8.506734],[-7.3291698  7.889839 ],[ 5.0311513 -5.732061 ],[ 13.064783 -14.315328],[  9.380933 -10.303499],[  9.9071455 -10.577942 ],[ 7.23706  -7.713617],[ 1.2568729 -1.3206033],[ 8.429365 -9.002773],[-13.95202   14.896166],[-13.066686  14.102401],[-12.987967  13.877934],[-5.124438  5.550981],[-9.087324  9.719832],[ 1.4593941 -1.9280703],[ 16.484024 -17.357206],[ 7.1714435 -8.283903 ],[-0.40453154  0.41505003],[-2.2804337  2.40116  ],[-4.1393003  4.2102237],[ 3.1147118 -3.4242818],[-8.445886  9.00668 ],[-15.766145  16.74867 ],[-14.577842  15.695491],[-7.5956655  7.95411  ],[-8.158625  8.489191],[ 4.353869  -4.6943917],[ 13.432163 -14.117453],[ 4.1785645 -4.0909824],[-1.4145851  1.4359185],[-0.37152287  0.39332443],[ 1.2319556 -1.0277547],[ 3.9060597 -4.560678 ],[ 2.214833  -2.6763313],[-14.319674  15.306298],[ 13.605964 -14.241358],[-13.750972  15.027663],[-7.484683  8.266664],[-1.1158295  1.054246 ],[-3.561772   3.3446705]
[ 13.107645 -14.308118],[-12.878745   14.0039835],[-10.555974  11.269749],[-8.604609  9.021695],[-10.189145  11.02731 ],[-15.392394  16.518133],[-7.0178013  7.2482867],[-1.1582917  1.3434043],[-12.493899  13.585009],[ 13.100745 -13.489014],[-10.26406   11.094039],[ 8.863824 -9.575696],[-10.435644  11.166262],[-8.333212   8.6489935],[-11.976728  12.727476],[-13.070149  13.842389],[  9.32281  -10.069553],[-0.5790785   0.84262055],[-9.367619 10.170436],[-4.7525034  5.336694 ],[-15.603919  16.509344],[-17.232805  18.287373],[-3.9788013  4.4141097],[-13.9363365  14.733732 ],[-14.873419  15.757014],[-10.653677  11.076279],[-3.0098295  3.8395329],[-15.556312  16.687119],[-3.1443515  3.2074568],[-11.755063  12.640979],[-1.2178135  1.269951 ],[-13.485624  14.280314],[ 15.964795 -16.626345],[-2.3639696  2.693937 ],[-15.323411  16.635845],[-15.24662   16.373075],[-4.8643703  5.135426 ],[-12.583751  13.349333],[-11.9225235  12.69844  ],[-15.184773  16.258814],[-3.7573829  3.9256792],[ 17.389408 -18.163557],[-5.8680882  6.2937756],[-2.431067   2.2891743],[-5.8724957  6.5063477],[-9.812837 10.446193],[-12.665548  13.63884 ],[  9.683076 -10.435976],[-16.360363  17.524729],[-1.4130477  1.3883834],[-9.141464  9.695166],[-9.694366  10.5051565],[-11.433018   11.9876175],[-9.495163 10.018119],[ 6.899049 -7.50938 ],[-2.7532136  3.0111525],[-8.028064  8.496673],[-11.241647  12.210836],[-11.483247  12.193928],[ 0.12429582 -0.3046425 ],[ 1.031463  -1.0955894],[-1.1932225  1.39402  ],[-13.00912   14.121572],[-15.413915  16.400213],[-11.7114935  12.571513 ],[-15.29867   16.268728],[-15.979327  16.92746 ],[-14.743516   15.6817255],[-7.715336  8.114701],[-9.389701  9.927036],[-3.548345  3.890698],[-4.2893724  4.7042303],[-9.056645  9.639068],[  9.334175 -10.000886],[-6.345311   6.5754223],[-7.9325905  8.329575 ],[ 15.3052435 -16.346277 ],[-0.14332885  0.20633765],[-12.353727  13.088664],[-12.671224  13.618248],[-11.678449  12.488858],[ 13.322039 -13.834165],[-4.3760757  4.861959 ],[-8.8871765  9.3178625],[-13.923704  15.042886],[-15.431427  16.367031],[-3.8777437  3.795381 ],[-1.2623268  1.4440726],[ 8.806332 -9.44818 ],[-15.165231  16.05505 ],[ 0.35887626 -0.11158138],[-13.318908  14.375996],[-1.3186579  1.7154403],[-0.8570877  1.049466 ],[-14.099632  14.953273],[-11.858254  12.681135],[-0.9473482  1.1461848],[-0.6001174  0.7895247],[-0.6865862  0.7054839],[-1.1884128  1.3452612],[ 2.7967327 -3.0680742],[-13.054579  14.008177],[-13.239114  13.961314],[-6.526413  7.134863],[-9.037478   9.5339155],[-9.723967 10.331391],[-5.6245003  5.8350773],[-13.488408  14.028242],[-16.180614  17.421087],[-7.6564174  8.426709 ],[-13.876065  14.748331],[-2.719073   2.9835255],[ 14.229142 -14.387437],[-4.943738   5.3760366],[-9.294108  9.788004],[-10.590469  11.308637],[-13.197451  14.056829],[-14.584462  15.250288],[-12.6507635  13.4679165],[-1.5385938  1.5004176],[-16.875986  18.11379 ],[-10.806601  11.576981],[-14.549769  15.405308],[-6.8733945  6.9970593],[-2.6758597  3.0629916],[-4.5065575  5.030921 ],[ 14.70823  -15.343673],[-2.0044773  1.9043789],[ 0.74749446 -0.6137458 ],[  9.527418 -10.256252],[ 4.283482  -4.7720227],[0.15549348 0.11031668],[-1.1554246  1.442476 ],[-14.528576  15.578518],[-5.0067554  5.4561872],[-15.366516  16.379074],[-13.310727  14.530738],[0.07856841 0.07283669],[ 17.296013 -18.22196 ],[-8.14876   8.786912],[-13.499507  14.264205],[-13.935836  14.703831],[ 12.797457 -13.65552 ]
[-17.38436   18.415257],[-14.672265  15.583855],[-1.423366   1.6803708],[ 0.3012484  -0.22305213],[ 3.6743057 -4.023034 ],[-12.542293  13.193282],[ 8.276214 -8.919149],[ 4.653224  -5.2280154],[ 17.0197   -17.918804],[ 2.199089 -1.735749],[-0.72652197  0.58048296],[ 3.9043615 -4.0587587],[-11.504304   11.9465065],[ 1.9907132 -2.0549142],[-0.5692079  0.5182329],[ 1.4554896 -1.5144466],[-9.125867   9.9512415],[-8.163543  8.470212],[-9.032861  9.361512],[-0.44129956  0.512476  ],[ 1.9531928 -2.3032646],[ 8.47865  -8.942979],[-13.621876  14.515953],[-2.362044   2.5326557],[ 3.1951818 -3.7213929],[  9.945537 -10.3664  ],[-13.725977  14.450327],[ 11.231107 -11.496038],[-1.4434006  1.3477815],[-2.396803   2.4076664],[ 2.1759584 -2.2691703],[ 1.8166348 -1.8690665],[-4.5058126  4.669003 ],[ 3.959426  -4.9123635],[-14.723282  15.746803],[ 0.22979471 -0.14484142],[  9.626429 -10.389846],[ 7.6947136 -8.471597 ],[-2.4415984  2.6175265],[ 0.32228705 -0.16605821],[ 2.2559881 -2.42408  ],[-2.6361823  2.9116383],[-12.699814  13.248047],[ 7.2678623 -8.111266 ],[ 6.1252418 -6.6406374],[ 4.6736813 -4.741944 ],[ 13.7150545 -14.687304 ],[ 19.464586 -20.405107],[ 0.9278556 -0.7489002],[-1.8978876  2.0472507],[-0.79130685  0.86740565],[-15.081418  16.04103 ],[ 11.555868 -12.288982],[-1.2157836  1.1784823],[-16.47513   17.519165],[-7.238442   7.0754595],[-7.491196   7.2888927],[-10.785817  11.348465],[ 12.444543 -13.011675],[-6.2494307  6.1730556],[-11.495349  12.166193],[-12.397166   13.1989155],[-2.0869484  2.099203 ],[ 7.6806235 -7.6424947],[0.08148086 0.29707712],[ 16.170094 -16.656557],[ 2.737162  -2.8927772],[ 2.7660973 -2.9743016],[ 4.445704 -4.862884],[ 18.278873 -19.081633],[ 5.0945563 -5.914518 ],[-7.2452607  7.786386 ],[ 7.1182575 -8.142311 ],[ 10.104064 -11.011083],[ 7.0079665 -7.1336   ],[ 7.82368   -7.6300845],[-7.9378123  8.106383 ],[-6.622886   6.7963643],[-2.5741875  2.557451 ],[ 1.184029  -1.2914453],[ 1.388884  -1.2371721],[ 14.025132 -14.802438],[-3.9524136  4.1890883],[-4.3956637  4.317273 ],[ 4.2050037 -4.448244 ],[-9.384429  9.785091],[-4.479276  4.424599],[-3.4942777  3.6693673],[ 18.58916 -19.58467],[ 5.489717  -5.9525785],[ 5.171053  -6.1157994],[ 4.178649  -4.3968387],[ 4.162207  -4.4799776],[ 8.683433 -9.138674],[ 14.680535 -15.607053],[-4.7546425  4.870646 ],[ 4.4509864 -4.935462 ],[ 4.4646797 -4.951036 ],[ 13.37238  -14.557986],[ 2.170237  -2.6599767],[ 1.5462192 -1.8593191],[-2.1656241  2.0288606],[ 4.7820597 -5.138834 ],[ 1.4819694 -1.8769325],[ 1.6328347 -1.8718568],[ 0.23838338 -0.47312063],[ 1.5698241 -1.6501147],[ 18.078405 -19.179867],[-14.524359  15.695867],[-13.541918  14.485924],[ 12.454103 -12.98102 ],[ 1.3555151 -1.8322328],[-3.8014197  3.9941773],[ 2.4609363 -2.8359525],[-2.1157277  2.090428 ],[-10.984481  11.731389],[-8.393693  8.574756],[ 11.460054 -11.981826],[ 16.0305   -17.211267],[-6.5683923  6.750616 ],[-9.747222 10.424754],[ 7.0198965 -7.912525 ],[ 12.210801 -12.967699],[ 1.1178733 -1.289097 ],[ 1.6822696 -1.9584978],[ 0.8828532 -0.8524945],[ 10.329932 -10.341579],[-4.7969613  4.8748765],[ 2.4306889 -2.3528233],[ 3.0017037 -2.8964357],[ 8.413572 -9.549105],[-6.8328924  7.0828114],[-3.6433303  3.7029204],[-3.2277124  3.591969 ],[-13.843387  14.672104],[ 3.453689  -3.7739794],[-13.036421  13.817482],[-1.9113626  1.9263136],[ 6.781785  -7.3077745],[ 6.342035  -6.2515225],[-7.6792088  7.982035 ],[-1.5408304  1.5544872],[ 13.689049 -14.281495]
[ 18.114424 -19.296091],[-4.7079463  5.088723 ],[-6.223288  6.451626],[ 4.726679  -5.5511656],[-3.2615054  3.5278375],[ 13.035549 -13.593225],[-10.548205  11.017201],[-4.540271   4.8705096],[ 17.272156 -18.25525 ],[ 5.7811165 -5.69701  ],[-1.7573351  1.885677 ],[ 13.942142 -14.660527],[ 3.015677 -3.553191],[ 6.2747684 -6.8660765],[ 4.6611896 -5.3665805],[ 6.1184626 -6.797012 ],[-15.064807  15.905789],[ 20.710985 -21.64779 ],[ 4.027882 -4.609547],[-2.6094904  2.7052305],[-1.6250643  1.5844356],[-10.749375  11.51007 ],[ 0.9038364  -0.96106136],[ 2.2555158 -2.130655 ],[-2.805461  2.872835],[ 5.508839 -5.364204],[ 11.642495 -12.103473],[ 13.913195 -14.9441  ],[-2.3417876  2.4028578],[ 6.3449564 -6.9592953],[ 8.747388 -9.813422],[ 2.7608788 -3.131561 ],[ 17.659195 -18.965899],[-11.732305  12.476926],[-14.394383  15.393227],[ 20.306568 -21.333364],[ 3.6096835 -4.2465134],[ 7.0176926 -7.4693117],[ 7.0528655 -7.581209 ],[ 6.2085457 -7.1511693],[ 7.8298755 -8.25023  ],[ 12.030594 -13.060313],[ 15.982963 -16.919636],[ 8.210083 -8.836037],[ 1.3344723 -1.686449 ],[ 0.23215008 -0.21051061],[-15.844058  16.906855],[ 1.0214078 -1.3059843],[-14.752724  15.773836],[ 10.131643 -10.403516],[ 4.3048306 -4.613767 ],[  9.99257 -10.97601],[-0.3118422  0.5978977],[-9.878174 10.265304],[-1.1574683  1.2966903],[ 12.785581 -13.930349],[ 12.85265  -13.607789],[-10.551789  11.014786],[ 12.414602 -13.184   ],[ 5.863294 -6.386458],[-12.640808  13.346073],[ 0.3134428  -0.42797166],[ 2.267426  -2.2833526],[ 2.6347172 -3.0618029],[-0.1968303  0.4100719],[ 17.26256 -18.12644],[0.00346186 0.09199198],[-6.4439893  6.6338406],[ 3.0532246 -3.7616448],[-2.102439   1.9009407],[ 1.2827839 -1.5172023],[-0.8973291  0.9762384],[-15.821639  16.931684],[-5.188687  5.507949],[ 6.930857  -7.1242533],[ 14.376597 -14.731994],[  9.9916315 -10.610867 ],[ 8.283186 -8.68103 ],[-2.9776762  2.950735 ],[ 0.5540857  -0.52433944],[-2.3468692  2.0725045],[ 13.616801 -14.66715 ],[ 21.090498 -22.16173 ],[ 8.516003 -8.771556],[ 4.2454386 -4.7427573],[ 14.017222 -14.666102],[ 20.758793 -21.675776],[-4.1017694  4.174029 ],[ 7.265254 -8.196068],[ 7.099419  -7.5830874],[-3.9967785  4.129557 ],[-8.003503  8.306799],[-2.2132094  2.048661 ],[ 11.787471 -12.301992],[ 7.9055176 -8.481099 ],[ 12.369504 -13.486098],[-12.429983  12.97478 ],[-12.680532  13.231692],[-2.717248   3.1008384],[ 11.731176 -12.882996],[  9.717964 -10.575127],[-2.0810728  2.2633865],[-1.5200138  1.3830513],[-8.242011  8.861446],[ 10.407874 -11.154987],[ 3.5822213 -4.183613 ],[ 13.640711 -14.666695],[ 12.560557  -13.5411005],[ 14.378314 -15.594457],[ 14.136384  -15.0173435],[-13.475036  14.171367],[-13.053572  13.848094],[ 21.054451 -22.250868],[-3.2259145  3.4167986],[-1.7700537  1.9050419],[ 8.68825  -9.268236],[-0.12572     0.10455054],[ 5.3051934 -5.5094028],[-17.22539   18.410143],[ 10.291572 -11.089803],[-4.0673647  4.2676854],[-13.520647  14.232009],[-2.8187156  3.0552983],[-0.69758666  0.9164092 ],[-14.857394  15.670772],[-0.5717804  0.3524989],[ 14.591147 -15.381267],[ 1.7895588 -1.9746443],[ 13.128095 -13.824757],[-0.79432034  0.8201969 ],[-0.289311    0.07995962],[ 15.482326  -15.9870825],[ 4.499368  -4.4816284],[-6.3880997  6.938179 ],[ 6.320709 -7.444449],[-12.484479  13.399362],[-7.61181   8.026364],[ 5.6385484 -6.3607907],[ 1.5729133 -1.7573484],[-10.819655  11.23464 ],[ 11.859749 -12.667639],[ 7.8225775 -8.712811 ],[ 8.17706  -9.573083]
[-12.093437  13.459478],[ 17.110552 -18.091957],[ 1.330091  -1.4835626],[ 2.9151902 -3.0416331],[-8.895906  9.692523],[ 8.816388 -9.338271],[ 16.832645 -17.737621],[ 13.790246 -14.613185],[ 6.6075087 -7.3665466],[ 18.659595 -19.388094],[ 1.0379575 -1.4795715],[ 18.597017 -19.7926  ],[ 16.60988 -17.81197],[ 20.099821 -21.330568],[-15.264647  16.441416],[-3.7215374  4.468    ],[ 21.39828  -22.382702],[ 11.567511 -12.450459],[-2.6148381  2.75531  ],[ 10.099953  -10.9671335],[ 3.6923704 -4.3970194],[ 14.613634 -16.007818],[ 3.6953006 -4.016293 ],[-5.5073633  5.8685308],[ 15.3015785 -16.378052 ],[ 13.719161 -14.705573],[ 6.361739  -6.9232197],[-5.2890115  5.7872157],[ 15.636939 -16.050623],[ 3.5105486 -4.1958747],[-2.7995517  3.1315966],[ 3.386619  -3.7748985],[ 8.813198 -9.7021  ],[-4.1307273  4.4265165],[ 9.352134 -9.985646],[ 20.475704 -21.600073],[ 2.554542  -3.2735848],[ 7.9287534 -8.086914 ],[ 15.95497 -16.82959],[ 20.77375 -21.97165],[-8.593247  9.339543],[ 19.039524 -20.043886],[ 18.865278 -19.998243],[ 2.4419925 -2.756834 ],[ 3.2668176 -3.8817236],[  9.650967 -10.528521],[ 16.22316  -17.054144],[ 20.774576 -22.181915],[ 20.71705  -21.821014],[ 18.566717 -19.147076],[ 3.183455  -3.6825702],[-7.0578175  7.716778 ],[ 3.0437973 -3.4512415],[ 14.183018 -15.537443],[ 4.2544246 -4.62643  ],[ 8.783349 -9.572617],[ 16.893202 -17.578455],[ 10.466874 -11.458368],[ 5.7439785 -6.0293665],[ 19.805296 -20.972307],[-9.721002 10.456569],[ 6.4404855 -6.9527225],[ 8.964159 -9.773213],[ 4.05967  -4.498706],[ 4.9807982 -5.529454 ],[ 15.764539 -16.79787 ],[ 11.515401 -12.686162],[ 0.8729297 -1.2707453],[ 1.5113493 -1.7129571],[ 20.82536  -22.141865],[ 7.459238  -7.8256288],[-7.670053  8.489118],[ 16.582705 -17.332731],[-15.015042  16.206894],[ 19.054579 -19.77278 ],[ 19.556528 -20.1576  ],[ 14.689829 -15.716875],[ 1.8477923 -1.960219 ],[ 12.212493 -13.002157],[-0.24141288  0.25724202],[ 17.840618 -18.876928],[ 9.120806 -9.757019],[-0.8349663  0.9869816],[ 5.488513 -5.566369],[ 16.805435 -17.899862],[ 20.745016 -21.549314],[ 17.522621 -18.80918 ],[ 22.0529   -22.928402],[ 15.518234 -16.747068],[-0.42448172  0.16424288],[  9.328317 -10.004317],[ 17.936703 -19.118952],[ 10.8761425 -11.729414 ],[ 18.945972 -19.901236],[ 12.63055  -13.556485],[ 14.671768 -15.640557],[ 12.536175 -13.362438],[ 12.729928 -13.572157],[-1.6603844  1.7329078],[ 2.1370616 -2.2724006],[ 2.774886  -2.9451876],[-9.620758  10.2786665],[ 14.565579 -15.381536],[ 7.482035  -7.9428644],[ 4.6635547 -5.3897667],[ 0.7003785 -0.7654028],[-1.3773776  1.4165713],[-7.9592175  8.950554 ],[-15.858064  17.09973 ],[-10.644604  11.706902],[  9.85403  -10.221561],[ 16.435307 -17.338818],[-0.58809626  0.6410518 ],[ 12.297604 -12.635265],[ 4.582976  -5.0023994],[ 4.6625705 -5.1395216],[ 4.8162293 -5.2171645],[ 8.244655 -8.42401 ],[ 5.7923784 -6.838769 ],[ 2.053423  -2.1431494],[-15.414087  16.428038],[ 14.394357 -15.383061],[ 15.848151 -16.834076],[ 15.833262 -16.684359],[ 10.268095 -11.082727],[ 16.17836  -17.363075],[ 17.956984 -19.1178  ],[ 8.394199 -8.834812],[ 14.855597 -15.766069],[ 11.808433 -13.013141],[ 3.387137  -3.8960483],[ 2.8457258 -3.2157338],[ 2.1056385 -1.9515375],[-13.945869  14.966012],[-2.8729389  3.469087 ],[ 11.435136 -11.828665],[ 13.4423895 -14.161623 ],[ 20.099966 -21.242458],[ 18.81647  -19.940722],[ 19.482153 -20.852354],[ 15.42825  -16.535662],[-4.05394   4.628777],[ 13.035512 -14.142034]
[ 10.612684 -11.88135 ],[-6.74998    7.4944773],[ 2.930605  -3.5581005],[-10.031639  10.851988],[-13.90721   14.846237],[-8.530291  9.519482],[-1.0749439  1.237718 ],[-5.9164696  6.4271574],[-16.099255  17.196867],[-17.570822  18.766253],[-11.872698  12.690536],[-14.278932  15.113529],[-10.511073  10.992932],[ 9.027211 -9.84559 ],[ 1.4874691 -1.9462888],[-9.188853 10.003512],[-1.2465721  1.4130397],[-12.863616  13.39859 ],[-4.878108   5.2318606],[-9.932287 10.835471],[-6.6731477  6.902901 ],[-15.86917   17.128784],[-10.518352  11.006078],[ 15.183747 -15.839335],[-2.0738535  1.946342 ],[-12.045201  12.716627],[-2.5169888  2.9435072],[-13.392498  14.342845],[-6.2773223  6.7461414],[-8.757217  9.270949],[-6.253289  6.867744],[ 3.6581287 -4.319178 ],[-15.24007  16.10374],[-0.9448877  1.0307945],[-14.750253  15.70871 ],[-14.46769   15.642301],[-10.264967  10.793248],[-1.3583602  1.4202957],[-10.878897  11.556822],[-16.800215  18.024084],[-10.229222  10.925829],[-10.453322  10.678173],[-7.862363  8.161678],[ 0.78821284 -1.0397549 ],[-14.706761  15.798843],[-5.3545337  5.6256237],[-13.405141  14.318132],[-16.55987   17.563034],[-15.321337  16.272018],[-0.42589515  0.34997463],[-6.799382   7.3408203],[-9.892192 10.119102],[-4.471695   4.9889894],[-9.201508  9.715076],[-7.991986  8.74566 ],[ 0.4982185 -0.8561023],[ 12.073153 -13.135844],[-4.5557547  4.77663  ],[-9.681286 10.626622],[-8.6381645  9.069885 ],[-11.091645  11.837384],[-0.4033616   0.41092217],[-1.930072   2.0861747],[ 8.29593  -8.782114],[ 0.5355243 -0.549779 ],[-3.0773215  3.1167963],[ 1.2635621 -1.7669972],[-5.1225395  5.371877 ],[-0.40751165  0.21511547],[-11.29024   12.396656],[-3.7072427  3.559712 ],[-4.570476   4.9169617],[-9.004836  9.798243],[-4.7620277  5.3136377],[-3.9831653  4.2519817],[ 7.865747 -8.769407],[ 4.5136843 -5.4279885],[-4.530791  4.742958],[-11.6805105  12.17198  ],[-1.9892576  2.1252954],[-8.529525  9.207598],[-13.861354  14.901913],[-0.09729569  0.06674176],[ 17.241388 -18.062204],[-12.844894  13.96852 ],[-10.681799  11.337963],[-14.321987  15.142479],[ 0.93359554 -1.2821437 ],[-12.801288  13.320109],[ 0.30968204 -0.01508233],[-3.6111894  4.004248 ],[ 10.41486  -11.541234],[-13.988988  14.970587],[-2.355057   2.7166753],[ 10.354505 -11.375074],[-0.64108795  0.68500483],[-0.6713587   0.88480294],[-0.7853547  1.0319074],[ 0.28537092 -0.5124045 ],[ 0.876882   -0.81612664],[ 1.7087474 -1.9928014],[-12.689045  13.47933 ],[ 5.613225 -5.74789 ],[-12.944704  13.968845],[-9.948388 10.770451],[-5.9138145  6.412083 ],[-10.07203   10.658901],[-12.227925  12.977343],[-15.079312  16.020466],[-10.977248  11.78978 ],[ 4.2547946 -4.713657 ],[-15.521791  16.580513],[ 1.3271925 -1.530783 ],[-1.4804473  1.7052968],[-14.96509   15.952629],[-8.678026  9.126604],[ 6.9172773 -7.284796 ],[-0.11885058  0.21145903],[-10.949393  11.535936],[-16.280962  17.422247],[-3.3609126  3.5362105],[-1.8014885  2.0083163],[-8.914368  9.304722],[ 16.556446 -17.902058],[-6.3807983  6.865974 ],[-14.733176   15.8246565],[-9.514991 10.137594],[ 0.05133197 -0.15029487],[-0.32618585  0.16774516],[-16.52398   17.853718],[-10.899669  11.694175],[ 16.320492 -17.48615 ],[ 13.998158 -14.19322 ],[-0.9894113  1.1902366],[-9.49739   10.1012535],[ 20.8478   -21.344154],[ 4.429417  -5.5112386],[-1.0358384  1.166268 ],[ 10.601562 -11.721057],[-1.3114877  1.8497913],[-15.677425  16.622288],[-9.667036 10.305191],[-14.896399  15.606592]
[-15.300868  16.452774],[ 12.013126 -13.038338],[ 1.141485 -1.015873],[-2.0789104  2.7497768],[-10.599451  11.515875],[ 0.319871   -0.22508056],[-11.335312  12.007344],[-13.788981  14.855699],[-6.9604597  7.708479 ],[ 19.476013 -20.455849],[-14.270223  15.308693],[-0.17741573  0.43239772],[-4.1261253  4.7814627],[-0.73758215  1.1089493 ],[-14.924612  15.940638],[-15.269853  16.25269 ],[-4.1845646  5.0240817],[-7.133135   7.4735065],[ 6.2622004 -6.4334054],[-15.854498  16.960829],[-0.7014679  0.8546142],[-14.598654  15.368241],[-10.554627  11.262225],[ 15.9522505 -17.095976 ],[-7.1349387  7.486695 ],[ 20.452848 -21.516186],[-12.203069  13.410335],[-4.726446  5.171289],[-5.7379785  6.2460413],[ 2.203881  -1.9629266],[-1.0290953  1.467993 ],[-11.346989  12.451229],[ 7.3654675 -7.825352 ],[ 2.15223  -2.310298],[-10.151623  10.833404],[ 11.202759 -11.770707],[-7.128697  7.801409],[-12.003481  12.68208 ],[-11.214102  11.895051],[-13.682933  14.468565],[-14.883011  16.076212],[ 3.8411405 -4.230304 ],[-0.01699886  0.05753082],[-3.281915   3.4009743],[ 0.8726698 -1.0249135],[ 3.4433768 -3.3926754],[ 3.8307977 -3.8089201],[-8.149016  8.41114 ],[ 0.6903066  -0.71350104],[-3.9982738  4.344593 ],[-7.302853   7.8684306],[ 0.9240775 -0.8803739],[-1.9904668  2.8044634],[-12.729728  13.695369],[-10.831065  11.638783],[-13.396244   14.2724085],[ 6.603472  -7.0002866],[-6.257929   6.7450604],[ 2.5721095 -3.1478117],[-12.0314245  12.906337 ],[-8.774942  9.473318],[-11.102888  11.877553],[-1.454997   1.8530674],[ 12.232688 -12.818858],[-14.490354   15.5719595],[ 13.045986 -14.032479],[-15.444693  16.48831 ],[-11.877289  12.580047],[ 0.6748937  -0.62115127],[-16.020138  16.924051],[-0.34111336  0.5486644 ],[-1.6129055  2.2127318],[-13.9488125  15.068075 ],[-12.148728  13.334059],[-10.034525  10.883374],[-2.574871   3.0125978],[-16.791733  18.047165],[-13.401963  14.35874 ],[ 0.07159854 -0.06875866],[-13.649075  14.843707],[-14.42396  15.23967],[-3.3406844  3.4698265],[-10.644393  11.999512],[ 2.3156426 -2.027339 ],[-15.132315  16.129913],[-1.4062259  1.5799074],[-9.597605 10.423633],[-5.4283166  6.2229724],[ 2.7431343 -3.1288793],[ 4.998388  -5.2504544],[-14.553643  15.714489],[-17.172745  18.244253],[ 6.4536242 -6.6477885],[-15.659739  16.816154],[-16.806725  18.298048],[-17.097757  18.301191],[-9.370938 10.116992],[-9.752107 10.528513],[-3.9339652  4.6041775],[0.13310775 0.3992139 ],[-12.643838  13.857652],[-9.887295 10.545054],[ 16.317236 -17.366478],[-10.287843  11.155545],[-14.383047  15.52796 ],[-9.855107 10.776822],[ 9.497545 -9.542117],[-15.99578   17.088207],[-4.7844834  5.1748633],[ 5.125388 -5.438223],[ 2.8421857 -2.817304 ],[ 1.1975113 -0.8199172],[-16.353064  17.75767 ],[ 14.9560375 -15.861631 ],[-1.0515667  1.4647596],[ 16.41374 -17.00248],[-5.8864884  6.030082 ],[0.14472869 0.00319431],[ 0.9146289  -0.52336115],[-4.2722063  4.6572337],[ 1.3580703 -1.1812664],[-6.5489736  7.424916 ],[-4.945951  5.286493],[ 2.2069886 -2.5261712],[-14.220684  15.418397],[-14.432351  15.616741],[-15.8902    17.024765],[-7.531879  8.198083],[-2.1590648  2.8508508],[-9.975042 10.685496],[ 8.32044  -9.090642],[-15.1083765  16.645748 ],[ 7.574118 -7.295493],[ 8.276737 -8.583776],[ 4.774948  -5.2976317],[ 11.706686 -12.478563],[-6.309296  6.968931],[-5.6246376  6.2189217],[-0.09299394  0.02610517],[-15.694361  16.741528],[ 4.9086604 -5.351733 ],[-15.646357  16.727097],[ 5.613041 -5.854593]
[-16.885159  17.838343],[-15.540569  16.62107 ],[-3.3617575  3.746673 ],[ 1.21635   -1.3505166],[ 11.25625  -12.449084],[-16.160309  17.262224],[-2.2823472  2.547592 ],[-5.9083896  6.4457555],[-12.870109  13.849585],[-15.803056  16.978722],[-7.9697433  8.527979 ],[-0.5887576   0.90522605],[ 2.899903  -3.2436323],[-11.970815  12.823984],[-3.676174  3.914532],[-2.3792453  2.4840896],[-12.627772  13.193019],[ 16.005487 -16.528372],[ 2.5682917 -2.971196 ],[-14.79554   15.744611],[-2.2645814  2.5118842],[-3.6681063  4.0551524],[-2.3215797  2.24727  ],[-15.025767  16.20169 ],[-1.4615635  1.4985946],[ 0.7063072 -0.9545194],[-15.551724  16.609846],[-13.054856  14.111461],[-10.026185  10.802387],[ 10.517342 -11.30613 ],[-14.41366   15.465101],[-5.2243958  5.9167504],[-9.27898   9.930242],[-16.73347   17.972176],[-11.992108  12.774578],[-16.90562   18.082912],[-16.678259  17.728802],[-4.33322    4.3653975],[-13.4530325  14.289662 ],[ 6.2104015 -6.742457 ],[-2.3781934  2.354512 ],[ 19.367752 -20.529724],[-6.5606728  7.1508083],[-0.8980499  1.0252709],[-8.967876  9.397892],[ 1.524237 -1.538112],[-2.0057614  2.1032279],[-5.44239    5.9669204],[-16.311316  17.208353],[0.15316619 0.01970714],[-7.652431  8.146395],[-8.559878  9.035739],[-13.53736   14.804762],[-2.9202185  3.0667603],[-12.883806  13.628642],[-16.262041  17.160389],[-14.656247  15.340734],[-14.686398  15.649423],[-17.96087   19.258986],[-8.778393  9.403494],[-8.625758  9.210236],[-1.7523512  2.0195785],[-17.110456  18.2034  ],[-5.853712  6.540732],[-10.415294  11.172945],[-2.7721212  2.9650857],[-8.235144  8.921716],[-8.641341  9.011397],[-1.1765527  1.2947996],[-11.828578  12.823266],[-13.604738   14.4740305],[ 1.1167908 -1.3881382],[-14.026645  14.946589],[-11.6669445  12.437979 ],[ 19.371935 -20.498238],[-17.690495  18.818697],[ 8.789103 -9.417899],[-4.369644  4.490458],[ 1.8093764 -2.0916915],[-6.3132744  6.551865 ],[-4.2320447  4.707551 ],[-5.0926743  5.954099 ],[-10.302819  11.215479],[ 17.538372 -18.474596],[-2.036845   2.2372665],[-5.7415876  6.233033 ],[-3.9954424  4.5427523],[-19.213596  20.364183],[-3.2811725  3.8610718],[ 5.0810814 -5.734652 ],[-5.261283  5.78689 ],[-2.1008203  2.4922714],[-13.511886  14.432996],[-14.512433  15.603499],[-13.123154  14.387827],[-10.631597   11.4060135],[-13.016706  13.893046],[-12.847155  13.708644],[-13.411816   14.5391655],[-13.56267   14.343848],[-14.930266  15.956999],[-12.215536  12.959426],[ 0.8911799 -1.256603 ],[-9.734915 10.484014],[-12.746168  13.752589],[ 18.38779 -19.40041],[ 0.30774972 -0.09881665],[ 3.791984  -4.2377343],[-12.341518  13.107273],[-3.6630313  3.8917646],[ 1.0609164 -1.138432 ],[-7.9268184  8.676989 ],[-15.525591  16.708265],[-16.594324  17.750765],[ 5.3304996 -5.8639455],[-2.2522755  2.6427917],[ 19.829802 -20.987717],[-2.1325305  2.8301075],[ 1.3554072 -1.7240613],[-16.103558  17.07013 ],[ 4.7140946 -5.255588 ],[-11.544141  12.495021],[-2.070329  2.594809],[-10.7586975  11.611387 ],[-14.147257   15.0889435],[-11.155058  12.06022 ],[-7.1905437  7.8532352],[-6.201265  6.773537],[-11.512954  12.438475],[-14.141263  15.272677],[-16.871685  18.105318],[-16.90149  17.98403],[ 0.82351345 -0.7128323 ],[ 3.3764567 -3.6265178],[-3.8168504  3.8142376],[-0.36020797  0.6107802 ],[-12.146251  12.979423],[-13.715452  14.485885],[-17.407436  18.521402],[-12.113304  13.056623],[-10.620444  11.645125],[ 5.009914 -5.696489],[ 2.7820477 -3.2456474]
[ 1.3304675 -1.5667862],[ 1.2942971 -1.5141014],[-14.487568  15.394087],[-16.722528  17.824799],[-9.425464  9.955679],[-0.72526723  0.87959117],[-14.537472  15.527703],[-8.178472  8.833415],[-8.560375  9.063811],[-15.739219  16.480085],[-0.2317237   0.06351882],[-16.814772  17.819866],[-3.6709146  3.8421412],[-13.18876  13.93462],[ 3.5834916 -4.0268726],[-2.263389   2.3902225],[-16.361732  17.377974],[-15.597803  16.70748 ],[ 1.8219755 -2.2345562],[-5.8399773  6.0393386],[-11.292894  11.90086 ],[-3.5273983  3.7476344],[-11.395703  12.036957],[-16.057589  17.0934  ],[-4.520609  4.354132],[-2.4163053  2.2443979],[-12.836508  13.719762],[-12.369284  13.261255],[ 14.406322 -14.601471],[-7.0729384  7.7068667],[-13.678017  14.608475],[-14.005026  14.910141],[-15.962352  17.073444],[-3.0784717  2.9654105],[ 1.5525082 -1.7141109],[ 11.958864 -12.466905],[ 1.4342859 -1.4295948],[ 2.6035073 -2.9220884],[ 7.1914244 -7.6696267],[ 10.8335285 -11.879761 ],[ 6.8167195 -6.9673367],[-3.8430433  3.5656428],[ 0.81185514 -0.8418041 ],[ 1.2119865 -1.1141464],[ 3.0837412 -3.612229 ],[-2.673304   2.9065764],[-4.399823   4.4185715],[-1.132504   1.3126109],[ 20.382584 -21.309515],[-4.7964363  5.186986 ],[-0.25146246  0.26811802],[ 4.549003 -5.448808],[-14.771446  15.707012],[-6.668266  7.10918 ],[-9.159304  9.691683],[ 14.536287 -14.981615],[-8.632354  9.359632],[-4.7751193  5.0364428],[-2.4926825  2.7951348],[ 17.020586 -17.851826],[ 0.68452835 -0.68187076],[-3.3636808  3.925404 ],[-4.5535007  4.5573025],[-17.304089  18.32665 ],[-13.244753   13.9492235],[-14.766175  15.538195],[-8.343947  8.922207],[ 2.5648644 -3.0721006],[-13.572789  14.402382],[-0.82634073  0.9989098 ],[ 19.80816  -21.009844],[-12.884448  13.707744],[-1.812622   1.8593578],[-4.310473   4.4661436],[-13.115642  14.073163],[ 0.43975496 -0.49902755],[-15.175306  16.304667],[ 1.3337572 -1.4932934],[-1.4466573  1.3903569],[-10.620633  11.451207],[-2.662969   2.6633227],[ 9.447377 -9.896908],[-16.187733  17.26212 ],[-4.978973   5.3385477],[-12.328504  13.1641  ],[-12.052419  13.048157],[-16.076233  17.012766],[-5.7613697  6.0784636],[-17.519127  18.626753],[-11.831555  12.783341],[-13.171643  14.019977],[-15.117113  16.13133 ],[-7.247589   7.4499617],[-1.1388695  1.3142716],[-14.447991  15.341978],[ 4.776127  -5.2876678],[ 2.112117  -1.9242905],[ 1.591943  -1.4417927],[-14.759593  15.541571],[-13.148382  14.174627],[-11.83572   12.577643],[-3.584243  3.493402],[-15.955777  16.60569 ],[-11.029597  11.7139  ],[-10.548937  11.358307],[-15.844741  16.909142],[-15.618692  16.369852],[-15.581788  16.658619],[-1.1401817  1.0802573],[-7.701037  8.126604],[-11.366432  12.185254],[-11.391601  12.073316],[-12.831303  13.810827],[-1.2056985  1.3181138],[-2.5736032  2.6776998],[-14.249249  15.290052],[ 2.3146436 -2.8957162],[-16.222458  17.234158],[-2.691282  2.731335],[ 15.977695 -17.027422],[-0.7838373   0.76419806],[-14.317913  15.153501],[ 2.1736262 -2.4866261],[-16.904608  17.834604],[ 0.6239711  -0.96894264],[ 1.5515212 -2.039705 ],[-0.3953098   0.50286484],[-4.5305333  4.8455424],[-16.604847  17.65117 ],[ 2.5446682 -2.8756094],[-3.4244606  3.6927495],[-9.138512  9.787399],[ 8.9424925 -9.433588 ],[-13.122256  13.891116],[-8.191537  8.640072],[-10.338698  10.645655],[-12.225747  12.958822],[-1.0642029  1.0879451],[ 2.377124  -2.5036933],[-9.699335 10.442967],[-4.3326454  4.685143 ],[-10.575912  11.237335],[-8.56474   8.809004]
[-3.7909837  4.242047 ],[-0.41884583  0.36699152],[-2.5099123  2.9178512],[-2.6755972  2.6705847],[-10.738756  11.462754],[-12.948712   13.8735285],[-5.5947924  5.825164 ],[-14.887947  16.073154],[-1.7882967  2.0219872],[ 20.213623 -20.994156],[-11.680621  12.317208],[-16.346209  17.45112 ],[ 3.4215968 -3.567564 ],[-7.100047  7.910642],[-0.41373688  0.1262811 ],[-0.2502442   0.23476397],[-13.959375  14.705765],[ 2.7692635 -3.230274 ],[-13.378495  14.232281],[-3.554058   3.6908636],[ 5.290871 -5.702133],[-13.084684  13.993142],[ 0.4027278  -0.33576578],[ 12.615513 -13.65677 ],[0.10804669 0.03758815],[-1.7791226  1.6749328],[-10.707669   11.3336525],[-0.14027172 -0.10488891],[ 19.136747 -19.732122],[-11.312354  12.117392],[ 0.9625956 -1.31959  ],[-8.268407  8.705086],[ 0.30517843 -0.38733017],[-3.2489522  3.4803753],[ 15.46498  -16.597908],[-10.7074795  11.524079 ],[-12.206401  12.916364],[ 14.158626 -15.157556],[ 3.320331 -3.975974],[-11.098083  11.823967],[ 15.221596 -15.765836],[ 3.211039  -3.8875363],[-10.876212  11.762817],[ 17.93518  -18.775476],[ 3.5926898 -3.8849866],[-13.860065  14.690386],[ 19.013706 -19.715805],[ 12.0067005 -12.530409 ],[ 12.623572 -13.259743],[-5.5213437  5.767849 ],[ 12.763063 -13.307309],[-4.292954  4.546616],[-7.8446794  8.344741 ],[ 2.928786  -3.0868738],[ 16.07094  -17.028196],[ 16.17298  -16.931414],[ 22.842836 -23.874306],[ 11.059025 -11.374995],[-16.199417  17.395693],[-15.763374  16.856363],[ 7.0802197 -7.62452  ],[ 5.0850983 -5.571492 ],[ 16.815031 -17.851194],[-11.438382  12.200089],[-3.2888331  3.5197601],[ 5.0207834 -5.1084576],[-11.881009  12.755055],[-8.568783  9.132689],[ 17.490536 -17.981768],[ 1.1493508 -1.3327414],[-14.951744  16.036243],[-9.883986 10.283551],[ 10.272116 -10.737519],[-6.937423  7.571422],[-8.8632145  9.336256 ],[-16.053286  17.160973],[-8.113119  8.380562],[-10.858374  11.484769],[ 11.953063 -12.363985],[-3.0366862  3.0439277],[ 5.0310674 -5.945557 ],[ 3.2329142 -3.8663526],[-6.950294  7.398968],[ 0.46325812 -0.5621863 ],[ 4.7716947 -5.320121 ],[ 4.674001 -4.672264],[-13.019789  13.877038],[ 17.197042 -17.647627],[-3.9600134  4.3513813],[-9.718154 10.45625 ],[-10.952308  11.653526],[ 0.91743034 -1.165668  ],[ 13.144825 -13.637777],[-8.880758  9.554905],[-5.668172   6.1088095],[-11.068803  11.821419],[ 3.1153586 -3.3630576],[ 3.6385896 -3.9283583],[-5.9294233  6.6327767],[ 13.100747 -13.874635],[ 12.926911 -13.972873],[-1.4039179  1.3751127],[ 12.358469 -12.633222],[-12.820134  13.743388],[-6.72826   7.276055],[-7.920548  8.515288],[-2.485041  2.496569],[-11.732626  12.611931],[-6.416085  6.825593],[ 11.295826 -12.319693],[-6.17332    6.7393904],[-4.412937  4.621047],[-0.78910786  0.8541468 ],[ 2.9626858 -3.2805195],[-10.796514  11.412066],[-7.5761037  8.26055  ],[-0.18939     0.11565849],[ 7.0867467 -7.32886  ],[ 0.48303306 -0.5414457 ],[-1.3000181  1.4620634],[ 1.4917005 -1.7885736],[ 3.9932947 -4.8441367],[ 0.97240955 -1.0749962 ],[-9.274277  10.1572695],[ 6.7368283 -7.4480934],[ 2.5115821 -2.892896 ],[ 15.072141 -16.289118],[-3.9929805  4.3158393],[ 0.832164  -0.9137341],[ 4.2957673 -4.9841194],[-3.3579814  3.6596863],[-5.565149   5.8807235],[ 15.23151 -16.37313],[ 3.2518978 -3.3734262],[ 1.4931123 -1.7645582],[ 8.564773 -8.768533],[ 18.847319 -19.955854],[ 9.558813 -9.877232],[ 0.6188243 -0.870051 ],[-0.05654906  0.0137509 ],[-13.686827  14.476128],[ 11.98739  -12.513708],[-2.7081501  3.0161693]
[ 7.8132544 -8.890715 ],[-2.142269   2.2716877],[-1.3059849  1.606607 ],[-1.6805739  1.5899745],[-13.6137905  14.446953 ],[-8.972828  9.498048],[ 6.1998158 -6.2740736],[-2.1587625  2.4321983],[ 2.3259623 -2.541408 ],[ 1.1751268 -1.3505685],[-3.8291914  3.7058992],[ 16.601858 -17.214169],[-1.4517107  1.1724355],[-4.928967  5.185231],[ 1.500887  -1.9656082],[ 1.8160236 -2.1562915],[ 13.102901 -13.597812],[-10.4015045  10.567847 ],[ 4.3834286 -4.159874 ],[ 7.5802813 -8.200828 ],[ 7.333086  -7.7137284],[-2.7852588  2.72872  ],[ 16.052158 -16.869726],[-11.589712  12.488332],[ 14.45349  -15.133934],[ 9.025764 -9.718266],[ 17.48483  -18.515026],[ 4.510575  -4.7802463],[ 2.9445045 -2.7814581],[ 3.5524309 -3.1042554],[-15.355025  16.257122],[-8.081446  8.316642],[-5.913936  6.228147],[ 8.096067 -8.537181],[-8.537075  8.926975],[-4.97901    4.9435277],[ 21.357332 -22.496328],[ 12.875154 -13.839227],[ 15.472157 -16.667452],[-0.30909115 -0.02524938],[ 10.658565 -11.134243],[-1.9838345  1.8968552],[-5.9388    6.300699],[ 0.7859873 -0.8351205],[ 2.9372768 -3.193057 ],[ 11.84364  -12.458618],[ 6.9174833 -7.3561563],[ 17.327198 -18.429798],[  9.693785 -10.420405],[ 5.6042705 -5.736253 ],[ 12.025002 -12.553499],[ 0.9618231 -1.1584064],[  9.791333 -10.570956],[-10.032225  10.451063],[-0.9719896   0.64003766],[ 9.588917 -9.968798],[-15.482439  16.72822 ],[ 6.65031   -7.2847443],[ 11.372581 -11.359279],[ 5.372419  -5.9642363],[ 11.396938 -12.198432],[-4.893195  5.244958],[-10.1619    10.786771],[ 17.105192 -17.72443 ],[ 5.5474787 -5.6736155],[ 10.810132 -11.969292],[-9.182877  9.530223],[ 1.9928328 -2.54898  ],[ 19.85499  -20.496735],[-15.28068   16.129776],[ 15.000409 -15.983961],[ 9.135363 -9.753942],[ 10.472957 -11.310494],[-1.045556   0.7349114],[-16.129965  16.979311],[ 14.84357  -15.464861],[ 14.28115 -14.84682],[ 17.261822 -18.177006],[ 0.27136445 -0.18858741],[ 17.690935 -18.363762],[-12.653033  13.169241],[ 19.546488 -20.839926],[ 1.5775177 -1.2756399],[ 3.0815575 -3.5262625],[ 6.3915772 -6.920276 ],[ 4.0379596 -4.014252 ],[ 16.989943 -17.367634],[ 20.995935 -21.79445 ],[ 2.5838974 -2.6018744],[ 7.958389 -8.320656],[ 0.7076119 -0.8122196],[ 1.108275  -0.9980192],[ 1.5690378 -1.570223 ],[ 11.04999  -11.824497],[  9.317118 -10.106197],[ 0.1988166  -0.47611386],[ 11.412476 -12.437975],[ 11.50088  -12.515102],[-1.8696969  1.91194  ],[ 8.095403 -8.775615],[ 4.647316 -4.918813],[  9.894198 -10.912058],[ 17.608887 -18.154041],[ 3.18805   -3.2904625],[ 0.8038463 -1.0514805],[ 4.595331  -4.7186055],[ 11.012421 -11.202489],[-0.21712837  0.3561837 ],[-5.310829   5.3092437],[ 2.847508  -3.4795291],[ 13.057209 -13.872298],[ 6.3793144 -6.698037 ],[-5.3988566  5.425491 ],[ 11.106289 -11.604853],[ 3.4938533 -3.8062458],[ 6.5199437 -6.7611175],[ 7.6357765 -7.8796997],[ 21.998972 -23.370499],[ 1.9411553 -2.1168032],[ 21.050758 -21.946766],[ 3.6076581 -4.1748433],[ 5.334627 -5.301181],[-2.2404633  2.324355 ],[-0.17880926  0.2668966 ],[ 0.5680172 -1.0419616],[-13.049245  13.774861],[-17.348318  18.473358],[-7.671508  8.007794],[ 15.230042 -15.893263],[ 5.5383496 -6.1679983],[-2.5970926  2.6377525],[ 3.828294  -4.4667754],[ 19.551874 -20.79746 ],[ 4.271334 -4.59133 ],[ 1.7352338 -2.082894 ],[ 10.9566145 -11.8336525],[ 10.374627 -11.045368],[ 5.9866257 -6.538336 ],[ 14.701752 -15.57624 ],[-7.8068976  8.070062 ],[ 14.468517 -15.072855],[ 13.425354 -14.38937 ],[ 7.1313624 -7.8444796]
[ 0.07141751 -0.4809612 ],[ 11.32705 -12.26809],[0.05564747 0.20407301],[ 1.9263438 -2.098153 ],[-5.9161477  5.874416 ],[ 1.8636879 -2.1989563],[-10.762149  11.12974 ],[-6.0999403  6.1499505],[ 2.3293042 -2.7686796],[ 16.396212 -17.57788 ],[-0.41671425  0.09060733],[-15.29544   16.329762],[ 14.800633 -15.83763 ],[-3.2180433  3.004283 ],[ 2.6556659 -2.970139 ],[ 1.7907381 -1.9135643],[ 16.942366 -17.337547],[ 18.614735 -19.51555 ],[ 12.472471  -13.1595125],[ 19.118092 -20.04899 ],[-6.9440317  7.2912774],[-7.2027817  7.2900524],[ 11.92616  -13.202722],[-3.0335896  2.9774532],[ 9.268502 -9.783754],[-13.108576  13.819016],[-10.554697  10.865911],[-0.6340914  0.6583678],[-5.5684266  5.4995017],[ 19.613892 -20.88062 ],[  9.866875 -10.716387],[-0.6515126   0.27581137],[-13.032113  13.78904 ],[ 16.630617 -17.763515],[-0.6831757   0.49469572],[-7.785942   7.8895144],[ 21.73878  -22.500393],[ 6.256995 -6.954709],[-7.6991744  7.857426 ],[-15.265791  15.98075 ],[ 14.2991295 -15.207238 ],[-8.778254  8.955517],[-0.28313163 -0.01037402],[ 3.6683893 -4.157329 ],[ 4.8104315 -5.1432834],[ 11.37743  -12.197159],[ 1.8900719 -1.9050552],[-16.111532  17.025171],[ 17.430275 -18.058588],[ 15.9408245 -17.322374 ],[ 11.834162 -12.114576],[ 3.6720362 -4.238729 ],[-14.578549  15.302324],[-1.0326935   0.83683723],[ 2.1972268 -2.5652654],[ 0.6187043  -0.46257782],[-4.357006  4.538222],[-4.77225   4.394704],[-2.7766488  2.9376125],[-0.39146855  0.43533587],[-6.640918  6.938783],[ 5.262906  -6.0303288],[-13.093401  13.732529],[ 19.720043 -20.368076],[ 0.579482  -0.8331468],[ 1.979463  -2.6449564],[-2.1076026  1.8374835],[ 7.7160597 -8.536018 ],[ 5.3286867 -6.243579 ],[-12.064545  12.607252],[-3.4557884  4.0759425],[-5.220092  5.363625],[-2.9949026  2.9225216],[-5.0870852  4.9163427],[  9.699139 -10.42466 ],[ 4.2107058 -4.349968 ],[ 13.696049 -14.823668],[ 20.815584 -22.172617],[ 7.064373  -7.8480263],[ 1.4865462 -1.5989636],[-4.076632   3.9916902],[-17.348738  18.409477],[-3.9531221  4.0320344],[-12.987539  13.714365],[ 1.4714284 -1.9370216],[-16.684654  17.353216],[ 3.3768604 -3.6010263],[ 1.9701259 -2.2941253],[ 2.4982958 -3.3332734],[-0.11477072 -0.05588453],[ 4.6371207 -5.016207 ],[ 3.081758  -3.4214876],[-7.698488  8.017904],[ 4.2027535 -4.632867 ],[-9.099868  9.381389],[-12.979258  13.558981],[-8.595869  9.093609],[-8.821048  9.333821],[ 18.133108 -19.271532],[ 12.6827545 -13.851753 ],[-3.3796797  3.3583326],[-9.575122  9.900047],[ 19.256983 -20.486963],[ 0.3902249  -0.83566535],[-5.2115564  5.1032186],[ 11.176082 -11.803239],[ 11.292667 -12.049185],[ 10.843077 -11.802871],[ 7.8780913 -8.664333 ],[-1.8550204  1.8190811],[ 1.4866554 -1.7546414],[ 3.1942973 -3.9533498],[ 13.065565 -13.97021 ],[-3.3405013  3.457492 ],[ 12.072891 -12.899006],[ 13.230889 -13.905187],[ 0.18236098 -0.45254022],[-6.96911    7.6597614],[-2.5453491  2.504906 ],[-14.31455   15.136758],[-6.642617   6.4500437],[-7.3839374  7.4522486],[ 18.997267 -19.693886],[ 18.91474  -19.965467],[ 1.537865 -1.707437],[-2.8978355  2.8587048],[-3.8099415  3.67665  ],[ 2.0795374 -2.255199 ],[-1.5480471  1.4903666],[-14.933944  15.840815],[ 5.5580964 -6.3078003],[-5.4928484  5.3836155],[-15.966262  16.696154],[ 3.4124925 -3.5119958],[ 6.39616  -7.136191],[-8.855317   9.0791025],[-1.784446   1.7291036],[-1.4322006  1.2164788],[-15.265868  16.142042],[-5.498156   5.3635526],[ 2.5381224 -2.6386302],[-2.840543   2.6657948],[-16.784464  17.838718]
[ 0.12253644 -0.27516618],[-16.49635   17.454355],[ 2.3970065 -2.828399 ],[-2.030265  2.030804],[ 16.478874 -17.734167],[-4.2641196  4.494958 ],[ 3.8763525 -4.7862253],[ 7.2445903 -7.865162 ],[-1.5829654  1.5556318],[ 8.797839 -9.590551],[-0.254238    0.00194169],[-1.9116331  1.7658424],[-7.272011   7.9971023],[ 1.3743473 -1.8394383],[ 2.6101406 -3.0509465],[ 1.8568927 -2.192305 ],[ 20.961554 -21.98291 ],[ 16.655245 -17.76588 ],[ 7.2344704 -7.8141217],[ 0.63735265 -1.1300546 ],[ 14.109561 -15.065673],[-6.18059   6.432982],[ 0.746765  -1.1442215],[-14.934663  15.917684],[ 13.186392 -14.077615],[ 2.3486216 -2.5802934],[ 9.071058 -9.937986],[-6.7918086  6.984052 ],[ 17.86451  -18.594948],[ 16.145113 -17.455715],[ 2.9148006 -3.493235 ],[-3.8698618  3.9058661],[ 7.811786 -8.519662],[-2.1489625  2.3437142],[-9.091212  9.380435],[-13.286192  14.026536],[-9.942598 10.329282],[ 0.57507706 -0.61764765],[-9.806348 10.369268],[-5.6535945  5.963482 ],[-0.43107125  0.52058184],[-0.73817575  0.57101214],[ 18.730818 -19.861486],[-0.11919393  0.07661974],[-1.5259105  1.5773764],[-3.9729195  4.3510737],[ 18.076176 -18.870071],[-1.9914303  2.3228886],[ 2.2379942 -2.582569 ],[-17.227259  18.382435],[ 7.211776 -7.614804],[-5.535395   5.7587523],[ 15.307304 -16.375454],[-7.3236504  7.81848  ],[ 4.4395227 -5.591951 ],[-13.065692  13.644633],[ 18.861523 -19.853388],[ 11.184834 -12.421318],[-14.917181  15.751295],[-9.3778715  9.819632 ],[-11.450842  12.184264],[-12.718476  13.841978],[-14.3866005  15.1838875],[ 0.561134   -0.67541933],[-3.433535  3.404016],[-2.1113317  2.5042655],[-14.571028  15.535789],[ 2.588097  -2.8526502],[ 6.708639  -7.4588356],[-8.228306  8.735029],[-15.015265  15.66096 ],[-4.0613575  4.0454645],[-13.444527  14.365555],[-1.6787468  1.7608715],[-10.3068075  11.081959 ],[-10.138236  10.514494],[ 2.600648 -2.984981],[-12.640688  13.401239],[-2.9029784  3.1095634],[-7.3827887  7.760848 ],[-2.02508    1.8206817],[-8.510935  9.1375  ],[ 11.635444 -12.792312],[-2.5288155  2.6821363],[-12.886311  13.740697],[ 19.930653 -21.01835 ],[ 15.774271 -16.684547],[-2.8327334  2.868436 ],[-3.3938215  3.7048514],[-1.2105829  1.3620168],[-0.16658327  0.11374767],[-13.77176   14.573386],[ 1.5299808 -1.8489276],[-11.574472  12.310182],[-11.546861  12.12738 ],[-2.52368    2.6010053],[-14.2109995  15.084387 ],[-14.095395  14.968575],[-2.2068548  2.4008417],[-16.075386  17.034992],[-2.269429   2.3288634],[ 11.983096 -12.740915],[-12.353267  12.837993],[-1.0640801   0.96470004],[-13.208883  13.941807],[-0.782635   0.9597264],[ 14.789601 -15.295182],[-11.086731  11.698096],[  9.986105 -10.891119],[-9.659015 10.193692],[-0.86677456  0.9138479 ],[-7.169144  7.48537 ],[ 14.737223 -16.14817 ],[-4.210087   4.2351904],[ 1.6778733 -1.9132016],[-14.956147  15.996936],[-1.4114817  1.5120107],[-14.035948  14.886512],[-11.344808  11.940309],[-0.51400024  0.48188925],[ 1.5987972 -1.6975234],[ 1.0221297 -1.5623527],[ 2.4579008 -2.7705033],[-14.718441  15.54836 ],[-0.01913316 -0.21184862],[-7.6192584  7.8005633],[ 0.16021171 -0.31526583],[-2.6421986  2.7872617],[ 6.745612 -7.556855],[ 4.3945427 -4.5908628],[-13.721294  14.53492 ],[-8.568117  9.077493],[-5.9825053  6.37557  ],[ 1.9986533 -2.5278292],[-12.456746  13.174687],[ 2.6320727 -2.6462302],[-13.361899  14.208855],[-6.8716044  7.3427534],[ 21.643494 -22.740435],[-9.374473  9.811532],[ 0.86720085 -1.0696206 ],[ 1.9261096 -2.1465414],[ 13.4784155 -14.281462 ]
[-7.5005174  7.591475 ],[ 18.783438 -20.009712],[-11.753418   12.3815775],[ 10.590212 -11.576423],[ 2.4992592 -3.2082274],[ 10.578566 -11.601957],[-2.7273474  2.829143 ],[ 3.141349  -3.7916877],[-3.3759253  3.3233216],[ 0.69395447 -0.51543665],[ 0.81443715 -1.0402794 ],[-0.7594569  0.5573353],[-13.037181  13.773604],[-4.704196  4.779586],[-9.713462 10.093766],[ 0.31306502 -0.59620494],[ 5.072367 -6.132637],[-3.4406087  3.1257143],[-2.312251   2.3089201],[ 2.4374666 -2.8692603],[-11.328738  11.976422],[-2.0377448  2.002628 ],[-5.0041895  5.3539658],[ 0.54929566 -0.73556477],[ 0.30752563 -0.5304861 ],[-0.9578859   0.89595395],[ 3.0792396 -3.6589406],[ 17.71707 -18.67261],[ 13.939491 -15.10975 ],[-12.962641  13.720467],[-10.275384  10.609833],[-1.7351675  1.5486039],[ 8.563991 -8.94964 ],[-15.465258  16.417768],[ 10.773873  -11.6378145],[ 16.982468 -17.952906],[-10.408215  11.071977],[-9.170961  10.1844015],[-10.803899  11.354513],[ 0.62426794 -0.43591875],[-4.667935   4.7274237],[-9.357967  9.645521],[-7.4889307  8.19824  ],[-0.04139671  0.04227028],[-5.823736   5.9933076],[-1.2938514   0.98828954],[-3.9556355  3.8074825],[ 18.855444 -20.082014],[ 13.38901  -14.509329],[ 5.989598  -6.2779045],[ 1.9945055 -2.381257 ],[-0.32209325  0.11526383],[-7.7725983  8.093272 ],[-4.011801   4.0127463],[-14.435536  15.311565],[ 12.10396  -12.729652],[ 14.693136 -15.709638],[-9.857682 10.3972  ],[ 21.720747 -22.612537],[-1.5553008  1.6080016],[-5.4708123  5.821199 ],[ 0.15895757 -0.44193453],[ 13.669246 -14.603854],[ 11.428951 -12.240053],[-7.0059958  7.109283 ],[-3.175303   3.5821831],[ 4.240122  -4.3165135],[-0.5002222  0.7496369],[-0.3459465   0.25752676],[-1.8193594  1.8089037],[-0.44976258  0.4655652 ],[-3.3918695  3.492395 ],[ 0.7635532  -0.96283084],[ 1.6071255 -1.8861393],[ 14.120395 -15.223037],[ 12.012184 -12.711976],[-5.999454   6.5564094],[-1.6831801  1.9211757],[-15.996015  17.004484],[ 1.2749192 -1.6969905],[ 7.059983  -7.5971317],[-0.9906252  1.1785594],[-14.5494375  15.390615 ],[-1.1691252  0.8814813],[ 2.8795118 -3.1236315],[-6.7852316  6.943842 ],[-10.995378  11.622092],[ 20.075125 -21.087368],[-15.357349  16.313896],[ 10.214062 -10.925863],[ 8.022344 -8.531792],[ 8.799857 -9.555635],[-10.857447  11.464325],[ 3.2638862 -3.8415453],[-11.314281  11.825077],[ 11.192397 -11.934942],[-6.4192743  6.835147 ],[-6.4790964  6.913907 ],[-15.060032  15.714152],[-1.3952315  1.4911435],[-2.9968808  2.7928195],[-4.6150913  4.6073284],[ 19.187643 -20.478767],[ 6.398436  -7.5321627],[-2.9327166  2.9012263],[ 1.4179282 -1.8521695],[ 3.2466822 -3.8639925],[ 7.2261977 -7.8493133],[ 0.06410056 -0.24943766],[ 4.2973557 -4.693684 ],[-5.6861954  5.758278 ],[-2.2040374  2.1372993],[-11.958616  12.51666 ],[-2.5538902  2.5519896],[ 14.08872  -14.844049],[ 1.0843332 -1.1905168],[-9.728811  9.866299],[-16.927784  17.968914],[ 5.9746737 -6.1360626],[ 11.088555 -11.570844],[-0.3599473   0.02280308],[-5.152488  5.416822],[-4.3305817  4.555696 ],[ 18.209518 -19.14836 ],[ 2.4418466 -2.7522504],[-0.80850124  0.5576216 ],[ 4.063719  -4.8425655],[-1.7669953  1.8227253],[-6.737121  6.876543],[-1.0692246  1.1142937],[-9.34597   9.965819],[-3.7210257  3.840063 ],[ 12.777424 -13.807196],[ 5.4660482 -6.019587 ],[ 10.889485 -11.730275],[ 2.9387474 -3.5196009],[-2.9236794  2.9357011],[-11.141175  11.789992],[-6.854432  7.311001],[ 7.511211 -8.189365],[ 12.583253 -13.541519],[-14.343887  14.963055],[-8.987404  9.711738]
[ 1.1998045 -1.02723  ],[-0.27048507  0.16014995],[-2.9513292  3.1540549],[ 12.724742 -13.734475],[-12.1441345  12.727423 ],[ 3.08988   -3.2463462],[-8.284608  8.551592],[ 2.0977957 -2.538258 ],[ 4.907766 -5.005531],[-10.594214  11.142505],[ 7.1510057 -7.717256 ],[ 9.533409 -9.993353],[ 4.7530494 -4.8182917],[-4.2435126  4.3128095],[ 0.5583031 -0.6901865],[ 12.925154 -13.810785],[ 2.1163967 -1.9026918],[ 11.54229  -12.311183],[-0.23740178  0.30038083],[ 14.307547 -15.600124],[-6.7342496  6.985772 ],[ 8.924987 -9.759917],[-2.8281505  3.138943 ],[-9.269868 10.092535],[-8.373973  8.496784],[ 5.9947457 -6.6096954],[ 8.576846 -9.414536],[-3.1151485  3.093415 ],[-1.8889607  1.6298991],[-0.58289516  0.5582366 ],[ 7.52058  -8.334794],[ 0.3255761  -0.43169647],[-2.5638623  2.4295566],[-11.752001  12.373552],[ 10.976378 -11.585732],[ 17.043304 -17.72543 ],[ 7.5402675 -8.174422 ],[ 17.490837 -18.79503 ],[ 5.029343  -5.2670317],[-0.47915745  0.5705305 ],[ 5.0478506 -5.3083878],[ 1.4810569 -1.4200708],[-12.882891  13.689743],[-15.34238   16.458921],[ 5.969873 -6.202568],[ 0.9714199 -0.988873 ],[ 12.8515835 -13.580495 ],[-4.0716124  4.336832 ],[-11.137589  11.518584],[ 20.460752 -21.497755],[ 14.169961 -15.107577],[-1.2651731  1.2208133],[-3.1721838  2.937225 ],[ 16.374771 -17.00404 ],[ 0.15191168 -0.48940843],[-10.198471  10.900446],[-15.357176  16.476053],[-10.54919   10.929126],[-0.6484297   0.53455853],[ 2.7135406 -2.31454  ],[ 1.1011817 -1.3032372],[-7.9391923  8.353138 ],[ 15.009734 -16.010479],[ 9.057706 -9.60258 ],[ 3.7221603 -3.9799776],[-15.099569  16.039389],[ 11.218386 -11.752576],[-2.676799   2.3621626],[  9.73529  -10.495465],[ 7.00582   -7.4876633],[ 18.738451 -19.278032],[ 11.376127 -11.730067],[-0.4984582   0.42592943],[-0.00262354 -0.16408548],[-0.10550474  0.12720598],[ 5.11797   -5.3354807],[ 6.920284 -7.491161],[ 6.050287 -6.559382],[-8.017747  8.346345],[ 13.262558 -14.291935],[ 4.957824  -5.0733185],[-0.67054397  0.70757395],[ 6.3053575 -6.392754 ],[-1.4615537  1.3060676],[ 3.8838549 -4.0436   ],[ 20.155972 -21.05911 ],[ 4.198566  -4.1823564],[ 6.1831183 -6.784299 ],[ 5.7120743 -6.3026986],[ 21.036871 -21.96564 ],[ 21.014303 -22.009289],[ 1.9184854 -1.8097702],[-4.061815  3.932186],[ 7.311897 -8.001355],[-10.720177  11.372352],[-2.2374117  2.2029326],[-4.302905   4.4933996],[-4.599729  4.792641],[ 17.509542 -18.335577],[ 22.778872 -23.704262],[ 16.721727 -17.579649],[ 6.7794423 -7.4381294],[ 0.77894914 -0.8432834 ],[-2.3189483  2.3296287],[ 2.6499162 -3.0725489],[ 11.018477 -11.462589],[ 3.499814 -4.109115],[-7.044216  7.431265],[ 5.0474277 -5.314902 ],[ 2.8176444 -3.2976358],[  9.730977 -10.309922],[ 0.62989247 -0.8182818 ],[-4.1658015  4.2646055],[-7.883863  8.102457],[ 10.364536 -11.254998],[ 6.180618 -6.602755],[ 0.4680545 -0.5003268],[-0.029499    0.13032393],[ 16.565208 -17.520603],[-9.543933  9.913512],[ 8.874098 -9.460365],[-14.135528  15.069878],[ 0.15411589 -0.15474221],[ 3.3073766 -3.5401344],[-4.000492   4.0068026],[ 7.0338554 -7.6731167],[-0.22622508  0.1034645 ],[ 9.099972 -9.574213],[-9.392829  9.922236],[ 10.211773 -10.789488],[ 5.8304005 -6.7540646],[-2.59858   2.819215],[-15.067394  15.952707],[ 6.303347 -6.77556 ],[ 12.448405 -13.372481],[ 3.8977509 -4.51921  ],[-12.581636  13.50857 ],[ 4.8457932 -5.086433 ],[ 13.19594  -14.051759],[ 7.001392 -7.330153],[ 14.478346 -15.380685],[ 3.134578  -3.2995195],[-3.8321004  3.9510732]
[ 4.248039 -5.126163],[-3.4144664  3.7356963],[-0.48647672  0.30481875],[-2.2282677  2.41782  ],[-1.7818456  1.888756 ],[-1.0996143  1.2808311],[ 9.294743 -9.881638],[-13.507795  14.550446],[-6.937425   7.2739487],[ 13.57399 -14.62759],[ 0.21667689 -0.21892554],[-11.991201  12.710716],[-15.486207  16.553791],[ 1.1283978 -1.7262126],[ 1.257572  -1.6706829],[-6.1846414  6.520808 ],[-1.4300009  1.3117076],[ 1.2151703 -1.6210577],[-15.635523  16.506796],[-14.163056  15.135454],[ 1.7896543 -2.0430996],[-10.111279  10.983256],[-13.469749  14.236789],[ 5.118042 -6.034796],[ 2.3809848 -2.514998 ],[-1.2741091  1.192205 ],[-9.747992 10.419242],[ 2.063753  -2.4237587],[ 2.7704108 -3.724283 ],[-15.895228  16.855268],[ 4.8949924 -5.6318383],[-1.5450366  1.3691804],[ 0.7624108 -0.9504524],[ 3.600422 -4.134289],[-5.0004735  5.2675657],[ 12.685739 -13.94971 ],[-10.562211  11.190542],[-17.391947  18.56262 ],[ 6.0896025 -6.701458 ],[-0.25010788  0.2021628 ],[-4.6152115  4.6805673],[-1.2523729  1.1067616],[-6.7946534  7.384113 ],[ 13.206552 -14.385076],[-9.921722 10.590024],[-7.791781   7.8427515],[ 11.989854 -13.35761 ],[-16.404217  17.477919],[-0.13062006 -0.09167102],[-18.095844  19.253859],[-5.894584   6.1749096],[ 4.3876657 -4.886722 ],[ 2.0442498 -2.249475 ],[-11.140636  11.600071],[-11.428352  12.255425],[ 1.5193248 -1.8999045],[-7.7131166  8.285155 ],[ 4.946005 -5.203877],[ 1.1895036 -1.3490181],[ 16.143372 -16.822311],[ 4.746739 -5.480309],[-8.580288  8.835148],[ 14.617003 -15.933797],[-6.253443   6.4774823],[-2.0173616  1.8701692],[-10.866265  11.58174 ],[ 6.4226327 -7.058145 ],[-4.0155396  4.075132 ],[-2.6036413  2.491731 ],[-6.252936   6.1515245],[ 21.047672 -22.270388],[ 16.282412 -17.667683],[-0.02846202 -0.13491549],[-4.0326047  3.8428774],[-17.703522  18.724829],[-6.8440065  7.674204 ],[-15.25954   16.214012],[-12.089852  12.802341],[-6.5448747  6.9659643],[-18.354076  19.50355 ],[-12.105684  12.653055],[-15.05766   16.007973],[ 2.786944 -3.158165],[-6.1152525  6.287026 ],[-0.26193905  0.12873481],[-3.0984514  3.1890626],[ 15.5470295 -16.121092 ],[-3.53488    3.4020615],[-12.675535  13.505309],[-5.317596   5.4903073],[ 11.3043   -12.275319],[-11.780307  12.385065],[ 4.705894 -4.827834],[-16.475174  17.700323],[ 2.2348232 -2.8017647],[ 3.8665023 -4.3969464],[ 4.2088666 -4.728578 ],[ 4.7487087 -5.2681103],[ 14.0108185 -15.377286 ],[-8.91913   9.495772],[ 6.489307  -7.6202083],[-8.854638  9.501915],[ 0.65259403 -0.87569207],[-4.2797575  4.436009 ],[ 0.85869706 -1.3295752 ],[-5.700761  5.884867],[-17.285498  18.36952 ],[ 3.976884 -4.775092],[ 15.696745 -16.66287 ],[ 5.894146  -6.1983843],[ 0.20442975 -0.24200588],[-11.205528  11.896769],[-4.90512   5.095099],[ 8.383632 -9.200285],[-13.492173  14.040176],[-2.6791344  2.7739203],[-2.0370636  1.9912344],[-9.94644  10.651733],[ 3.7817934 -4.15693  ],[-1.443024   1.3413744],[-10.4597435  11.060129 ],[-0.05343996 -0.09243871],[ 19.424725 -20.615881],[-3.071921   2.7624114],[ 0.680825  -1.1340069],[-14.378617  15.159737],[-15.263276  16.076038],[-11.412497  11.972088],[-0.47255152  0.12799963],[  9.305283 -10.134388],[-13.482875  14.425975],[ 7.5726805 -8.495828 ],[ 8.910547 -9.859811],[-0.5563241  0.5760123],[ 0.14660126 -0.3405341 ],[-6.117623   6.2515373],[-5.15172  5.18928],[-0.4978088   0.32175678],[-15.821828  17.140688],[-14.396253  15.269297],[ 3.2616305 -3.6624901],[ 2.8331492 -3.614323 ],[-15.138373  16.130888]
[ 6.678638  -7.3983893],[ 0.9317465  -0.92115426],[-6.121018  6.505379],[ 3.944003  -4.3193183],[ 0.42155445 -0.48527324],[-12.974707  13.931332],[ 16.134174 -16.793518],[-6.307388   6.7990212],[-1.2668408  1.3554995],[-10.453016  11.093412],[-1.3161033  1.1852208],[-11.770481  12.37408 ],[-1.9158932  1.8206397],[-0.0808127   0.05115684],[ 1.1922709 -1.6206026],[ 1.626576 -2.065381],[-8.473533  9.052444],[ 6.086423 -7.012476],[ 2.1675766 -2.417133 ],[ 4.30259  -4.814013],[-9.287496  9.75913 ],[ 0.4491245 -0.7161204],[-15.601269  16.562965],[ 1.3266063 -1.625334 ],[-0.02576353  0.20741594],[ 16.69754  -17.481419],[ 10.293382 -11.582658],[-14.234232  15.274918],[-6.265685   6.3004174],[ 0.6626688 -0.6996335],[ 0.76469564 -0.9129025 ],[-4.6628942  4.9411983],[ 10.413527 -11.201484],[-10.485194  10.950302],[ 13.788167 -14.262944],[ 15.375195 -16.599524],[-1.6480733  1.8124261],[-11.906844  12.524838],[ 4.8335724 -4.8498898],[ 21.847744 -22.796957],[-1.2886418  1.0753659],[-1.4996947  1.6603099],[-12.040597  12.980015],[-3.009224   3.6414328],[-1.7775681  1.6195408],[-0.80455184  0.8532859 ],[-10.445137  10.822513],[-1.1438636  1.3269961],[ 11.538654 -12.666087],[ 16.255756 -17.179817],[ 6.3585796 -6.9819536],[-7.320086  7.732807],[ 10.333138 -11.53832 ],[ 10.091561 -10.820992],[ 0.8218032  -0.97901297],[-8.994691  9.597001],[ 16.308239 -17.641642],[-1.0408933  0.9097133],[-15.638616  16.799765],[ 15.146514 -16.18177 ],[ 3.4645197 -4.2908273],[-8.267148  8.492416],[-14.198264  15.123757],[-1.7017521  1.938803 ],[ 0.9484591 -1.1119429],[-5.5793724  5.8623075],[ 0.71283305 -0.8890304 ],[ 0.21787906 -0.39027143],[-3.176557   2.9572842],[ 11.259292 -12.028234],[-11.056437  11.651898],[-7.2233596  7.9720616],[-9.151805  9.343433],[-1.1478006  0.943941 ],[ 19.461151 -20.489779],[ 7.7523923 -7.9988055],[ 11.335605 -11.880635],[-8.299137  8.61436 ],[ 5.5960817 -5.8577332],[ 5.891814 -6.267804],[ 9.298328 -9.131548],[ 10.164336 -10.224688],[ 6.0315323 -6.5156517],[ 4.2620115 -4.696845 ],[-9.946457 10.436778],[ 13.547346 -14.15847 ],[ 17.275871 -18.452272],[-6.233207   6.6440964],[-6.28413   6.588776],[ 13.929608 -15.531488],[-3.1389287  3.249957 ],[-4.1690307  4.0674396],[-3.8275971  4.2379394],[-8.196398  8.513573],[ 10.927311  -12.0364485],[  9.595814 -10.549635],[ 1.1736122 -1.1371046],[ 1.7753801 -1.7936797],[-16.69488   17.807362],[-9.691773  9.985191],[-17.780733  18.85259 ],[-0.953311    0.86039966],[-11.5068035  12.293593 ],[-8.353739  8.864956],[ 4.326716  -4.9360995],[ 3.6759408 -3.8438234],[-15.517373  16.533846],[-13.270777  14.233735],[ 12.312936 -13.087403],[ 0.4338887 -0.4014262],[ 0.85550874 -0.5768659 ],[-9.240628  9.835655],[-11.6545     12.3656645],[-14.541805  15.611398],[-6.7930565  7.277811 ],[ 2.5238836 -2.5306656],[ 17.136667 -17.951897],[-2.86253    2.9707856],[-0.601589    0.18763916],[ 9.427763 -9.649817],[-4.9905887  5.241636 ],[-10.923254  11.351285],[ 15.827727 -17.273094],[-13.565662  14.65069 ],[-11.136153  11.828425],[ 0.19934484 -0.23817445],[  9.176193 -10.385375],[ 0.51251495 -0.4818437 ],[-1.3432355  1.3592932],[-2.5711787  2.2539978],[-13.953433  14.868446],[ 3.0442584 -3.4555511],[-11.882675  12.523464],[ 4.988756 -5.682597],[ 3.84039   -3.5742815],[ 0.02520831 -0.20806214],[-13.894739  14.60992 ],[-14.822887  15.827713],[-15.376154  16.41692 ],[ 4.559128  -4.8059306],[ 2.4769027 -2.9505424],[ 17.553774 -18.783966],[-5.085251  5.277479]
[ 10.385775 -11.950753],[-15.983174  17.032969],[-12.889061  13.776456],[-15.84093   16.925623],[-14.852853  16.036108],[-14.182413  15.175684],[-6.017136  6.187305],[-13.954915  14.905864],[-11.332005  11.940935],[-16.602396  17.662666],[-7.3939695  7.9532156],[ 12.89926  -13.195469],[-9.89555  10.190983],[-15.343674  16.371464],[-2.4321132  2.3066506],[ 1.8683048 -2.29549  ],[-10.193579  10.877176],[-18.093037  19.466265],[ 6.94089 -7.2533 ],[-17.069538  18.12725 ],[-4.798667  5.115719],[-3.5283704  3.8182614],[ 3.4713104 -3.6039703],[ 3.4682324 -4.135213 ],[-14.38497   15.358926],[-13.893969  14.857276],[-16.769037  17.8949  ],[-17.20775   18.316917],[-11.91943    12.6039095],[-13.296732  14.210804],[ 3.2780626 -3.882718 ],[-5.1060295  5.0683   ],[-5.299432  5.525262],[-1.7424852  1.7171507],[-2.2422483  2.495058 ],[-5.942132   5.8138013],[-13.758964  14.302373],[-10.113889  10.364442],[ 0.6152369  -0.71147114],[ 1.4524975 -1.3762889],[-13.217619  13.940002],[-6.7975593  7.169674 ],[-14.997109  15.99174 ],[-17.03187   18.118656],[-14.9989605  15.938761 ],[ 1.2586775 -1.2450902],[-15.79079   16.759007],[ 0.04740444 -0.06902379],[-15.651376  16.347015],[-15.831741  16.994728],[-2.9651804  2.8016284],[ 12.626619  -13.5231905],[-2.7761657  3.2412841],[ 3.036172 -3.47055 ],[-6.154741   6.1582384],[-16.570642  17.69029 ],[-17.960463  19.230019],[ 2.52109   -3.0270422],[-16.810915  17.96976 ],[-17.131956  18.29787 ],[-5.9884644  6.5703444],[-7.3048663  7.6351123],[-17.135342  18.07349 ],[-12.259487  13.263149],[ 0.24777737 -0.28787318],[-2.0653796  2.050477 ],[-13.78589   14.500776],[ 1.1263269 -1.166181 ],[ 0.8013791 -0.9437651],[ 1.6635141 -2.0100615],[-17.110498  17.97481 ],[-9.545075 10.093601],[-7.881729  8.222838],[ 6.2782903 -7.089644 ],[-13.912615  15.188523],[-13.124475  14.020668],[-1.4437841  1.7444569],[-15.11046   16.175013],[-2.3586638  2.2827094],[-15.018642  15.692335],[ 7.7603292 -8.088092 ],[ 0.34765905 -0.3790564 ],[-13.525348  14.116719],[-3.4776978  3.6702209],[ 12.737155 -13.365894],[-0.0439387   0.22598241],[-18.44871  19.51803],[-16.861128  17.93383 ],[-6.0778756  6.2283607],[-17.733046  18.95532 ],[-18.34598   19.573238],[ 22.057047 -22.86747 ],[-1.1869484  1.0933018],[ 1.7655615 -1.9529159],[-4.9340477  5.138628 ],[-7.80951   8.105387],[-0.7706319   0.66039217],[-1.3721675  1.318506 ],[-3.967503   4.1285076],[ 0.3074647 -0.2714578],[-5.837791   5.7265987],[-7.5778913  8.222684 ],[-15.730005  16.394066],[-2.9255102  3.0100865],[-8.324219  8.963276],[-7.7157016  8.336735 ],[ 2.8722372 -3.317044 ],[-2.405006   2.4469724],[ 4.3395314 -4.3682537],[-4.5017753  5.1851163],[-0.30403456  0.64422935],[-8.244952  8.695096],[-6.2501144  6.3892884],[-9.140298  9.463526],[ 8.6534605 -8.864415 ],[-13.808806  14.740079],[ 6.7802944 -7.1071935],[-12.562678  13.028918],[-15.779001  16.574451],[ 2.1652844 -2.2840838],[-11.259943  11.882402],[-1.4968954  1.3054391],[-15.546919  16.416649],[-13.7112665  14.462255 ],[-1.1498896  1.1702491],[ 2.034215  -2.2838774],[-8.794855  9.441913],[-9.59801   9.851016],[-15.040262   15.9035015],[-14.645095  15.544281],[-2.373588  2.273429],[-12.599671  12.984451],[-12.047499  12.952105],[-12.772212  13.558925],[-9.845296 10.642027],[-14.08606   14.591256],[-3.1629782  3.0388389],[-3.738535   3.7143722],[-8.587311  8.942421],[ 3.9054666 -4.356187 ],[-15.277432  16.21175 ],[ 12.788494 -13.865147],[-11.950298  12.581973]
[-15.583433  16.406963],[-3.1810086  3.370406 ],[-5.6850605  5.9401712],[-1.9689381  2.0921228],[-11.662256  12.462561],[-1.0295407   0.98506516],[ 4.9754167 -5.1630697],[-9.210904  9.63766 ],[ 5.983446 -6.199588],[ 16.74919  -17.444336],[ 0.5248311  -0.49645203],[ 7.568976  -7.9052534],[-9.001327  9.398729],[ 5.4506693 -6.2748733],[-13.1425295  13.832911 ],[-13.007581  13.557762],[-3.473389  3.699069],[-12.818521  13.271747],[-14.616125  15.645612],[ 15.150138 -16.019045],[ 2.4561396 -2.3912885],[-11.834331  12.47266 ],[ 8.604013 -9.013423],[-13.810073  14.814033],[ 2.1205204 -1.9948628],[ 0.5922533 -0.8863135],[ 3.4388688 -3.5458994],[-7.4505644  7.8175535],[-3.0890224  3.112201 ],[-12.198162  12.945055],[-14.069151  14.770239],[-0.25036052  0.39164853],[ 13.191816 -13.603743],[ 7.8120556 -8.123089 ],[-10.232232  10.64556 ],[-1.3649197  1.481428 ],[ 12.500492 -12.963045],[ 11.147718 -11.58895 ],[-11.064322  11.796951],[-3.7287672  3.7396033],[ 0.08708242 -0.12518746],[-3.251391   3.3562863],[-8.093408  8.420374],[ 11.037473 -11.353709],[ 6.612304 -6.946273],[ 7.2375426 -7.8962474],[-1.8383026  1.8745714],[-13.692005  14.492389],[-14.186153  15.080954],[-1.7978802  1.7957417],[-12.893604  13.538937],[-10.523479  11.469979],[-16.83047   17.718275],[-15.737109  16.761435],[-6.186815  6.173588],[-6.783683  7.072701],[-16.35495   17.412666],[-9.991612 10.651495],[-12.821652  13.55929 ],[-15.695182  16.71792 ],[-6.677033   7.2096267],[-1.2964983  1.5166786],[-1.542879   1.6002125],[-12.087145  12.958445],[-3.8433042  4.061197 ],[ 6.539284 -6.823786],[ 7.3258924 -7.693444 ],[-2.3277133  2.2911367],[-9.574624  9.994169],[-2.514319   2.6425214],[-4.531403  4.816535],[-12.618711  13.642643],[ 2.632133  -2.7220109],[ 1.5632184 -1.7647845],[-14.315994  15.198128],[-0.24889374  0.4353333 ],[ 5.6939683 -6.181759 ],[-8.776172  9.272274],[-3.7032006  3.7917204],[ 7.7267313 -7.892688 ],[-4.613319  4.760441],[-6.836219   7.2792687],[ 5.8707805 -6.2085996],[-7.7569027  8.419177 ],[-5.348534  5.813538],[-6.6462708  6.723562 ],[ 6.8028827 -7.0894403],[-16.022696  17.137522],[ 9.399708 -9.754935],[-15.248785  15.918312],[ 1.7949046 -2.0273962],[-9.830637 10.61956 ],[-15.798492  16.932367],[-7.9004083  8.137314 ],[-1.0482771  0.9165571],[-1.694778   1.6023227],[ 4.760756  -4.9369426],[ 7.343136  -7.6126885],[-12.934528  13.789063],[ 0.92729515 -0.80118746],[ 2.1537192 -1.9483491],[ 4.8961897 -5.255348 ],[  9.939329 -10.534497],[ 10.711336 -11.417527],[-9.545069 10.026916],[-11.999707  12.86283 ],[-0.3952149  0.5249076],[ 4.2434416 -4.260482 ],[ 7.102733 -7.769896],[-1.5626487  1.485289 ],[-13.993132  14.770847],[-12.768475  13.700389],[-6.907801   7.1989784],[-1.6321694  1.6237531],[0.16348727 0.0076538 ],[-0.9070512   0.99944097],[ 1.4337885 -1.689218 ],[ 5.449292  -5.8221602],[ 2.870935  -3.0656762],[-5.351931  5.464986],[ 7.4379106 -7.405812 ],[ 3.5820758 -4.165367 ],[-16.57972  17.60561],[-3.2437136  3.7764382],[ 0.5659449  -0.53646183],[-2.7404814  2.8304164],[-12.135379  12.877687],[ 4.500147 -4.688307],[ 5.991204 -6.487185],[ 11.255876 -11.6617  ],[-2.7251153  2.6942115],[ 12.012901 -12.367864],[ 12.873427 -13.602271],[ 0.38879535 -0.48527944],[ 10.820819 -11.109733],[ 2.225484 -2.167574],[-0.79375744  1.0148394 ],[-11.461303  12.185239],[-8.744852  9.391827],[-10.9980955  11.564813 ],[-13.278639  14.123834],[-16.2691    17.290684],[ 0.7062281 -0.5195376]
[-1.5389777  1.5334688],[-14.892515  15.898471],[-12.426266  13.136839],[-4.3986506  4.7988544],[-11.412345  11.907396],[-14.20567   15.024105],[ 4.513398  -4.6416955],[-6.4492574  6.489813 ],[-3.1717703  3.4767065],[ 5.3920407 -6.016423 ],[0.0101943  0.06975032],[-2.7421837  2.740889 ],[ 12.650091 -12.915374],[ 4.9199314 -5.460952 ],[ 2.4594812 -2.801599 ],[ 2.4364223 -2.8828957],[-5.3080707  5.071952 ],[-2.3515465  2.5143132],[ 12.973661 -12.932228],[ 4.0419497 -4.4745727],[ 6.970602 -7.159745],[ 2.9539163 -3.1981807],[ 11.706268  -11.7063265],[-11.382502  12.095888],[-16.21185  17.08146],[ 13.892424 -14.258028],[ 13.0802145 -13.803858 ],[ 12.170004 -12.592216],[ 2.3364885 -2.5990674],[-0.3750224  0.6938057],[ 1.9408687 -2.141541 ],[ 7.611919 -8.198645],[-3.219438   3.2394154],[-1.0465859   0.96159357],[-4.1370907  4.929744 ],[ 1.2434407 -1.3299484],[ 3.4867454 -3.4557173],[-1.8026779  1.7389418],[-14.03822   14.976758],[ 1.0178053 -0.7443632],[-15.07897   15.962792],[ 16.174149 -17.19915 ],[-1.462387   1.5968208],[ 6.4331055 -6.437696 ],[-1.3618984  1.3331583],[-11.102458  11.620927],[-2.6750128  2.635695 ],[ 6.204836 -6.202651],[-4.1461205  4.039928 ],[-16.124212  17.10026 ],[-5.5358706  6.042929 ],[-0.863786   1.2274594],[-1.605331   1.8134584],[ 7.227906  -7.3755035],[ 1.6433442 -1.6498259],[ 2.5076141 -2.63446  ],[ 1.6288878 -1.4877632],[ 0.8880002 -0.9098698],[ 6.3391986 -6.6520104],[ 1.7330824 -1.6444682],[-4.259542   4.3811507],[ 1.4719869 -1.4544095],[-10.441628  11.20528 ],[ 9.197751 -9.959135],[ 5.21783  -5.780132],[ 6.404045 -6.961224],[ 10.08128  -10.719721],[-6.0041027  6.4019847],[ 0.19932896 -0.20760241],[ 14.353195 -15.092709],[ 16.31502  -16.864372],[-12.750755  13.517844],[-8.965296  9.361054],[-0.08918305 -0.25215805],[-11.793439  12.238831],[ 11.645195 -11.880584],[-16.540031  17.620113],[-1.3527064  1.436368 ],[-14.277629  15.367688],[ 2.419885  -2.3626106],[ 0.73278934 -0.92213696],[ 3.5975518 -3.8093235],[ 6.403867  -6.6281366],[-10.728876  11.302629],[ 8.35036  -8.640165],[ 2.112171  -2.3196955],[-1.0972828  1.0767529],[-0.25880072  0.20616223],[ 6.403558  -6.9609933],[ 5.6842895 -6.025343 ],[-5.454949  5.846139],[ 2.6821754 -3.1343098],[ 11.458812 -11.648291],[ 4.0091977 -4.346779 ],[-0.3026753  0.3985268],[ 6.832618  -7.4742503],[-5.5321503  5.67038  ],[-5.8808465  6.1145563],[ 2.7680323 -3.009169 ],[-3.098463   3.4813316],[ 19.340921 -19.981539],[-11.906779  12.448963],[ 3.529141  -4.0802383],[ 0.10413143 -0.29220492],[-2.2001238  2.1497824],[ 5.9909334 -5.9058123],[ 2.6153126 -2.4286327],[-10.071284  10.222275],[ 1.8165766 -1.7844366],[-4.1991715  4.732737 ],[-6.87276   7.203254],[-2.8828032  2.8873336],[ 0.7060906  -0.68162763],[-1.6220669  1.5311601],[-8.812825  9.26113 ],[-3.1333895  3.2827535],[ 3.0930445 -3.7944021],[ 2.9921906 -3.3520663],[-11.32627   11.944545],[ 3.2728107 -3.6963167],[ 8.360406 -8.598331],[-2.9570987  2.8308883],[-14.120772  15.141358],[-7.746056  8.098832],[-0.9742674  0.9679404],[ 9.457253 -9.957013],[-1.5915364  1.6135566],[ 1.9751227 -1.9366943],[-0.97012526  1.1378922 ],[ 0.88836956 -0.8023359 ],[-3.804959   3.7256167],[-2.1610289  2.1885982],[-15.967586  16.963322],[ 2.1933935 -2.7094152],[-11.06833   11.987024],[-3.6686683  3.635792 ],[ 12.918273 -13.017982],[-1.5494306  1.478029 ],[-13.695018  14.591066],[ 12.663735 -13.252455],[-2.1773705  2.116883 ],[ 0.02281349 -0.03435909],[ 5.708347 -6.085367]
[ 18.921692 -19.863   ],[-7.9463677  7.9968762],[-1.8999327  1.5999066],[-13.758862  14.456666],[-8.772618  9.160606],[-11.520751  11.963519],[ 19.603601 -20.626793],[ 11.303373 -12.494758],[  9.928863 -10.419603],[-5.5318356  6.193802 ],[ 12.2715225 -12.531516 ],[ 14.557743  -15.3438835],[ 11.847462 -12.246498],[-7.620198   7.9115014],[ 11.564257 -12.465253],[  9.8493   -10.233653],[ 13.857829 -14.639317],[ 15.034774 -15.803357],[ 17.779951 -19.052702],[ 2.7115455 -2.6838634],[ 8.999727 -9.688986],[ 7.010722 -7.255036],[ 14.790838 -15.601338],[-0.8156915   0.61987025],[ 18.567822 -19.462173],[ 19.043436 -19.946949],[ 10.022575 -10.454161],[ 17.291311 -18.019072],[ 10.641388 -11.847794],[ 20.824295 -21.76874 ],[ 10.13828  -10.484325],[ 0.15632586 -0.14826496],[ 3.9776762 -3.9216602],[ 16.44369  -17.513733],[-5.2048273  5.386862 ],[-2.2314925  2.76898  ],[ 19.799574 -20.760849],[ 16.69366  -17.236803],[ 16.642971 -17.083874],[ 11.4370985 -11.938907 ],[ 20.381296 -21.465752],[ 4.953095  -5.2497873],[-3.1573153  3.2146049],[ 11.394166 -12.636279],[ 15.672219 -16.444773],[ 20.756495 -21.98409 ],[ 11.515435 -12.761902],[ 17.763851 -18.167755],[ 16.800209 -17.83713 ],[ 16.683735 -17.574324],[ 17.365618 -18.30062 ],[ 1.9179536 -2.363519 ],[ 7.8568454 -7.593278 ],[ 4.079973  -4.1033587],[ 12.367708 -12.983268],[ 12.429039 -12.780012],[ 18.39758  -19.023708],[ 13.894673 -14.350478],[ 4.084072 -4.221397],[ 21.544079 -22.42978 ],[-7.070597   7.4889393],[ 15.377269 -15.924108],[ 17.866379 -18.967878],[ 11.884763 -12.763032],[ 5.1089096 -5.5605755],[ 8.392989 -8.911303],[ 14.139463 -15.018743],[ 17.465717 -18.222765],[ 2.1459317 -2.5468247],[-4.966239   5.3880925],[ 16.50344  -17.559006],[ 14.249251 -15.001879],[ 18.639874 -19.390432],[ 10.867238 -11.518883],[ 18.565432 -19.51491 ],[-3.6826093  3.5998614],[ 15.8307085 -16.562729 ],[ 15.599503 -16.120604],[-12.223637  12.86695 ],[ 15.485254 -16.048958],[ 4.777462 -4.834083],[ 5.053083 -5.23605 ],[ 8.287408 -9.149516],[ 20.410557 -21.553652],[ 9.025677 -9.685374],[-10.988501  11.68964 ],[ 18.985075 -20.160248],[ 17.349476 -18.147837],[ 7.572339  -7.9642587],[ 18.837208 -19.56792 ],[ 5.7074323 -6.0013027],[ 8.52032  -9.045266],[ 16.274553 -16.99558 ],[ 0.7936595  -0.95250875],[-4.2224107  4.638763 ],[ 10.088355 -10.744948],[ 4.0905085 -4.2301254],[ 3.894691 -4.035111],[ 15.664767 -16.812895],[ 13.165788  -13.2869215],[ 5.5186625 -5.9348407],[-0.34499454  0.3115347 ],[  9.5226145 -10.530969 ],[-0.61514574  0.64781743],[ 2.3220675 -2.3774176],[ 15.8871765 -16.4985   ],[ 12.230288 -13.097997],[ 11.498291 -12.46647 ],[ 18.133966 -19.287828],[ 11.654243 -11.927227],[ 13.204585 -13.878846],[ 3.1578357 -3.6462173],[ 14.037034 -15.238374],[ 10.877097 -11.066888],[ 20.095125 -21.246536],[ 12.560662 -13.246037],[-3.3548746  3.2810917],[  9.927334 -10.126589],[ 17.90187 -18.53017],[ 17.024052 -17.51772 ],[-12.693377  13.75235 ],[ 3.3233805 -3.6769564],[ 21.78257  -23.089838],[ 17.088144 -18.271778],[  9.894519 -10.303354],[ 2.9991095 -3.1790094],[ 7.335257 -7.484203],[ 16.206707 -17.052614],[ 18.4093  -19.01436],[ 17.261734 -17.725761],[ 1.8110943 -2.4261687],[ 11.529814 -12.024974],[ 19.132696 -19.769884],[ 9.079347 -9.446533],[ 6.3878045 -6.3385196],[ 13.274409 -14.165294],[ 4.666188 -5.019347],[ 15.307405 -15.962087],[ 18.974682 -19.549807],[ 5.663799  -5.6607757],[ 3.011481 -3.703518],[-13.65461   14.722657],[ 10.971287 -11.404058]
[ 1.4047464 -1.3681974],[ 18.808369 -19.94914 ],[ 7.253896 -8.212336],[ 18.37524  -19.501413],[-10.115241  10.442722],[ 17.09183  -18.267548],[ 16.448673 -17.650028],[ 16.87451 -18.08161],[ 15.7421665 -16.61196  ],[ 21.985569 -23.528097],[ 16.195353 -16.8764  ],[ 16.914318 -17.80347 ],[ 16.742435 -17.790804],[ 11.91437 -12.7069 ],[ 11.324839 -12.504311],[ 10.273526 -10.987881],[ 12.403338 -13.199401],[ 14.155871 -15.329033],[ 14.206929 -15.474872],[ 20.037344 -21.214409],[-6.5698366  7.201176 ],[ 17.692904 -18.174618],[ 13.51572  -14.276364],[ 5.1219263 -5.973404 ],[ 19.207138 -20.367746],[ 12.00416  -12.804794],[ 13.523534 -14.426037],[ 10.806314 -11.350804],[-5.556752  5.726862],[ 19.70793 -20.98135],[ 3.1803963 -3.7972686],[ 4.9509797 -5.5758443],[  9.195793 -10.023835],[ 0.16655736 -0.5018886 ],[ 20.551495 -21.260513],[-15.3786745  16.237032 ],[ 18.244661 -19.369165],[ 14.927711 -15.744771],[ 8.767845 -9.285538],[ 18.31254 -19.22422],[ 16.587927 -17.719246],[ 0.03300002 -0.13114685],[  9.526076 -10.705475],[ 17.12512  -18.259306],[ 19.216158 -20.20111 ],[ 12.682811 -14.050368],[ 13.328464 -14.666534],[ 20.066698 -21.087944],[ 16.999235 -18.243841],[ 14.374552 -15.549855],[ 20.048431 -21.330454],[ 18.281113 -19.463453],[ 21.734379 -22.909191],[ 15.635993 -16.284204],[ 13.095965 -14.048843],[ 12.70483  -13.675717],[ 21.250345 -22.485117],[ 14.702549 -15.531184],[ 21.528646 -22.531712],[ 3.2343357 -3.415287 ],[-0.448488    0.43623716],[ 13.611932 -14.826014],[ 0.8740528 -1.2487012],[ 17.035725 -18.736485],[ 6.5251565 -7.1972094],[ 4.0922856 -4.57014  ],[ 6.313278  -7.3630633],[ 1.1819146 -1.2024467],[ 1.7560154 -2.138268 ],[ 10.81543  -11.552678],[ 20.344513 -21.19221 ],[-12.6879635  13.41329  ],[ 19.71339  -20.745293],[ 15.998948 -16.579863],[ 22.253815 -23.657948],[ 18.037323 -19.088905],[ 19.078882 -20.38878 ],[ 21.047762 -22.440208],[ 18.284914 -19.343788],[ 20.010794 -20.746304],[ 17.581911 -18.523598],[  9.733909 -10.691526],[ 4.075679  -4.9014225],[ 13.544422 -14.786514],[ 16.982834 -17.94423 ],[-0.45579642  0.48075914],[ 16.491076 -17.895306],[ 15.605197 -16.954172],[ 5.002035 -5.425193],[ 14.365093 -15.150708],[ 16.130636 -16.899265],[ 5.193482 -5.331189],[ 20.098759 -21.139444],[ 18.43016  -19.270906],[ 6.0678363 -6.938426 ],[ 1.0607724 -1.4444289],[ 14.254529 -15.455628],[ 15.267568 -16.212381],[  9.988687 -10.987284],[ 20.081673 -21.283436],[ 17.039927 -18.390776],[ 15.927197 -17.292135],[ 4.9063926 -5.6453476],[ 14.56444  -15.382753],[ 12.1993265 -13.232463 ],[ 18.632612 -19.461845],[ 20.174486 -21.17448 ],[ 9.561946 -9.588698],[ 2.3003907 -2.8220525],[ 18.134054 -19.130713],[ 8.132695 -9.236904],[ 15.384718 -16.750929],[ 5.1384478 -5.50337  ],[ 19.26289  -19.969076],[ 18.537827 -19.776932],[ 18.338118 -19.431467],[ 17.160036 -18.22958 ],[-7.182382  7.417206],[ 19.13017 -20.08924],[ 18.820507 -19.632936],[-14.764249   15.8880825],[  9.560693 -10.510235],[-11.788497  12.551751],[ 22.022259 -23.328289],[ 17.333387 -18.181665],[ 7.280125  -7.5618005],[ 19.102499 -20.299128],[ 8.611648 -9.528957],[ 18.216658 -19.404505],[ 16.183882 -17.400465],[-0.13964236 -0.02202326],[ 14.456133 -15.633309],[ 14.252474 -14.794751],[ 13.371491 -14.035281],[ 21.485023 -22.470499],[ 14.339476 -15.40505 ],[ 20.45097 -21.64194],[ 17.178907 -18.384792],[ 21.597881 -22.77796 ],[ 18.183722 -19.000748],[ 3.13873  -3.558422],[ 4.8018155 -5.414891 ],[ 2.8980103 -3.5176468]
[-3.2526853  3.1640668],[-8.811178  9.357547],[ 3.0451057 -3.4340029],[ 6.8657055 -7.5611143],[ 14.866233 -15.759038],[ 2.045005  -2.1919193],[-9.326328  9.793011],[-1.5318762  1.4682428],[-9.70418  10.634879],[-18.223536  19.47574 ],[-0.42339712  0.5914804 ],[-8.24401   8.876355],[-9.264635  9.673647],[-10.532934  11.207677],[-9.956734 10.514161],[-6.657763   6.6063905],[-6.3696656  6.281397 ],[-6.99172   7.444079],[-16.867777  17.972778],[-9.222116  9.551772],[-15.585729  16.667238],[ 5.1624956 -5.3814063],[-14.470427  15.096446],[-10.889867  11.579033],[-4.601693  5.381148],[-4.488553  4.304148],[-11.534869  12.171278],[-3.0891104  3.3045456],[ 0.21966943 -0.36717165],[-15.689046  16.721994],[  9.35986   -10.2992525],[-9.046106  9.300656],[-15.397846  15.98405 ],[-15.091093  16.137178],[  9.969132 -10.504419],[-0.1867381   0.34598142],[-7.637186  8.236278],[ 2.3253365 -2.6093345],[-10.199253  10.755995],[ 7.281223 -8.145694],[-6.720809  7.289363],[-11.070998  11.78101 ],[-13.314138  14.031719],[-12.393611  13.024122],[-10.654112  11.26749 ],[-16.645578  17.560818],[-5.5738907  5.7340674],[-6.634702  7.427435],[ 1.3084826 -1.6859484],[-3.5424354  3.6182532],[-8.45266   9.154556],[-15.0941725  16.203785 ],[-5.1348476  5.6064277],[ 11.981867 -12.331057],[ 1.970319  -2.4353676],[-1.2040378  1.0508778],[-10.697614  11.478538],[-10.817968  11.300518],[ 10.33314  -11.212917],[ 16.702124 -17.6115  ],[-10.104889  10.845827],[-11.550251  12.054035],[-6.5332813  6.671394 ],[-15.723152  16.980799],[-15.718666  16.838505],[-4.9773498  5.0796843],[-11.255485  11.569231],[-7.291819  7.620515],[-4.7853284  4.704701 ],[ 12.522351 -13.077462],[ 2.703166  -3.3206758],[-7.9246855  8.194435 ],[-11.0142145  11.818824 ],[-8.913412  9.448443],[-14.830022  15.696232],[ 0.97059405 -1.0288359 ],[-11.5169325  12.115972 ],[-14.210697  15.161827],[ 0.94741875 -1.1157826 ],[-1.870137   2.3748467],[ 6.296269 -6.825027],[-7.827139  8.224044],[-13.890646   14.5950985],[-13.891326  14.890957],[-10.581357  11.490417],[ 9.090704 -9.703151],[-12.727709   13.0436945],[ 2.4307795 -2.6194365],[-5.9929967  6.452306 ],[  9.336536 -10.288754],[-10.825959  11.411926],[-2.4170024  2.5324855],[-16.699413  17.927168],[-1.2420251  1.5982827],[-14.516868  15.519681],[-15.6453905  16.657465 ],[-15.687551  16.791769],[-16.184273  17.350058],[-12.265778  12.928924],[-5.2807236  5.9690413],[-13.556043  14.746556],[-15.322262  16.266943],[-11.584151  12.072544],[0.23215011 0.15175234],[ 0.730008  -0.6795484],[-11.347092  12.356501],[-13.420257  14.318126],[-9.9078455 10.605504 ],[-7.9520173  8.1123295],[-12.180811  12.998819],[-14.9154625  15.994771 ],[-14.2929535  15.321035 ],[-13.304005  14.032764],[-12.864387  13.854681],[-15.796732  16.559097],[-12.139264  13.052833],[-12.694468  13.352742],[ 0.24383733 -0.20502481],[-4.3972754  4.4611726],[-11.612004  12.230862],[ 16.91248  -17.863081],[-3.8899484  3.988576 ],[-16.264503  17.302011],[-16.395647  17.269678],[-11.7732    12.221071],[ 14.123249 -14.591971],[ 11.964918 -13.060139],[-15.270317  16.222248],[-8.709658  8.808576],[-10.776905  11.776642],[ 4.206925 -4.463544],[-11.876992  12.441104],[ 11.035133 -12.024254],[-4.876668  5.285228],[-7.09928   7.718473],[ 4.118758 -4.884748],[-14.729823  15.859436],[-15.307899  16.347298],[-14.114797  14.87139 ],[ 3.6090817 -3.9714034],[-1.5647143  1.2483948],[ 6.3407493 -6.753646 ],[ 0.6089644 -0.7973235]
[ 0.9439082 -0.939691 ],[-2.2956538  2.0927815],[-10.251419  10.879094],[-2.9971936  3.0514414],[ 15.996649 -16.909616],[ 4.093262 -4.651603],[-15.794923  16.601463],[ 7.1368217 -7.3394523],[ 0.9812825 -0.8520343],[-14.227912  14.932621],[-2.8940904  3.0786057],[-1.9151611  1.92481  ],[-3.8449533  3.7280529],[ 0.1852402  -0.07642576],[-3.1868103  3.2421947],[-0.44104457  0.6704524 ],[ 3.8053813 -4.4585495],[-16.455145  17.373627],[-2.3586369  2.4954402],[ 15.375587 -16.44446 ],[ 12.480807 -13.509437],[ 1.828053  -1.9028611],[ 9.00527  -9.551043],[-1.9120953  1.8051081],[-0.60860574  0.75370985],[ 2.6119955 -2.7458007],[ 2.8824563 -3.2101214],[  9.667502 -10.310045],[ 2.00088   -2.1263578],[-10.2070055  10.515269 ],[-1.1847879  1.4186597],[-9.842504 10.362106],[ 3.6924996 -3.673675 ],[-4.2399464  4.479528 ],[-2.9368641  3.0033417],[ 0.84220684 -0.72282517],[-12.115342  12.672571],[ 2.4519837 -2.792138 ],[ 2.4298253 -2.536314 ],[ 5.7667103 -6.4146075],[-6.868179  7.250329],[-1.9249247  2.0357776],[ 1.4054607 -1.6520014],[-0.68838096  0.6998153 ],[-5.3145294  5.741963 ],[-15.766917  16.742577],[ 0.03579316 -0.29761165],[-10.127914  10.234365],[ 5.8775883 -6.9313903],[-12.302491  12.984029],[-11.12405   11.675932],[-12.827419  13.979788],[-7.9572015  8.24988  ],[-2.1456397  2.3658054],[-7.056501   7.4345064],[-2.8431106  2.7404418],[-5.196703   5.1826563],[-4.1488643  3.9097815],[ 14.530204 -15.21239 ],[ 0.42499608 -0.28943166],[-9.006634  9.508048],[-9.191562  9.558833],[-5.133789  5.564008],[-16.664343  17.549877],[-12.558733  13.278262],[-5.285399   5.5400434],[ 11.850024 -12.482732],[-14.138363  15.132773],[ 4.334122  -4.3109045],[ 1.1932155 -1.0349749],[ 15.285031 -16.67637 ],[ 9.175941 -9.462194],[-12.977205  13.699032],[ 0.5077033  -0.50288504],[ 0.60725826 -0.7235228 ],[ 1.3468552 -1.7466341],[-8.2858925  8.6763935],[-15.03669   15.738498],[-8.112068  8.636498],[-13.359114  14.334355],[ 1.1066235 -1.1950363],[ 16.256804 -17.05138 ],[ 1.2435191 -1.4485295],[-7.1689906  7.720537 ],[-9.529715  9.752847],[-17.603424  18.595497],[ 7.847803 -8.326096],[-2.7996857  2.7631693],[ 1.3515375 -1.583423 ],[-5.8365293  5.997734 ],[ 8.620206 -8.731915],[ 1.9755585 -2.3011372],[-9.124669  9.358223],[-14.085706  14.564088],[-8.303131  8.67104 ],[-3.1152632  3.1910617],[-5.075658  5.098172],[-5.348353  5.489693],[-14.801399  15.604955],[-18.241453  19.218878],[-14.707721  15.230692],[ 3.0365307 -3.0743175],[-4.0301266  4.2550235],[-0.27507517  0.33139825],[ 1.0204676 -1.0979662],[-11.013452  11.543699],[-14.992968  15.902853],[-8.971862   9.2828245],[-1.0229683  0.9501053],[-5.2202864  6.1525564],[-13.3586235  14.216217 ],[-1.3259146  1.3992363],[-1.2977923  1.371567 ],[ 3.173202  -3.6416209],[ 12.511715 -13.356164],[-10.982972  11.711695],[-4.1212463  4.2965837],[ 0.01980714 -0.06261806],[ 15.398171 -16.379042],[ 8.217677 -8.653735],[-14.775987  15.744707],[ 7.3154254 -8.165541 ],[ 2.0065594 -2.158814 ],[ 6.7221327 -7.2201123],[ 6.561764 -7.116264],[ 6.560369 -7.017868],[-2.2639613  2.1205575],[ 8.498435 -8.96461 ],[-5.7374887  5.7269754],[-15.405348  16.349781],[ 1.1298244 -1.5087343],[-6.454126  6.752747],[ 0.82847065 -0.7437376 ],[-9.632472 10.451776],[ 0.51834506 -0.6159646 ],[-1.7332642  2.3122685],[-4.1235037  3.8545642],[-13.190209  13.764241],[-0.5035877   0.63403165],[ 3.170009 -3.313071],[-7.495579   7.3732424],[-14.744508   15.4915495],[-7.6298895  7.8141365]
[-3.6447656  3.8509607],[ 14.511628 -15.342301],[ 11.423236 -12.53824 ],[ 16.37055  -17.672688],[ 0.9851954 -1.2488078],[ 15.616242 -16.814589],[ 10.358099 -11.448284],[ 4.424691 -5.075779],[-10.937219  11.815223],[ 11.548075 -12.441484],[ 5.7479196 -6.2682266],[ 13.99781  -14.595501],[ 10.377727 -11.087312],[ 0.91190994 -1.2098258 ],[ 5.2822304 -5.5124717],[ 15.671223 -16.155508],[ 11.294039 -12.348585],[-0.5685508  0.5724433],[-10.7887945  11.655702 ],[-1.3943902  1.5831585],[-7.397067  7.953917],[ 6.126319  -6.8360147],[  9.430955 -10.565861],[ 2.200854 -2.541946],[-16.515083  17.50456 ],[ 3.84959  -4.242572],[ 6.5617023 -6.8432   ],[-0.79898196  0.8823756 ],[ 3.9989917 -4.70153  ],[-14.722799  15.729601],[-9.262058  9.840315],[ 12.938131 -13.951889],[ 11.969628 -12.640385],[-4.8889904  5.069422 ],[ 6.0735645 -6.5648103],[ 20.095835 -21.31894 ],[-10.514431  11.357604],[-0.7427232   0.78325355],[ 18.85557 -19.62667],[-5.186785  5.383052],[-11.779182  12.530529],[-3.7264187  3.8478374],[-3.1129336  3.1590567],[ 5.456859 -6.299407],[-0.5015175   0.65931815],[-0.24910107  0.20386681],[-2.698179   2.7221155],[-1.379241   1.3971144],[-14.031708  14.909154],[-5.6684203  5.8600187],[-11.315237  11.846658],[-12.271402  13.073396],[-6.5163107  7.099153 ],[ 14.436247 -15.03771 ],[ 10.440644 -11.162983],[-9.309139  9.721006],[ 2.0918102 -2.451498 ],[-7.678644  8.240392],[-3.9419956  4.079507 ],[ 16.16288  -17.042082],[-4.4117765  4.353446 ],[ 0.2530632 -0.4473387],[-9.055188  9.399982],[ 10.366905 -11.008915],[-3.832276  3.778553],[ 5.818185 -6.900424],[ 2.3777714 -2.7611086],[ 7.559199 -7.784912],[-2.1037579  2.3664553],[ 11.348645 -11.6191  ],[-16.433937  17.398632],[ 12.02794  -12.894695],[-9.391477 10.096977],[ 3.2293072 -3.6559026],[-4.978903  5.506657],[ 4.6146097 -5.481111 ],[ 0.06013939 -0.03318013],[-10.310143  11.133326],[  9.840123 -11.055796],[-17.290264  18.389933],[ 7.163754  -7.4733043],[ 8.999782 -9.424694],[ 3.395808  -3.8530095],[-10.911946  11.753516],[-12.324837  12.98714 ],[ 19.98278  -21.074652],[ 1.9281436 -2.225144 ],[-2.2367795  2.3167086],[ 2.3266222 -2.871598 ],[-1.2505033  1.1771446],[-1.161045   1.0028547],[-4.0687566  3.8224454],[ 6.1754246 -6.9877887],[-12.02927  12.78472],[ 1.6409911 -2.3591597],[ 12.673877 -13.165785],[-3.4206965  3.342804 ],[-4.737177   4.8306847],[ 16.047697 -17.225754],[ 1.7561834 -1.9909158],[-0.89424956  1.1114122 ],[ 2.6991143 -2.7182517],[ 7.5978546 -8.597592 ],[-17.188402  18.382906],[ 3.5728674 -3.971132 ],[-16.076147  17.110899],[ 10.815196 -11.783674],[ 15.699675 -16.240866],[-2.0776265  1.8270091],[-12.189327  12.98617 ],[-3.3903842  3.4418154],[-13.399482  14.233556],[ 5.9742537 -6.5282717],[-2.4129272  2.6324575],[-0.09289724  0.13014369],[-12.375526  13.274414],[ 13.831159 -15.163331],[ 1.3778872 -1.7615143],[ 8.358426 -9.282176],[ 10.856099 -11.490322],[ 5.1228375 -5.3795733],[-0.46350515  0.42582774],[ 7.531132 -8.319591],[ 0.750279  -0.9302292],[ 6.3873963 -6.7550907],[ 13.731511 -14.277973],[-1.8389136  1.8680086],[-1.4842849  1.620585 ],[ 8.625217 -9.184853],[ 18.75735  -19.481771],[ 7.976415 -8.875824],[ 6.1486764 -6.8410625],[ 1.7755563 -2.2273486],[-9.534602 10.162479],[ 11.459311 -12.688093],[-17.047316  18.075865],[-4.527267   4.6757417],[ 4.2686844 -4.91192  ],[-0.32349056  0.22291018],[ 1.0425141 -1.0090634],[ 5.191428 -5.442151],[ 9.111268 -9.625034],[ 7.534144 -7.976156]
[-7.4563823  8.1461115],[-0.34383056  0.48289245],[-6.125782  6.795536],[-13.343831  14.19494 ],[ 17.473352 -18.49804 ],[-8.558552  9.363996],[-8.685815  9.50045 ],[ 1.6023165 -1.6581581],[-1.0497589  1.1557118],[-11.309599  12.488375],[ 15.224459 -16.133272],[ 6.19411   -6.3708086],[-0.8101998   0.92106307],[ 4.2655063 -4.39733  ],[-2.8580203  3.5050056],[  9.383222 -10.208748],[ 4.0785294 -4.566775 ],[ 18.118938 -18.817785],[-13.261434  14.450029],[ 2.0123782 -2.313279 ],[-14.852991  15.900245],[-0.62928826  0.8755029 ],[-6.934269   7.4624357],[ 12.083428 -12.746011],[-1.3339442  1.7219303],[ 3.938955  -3.9113512],[ 0.70583105 -0.5628103 ],[ 3.772933  -3.8740535],[ 3.011452  -3.5289843],[-5.1993217  5.8124623],[-9.73728  10.791575],[-9.569581 10.501096],[ 4.4897513 -4.8788705],[-14.057197  15.155992],[ 4.057029  -4.1805196],[ 3.2942843 -4.187027 ],[-13.250308  13.982557],[-5.5209093  5.807228 ],[ 19.65139 -20.64353],[-9.928802 10.483409],[-8.023829  8.904275],[ 4.7188177 -4.6857667],[ 16.619808 -17.413925],[-15.153122  16.375437],[-15.454044  16.317917],[-0.3952468  0.5743421],[-8.570026  9.339145],[ 6.584679 -7.053882],[-10.835689  11.923264],[ 12.481432 -13.308024],[ 1.3832699 -1.4923354],[-15.844536  16.97116 ],[-9.923692 11.026288],[ 4.537353 -4.834678],[ 0.858858  -0.6972971],[ 3.8975568 -4.360114 ],[-8.340785  9.048209],[-11.216273  11.949476],[ 0.4569902 -0.5351568],[ 7.178498 -7.743214],[ 3.158022  -3.4961581],[ 1.2538462 -1.2238195],[-0.82845014  1.2908623 ],[-2.0801032  2.30765  ],[ 1.8150889 -1.8588599],[-1.0685732  1.1476443],[-0.3856188   0.52575725],[ 13.755782 -14.839532],[-5.208183  5.67455 ],[ 3.1491904 -3.305975 ],[-11.8943405  12.554022 ],[-2.7980192  3.326736 ],[-15.947492  17.253258],[-14.954244  16.056452],[-6.0723257  7.017663 ],[-16.755247  17.543234],[-16.562445  17.846117],[-0.82323706  0.86833906],[-12.245021  13.106824],[ 0.9047019  -0.81869125],[ 4.3489213 -4.6081314],[ 11.681043 -12.376466],[-10.279683  11.30754 ],[-15.202308  16.395994],[ 3.377074 -3.365627],[  9.1194105 -10.303431 ],[ 2.2988923 -2.5948806],[ 6.5145617 -7.197449 ],[ 0.02823791 -0.08768719],[ 4.7808037 -5.351337 ],[ 7.477582 -7.769254],[ 10.0089   -10.957695],[-16.530478  17.541784],[ 3.837962  -3.8257902],[-7.5913787  8.352073 ],[ 5.9480524 -6.2506876],[ 1.7861845 -1.9197079],[-0.21762484  0.3394183 ],[-15.295622  16.380163],[-0.91610044  1.1667545 ],[-1.1751801  1.575518 ],[-2.228558   2.7668393],[-15.122661  16.285072],[-4.0404677  4.0626397],[ 2.162379  -2.5675704],[-5.405456  5.988063],[-15.912955  17.215017],[-11.832513  12.674836],[ 2.6207535 -3.034163 ],[ 13.612814  -14.4196205],[ 5.82249  -6.097667],[-4.5228276  4.976447 ],[ 4.9914484 -4.9239173],[-15.304532  16.483944],[-10.052542  10.888596],[-13.594627  14.614879],[-2.2371466  2.7705307],[-9.174996  9.651527],[-12.010946  13.000375],[-3.7233167  3.8409402],[ 2.5781882 -2.8787723],[-2.5401855  2.73643  ],[ 1.3490924 -1.5699496],[-15.033495  16.155754],[-1.5272667  2.2154362],[ 4.8314166 -5.272885 ],[-9.416099  9.967781],[-16.82591  18.07847],[-8.32952   9.142437],[-10.856703  11.485067],[-2.1583235  2.3272977],[-3.3361251  4.1621947],[-2.3406765  3.0435176],[ 13.448155 -14.201269],[-5.4094534  5.6278534],[ 8.599183 -8.686306],[ 1.3577465 -1.3621385],[-12.586157  13.389813],[-8.439148  8.802955],[ 2.0332701 -2.2239017],[ 2.2236588 -2.3530529],[ 13.806345 -14.174333],[-0.0035331  -0.14895102]
[ 16.779205 -17.872925],[-1.8353323  2.162581 ],[ 0.02309818 -0.40696186],[ 2.364936  -2.4349492],[-14.155925  14.808993],[-4.6750917  5.10245  ],[-8.692313  8.801808],[ 6.4011226 -7.2641964],[ 16.0967   -17.173038],[ 8.302342 -9.194803],[-1.3167627  1.2004453],[ 17.016886 -17.718533],[ 19.63873  -20.504324],[ 12.276409 -12.851021],[ 8.017834 -8.924494],[ 17.310808 -18.538094],[ 7.4654655 -8.257806 ],[ 20.540676 -21.252329],[ 6.6208043 -7.5479255],[-2.0177586  2.2569106],[-10.633034  11.038804],[-0.6812588   0.63302636],[ 8.599626 -9.71317 ],[ 11.756761 -12.439552],[-9.922666 10.491595],[ 15.644064 -16.448006],[ 19.24919  -20.458912],[ 9.412512 -9.793884],[-12.840843  13.946997],[ 11.26191  -12.376237],[ 22.487978 -23.8078  ],[ 9.205358 -8.78825 ],[ 5.58929  -6.121953],[-7.474512  7.863383],[ 18.181093 -19.121014],[-17.48898   18.541739],[ 22.810787 -23.699816],[ 17.695917 -18.606049],[-3.2202241  3.6218185],[-4.3041196  4.222424 ],[ 18.821905 -19.946424],[ 9.980567 -9.833841],[ 12.998703 -13.724713],[-15.647556  16.709097],[ 3.5250094 -4.1704035],[ 5.5237427 -5.8636584],[ 5.7814384 -6.741583 ],[ 10.909068 -11.475391],[ 12.762747 -13.912753],[-12.558248  13.490861],[ 13.342552 -14.462996],[ 6.857594 -7.379666],[-15.382338  16.71975 ],[ 20.320757 -21.566778],[ 19.59042  -20.777338],[ 10.206142 -10.835677],[ 1.6391655 -1.8978894],[ 14.914912  -15.7090435],[ 7.0133586 -7.8151703],[-5.7524114  5.821501 ],[ 5.021869 -5.078358],[ 17.722792 -18.612383],[ 15.918078 -16.830238],[ 19.636799 -20.644194],[-2.7289119  2.8983667],[-2.3517494  2.2331371],[ 6.7366886 -6.8304358],[ 13.37763 -14.37758],[  9.816281 -10.451746],[ 20.506939 -21.676477],[ 19.457067 -20.5658  ],[-0.7024539  1.033634 ],[ 7.6026497 -8.341455 ],[ 20.43717  -21.574478],[-14.609672  15.558756],[ 19.506594 -20.317856],[ 21.796867 -22.88985 ],[-5.9817057  6.298348 ],[ 13.278029 -13.803255],[ 17.351984 -18.141161],[ 20.770256 -21.848045],[-7.4608035  7.996553 ],[ 1.0382619 -1.0418365],[ 16.304504 -17.355623],[ 19.15707  -19.911915],[-17.167404  18.1983  ],[-16.225218  17.24432 ],[-0.86649376  0.9502355 ],[-3.1666715  3.2328267],[ 19.294622 -20.38525 ],[ 15.26276  -16.344059],[ 4.178774  -4.4029207],[ 14.063067 -14.908947],[ 22.985031 -23.86077 ],[ 9.065887 -9.597364],[-14.026671  15.042826],[-0.7997271  1.0800059],[-5.364239   5.4098554],[ 15.49224  -16.123117],[ 18.037563 -19.409294],[ 10.476139 -10.911594],[ 18.274925 -19.054392],[-7.954161  8.158757],[ 19.97412  -20.618069],[-12.779249  14.020156],[ 5.633878 -6.085542],[-2.1246622  2.3180728],[ 15.407874 -15.840721],[ 0.06975034 -0.30543023],[ 20.584118 -21.51697 ],[ 3.0742517 -3.2101204],[ 8.582587 -9.254356],[ 5.578659  -6.1556206],[ 14.680346 -15.534121],[ 17.184868 -18.592863],[ 9.42456  -9.789582],[ 7.521344 -8.48591 ],[ 17.18993  -18.220581],[-6.1699467  6.9624248],[ 2.8703177 -3.2637253],[ 8.616675 -9.153942],[-2.2248046  2.2737498],[-7.608556  8.342611],[  9.502515 -10.136315],[ 20.1862   -21.198982],[ 18.854286 -20.196703],[ 21.497261 -22.614494],[-1.8023088  1.9222153],[ 20.313776 -21.185322],[ 9.287373 -9.608409],[-3.6287663  3.5817647],[-3.6168094  4.171348 ],[ 3.3135667 -3.5493267],[ 14.697772 -15.748667],[ 3.4175305 -3.970927 ],[ 16.53418  -17.440584],[ 18.62397  -19.146416],[ 13.737974 -14.348722],[ 22.005577 -22.948154],[ 18.95036 -19.9786 ],[ 12.098513 -12.740639],[ 17.113401 -17.80318 ],[  9.650844 -10.05415 ]
[-17.031654  18.188751],[-10.022033  10.901667],[-11.361636  12.348581],[-10.8478155  11.727777 ],[-12.784726  13.57541 ],[-13.286776  14.38533 ],[-12.477499  13.172972],[-16.058207  17.245434],[-3.512017   3.7162287],[-17.413427  18.65807 ],[-14.743334  15.74318 ],[-8.147427  8.285097],[-16.903204  18.163387],[-16.784151  17.8725  ],[-17.339708  18.739016],[-17.807247  18.954884],[-8.057746  8.34388 ],[-11.001454  11.877394],[-15.261053  16.32679 ],[-16.914156  17.834982],[ 2.3171856 -2.6896944],[-14.282018  15.506276],[-16.144001  17.266905],[-10.028239  10.934629],[ 2.0375195 -2.335636 ],[-16.173742  16.906275],[-18.33862   19.601261],[-10.432054  11.502638],[-10.821745  11.379238],[-15.1269    16.140087],[-18.12691  19.28418],[-9.795283  10.7062025],[-15.979749  16.808008],[-12.3482685  13.154213 ],[-6.299201   6.3469014],[-10.840877  11.606968],[-13.639722   14.5119095],[-9.509391 10.353293],[-17.167711  18.080494],[-10.259725  10.577249],[-17.368034  18.575277],[-11.45901   12.023054],[-11.933544  12.701693],[-9.598732 10.21086 ],[-6.17988    6.4958496],[-16.224852  17.315523],[-11.838033  12.88065 ],[ 1.2361104 -1.1639568],[-15.823785  17.068428],[-15.754688  16.698748],[-16.924213  18.067114],[-10.191963  10.986525],[-16.330452  17.508636],[-14.250759  14.873254],[-17.464897  18.647633],[-14.379783  15.532215],[-6.3657722  7.036199 ],[-14.468816  15.318171],[-13.758009  14.788555],[-17.329165  18.454935],[ 3.0069044 -3.0222645],[-16.727762  17.937399],[-14.789886   15.8953495],[-15.283274  16.359013],[-10.685515   11.4785385],[-1.9552019  1.8227476],[-16.902168  17.92034 ],[-17.244156  18.458706],[-4.2909474  4.770931 ],[-11.492001  11.942793],[-14.304479  15.329354],[-16.021683  17.158072],[-14.517121  15.642241],[-16.777351  18.029055],[-13.770758  14.889248],[-0.8265956  1.4602343],[-16.645454  17.857094],[-10.172074  10.819525],[-15.359656  16.60825 ],[-15.975888  17.150026],[-15.131332  15.91234 ],[-11.897302  12.226493],[-15.36171  16.45274],[-14.610637  15.845763],[-17.585983  18.738295],[-8.562868  9.042353],[-16.616165  17.606426],[-12.673336  13.548781],[-6.0421457  6.5392637],[-12.751897  13.752692],[-14.053816  15.047362],[-8.335907  8.561912],[-1.5887115  1.9014904],[-17.272123  18.423166],[-13.85965   14.973597],[-16.471628  17.392311],[ 4.3406076 -4.4414563],[ 5.698125  -5.6791496],[-15.230284  16.366554],[-16.747065  17.820171],[-16.108992  16.923538],[-16.863997  17.99902 ],[-6.3737197  6.688166 ],[-15.05393   16.149586],[-13.553799  14.87844 ],[-13.8194065  14.977666 ],[-7.15045   7.572054],[-13.908895  14.886053],[-6.6041403  6.626858 ],[-17.823889  18.965878],[ 1.0110953 -1.0839778],[-10.939171  11.552835],[-14.126373  14.959634],[-11.487038  12.805419],[-17.109192  18.348162],[-6.918786   7.4344435],[-16.66165   17.697458],[-11.549262  12.493825],[-17.207298  18.35088 ],[-14.414926  15.100497],[ 2.648232 -2.902878],[ 1.6827357 -1.5150943],[-7.2209783  8.004744 ],[-16.990992  18.184925],[-18.56319  19.75478],[-13.284319  14.002006],[-17.064949  18.149567],[-14.604902  15.661708],[-18.211426  19.49004 ],[-7.8374777  8.207471 ],[-5.9025273  6.453554 ],[-16.587172  17.844307],[-16.367798  17.752186],[-16.667503  17.87835 ],[-17.45931   18.447691],[-10.72057   11.658089],[-17.201206  18.321611],[-8.487917  9.09656 ],[-16.870579  17.915628],[-15.256417  16.104385],[-9.545902 10.365841],[-10.748408  11.24728 ],[-0.99378747  0.9727157 ]
[ 4.2141395 -4.6470194],[ 1.2223777 -1.4283037],[-2.5934803  2.5532243],[ 7.660364  -8.4794035],[ 7.2115254 -7.631205 ],[ 2.4478743 -3.0224524],[ 11.332173 -12.213661],[-1.1038684  1.1192993],[ 2.976652 -3.589106],[-15.437503  16.304312],[-14.542387  15.052497],[ 13.073328 -14.134453],[ 10.041993 -10.661111],[-0.06670331  0.0616948 ],[-13.346751  14.172214],[ 16.695736 -17.480328],[ 6.816568 -7.294739],[-2.5898306  2.5153027],[-11.012246  11.485501],[ 12.735819 -13.39521 ],[-14.028301  14.93976 ],[ 1.9911596 -1.8658476],[-11.156294  11.788562],[-10.9618845  11.743413 ],[-9.9647045 10.18497  ],[ 17.572275 -18.681515],[-13.366407  13.934273],[-9.143974  9.208998],[ 4.215549  -4.5046926],[-10.346411  10.632715],[ 13.743951 -14.609118],[-2.9193716  2.9205298],[ 19.862356 -20.971704],[ 12.96516  -13.984447],[  9.9226675 -11.059109 ],[-1.2938998  1.3974279],[ 1.3348823 -1.7662855],[-16.179287  17.03459 ],[ 22.578333 -23.519001],[ 5.6609945 -6.556393 ],[-14.526286  15.24971 ],[ 16.148672 -16.811485],[-11.286063  11.863857],[-6.206541  6.228636],[ 4.085321  -4.8070216],[-10.188656  10.687924],[-7.0908475  7.26244  ],[ 3.466542  -3.9106686],[-14.668711  15.598923],[ 2.0974236 -2.4695525],[-13.766034  14.453191],[-4.6114063  4.596576 ],[ 3.848495  -4.0669622],[ 14.030904 -15.11805 ],[ 13.601892 -14.653936],[-2.4665484  2.2338936],[-15.769809  16.592022],[ 21.5749   -22.824196],[-8.851165  8.939306],[ 20.512228 -21.453054],[ 17.72342  -18.267586],[ 12.9043   -13.513977],[ 1.0115157  -0.83560854],[-8.452936  8.826146],[-0.87885034  0.72236574],[ 3.8034523 -4.178056 ],[-12.305081  13.070942],[-4.6117654  4.6066036],[-0.854837   0.8566019],[ 10.313357 -11.378535],[  9.376966 -10.535812],[ 11.41105 -12.3904 ],[ 11.941667 -12.40493 ],[ 8.33852  -9.143841],[-1.5777389  1.5168393],[ 3.4049027 -4.282443 ],[  9.918772 -10.575187],[-10.036366  10.438839],[ 7.8234425 -8.712754 ],[ 3.6831367 -3.9936647],[ 15.388199 -16.429556],[ 14.649358 -15.544119],[-4.1133327  3.9838414],[-5.758372   5.9673367],[ 19.42816  -20.279648],[-1.0143653  0.7382094],[ 3.1559708 -3.397566 ],[-3.027527  3.043589],[-1.0802671   0.96272904],[-16.801756  17.608713],[ 1.5874141 -2.0807598],[ 4.6119165 -5.32285  ],[ 21.542734 -22.917656],[ 16.125172 -16.921076],[-14.1287155  14.950746 ],[ 14.485162 -15.334252],[-0.91270643  0.9351944 ],[-0.9769334  1.0021116],[ 19.203844 -20.299414],[ 0.53626406 -0.6510191 ],[ 22.335896 -23.221395],[ 9.224068 -9.891646],[-3.0095632  2.860424 ],[ 19.316603 -20.167463],[-15.471486  16.523367],[-3.6453693  3.4452822],[ 4.977946  -5.4411445],[ 16.905777 -17.797579],[-7.325833   7.5890155],[-5.697299   5.8804913],[-0.00841465 -0.00390748],[ 8.916077 -9.653454],[ 21.805872 -22.89751 ],[ 3.1825967 -3.4811137],[-8.503845  8.931044],[ 17.121346 -17.726006],[ 18.152693 -18.964445],[-11.086822  11.632741],[-16.395332  17.414833],[ 20.034918 -21.377104],[ 0.44271618 -0.7594649 ],[-4.2959185  4.432031 ],[-15.590025  16.530867],[-3.0234895  2.868659 ],[ 14.785022 -15.507888],[ 16.073273 -17.14347 ],[ 13.600767 -14.705252],[-6.3417244  6.6543407],[ 7.1683655 -7.5314765],[ 16.543278 -17.427479],[ 0.8484368 -0.943321 ],[-13.998027  14.821167],[-13.551243  14.230641],[ 1.6952788 -1.868699 ],[ 9.327758 -9.708366],[ 3.8483095 -4.1239805],[ 17.22857  -18.142082],[ 17.653545 -18.563324],[ 18.105524 -19.172626],[ 4.26508   -4.7692375],[ 3.5685709 -3.8512003],[ 20.517927 -21.819021],[ 11.928408 -12.764084]
[ 17.15662  -18.250395],[ 2.7420428 -3.3692772],[-13.978256  14.801167],[-13.847076  14.731192],[ 2.9953551 -3.6084106],[-9.613118 10.319629],[-6.756445  7.107228],[-0.02440272  0.08611846],[-1.6823621  1.923361 ],[-2.9816194  3.170201 ],[ 8.581773 -8.696665],[ 6.5961137 -7.6646175],[-10.2859    11.318542],[ 18.783796 -19.363451],[ 1.9283683 -1.7903383],[-3.6412165  3.9107177],[ 7.374583 -8.12146 ],[ 4.9526777 -5.8370485],[  9.671617 -10.552494],[-1.8098984  1.86601  ],[-8.508783  8.804029],[ 15.790559 -16.25006 ],[-14.083579  14.993834],[-1.0069686  1.5182793],[ 4.1962743 -4.7515554],[ 17.288841 -18.516325],[ 0.0157551  -0.11729028],[ 20.886555 -22.031338],[ 8.77127  -8.843369],[-0.96014816  0.79355   ],[ 7.9740767 -8.2678385],[-3.6608856  3.8209927],[ 17.90742  -19.174782],[ 3.7156532 -4.223145 ],[ 0.25748408 -0.427392  ],[ 1.4664757 -1.577905 ],[ 18.025934 -19.167753],[ 17.84461 -19.04759],[-2.6299436  2.8096244],[ 1.2098145 -1.7413852],[ 3.172072 -3.069182],[ 12.472837 -13.312308],[-1.5127388  1.7523421],[-11.375547  11.7293  ],[ 3.1722162 -3.978826 ],[-2.8737626  3.0034356],[ 3.799558  -4.2309937],[ 4.2756214 -4.7117405],[-7.531481   7.9492655],[ 5.1990695 -5.7951307],[-6.419017  6.486759],[-5.309946   5.4642205],[-0.3596297   0.24376656],[ 1.8984828 -2.571992 ],[-13.32546   14.378087],[-0.97319883  1.0131613 ],[ 18.66325  -19.912443],[ 16.785896 -17.991085],[ 18.809828 -19.970224],[ 0.32480875 -0.26440847],[ 4.6179237 -4.9308352],[ 0.17452192 -0.1575288 ],[ 0.35459772 -0.47164828],[ 10.267655 -10.806862],[  9.372132 -10.216336],[ 0.7558685 -1.0899612],[ 4.2370825 -4.3536763],[ 13.787894 -14.677227],[-1.8921461  2.3479586],[ 1.0057842 -1.2943202],[-8.462598  8.823238],[-15.958978  17.019827],[  9.713538 -10.538686],[ 3.738484 -4.173014],[ 14.703061 -15.633812],[-16.372908  17.462341],[-12.881646  13.713209],[-0.88068014  0.9553912 ],[-14.54946   15.481408],[ 4.3641953 -4.979012 ],[ 2.1136649 -2.5209935],[ 14.099244 -14.878508],[-4.6838694  5.0676103],[-12.260594  13.116249],[ 2.0270164 -2.7246299],[ 11.121098 -12.046706],[ 11.984475 -12.75166 ],[ 6.8991957 -6.440549 ],[ 1.1000041 -1.4771342],[-2.5330017  2.5441344],[  9.04541   -10.4297085],[ 8.868321 -9.986537],[ 10.414408 -11.824894],[ 1.2324866 -1.2894056],[-12.458929   13.0551405],[ 17.655619 -18.04926 ],[ 0.21840298 -0.43743986],[-0.26521444  0.22377877],[-9.304961 10.014326],[ 10.378684 -10.77224 ],[ 16.000395 -16.77995 ],[ 14.5001335 -15.314415 ],[ 13.901729 -14.286211],[ 17.078548 -18.331566],[-12.495472  13.237884],[ 3.9153426 -4.7206426],[ 0.76384896 -0.93329054],[ 12.402913 -13.379562],[-2.8518703  2.4822097],[ 17.167847 -18.194366],[-1.21726    1.3402377],[ 3.877619  -4.2384443],[ 15.111067 -16.057531],[ 17.599997 -18.376453],[-12.367638  13.330852],[ 17.047373 -17.913445],[ 18.994455 -20.287888],[ 0.73775196 -0.67201406],[ 9.768101 -9.99539 ],[ 1.0967495 -1.2869288],[-15.033709  16.023457],[ 6.636732  -7.3759637],[-0.2223225   0.13056922],[ 8.517298 -9.441722],[ 9.069557 -9.957253],[-2.5215077  2.489701 ],[-1.954443   2.3234518],[-1.4234372  1.3969272],[ 7.4780354 -7.854329 ],[ 17.634747 -18.19677 ],[ 6.015293  -6.7301273],[-7.458565  7.954235],[-15.799071  16.764647],[ 3.6756077 -4.206649 ],[ 14.411843 -14.997748],[-14.777226  15.616503],[ 13.098017 -13.75162 ],[ 18.76683  -19.971704],[ 8.50881   -9.1556835],[ 10.025205 -10.910582],[ 6.192256  -6.9916773],[-12.120638   12.9923935],[ 11.109488 -11.645745]
