-0.017948737,0.0060417526,0.017738745,0.0012226366,0.018363863,-0.011515124,0.013107125,-0.0061988784,0.002424506,-0.0070644245,-0.015695382,-0.016771631,-0.009364085,0.04255487,-0.01511969,-0.00040978007,-0.0028799474,0.018643586,-0.0039803423,-0.006388615,0.005534126,-0.020997677,-0.021144567,-0.008619965,0.0020430787,-0.0087899715,-0.0063060075,-0.037229903,-0.012778474,-0.0055663045,-0.022506386,0.0005630534,0.017225634,-0.01240957,-0.029614046,-0.03329807,-0.006988614,-0.0029992526,-0.014533125,0.0058313273,-0.015916072,-0.0046535945,-0.010864863,-0.015144564,-0.008549124,0.004835236,0.0014712885,0.0048296317,-0.0011288966,-0.012132749,0.0043477276,-0.0056383936,-0.006414661,-0.01008886,-0.003931612,0.006782376,-0.018724734,0.004760276,-0.014182966,-0.005829528,-0.003793208,0.00089646643,0.026530057,0.004256411,-0.007799509,0.0017458736,0.0031861227,-0.0007371963,-0.0029849643,0.0033609192,-0.0088019855,-0.00030737743,0.0039226133,0.015486248,-0.017393341,-0.01801614,0.004132013,-0.004052559,-0.010604424,-0.0011308882,0.00039512478,-0.0054511195,0.0061852625,-0.002371409,-0.0026658084,-0.0077332025,-0.005531489,0.010470299,0.0027657507,-0.017196268,-0.015491432,-0.024882862,0.0017101301,-0.015863301,-0.017525388,-0.016353725,-0.010799438,-0.012000632,0.00097195804,0.041466918,0.0075900573,-0.010419028,0.0054319017,-0.019087449,-0.019725222,-0.0014315392,0.0002423795,-0.014091399,-0.019316955,-0.0030297171,0.012013819,-0.040780887,-0.0071898615,-0.003952777,-0.0051091956,-0.024302965,0.0031281402,0.0038887737,0.0018462946,-0.0078894375,-0.017961603,0.015628913,0.02056128,0.0010290602,0.0037591655,-0.0062815445,-0.0041754013,-0.0062888637,-0.003209168,-0.005141698,-0.007996151,-0.005923641,-0.0013443055,-0.010235222,-0.015592013,-0.010420321,0.009806545,0.013755068,-0.006292074,-0.007346101,-0.011101311,-0.011896906,-0.001831702
-0.017811643,-0.0005449122,-0.00557201,-0.010957193,-0.012314815,-0.016375568,-0.007241656,-0.022215249,-0.014467707,0.0017970693,-0.021812655,-0.015167851,-0.017023042,0.0031768992,-0.022471355,-0.027579095,-0.009001669,0.0033466977,-0.00074943295,-0.027399495,0.010451194,-0.017177653,0.0019484465,0.008808885,-0.012986189,-0.0072463304,-0.016869156,-0.004701321,-0.027259901,-0.009457448,-0.0034530284,0.0005317847,-0.0016577393,0.0056526107,-0.01264243,-0.02032846,-0.015075825,-0.00426362,-0.024510188,-0.0031724768,-0.03167709,-0.026140902,-0.0058029564,0.005727024,0.012198447,0.0027248962,0.020626236,-0.05335041,-0.012849756,-0.024634223,-0.024772285,-0.00044015842,-0.014172204,-0.018236136,-0.01437618,-0.0019677733,0.00531928,-0.012696575,-0.0020863637,-0.037220888,-0.010119097,-0.020391097,-0.009849321,-0.008854298,-0.016206732,-0.022427242,-0.002320611,-0.008205183,0.023515962,-0.02546922,0.0017590434,-0.010447891,-0.0037928754,-0.0059399894,-0.0075602047,-0.01810372,-0.00958844,-0.023546377,-0.04437383,0.004101346,-0.01179041,0.00081670145,0.0017592376,-0.018280394,0.0004833443,-0.031246066,0.012596141,-0.0023257066,-0.006119365,-0.027622424,-0.031324692,-0.0115686525,-0.000647109,-0.01926447,-0.013415145,-0.023968957,-0.008282439,-0.008736644,0.009871011,0.015312649,0.027363183,-0.028575048,0.0058284644,-0.0046006907,-0.024454894,-0.00019560149,-0.025025908,-0.0029005706,0.0018090669,-0.027309217,0.0076010246,0.003488203,-0.008540432,-0.007571796,0.0028534106,-0.017549148,-0.011631185,-0.00029075053,-0.0252523,-0.02100851,-0.008910028,-0.010098557,-0.01736631,0.0062620547,-0.0030073877,-0.029481784,-0.01371387,-0.05819066,0.0040850476,-0.0040820297,-0.002063659,0.013570784,-0.023168849,0.030986954,-0.010014648,-0.017654186,-0.04484882,-0.00967402,-0.018771552,-0.017336858,-0.014022464,-0.039031073,-0.020011306
-0.0051242122,-0.0022591418,-0.021391764,-0.004106327,-0.016153939,-0.008417907,0.0095872795,0.004152042,-0.015519472,-0.0054338686,-0.011488432,0.013159879,-0.019294942,-0.013889056,0.00795936,0.009179065,-0.008665823,0.009188419,0.016227212,-0.033225078,-0.005441348,-0.0036893543,0.013933374,-0.040282235,0.0005138996,0.017538127,-0.007070088,0.009700969,-0.011752637,0.004868829,-0.0010528197,0.011978887,-0.009858087,0.0025072799,-0.011513747,-0.0059258724,-0.0027155029,0.001917433,-0.020732207,-0.006416427,0.024864972,0.003794968,-0.0004064059,0.0019535145,-0.0020336919,-0.0023985533,0.01206618,0.04821752,-0.015462704,-0.0011949227,0.011209425,-0.0033102501,-0.015616532,0.0070870235,-0.00011864491,-0.007099118,0.002973352,0.002349049,0.0059633795,-0.013086662,-0.015664859,-0.008474783,-0.024745714,-0.002085464,-0.005153536,0.0026750402,-0.009811387,-0.013574408,0.0020613703,-0.0049986346,-0.00240291,-0.021141697,0.004717537,0.0061035063,-0.015449416,0.005904367,-0.0022567385,-0.021095166,-0.007515598,7.2130933e-07,0.0055037998,0.0028781698,-0.0047907745,0.010117684,0.0019094732,-0.018346714,0.008761863,0.012790605,0.0017323669,0.0070047337,-0.012789711,0.002791414,0.007636688,0.014009248,-0.013033435,-0.008124486,-0.0004399023,-0.00051868195,0.00015215902,-0.0050133774,0.0050413245,0.00020346139,-0.007496763,0.009508355,-0.022347128,0.0027048977,-0.019385573,-0.0062319394,0.004694005,0.0023992963,0.0054194625,0.028150825,-0.0139804,0.004623863,0.023707971,-0.012008699,-0.0056077223,0.0024315834,-0.030314375,-0.0026713954,0.019243771,-0.0042967508,0.00096276496,-0.009059497,0.0076632504,0.012411853,-0.004708388,0.01051297,-0.005092416,0.0064901863,0.0013721422,0.0034452425,-0.014706347,-0.02105637,-0.007308727,-0.024604337,-0.013957938,-0.0045657465,-0.006793081,0.004347165,0.0062781917,0.0011626203,0.0007296251
-0.0036193766,0.00505202,0.019443795,0.00619625,-0.003128753,0.02812311,0.0050213323,-0.011506038,0.0025355944,-0.0038836608,-0.004393425,0.015469553,0.0047800792,0.034360647,0.003809374,-0.0057648728,4.432164e-05,0.0070459284,0.00656753,0.0027703142,0.0022990115,0.0013253228,0.018264858,0.03344062,0.0019428958,0.068787985,0.012320531,0.029996242,-0.0082616545,-0.014253678,-0.0046917256,0.005725556,0.010810051,0.0038426437,0.00860209,0.0040941956,0.040109903,0.018001378,0.0057425792,0.00083895493,-0.0024032472,0.019892825,0.020642696,-0.014225971,-0.0042513655,0.0004968671,-0.0072437683,0.000949997,-0.0005689529,0.020406475,0.012979327,-0.01070155,0.019625902,-0.0026360694,0.0072247023,0.005692403,0.0030374897,-0.0066269906,0.018078292,-0.0065008234,0.003341028,0.0030540833,0.030918734,0.0023172412,-0.0063159354,0.031197907,-0.007912281,0.0060205245,0.0065668495,0.009542664,0.003027133,0.013642616,-0.006553579,-0.0046440726,0.009134022,0.005122696,0.009558135,-0.013333606,0.0058957315,0.0044340184,0.0063048042,0.004686809,0.00462555,0.0004452914,-0.0011977344,0.010954044,0.009148615,-0.0008583749,0.011209526,0.0034310273,-0.011324093,-0.0036492907,-0.014338966,0.014408703,0.00041114306,6.6350214e-05,-0.009534437,-0.009234385,-0.011589775,0.032509625,0.0048321034,0.002948446,-0.004320154,-0.018501373,-0.004829052,-0.0054652365,0.019249741,-0.00051205046,-0.010776898,0.0026309204,0.00890916,-0.0043508215,0.01746484,-0.008081225,-0.011947567,-0.010991519,-0.0028876206,0.0011340575,0.014604761,0.009714233,0.024030868,0.0053921468,-0.0072298534,0.0011608806,-0.024801498,0.006727575,0.0060458537,0.0029317092,-0.006790339,0.02965296,-0.0033026896,0.015121986,0.011251524,-0.005178868,-0.00834878,0.02011241,0.015942661,-0.019542765,0.0032727786,0.008262034,-0.00018809829,0.0022528574,0.006006689
-0.014958216,-0.011541665,-0.0026543867,-0.016153626,-0.017632864,-0.007809638,0.010088285,-0.050020926,-0.0069519207,0.0017199374,0.0058113877,0.0047753304,-0.006428698,0.0010770522,-0.018476296,-0.03850638,-0.020145169,-0.025364839,-0.001551013,-0.008469982,0.0017044779,0.0021750205,-0.006737761,-0.0013834583,-0.018386183,0.012926183,-0.010360567,-0.0027426127,0.0026706334,-0.004100953,0.006651473,-0.035731643,-0.009415383,-0.0010402356,-0.011474147,0.0026758888,-0.01225074,-0.022151964,0.011768125,0.0010555345,-0.012719788,0.006587103,-0.00066946074,-0.012481019,-0.008554925,0.0008524619,-0.02295396,-0.023243248,0.020695612,-0.017547954,-0.026672143,0.013889512,-0.0070438385,-0.012598384,-0.023536365,-0.010589672,-0.00017471472,-0.03109891,-0.002375653,0.0025470753,-0.0052116476,-0.020241223,-0.008723504,-0.012170121,-0.0111601725,-0.013769196,0.0031999345,-0.008027118,0.006185161,-0.0256519,-0.0076783216,-0.00056339195,-0.0020477301,0.0019874845,-0.0027026217,-0.010254185,-0.048671246,-0.025231812,-0.010343714,-0.027746778,-0.008436679,0.004006961,-0.008914217,-0.015024543,-0.015495475,-0.012243941,0.00065153465,-0.0020371438,-0.009772647,-0.013336595,-0.014841374,-0.010528602,-0.010579592,-0.0146791525,-0.01671936,-0.0022067432,-0.008987702,-0.008509864,0.0006116871,0.0016695985,-0.008250331,-0.008426515,-0.019056534,-0.007717775,0.0047790217,-0.0062437495,-0.013516899,0.00020242855,-0.0076754875,-0.008030963,0.0028698458,-0.0046155276,-0.026401442,-0.012891769,-0.020780925,0.00071453955,-0.0024350663,0.0024642006,-0.0003472697,-0.015195247,-0.009587212,0.0025062067,0.0052834367,-0.0143955555,-0.013057513,-0.023944456,-0.012659732,-0.0012658918,-0.0033828337,-0.006136724,0.017340621,-0.0003238544,-0.004973392,-0.004017216,0.0018005881,-0.0015908349,-0.015977431,-0.0077000186,-0.007931165,-0.024439186,-0.023344487,-0.012391362,-0.0053332327
-0.02738186,-0.010036396,-0.061386093,-0.052551307,-0.036141485,-0.015657205,-0.01689652,-0.036061022,-0.033533104,-0.02639934,-0.016759627,-0.052098967,-0.02750288,0.0032103662,-0.059051678,-0.051527232,-0.029201996,-0.039780587,-0.05271497,-0.02662165,-0.0495104,-0.015977709,-0.029116921,-0.000735966,-0.04523517,-0.026072491,-0.026103519,-0.050072152,-0.006670421,-0.034173016,-0.04317313,-0.048347406,-0.01720532,-0.043239158,-0.03339596,-0.005355497,-0.015262371,-0.012063019,-0.018405395,-0.0029098978,-0.045717504,-0.02501076,-0.01080096,-0.023303088,-0.041102536,-0.03484805,-0.026003461,-0.049600113,-0.044271573,-0.011838997,-0.04624612,-0.026797742,-0.032818537,-0.027895883,-0.01971951,-0.009601815,-0.007376328,-0.03654996,-0.045169726,-0.0022189384,-0.03026937,-0.052628472,-0.03716813,-0.041428614,-0.037954226,-0.028962038,-0.024165183,-0.048604622,-0.019669626,-0.043536153,-0.030430295,-0.043480705,-0.012795694,-0.011624353,-0.008883293,-0.032104213,-0.037447423,-0.046956632,-0.04881995,-0.04865218,-0.031215992,-0.0040970957,-0.021892969,-0.05490625,-0.028023563,0.013009435,-0.0049074655,-0.01528443,-0.057184733,-0.021290326,-0.021929227,-0.018662103,-0.043990463,-0.00805681,-0.030800663,0.00054313755,-0.026076015,-0.026111461,-0.04967876,-0.02227691,-0.017250039,-0.020452775,-0.023912435,-0.041009538,0.015278914,-0.025382433,-0.042109054,-0.013308177,-0.022862876,-0.017482053,-0.062113233,-0.0502292,-0.017550688,-0.016279342,-0.052370474,-0.004489079,-0.01935381,0.009056724,-0.016490268,-0.01675554,-0.046613477,-0.04970014,-0.0400963,-0.04436769,-0.011753332,-0.04823316,-0.04182361,-0.023841642,-0.042530358,-0.009425957,-0.020958671,-0.017138919,-0.0046010474,-0.035537716,-0.03284953,-0.008548003,-0.008391231,-0.03657319,-0.013195241,-0.035735805,-0.025852563,-0.03249233,-0.030536916
0.008896708,-0.0055704312,0.049303934,0.014348627,-0.00030948455,-0.025864284,0.016837595,0.0028873729,0.0024762808,0.0066849194,-0.009141406,0.039009005,0.004051965,-0.062975995,0.00036681956,0.0030457089,0.0013464531,0.015308915,0.011641594,0.009683785,0.026710134,-0.0009430945,-0.01208158,0.028405707,0.0041881613,-0.01809969,-0.0057855463,-0.024090951,0.010069857,-0.0006251093,-0.0175701,0.013044767,0.009263378,0.008222017,-0.015120693,-0.007018809,0.006438679,0.0115009,-0.004151766,0.005185593,0.018306293,0.010421861,0.01573846,0.006056047,-0.0054733064,0.012952802,0.006048723,0.020800017,0.0030389547,-0.0003675865,-0.008931946,0.009230268,0.025718663,0.0048208823,-0.01122785,-0.012216359,-0.0148481615,-0.005099465,-0.05801922,-0.012683185,-0.026815388,-0.00031026453,-0.02349646,0.010416363,0.0025167405,-0.019940788,-0.005920671,-0.019131713,-0.0062228516,0.013868727,-0.03584021,0.0050777076,-0.0042289775,-0.0007629078,-0.0051659,-0.0015411135,-0.0009298506,-0.01377699,0.012016407,0.008668682,0.016321292,0.0033405134,0.007772742,0.0018380946,-0.009138422,-0.0028293226,-0.011933228,-0.008709604,0.015129703,0.0019062958,-0.005020395,-0.009435939,-0.012679569,-0.0006432296,0.008967422,-0.0010304917,0.0028234182,0.002657044,0.016501088,-0.028094541,-0.016680315,-0.015641635,-0.021072453,-0.022144698,-0.0053045833,-0.007624056,0.015035739,0.0056523383,0.01926348,-0.0065631084,-0.003228276,-0.010808924,-0.013308579,-0.0018600328,0.00909376,0.0038909488,0.0051602656,0.01360872,0.004369331,-0.0038008876,0.000416114,0.0024955897,-0.0022876086,0.0030515408,0.00010075234,0.0023556433,-0.018417973,0.002529756,-0.0008413191,-0.0071015786,0.029948339,-0.0014988724,-0.028665923,-0.019348789,0.014477848,-0.014562648,-0.010993216,0.0088429935,0.0042306874,0.0029587226,-0.009287546,-0.009181147,-0.00047996128
0.002870724,0.017242076,-0.0005992842,0.00095672905,0.018626105,0.0234833,0.01022822,0.0022203606,-0.0076378817,0.0065338444,0.0065169455,0.0165326,0.00054061785,0.007902895,0.030057762,0.017685678,0.017625924,0.00028548855,-0.002372419,0.0017836182,-0.003979057,0.009838823,0.011401596,0.0037972864,-0.002229956,-0.0023738532,0.005406182,0.0024087168,0.0020197392,-0.020540353,0.034534052,0.024309486,0.015145546,-0.00687691,0.007511916,0.010241536,-0.012773506,-0.015795145,0.0011954103,0.01735029,0.013499379,0.008781626,0.001947437,0.019400645,0.010448197,-0.006522706,0.006720788,0.0076719923,0.003910593,0.003962153,0.007250387,0.020309182,-0.005593935,-0.0028868457,-0.0100027,0.006617603,0.02145295,-0.00084531214,0.0027217441,-0.0037331264,0.026786624,0.0012529641,-0.014850775,-0.00032451143,-0.008747355,0.04079765,-0.007252424,0.0017601692,0.026746582,-0.01071541,-0.010374336,-0.0072897226,0.0022072245,0.005534218,0.016232666,-0.005106139,0.0022051588,0.013631532,0.01726881,0.005715946,0.0039818096,0.013649682,0.002484452,0.018774964,-0.006134576,-0.007170584,0.009453472,0.016012996,0.039580807,0.0031965186,0.0016876757,0.0073996335,-0.0040468024,0.008901422,0.013516751,-0.0064173434,-0.001996505,-0.002557788,-0.01793675,0.0054116314,-0.019756675,0.026591888,0.008146704,-0.003337631,-0.006140123,-0.0025659213,0.004429585,-0.015267447,0.004319145,0.016753322,0.0011737896,0.0045043034,-0.010178627,-0.0078055123,0.009133059,0.0007405197,0.009314239,-0.008322515,0.015488038,0.0024254725,-0.020149447,-0.031285934,0.0071587805,-0.005713609,-0.020145068,0.0030328492,-0.009090045,0.0014834118,0.021131713,0.004022803,0.008069109,0.0068679033,0.006773423,0.0015402469,0.0054766377,0.0009959247,-0.0020366693,0.000653862,0.011011673,-0.010556826,0.0059968587,-0.010275604,0.005191749
-0.023335576,-0.034540135,-0.051651098,-0.03618217,-0.031866163,-0.021290416,-0.024788313,-0.04584796,-0.04476784,-0.04600562,-0.0038020266,-0.055589803,-0.0416627,-0.02716903,-0.045127306,-0.041908413,-0.023585489,-0.015689017,-0.038206354,-0.03560062,-0.037015878,-0.0138546135,-0.043134585,-0.060712278,-0.03636597,-0.030291446,-0.028061781,-0.013270788,-0.0056827124,-0.02842427,-0.054940477,-0.015873441,-0.059143722,-0.051870078,-0.001980212,-0.0038342671,-0.024018424,-0.051875025,-0.008213356,-0.004467902,-0.04559544,-0.02586256,-0.040054567,-0.011868933,-0.02148978,-0.031014465,-0.053860538,-0.054559182,-0.05366437,-0.008786841,-0.03345733,-0.035615314,-0.027913067,-0.038367525,-0.04098741,-0.020886011,-0.04026298,-0.04534431,-0.020996355,0.0018103747,0.0016179497,-0.028022189,-0.022902412,-0.04465657,-0.040438276,-0.05112687,-0.0471517,-0.046895105,0.006522107,-0.025475673,-0.021977006,-0.02249709,-0.044263538,-0.040125147,-0.020030942,-0.035070874,-0.03898174,-0.03235164,-0.03482899,-0.035889506,-0.02385939,-0.02590163,-0.013795389,-0.027556013,-0.036294788,-0.047083165,-0.008657246,-0.025046818,-0.052242465,-0.04518009,-0.041179053,-0.024724543,-0.020431655,-0.011007452,-0.04510142,-0.0064950595,-0.03848359,-0.03806129,-0.046364676,-0.017142158,-0.040831774,-0.0457574,-0.010805644,-0.05084241,-0.01799037,-0.04672643,-0.03323673,-0.0500106,-0.023647036,-0.030231878,-0.024838971,-0.040917013,-0.03605425,-0.04690227,-0.03701662,-0.040042177,-0.013361489,-0.047817696,-0.05145798,-0.016218796,-0.035675343,-0.026634496,-0.036047883,-0.0387027,-0.052080598,-0.021802064,-0.04482848,-0.042278282,-0.056122556,-0.01146836,-0.0144322105,-0.010067146,-0.017814929,-0.018116675,-0.036586393,-0.037524,-0.045153614,-0.049535405,-0.060242556,-0.04321736,-0.036406778,-0.045507632,-0.04795011
-0.00296075,-0.02022229,0.0065330556,-0.022341637,0.0047222367,-0.015184812,0.012812698,0.001171642,-0.013848361,0.012331791,-0.019277075,-0.018483456,0.005206701,-0.008343456,0.029251318,0.027240127,-0.009325032,0.0022746967,-0.015278272,-0.017942093,0.019996826,-0.012157032,0.0046225796,-0.0124910325,-0.012028953,-0.028120026,-0.01407264,-0.03145093,-0.02123062,0.0018510874,-0.032875888,0.0373569,-0.04000574,0.017214064,0.019445837,-0.022872584,-0.022409817,0.008458347,-0.038714778,-0.015349556,0.004732836,-0.047562964,-0.020296553,-0.045653585,-0.013749622,0.004537464,-0.0018070615,-0.006179617,0.001594716,-0.019778151,0.0005040867,0.002477926,-0.01428617,-0.0098195765,0.015577546,-0.033315517,-0.01921532,-0.0010416149,-0.009653837,-0.014959088,-0.0064981915,0.017977264,-0.016704556,-0.021831062,0.0009074374,-0.0048214113,-0.0074621774,0.008519681,0.014563844,-0.0107387155,-0.025831034,0.0153456805,-0.017519623,0.018258553,-0.02563514,-0.001757903,-0.0018400555,-0.002217766,-0.021860039,-0.005705064,-0.015243895,-0.017057857,-0.0049950555,0.0049272836,0.003170704,-0.014234217,-0.04274214,-0.016785095,-0.020102723,-0.010261519,0.012170389,-0.021585897,-0.012686167,-0.008611801,-0.016545322,-0.017331095,-0.008617859,-0.009524388,-0.010228838,-0.017806133,-0.007885574,-0.0028350325,-0.035291597,-0.012528446,-0.046801254,-0.003026925,0.0026492064,-0.03203319,-0.0155359935,-0.0019187937,0.00657482,0.012688982,0.016354706,0.009210983,0.005609845,-0.018478163,0.0020373235,-0.012273535,0.0029645925,-0.02195421,0.06716276,-0.01108011,-0.019975169,0.005741738,-0.0013112123,-0.012105357,-0.007309557,-0.052927867,0.00039689243,-0.021940168,-0.010174679,-0.012664517,-0.0024162396,-0.006817487,-0.020563018,-0.01978303,-0.025796015,-0.0015865876,0.0053966786,-0.025419839,-0.008240191,0.0053527616,-0.017823527
-0.014401736,0.0014919697,-0.013408892,-0.005930543,-0.022599773,0.0035431446,0.040058848,-0.0017065601,-0.028454818,0.018953009,0.020257078,-0.020535726,-0.010519911,-0.005835047,-0.0051099434,0.004354877,-0.0040102405,-0.06596993,-0.031767454,-0.0027563637,-0.02880432,0.03477683,-0.018305488,-0.007214139,-0.037717476,0.004869366,-0.0040421085,-0.012158928,0.018831374,-0.017761534,-0.03140544,-0.026309185,0.01477596,-0.027822219,-0.00043835398,0.003458958,0.008847172,-0.018904088,0.045249894,0.01756055,-0.011287708,0.008470112,0.013841156,-0.008538918,-0.019534506,-0.024371192,-0.044579577,-0.015697066,-0.018374657,0.050432023,-0.020057108,0.022244517,-0.0013678465,0.0029627813,0.035097826,6.710552e-05,-0.0026548225,-0.02413971,0.00099015,0.040894087,-0.016715227,-0.005115173,-0.009093953,-0.022276409,-0.034721646,0.0033117284,-0.04664397,-0.01846918,0.00944563,0.02144919,-0.0054420745,0.0012398954,-0.029593207,-0.009852585,0.009624808,-0.021143232,0.005789283,-0.014179513,-0.013347795,-0.006109192,-0.011351557,0.0232439,-0.015919244,-0.02254449,-0.023408057,0.027183851,0.0007587718,-4.1601714e-05,-0.014575314,-0.029830884,-0.029864296,-0.008385354,-0.036148015,-0.004826785,-0.04857567,0.02810904,-0.020363176,-0.020455295,-0.02382428,-0.04552114,-0.024355216,-0.0027210563,-0.01722962,-0.014990535,0.057073407,-0.01954019,-0.025404127,-0.017634206,-0.0039043045,0.016939886,-0.014626311,-0.025648277,-0.024369877,-0.035812814,-0.014897006,0.0080643315,-0.011246763,-0.02429437,-0.01581419,0.016426047,-0.007795386,-0.041219074,0.010791374,-0.0445362,-0.035274785,0.012573226,0.007481519,0.011983106,-0.012498856,0.0024708011,-0.031695522,-0.01439276,0.0065782294,-0.024704386,0.031467527,0.008160661,-0.02007973,-0.05309994,-0.011357099,0.011937087,-0.0154451225,-0.02515547,0.001387055
0.018712508,0.035598226,0.04623028,0.038952384,0.008482744,0.015043876,-0.005991172,0.0028937333,0.04182341,0.027633453,0.0024558112,0.06903469,0.0138258645,0.014637418,0.0018498001,0.007007816,-0.00829179,0.016093891,0.039440848,0.01425837,0.017742459,0.017709248,0.04027394,0.029578354,0.033191755,0.029551629,0.026183171,0.021561623,0.020545896,0.023079775,0.03594487,0.0076120244,0.025746267,0.041958723,0.052273653,0.0035836208,0.007975294,0.00968572,0.016880695,0.03258191,0.039143782,0.04585278,0.03331277,0.017313566,0.022181926,0.027040066,0.031145904,0.042731144,0.04801065,0.003683793,0.02885806,0.013948302,0.025943346,0.026361192,0.016366363,0.0122695565,0.015298789,0.03643439,0.028452545,0.00544211,0.016492242,0.009851186,0.0018510192,0.037568554,0.009219226,0.037491407,0.033669923,0.010658496,-0.006598793,0.026449513,0.024042908,0.036467195,0.03424323,0.05124866,0.03148751,0.020508155,-0.0028662356,0.018067619,0.02540829,0.028826449,0.023425687,0.059379816,0.010678623,0.018151676,0.03418801,-0.005107885,0.017467711,0.028227456,0.04567291,0.0395284,0.020400712,0.019412577,0.019894045,0.014510028,0.014487549,0.006026562,0.017191937,0.016862905,0.017901592,0.0032315352,0.02807708,-0.014327599,0.043979622,0.04341847,-0.00496916,0.03371869,0.014495755,0.01633497,0.04171208,0.004861022,0.017751519,0.046990074,0.022427056,0.043790415,0.04348035,0.006375413,0.039587308,0.043745205,0.04233283,0.020736357,0.037313543,0.03635979,0.017644692,0.030734073,0.016743599,0.03219726,0.015162033,0.055594154,0.029942805,0.019190008,0.02269775,0.015003964,0.029252952,0.010034999,0.02569403,0.021063386,0.006658612,0.012651484,0.03848269,0.017574418,0.019567423,0.04305407,0.03243369
-0.020882195,-0.020782897,-0.03933513,-0.037514742,-0.01419179,-0.015244434,-0.008159596,-0.003862055,-0.021591425,-0.022861999,-0.0054575186,-0.03483835,-0.016476056,-0.004545522,-0.026952464,-0.01623928,-0.0018511103,-0.0014071171,-0.016350439,-0.015351519,-0.020845035,-0.005387447,-0.017797967,-0.022431863,-0.016921107,-0.055035226,-0.018400848,0.016242541,-0.005895011,-0.015402347,-0.032694634,-0.022084033,-0.03438112,-0.02896982,-0.024848996,-0.013552798,-0.01989435,0.0032924642,-0.024343511,-0.0027552303,-0.02881796,-0.0028174128,-0.021277731,-0.027864695,-0.01714594,-0.015950602,-0.022745525,-0.009665792,-0.03880681,-0.008390991,-0.026572213,-0.003126734,-0.0023358148,-0.026195709,-0.0048908265,-0.028522573,0.009308793,-0.036159124,0.0223964,-0.0021836953,-0.010999041,-0.013493944,-0.040052425,0.0073708924,-0.02268501,0.014392133,0.005909021,-0.020133825,0.0025538304,-0.016003199,-0.0037035765,-0.022137692,-0.034130044,-0.044558607,-0.019344036,-0.010523595,-0.007576133,-0.0059360527,-0.018373046,-0.018634552,-0.020380668,-0.027962714,-0.015092883,-0.01743471,-0.014499964,-0.0025436496,-0.0029399535,-0.018934943,0.03812814,-0.032369595,-0.00088007515,-0.029538695,-0.03167804,-0.013520753,0.0070062866,-0.01451996,-0.043709196,-0.043608125,-0.01609128,-0.02060166,-0.015882004,-0.008656691,-0.0016086693,-0.018139992,-0.010882469,-0.013090625,-0.0057431534,-0.0024353862,0.0022131572,-0.0010316945,0.0038769133,-0.007194301,-0.039824698,-0.022824213,-0.009194354,-0.002126656,-0.0034996346,-0.037249673,-0.021343913,-0.011593986,-0.0531367,-0.028864298,-0.039588142,-0.021349322,-0.04205187,-0.0007625269,-0.012835119,-0.023935039,-0.014837233,-0.007704973,-0.01173763,-0.0010344377,-0.009242466,-0.022664804,-0.0017061443,-0.011419496,-0.04444418,-0.03587055,-0.04039078,-0.032399632,-0.02094606,-0.041599598,-0.00754039
0.013340202,0.018212926,0.0054891184,0.010688014,0.014173653,0.008462821,0.017833414,0.0063194535,0.016399514,0.04122435,0.028117096,-0.002311597,0.007521256,0.051392972,0.011917593,0.003194605,0.031219685,-0.007871773,0.016154625,0.032660007,-0.0022739996,0.017158026,0.029543962,0.037085485,0.014384453,0.041788343,0.03229676,0.0057455627,0.004216478,0.009561745,0.0018271778,0.030738384,0.024329605,-0.002945505,0.031023191,0.011006275,0.018670967,0.025765944,0.018065583,0.03030001,0.021182662,0.019326255,0.054414377,0.030512214,0.015921544,0.001088744,-0.0103304535,0.029064707,0.0134309875,0.014258081,0.01013333,-0.007859639,0.00019940315,0.017641922,0.00894377,0.010579633,0.04365384,0.015318355,0.0065319864,0.017047942,-0.0024080519,0.034872655,0.01928839,-0.00077869045,0.020938065,0.003984877,-0.011474233,0.0037154723,0.019385125,0.017956939,0.016281202,0.0018293378,0.008433737,0.014961295,0.023726007,0.00791387,0.011703368,0.014569938,0.014914846,0.008798245,0.010902149,0.03504448,0.03409453,0.024910334,-0.0034590745,-0.011538617,0.07040348,-0.00042781327,0.0013772137,0.023973009,0.012077495,0.0041421503,0.002137705,0.019983707,0.00041790726,0.019544477,0.017168444,0.017613593,-0.0059008086,0.018938195,0.0032853694,0.0023569237,0.0033207182,0.016993575,0.030557193,0.00083474396,0.0032720976,-0.009605401,0.015006861,0.003245547,0.0070942137,0.022096982,-0.008449354,0.01398232,0.014532527,0.008938573,0.033761676,0.028465776,0.014831154,0.023198916,0.0031406311,0.0029386245,0.020997956,0.003405976,0.0071653663,0.033024296,0.01867942,0.00900848,0.03058625,0.022714956,-0.013819315,0.050988115,0.009626988,0.01100507,0.0052717407,0.006657457,0.027066624,0.0044416515,0.0189098,0.020192904,0.00035182294,0.015448291,0.014725869
0.032922853,0.011035668,0.033245467,0.013671202,0.023133758,0.015925853,8.973526e-05,0.0054090805,0.017296497,0.008647972,-0.002813043,0.038374472,0.011474725,0.0065164343,0.0108439,0.03134707,0.010256067,0.021278765,0.035399012,0.029300174,0.036359288,-0.0029639592,-0.0037467945,0.020703074,0.02065761,0.0037830814,0.03446448,-0.0023837085,0.017233869,0.014009512,0.029966265,0.022849271,-0.00082966406,-0.0039022416,-0.011770822,0.017948901,0.008636856,0.016144585,0.01346082,0.0016879113,0.011624139,0.012105536,0.018716298,0.0017073157,0.008016226,0.0331035,0.0077204984,0.039203748,0.03525508,0.0233623,0.013799981,0.009007023,0.0045177927,-0.0041296165,0.01976975,0.0044070156,0.027521312,0.0020571507,-0.016508216,0.01934228,0.0039217016,0.026593415,-0.0032656016,0.021367539,0.020820292,0.029819308,0.005343315,0.030529793,0.02878783,-0.015328569,0.009232609,0.004938198,0.011734232,0.03280826,0.0092189135,0.012025181,0.011549402,0.01709843,0.0013091504,0.01531589,-0.02022847,0.0011113286,0.047166366,0.015472908,0.026451763,0.018345095,0.0067379274,0.025650706,0.030918926,0.023980636,0.019785613,0.004258206,0.011652113,0.038520552,0.0019505564,0.021743206,0.016608339,0.016539382,-0.0007760655,0.0016570811,0.00240435,0.038950235,-0.0014116256,0.00779969,0.012541871,0.009588854,0.03105845,-0.0009771716,0.016009621,0.008234154,0.0033782779,0.017550396,0.016350325,0.006800746,0.010586213,0.0057013333,0.042826377,0.0038387687,0.023843441,-0.0031293985,0.020048037,0.028646117,0.020573111,0.01648647,0.0077620554,-0.00654433,-0.008730249,-0.00015907269,0.0028240383,0.015053146,0.01761925,0.05694285,0.0018099374,0.013438559,0.010646728,0.01360588,0.0074644582,0.0070226663,0.024349635,4.8170332e-05,0.025623448,0.032083716,0.019442994
0.02507704,0.006026852,0.008861114,-0.0013580122,0.0164523,0.036754068,-0.009805663,0.017763449,0.0039665564,0.009371527,0.016645677,-0.012248594,-0.00027941447,0.030490689,-0.0007677064,0.005167569,0.013362298,-0.0024044355,0.0018785112,0.008339165,0.028515756,0.008326334,0.0036743637,0.030218799,0.0087492615,-0.015730575,0.019574976,0.03623953,-0.0028960388,0.008430289,0.0011789091,-0.019929381,-0.0041619865,0.023156058,0.026968716,-0.00074466877,0.008377258,0.014157403,0.016778924,-0.0050808284,0.0058290516,0.0049694395,-0.0041711777,0.017415702,0.009243786,0.018113855,0.013626023,0.014154288,0.0025069176,0.009011526,0.0048146527,0.021369766,-0.00057852967,0.02689701,0.00259997,-0.002861931,0.007910805,0.0146062765,0.021575013,0.006551101,0.008436396,0.001893179,0.0010730946,0.016388465,0.019226406,-0.009293173,-0.006191613,0.013443779,-0.018265836,0.03162843,0.0037457044,0.024291493,0.0120092295,0.00499483,0.013354728,0.0013264804,0.00017561484,0.011412986,0.021776756,-0.0007078848,0.021398421,-0.0011036834,0.010017427,0.0010207128,0.010800522,0.0073014307,0.013626876,0.0011479305,0.012325105,0.017205108,0.002747023,0.0144785335,-0.0016356017,0.002442622,0.004378636,0.019172763,0.01938707,0.019941121,0.005938087,-0.01052917,0.004921465,0.0004948098,0.0025248942,0.018379133,-0.009086634,0.0018653385,0.004739266,0.012546781,-0.002777446,0.014371935,0.0132971145,0.016913395,-0.0022462169,0.017586969,0.01944349,0.0074310554,-0.0009073238,0.01823512,0.012617732,0.022440702,0.002185361,0.0024432538,0.001837913,-0.0016401182,0.009471072,0.008894075,0.021451183,-0.0001168265,0.0055336477,0.0016186696,0.022220157,0.0056461976,0.001149171,0.011931099,0.014816049,0.013397066,0.009886878,0.0091606835,-0.005681022,0.010427605,0.008069371,0.007938558,0.0022089053
-0.0034962436,0.015778614,0.014974461,-0.008644623,-0.00841487,0.011709704,0.019071203,0.0047357734,0.0022944785,0.03011424,-0.021923063,0.0002862024,0.009969274,0.016518366,-0.019695194,-0.0084035015,0.00095295627,-0.012704518,0.007553595,-0.017025629,-0.013727287,-0.025400022,0.022776142,-0.005245329,0.0022465875,-0.013342094,0.0074198814,0.014447575,-0.007391588,-0.00058319466,0.036662567,0.017037451,0.024786139,0.019744292,-0.00835669,0.0023709987,-0.003927906,-0.005910256,-0.0093388995,-0.022138732,0.0021306286,0.031603634,0.0079064965,-0.008146869,0.0057789716,0.005241835,0.017116347,-0.0003723367,0.00462629,-0.0066500343,-0.0012977738,-0.0014466331,0.0016837441,0.009992465,-0.011731055,0.010506633,0.010792659,0.021796681,-0.0076481523,0.0029718454,0.030830704,-0.00986816,-0.006948611,-0.0015120027,-0.003087366,0.008292621,0.011964109,-0.0048882263,-0.017471986,0.0067359,-0.011270929,0.013643233,0.022135157,0.010477796,-0.010720892,0.004348263,-0.0092698345,0.0007000589,0.010439254,0.00031513814,0.014767688,0.009791609,0.024895895,0.011954984,-0.0066852085,0.010761838,0.0024790945,-0.009755695,0.003625105,0.0020183176,0.014211087,-0.0045829946,0.011415553,0.0021732575,-0.0039049545,0.0069830175,0.0021674405,0.0025394643,0.01152486,0.025883574,0.043496076,-0.0028019138,0.02526296,-0.0072051343,-0.009235849,0.0009828373,0.0010018656,-0.003923582,0.010577502,0.0013021487,-0.009722259,0.0035268213,0.01450991,0.007422971,0.003574274,0.0065130214,-0.001588298,0.009361184,-0.00031094113,-0.015692221,-0.0061385287,0.00032516196,0.012596466,0.0055801542,0.0038788524,0.001542995,0.016803317,-0.020952573,0.009517565,0.017207623,0.016056197,0.01850217,-0.026903152,0.011764566,0.0018038815,0.0021002623,0.0042724344,0.00880882,0.00020184088,0.0030034953,-0.0037284717,-0.010763215,0.012177909
0.004923661,0.013666496,0.004582457,0.0005929535,0.003100964,-0.004460213,-0.029830348,-0.002447134,-0.006489286,0.006216876,-0.005831292,-0.017616488,-0.028521877,-0.013901178,-0.020992996,-0.0095618805,0.0023294336,-0.009961561,7.950701e-05,-0.015314251,0.00042093312,-0.018462656,-0.0041777147,0.0165454,-0.004561413,-0.018533228,0.040877137,-0.0064353636,-0.009863009,0.0009418274,-0.030970637,-0.0042270664,0.009811586,0.01025175,-0.011189861,-0.017421843,-0.006937433,0.028785514,-0.023145905,-0.022338154,-0.0010972819,-0.003678861,0.005514401,-0.044201776,-0.0035272203,-0.0009556627,0.016507637,0.007876564,-0.007824822,-0.024787739,-0.0008253553,-0.013648439,-0.0020984798,-0.015806347,-0.0056718756,-0.04608213,-0.0011633923,0.00012711203,0.00019426644,-0.026743837,0.035046175,-0.00860978,-0.014560387,-0.018708097,-0.009483803,-0.0044419505,-0.0075233653,-0.011679238,-0.02248703,-0.018173793,0.009275921,0.008465676,0.017624501,-0.0046057235,-0.023904538,-0.0013102107,-0.013134219,-0.004198496,-0.0037446162,-0.011499889,-0.024153609,-0.022403836,0.0018500779,-0.007778419,-0.013582138,-0.021953143,0.0029368135,-0.056165945,0.0039363746,-0.01002451,-0.0069998587,-0.015566299,-0.006323442,-0.01846791,-0.0023343572,0.0058750915,-0.008450855,-0.008649822,0.027931115,0.016579593,0.0115035195,0.02179943,0.007830534,-0.004632606,-0.007856426,0.001199638,-0.01748344,0.01541018,-0.00419964,0.002382534,-0.013641819,-0.0013719779,0.0164173,-0.010829171,-0.012412712,0.0016173646,-0.01701463,0.0149431825,-0.0027894313,0.01623447,0.00022619823,-0.004202611,-0.0194064,-0.0038955528,0.004673877,-0.013269424,0.0012603188,-0.012389714,0.0023643589,-0.020187981,-0.032458134,0.013648514,-0.021124238,0.0028355895,0.0030129948,-0.028161645,-0.0113178175,-0.0004362762,-0.002253409,-0.008776826,-0.013028586,-0.010337902,0.0026600538
-0.00095321983,-0.021745967,-0.017338168,-0.01112438,-0.014210647,-0.016058633,-0.014234211,-0.007974693,-0.020628758,0.011558376,-0.0015312852,-0.007915146,0.013133092,-0.032750033,-0.02052059,-0.020293945,-0.011044521,-0.017936677,-0.032214236,-0.0077893883,-0.013105029,-0.009329473,-0.011901861,-0.0025428748,-0.018549182,-0.008980975,-0.011561217,-0.029158507,0.02398983,-0.019256352,0.0053445646,-0.05005733,-0.038509265,-0.014444966,-0.02539901,-0.010623444,-0.034483522,0.0011612461,-0.013953159,0.01900771,-0.017022876,0.008390645,-0.026446868,-0.01833381,-0.011461517,-0.018791305,-0.023845524,-0.001784414,-0.021886343,-0.011241782,-0.01522951,-0.0030196346,-0.0009626881,-0.016647857,0.0005233572,0.006147586,-0.010198836,-0.016559575,-0.01954927,-0.0057057654,0.015327845,0.0019430635,0.008955634,-0.027240362,-0.00802349,-0.02147322,-0.005487551,-0.020404307,0.038666338,-0.005105991,0.0107606165,-0.005259555,-0.02865342,-0.030562755,-0.0013111061,-0.0016064122,0.01125301,0.0024642684,0.006830419,-0.018961262,-0.023601672,-0.0179279,-0.016524905,-0.015817037,-0.009382633,-0.0011273976,-0.006304675,0.008045863,0.0005788794,-0.026230179,-0.008920826,0.0054108477,-0.019570924,-0.010324143,-0.011119753,0.0008668299,-0.009401742,-0.010111977,0.004375298,-0.014560917,-0.006980912,-0.020234996,-0.006730045,0.0024769816,-0.009503795,-0.024025837,-0.012873584,0.002999428,0.007541411,0.019156557,-0.009998339,0.036427375,0.0037093388,-0.020834958,0.016847419,-0.008036195,0.043240156,0.0013386435,-0.01447954,-0.014072156,-0.019572398,-0.01819042,-0.024613239,-0.019702878,-0.01691766,-0.0065804934,-0.01663504,-0.0092074275,-0.01773621,0.009682806,-0.025300078,0.0076397927,0.012937094,0.0025421982,0.0015481801,0.011884383,-0.018916097,-0.017652055,-0.0010462492,-0.01501831,-0.010722104,-0.00874142,0.0038741636
0.0077196984,0.030775085,0.02154683,0.01046002,0.0026983756,0.026546797,0.012891146,0.012393782,0.02704197,-0.010680607,0.032991093,0.027886152,0.014979456,-0.023691963,0.039976023,0.035621516,0.011627713,0.011558602,-0.0068508303,0.017977847,-0.01815988,0.04207601,-0.015768813,-0.020684818,0.011491971,0.019707793,0.017639853,0.031985816,0.042859707,0.010976903,0.0012771161,0.04040303,0.04590717,-0.013018606,-0.014744516,0.037106458,0.020305939,0.0026890086,0.043339077,0.0049917097,0.031694412,9.078998e-05,-0.0060491655,0.021062804,0.01971763,0.038934927,-0.014163461,0.017039679,0.014853594,0.022507804,0.018629301,0.030643933,0.016141534,0.0010381415,0.010784643,0.022544255,0.015160926,0.0038768318,0.04333258,0.021915063,0.013313584,-0.0051352177,0.02441545,0.012555629,0.01642551,0.012455422,0.03203219,0.004878984,-0.007295329,0.018069688,0.0021733553,0.04266326,0.0051260665,0.038314927,0.043635197,-0.0029735435,0.00709295,0.01624203,0.0073392713,0.0148319425,0.0071612,0.036224958,0.009617947,0.0129871275,0.026415981,0.031166896,-0.009383243,0.04022154,0.011943262,0.00096966093,0.020715382,0.045728598,0.008317369,-0.006178705,0.01581335,0.027650096,0.0073664067,0.007831776,-0.01363335,-0.037022892,-0.04644705,0.028791334,0.017986353,0.016213149,0.039671414,0.014129881,0.01468351,-0.027608529,0.015641639,0.017589128,0.0062881173,0.024906209,-0.051960565,0.016111325,0.0019310466,0.011112517,-0.0112854615,0.00068052346,-0.02836261,0.0023990863,0.036746502,0.0033018263,0.025393577,0.020928599,0.0044371495,0.01637305,0.010915866,-0.0022049528,0.0033061092,0.034068912,0.02388684,0.014864778,0.04817754,0.005513323,0.01973236,0.040230833,0.01100293,-0.011182502,-0.023281045,0.014813317,0.0014173673,0.0120199965,0.015480055
0.0066896463,-0.004833187,0.015011859,0.007037799,0.0011723209,0.0005046623,0.012041353,-0.00018789852,0.0060714055,-0.008345613,0.009530508,0.021823313,0.019390736,0.017615302,0.0042137844,0.0030792006,0.006925607,0.016165305,0.014846835,0.013795503,-0.0019794684,0.0014021448,0.0061237,0.012360757,0.0046169274,0.0036342691,0.009095265,-0.0025554923,0.024906432,0.009310184,0.021152735,0.030260291,-0.018816877,-0.0033862628,0.002815513,0.019410951,0.025891567,0.024384888,0.03744667,0.0009102337,0.0075801164,-0.009157331,0.00243367,0.03944382,0.01014984,0.015895616,0.012938118,-0.01620472,-0.015739083,0.02880705,0.0049338713,0.0030550219,0.030428566,0.013467957,0.006071474,0.015925497,0.0021575978,0.00069031445,-0.00217652,0.038568318,-0.016966658,0.027686391,0.028854277,-0.01052615,0.034411322,0.011821886,-0.0036375169,0.02637914,0.00773637,0.008243717,0.0012585977,0.030471101,-0.0007419451,-0.044555947,0.010640513,0.0006868141,0.003435985,0.0038139122,0.0055507156,0.010732891,-0.010142462,0.0005975147,-0.014429985,0.0047617494,0.02835786,0.03178827,-0.00012915162,0.0048089246,0.008291071,0.00040028477,0.0012908666,0.024112744,0.00837036,0.021854186,-0.0082842475,0.009291327,-0.002977305,-0.0029361201,0.00604934,-0.01477666,-0.017418262,0.020733433,-0.005134113,0.014129084,0.023781376,0.019863985,-0.0021805372,0.032507174,0.0038910937,0.0021567848,0.009047444,0.020510143,0.007860569,-0.006036265,0.018070046,0.0037929283,-0.000106530264,0.04251029,0.010543659,0.0031687375,-0.0029823286,0.0025545165,0.016543448,0.018366525,-0.011834135,-0.023138864,-0.008398665,0.011278804,-0.0066274283,-0.0057430733,0.024259748,-0.0116548035,0.048321858,-0.0045891013,0.0025898335,0.015551174,0.010778587,-0.0015112674,0.014141281,-0.003426238,0.0029022251,0.013702464,0.0005333498
-0.01807227,-0.012790287,-0.0063658506,-0.0020773225,0.00080194743,-0.016184866,0.017063513,-0.010124716,-0.018943656,-0.0020411303,-0.0057550613,0.013418719,-0.007178792,0.0038987685,0.004246891,0.0024601133,0.004687643,0.001315177,0.0018427516,0.000116604846,-0.0019219182,-0.02092708,0.01712517,0.004186612,-0.0066022566,0.011126405,-0.013230596,-0.01136639,-0.006553676,-0.0010519088,-0.007639561,-0.014239926,0.008511587,0.0017454971,0.007536881,0.010922562,0.013401833,0.015248848,0.016588492,-0.013455382,-0.0045177657,0.017275985,-0.00027699163,-0.01632629,-0.011443254,-0.00016094651,0.0019504367,-0.015434241,-0.017301027,0.013303049,0.0017016642,-0.00084763207,0.023267519,-0.003823489,-0.005525954,-0.014508422,-0.006196101,0.0003642207,-0.0025022319,0.0041577313,-0.02160116,0.0009421706,-0.018602204,-0.006141153,-0.010690739,-0.005404927,-0.007968666,-0.0023221597,-0.009148537,-0.009915444,-0.013164476,-0.014461152,-0.0036469325,0.0026672052,0.006860452,0.008124841,-0.0065273065,0.0025904726,-0.012209842,-0.011098033,-0.005612959,0.0015825997,-0.007199033,0.016738076,-0.0091426745,-0.020417163,-0.016846284,3.6583282e-05,-0.010910736,-0.020141697,-0.0074821347,-0.005486455,-0.009072335,-0.0011299881,-0.0056070695,0.0007596426,-0.0020016124,-0.0023576762,-0.0019278219,-0.019002125,-0.004759729,0.006394011,0.00060583884,-0.0017268662,-0.0065126913,-0.008936088,-0.0049693463,0.020883763,-0.003556461,-0.012467386,-0.01756139,-0.0013219896,0.000569073,0.005686686,-0.0016490389,0.012941914,0.0042484575,0.013742332,-0.03435049,0.0072475807,-0.021039166,0.0011083814,-0.0001674057,0.0038648813,-0.0021975087,-0.007090021,3.266055e-05,-0.0025865678,0.008057368,-0.008590083,0.020342233,-0.040374685,0.013309228,0.013652588,0.0021045073,-0.0076694367,0.00044959784,-0.0025851633,-0.010747204,-0.013017364,0.0022230041,-0.012630666,0.0025697085
0.015820745,0.020049512,0.009288788,0.020245811,0.004231492,0.014814291,0.026769433,0.020816263,0.018100934,0.01378292,0.042421542,0.0339323,0.028346924,0.028800048,0.034150217,0.03719598,0.018963989,0.015247248,0.007254617,0.033505928,0.0063848486,0.041002907,-0.0005706912,0.017159604,0.0099313585,0.026200948,0.017224196,0.023880474,0.04227694,0.009759403,0.0007244628,0.0078098485,0.013730112,-0.0006971075,0.012714121,0.048513126,0.040016003,0.0296034,0.028371297,0.014639499,0.026142614,0.0016817073,0.034151055,0.036758523,0.008898381,0.0141473245,-0.0023297053,0.022226656,0.020409541,0.044706337,0.020715088,0.021087188,0.033199225,0.010735842,0.029428136,-0.015105611,0.023335256,-0.0071748206,0.035146162,0.040672958,-0.010322893,0.009760089,0.016982934,0.025516849,0.011666216,0.008410631,0.022030368,0.008105492,0.027009834,0.014850994,-0.01301565,0.011064939,0.0085273795,0.0067822947,0.016687706,0.004662645,0.016672034,0.022315787,-0.009277815,0.016806202,0.015177588,0.003734054,0.020930968,0.032702938,0.0076324954,0.030691229,0.023533568,0.023521915,0.018264122,0.02038033,0.024545854,-0.0016255821,0.0033150807,0.014061231,0.0016797832,0.02044217,-0.014513791,-0.014582297,-0.007084433,-0.019038893,-0.017746825,0.030219957,0.018621068,-0.00022156117,0.030168254,0.008914537,0.0064535337,-0.0201987,-0.0061495695,0.039790217,0.0046502887,0.006676737,-0.011281097,0.00035666302,0.026183713,0.026148925,0.007074571,0.027516868,0.0053538103,0.005114562,0.03080992,0.0051732664,0.038302515,0.00087614544,0.0005125101,0.019280877,0.0034993833,0.032287568,0.010441827,0.010384405,0.021900246,0.013343155,0.040348504,0.026078919,0.01229732,0.025609499,0.005367483,-0.0068991464,0.032232642,0.0044858246,0.0011369609,0.02306252,0.016465368
0.0010910118,-0.0073288735,-0.00044468185,0.015575876,0.032446977,-0.0128368065,0.0077973977,0.04090925,0.008927413,0.011256863,0.00927428,0.003490223,0.005120393,0.0077305147,-0.00089894794,-0.004042699,0.03196861,0.0064041098,0.04934833,0.0013411772,0.02970197,0.0040953234,0.020070054,-0.00980759,0.017922137,0.011672819,0.0027520831,0.025704417,-0.0019933586,0.047835436,0.004691551,0.0034846198,-0.010880308,0.0200359,-0.0004628133,-0.003699717,0.0117600495,0.024464097,-0.00097269565,0.0039072554,0.022028323,-0.014553929,0.012923162,0.014298582,0.02385798,0.013954135,0.021295901,0.005760097,0.020415612,-0.020260405,0.022827677,0.0040437803,0.013946496,0.007515347,0.04217367,-0.0031182636,0.0057668122,0.039408278,0.056440916,-0.008233534,0.016878858,0.034335002,0.018939335,-2.0037405e-06,0.0045727664,0.024243655,0.012557767,0.023804635,-0.0058224946,0.010013893,0.0038685761,0.004152301,0.036960524,0.0437468,0.013916185,0.019447284,0.026863934,0.014477515,0.041730076,0.03390252,0.012934728,0.008595703,0.025453273,0.0032311268,-0.0022131735,0.0022435854,-0.0022169254,0.057679944,0.013139361,0.026557755,0.030808449,-0.0029272856,0.020259643,0.0067923684,0.032534823,-0.008122188,0.021782566,0.022498377,0.009785666,0.0037311623,0.012148083,0.011937123,0.0057078903,0.008697607,0.005704641,0.053204507,0.05392714,0.0080009485,0.0030250389,-0.010015412,0.007815209,0.0023307477,-0.012900142,0.052949414,0.01617638,0.003213718,0.016354483,0.0072553097,0.0031783972,0.022225704,0.0056242007,0.0073033497,0.01350847,0.008528237,0.023965653,0.016457397,0.008188438,0.05173914,0.031456795,0.03395125,0.006935833,0.00062636565,0.00578006,0.007656529,0.00046307268,0.009289364,0.027532201,0.014790566,0.0006242506,0.014898185,0.029620538,0.0005444451,0.010806307
-0.0017823353,-0.0041403007,0.003216611,0.021236299,-0.010399582,0.008703039,0.005797661,0.011038268,-0.01153389,-0.022700854,-0.010219895,0.0013482203,0.035315573,0.008553039,0.005186112,-0.0042907856,-9.999145e-05,-0.010233983,0.010278099,0.0035000606,-0.00043116324,-0.02430177,0.0077164564,0.00999674,0.0047496255,0.010810583,-0.0006117341,-0.0046125324,0.0045192065,0.010196537,0.0012193895,-0.024477312,-0.00065616285,0.022494353,-0.005177496,-0.0049442872,0.007564622,-0.0064512016,-0.0022058478,0.0041716956,0.0034591798,0.025775544,-0.0058493214,-0.006962983,0.008319788,3.6717858e-05,0.00012547057,-0.006665866,0.0063863313,-0.0038921451,-3.839284e-05,0.014765124,-0.0054191723,-0.010394534,-0.0009664674,-0.020526346,0.009032155,-0.005363239,0.0007801973,0.007746905,-0.010014313,0.01583749,-0.0078033116,-0.004312651,-0.01262394,-0.0043962635,-0.0038219178,-0.005885346,-0.008115714,0.011602198,0.003834997,0.0018946743,-0.00780847,-0.020438384,0.0059242225,0.007500222,0.006729248,-0.0011271047,0.045642495,0.0065270253,0.004487179,0.0009613279,-0.0032791067,0.03607144,0.012197949,0.01672082,-0.019760855,-0.020381868,0.013214922,-0.0056655556,0.005181525,-0.009734267,0.004389435,0.005023362,-0.010260828,0.012811165,-0.002610281,-0.0034708325,0.015995434,0.0044848537,-0.013274925,-0.010886528,0.023087785,0.010012787,0.0046199113,-0.002921423,0.024481317,0.038429327,0.0025612237,-0.0024814885,-0.010184475,0.0039931284,-0.011688227,-0.01076116,0.0042889286,-0.0035002157,-0.017408948,0.0073972195,0.040027305,0.015978657,0.00027444912,0.010699412,0.020976007,0.025292262,-0.010991769,-0.008486164,0.011318225,0.008093878,0.014640234,-0.012100598,-0.0009500631,0.013604924,-0.002340557,-0.0029202271,-0.0012168428,0.0021075744,0.0067927307,-0.0052711107,-0.010894652,-0.0040200045,-0.005545889,0.006415314,-0.0013926281
0.0023183965,0.0104104355,0.032136865,0.014284488,0.029738883,0.0047475877,-0.0026664482,0.0058653397,0.019803982,0.005327656,0.016734647,-0.0029329471,0.016821476,0.0097134,-0.00886645,-0.004641612,-0.0048984876,0.014709265,0.029688975,0.01994044,-0.0026387116,0.020971147,-0.023499362,-0.0380019,0.017440468,0.03897155,0.01763384,-0.021310637,0.0001834631,0.010238185,0.003943759,0.01805265,0.0180857,0.0135668935,-0.020107329,-0.009589171,0.004702244,-0.005012851,0.0014377637,0.0340849,0.012195385,0.03676319,0.035337742,0.013539867,0.050628617,0.015592505,0.009344149,0.0070803375,0.019212719,0.007431638,-0.0010535368,0.009255687,0.0017700933,-0.04237009,0.003960426,0.005832676,0.0051737735,0.0037754634,0.012986992,-0.005639476,-0.005497746,0.014021094,0.011315932,0.03792163,0.013341494,0.0011210162,0.008565245,0.009863253,0.031140741,-0.02718101,0.0027418768,0.006210966,0.017215908,0.022414312,0.0045810025,0.0049075396,-0.004884936,0.009213164,-0.013339246,0.020348504,-0.0201143,0.018981904,0.025729058,0.01150735,0.007222753,0.017079018,0.0051287287,-0.013615185,-0.0001546382,0.02234028,0.001997575,-0.0057993755,0.0055851545,-0.009869507,0.021841722,0.00542322,0.00200241,0.0029767717,0.0050695227,0.00066784164,0.016611207,-0.0034577064,-0.009498878,0.007986151,0.0046963072,0.018593818,-0.002505458,-0.008847608,0.011306976,-0.001714346,0.023682266,-0.0014031879,0.01776427,0.013022084,-0.0038030148,-0.0040834844,-0.017556082,-0.0045128576,0.0047731036,0.000755487,0.016202576,0.0061368626,0.00080587994,0.0054563046,0.01480973,-0.040161338,-0.016560884,0.0040556123,-0.010878423,0.013533636,0.019425698,0.014385829,-0.0033741156,-0.0032874448,0.0031352045,0.004704926,0.0054261503,0.010590861,-0.0052173752,-0.018460717,0.0427911,0.004627019,0.012089323
-0.0005585458,-0.015244771,-0.0069228355,0.0024155506,0.010997181,0.010880812,-0.003104549,-0.010748221,-0.0131464265,-0.01575945,-0.012513967,-0.015375141,-0.0032377206,-0.0037179561,-0.006123731,0.0009672162,0.010743468,0.018277846,-0.005267741,-0.017629253,-0.012279425,-0.02441469,-0.026322369,0.0042172926,0.008336807,-0.013183789,-0.0076387348,-0.022975566,-0.01667427,-0.0030809334,-0.0025392473,-0.029431146,-0.019908635,0.0042074705,0.003031402,-0.023837052,0.018711708,-0.012528356,-0.0020210082,-0.02066315,3.501214e-05,-0.008752707,-0.0243946,-0.0044577653,-0.00424238,-0.008406186,0.0043619303,-0.027453996,-0.009590048,0.0007016808,-0.0012169625,-0.021258514,-0.002993824,-0.019483315,-0.019772107,-0.017735593,-0.0024243868,-0.017196119,-0.02106439,-0.009229956,-0.005330056,-0.0136863105,0.007946259,-0.00083789136,-0.006483107,-0.009288605,0.0018926987,-0.011904422,0.06606031,-0.023927413,-0.02536565,-0.0074794115,-0.008010514,-0.009193542,-0.005898278,-0.0001343987,-0.011177177,0.0011496311,-0.004772732,-0.010616889,0.0057818023,-0.017874723,-0.014339915,0.00686224,-0.013487693,-0.020022182,-0.015803732,0.00737423,-0.013521675,-0.018411176,0.0005779867,-0.015403325,-0.002703106,-0.016548697,-0.0027392283,-0.017265998,-0.042355847,-0.042134725,0.019217625,-0.007166979,-0.007936072,-0.008966956,-0.018589012,-0.0031636907,-0.006057211,-0.007956439,-0.011827247,-0.018658023,-0.010078991,-0.005134619,-0.017272256,-0.041435473,-0.0009783912,-0.014179634,-0.005488176,0.0036453707,-0.010732394,-0.010823447,0.003395089,-0.010380279,-0.017296478,0.0004729675,-0.0091617415,0.00190807,-0.00081218965,-0.015198566,-0.013275463,-0.013458477,-0.019046152,-0.0048246784,-0.023503438,-0.00783984,0.0036758787,-0.009071034,-0.010280281,-0.009437762,-0.008033285,0.0062734974,-0.013644874,-0.010776719,0.018442536,-0.015216868,-0.019136265
-0.014378563,0.003327318,-0.004091368,-0.007367015,-0.009433119,-0.0001295316,-0.019725997,-0.0053872345,0.0033240486,-0.0018622247,0.009300828,0.042723585,0.0009371741,0.005499547,-0.008800698,-0.0011603911,-0.0054952167,-0.008487157,-0.0068292115,-0.010834206,0.006916959,0.016766757,0.0068482216,-0.021068936,-0.0020029251,0.026343811,-0.010167496,0.0035386744,-0.0044026794,-0.0029005706,0.0052777077,0.012347292,0.039817154,0.004626836,0.0029732818,0.033676937,-0.0048142625,-0.0028438037,-0.0027430644,0.041380145,-0.0023797737,0.005270648,0.004525654,0.02255575,-0.0073216744,-0.004296883,0.0009460058,0.01149382,0.0004971111,0.007994879,0.010773186,0.01721974,0.0064617353,-0.014344305,-0.02771689,-0.004051933,-0.014220512,0.00518006,-0.0115212705,0.010377077,-0.004186403,-0.013609951,-0.005344782,0.010008138,-0.003883834,-0.01149659,0.031011906,-0.023763062,0.0011610393,0.0008947607,-0.0096669495,0.0027117128,0.014464298,0.03764285,0.0031644148,0.00075148186,0.02799431,-0.0040818155,-0.006422135,0.0027622276,0.0042058807,0.033297967,-0.009828745,-0.006332285,0.0074961334,0.0041015996,0.0033814656,-0.011972716,-0.0016418821,-0.0044507384,0.0015308587,-0.015543086,0.007065331,0.01002891,0.012144855,0.0036001713,0.01982721,0.019994276,0.014837619,0.0056140022,0.0050641443,0.006406458,-0.00036703935,-0.009224722,0.008835137,0.00034162356,-0.018745422,0.013196459,0.0013183802,0.014982178,-0.00057331985,-0.019522913,-0.017665403,0.0023432537,-0.0005226135,-0.011050422,0.018430537,-0.0021433653,0.010771969,0.012103963,-0.012980096,0.010745243,0.013377102,-0.00060663885,0.0061364854,-0.01517221,-0.013280885,-0.0074127372,-0.00835138,0.0021478,0.015436882,0.0094228685,-0.007922409,-0.0018384652,-0.0015273686,-0.008282038,0.0005616988,0.0037285914,0.042527568,-0.010545801,-0.005214881,0.005584589,0.005106813
-0.0027237842,-0.00949955,0.010193745,-0.0028441716,-0.011413211,-0.011663221,0.007887015,-0.0031714411,-0.009033952,-0.016293393,0.00048882747,-0.0117949005,-0.01696165,-0.0016827323,-0.0058844835,-0.007472596,-0.008625912,-0.009024994,-0.021196686,0.00077360263,0.023176491,-0.017478388,0.039543904,-0.0076535298,0.006504508,0.015137928,-0.012973031,-0.016255466,0.013573384,-0.020435335,0.037267614,-0.01663599,8.2732644e-05,-0.005660506,-0.021272715,0.001719459,0.0021069853,0.0001924131,0.0031153248,-0.012799714,0.008061681,0.021078713,-0.0061118277,0.0071891528,-0.0086838,-0.0052977195,0.015404742,0.009494673,-0.016999638,0.00047986722,-0.0020374865,-0.0060229246,0.011169773,-0.01941613,-0.008767533,-0.012039037,-0.019323582,-0.0023134286,0.01987125,0.0047700508,-0.011654213,0.0027363321,-0.023871783,-0.012416642,-0.00259592,-0.00057961885,0.013507046,-0.001009211,0.0118892165,-0.013055731,0.009231484,-0.009254887,0.0077276016,-0.007961823,-0.028797682,-0.007851261,0.02336096,0.0007549543,-0.0021034037,-0.02158105,-0.024534168,-0.004832308,-0.0016163532,-0.020203467,-0.019151205,0.015156305,0.012934485,0.008955505,-0.0033012694,0.012451288,0.0037122676,-0.006083036,-0.018026324,-0.007575336,-0.014672419,0.0062622,-0.022754466,-0.023573434,5.6871213e-06,-0.005912599,0.011849168,0.0015321102,0.036004134,-0.010850921,0.0015330405,-0.015733661,-0.010150383,0.004415564,-0.0002081506,-0.0066320878,-0.013085552,-0.008539124,0.012401879,-0.010761805,-0.014828173,-0.010599839,0.017583482,0.0016419883,-0.007932376,0.03627624,-0.015239127,0.0065142703,0.002300931,-0.003132701,0.0012600208,-0.017700946,-0.020964894,0.0027609237,0.0049623908,0.020053137,0.015715517,-0.02139532,0.019326394,-0.0010874011,-0.0051936293,0.024110492,-0.01212628,-0.0052013975,0.0027348031,-0.017389005,0.003959407,0.005745837,0.007889762
-0.009635712,-0.015367184,0.00664806,0.0073060566,0.0052739438,-0.0036945967,0.017680423,0.0125716105,0.0044227983,0.023026649,0.016960545,-0.0060381033,-0.015573453,0.01659667,0.011297975,0.010688527,0.005030806,-0.016838005,-0.006113165,0.016137276,0.04548816,-0.0188657,-0.023977386,0.013570899,0.0004030089,0.0002900241,0.025706617,0.021364981,0.023321021,-0.007685054,-0.013900887,0.029581407,0.026596911,0.0043137325,-0.009545973,0.0055649234,0.008852454,0.038288467,0.0006397441,0.0014137672,0.016780635,-0.008964311,0.031527348,0.031082815,0.0046747797,0.013449924,0.012374466,-0.01690384,0.018010572,-0.00087789167,0.011663433,0.007894687,0.009926669,-0.01681705,0.011393132,0.0016049556,0.0032567978,0.002150225,0.011454787,0.030945644,0.0005317419,-0.00047882134,0.0054508974,0.007139978,-0.005441785,0.0010639895,0.006711124,-0.0058510546,0.0089752395,-0.005500934,-0.010278922,0.012746456,-0.03030371,-0.013514621,0.013059383,0.010830361,0.008646054,0.003616448,0.019834708,-0.011888042,0.02613989,-0.0044238,0.02046392,0.013360903,0.00458478,0.0005833842,0.028479733,0.0034790756,9.334646e-05,0.003049071,0.023823533,0.021785233,-0.0030039325,-0.008647311,-0.004915959,0.02561052,-0.009732987,-0.009852894,0.011947285,0.003353559,-0.0048720613,0.018381482,0.014188906,-0.00096792215,0.011992669,-0.0034162179,0.016177788,-0.03820217,0.015943281,-0.0069144918,-0.0022538719,0.0035888958,0.0025467684,-0.01008237,0.003238777,0.005541061,0.007546887,0.016360804,0.020036945,0.003352288,0.0028335091,0.018764315,0.034738097,0.016803049,-0.02019696,-0.0028734189,-0.00524179,0.019669011,0.022694103,0.02834241,0.012783537,0.037805714,0.0078662895,0.0019995533,0.01063399,0.00052818796,-0.0019337768,0.0047319382,-0.0010911361,-0.027680501,0.0016143552,-0.0004917979,0.0050834417
0.0013504713,0.026617993,0.0056802845,0.007822877,0.0058554616,0.0040227184,-0.00057429867,0.0006248336,0.048099022,0.005135458,0.016577048,0.0075445804,0.044761565,0.025072962,0.034524515,0.023429414,-0.00012461795,0.04169587,0.027046291,-0.0031735543,0.042163096,0.012742432,0.024084924,0.017840285,0.019675538,-0.0037628366,-0.0017747916,0.016083151,-0.019186191,0.017030455,0.0026590298,0.06366422,-0.00046617445,0.0074863574,0.013258565,-0.019927366,-0.016070412,0.021677256,0.0038934366,0.0055643506,-0.0026114723,-0.021308906,-0.0030740378,0.0012375657,0.00068865996,0.04210431,0.028986244,-0.0017037615,0.016517911,-0.015852667,0.0048635993,0.025884416,0.00040244125,0.010859091,-0.019404218,0.006738538,0.006980112,0.03243894,0.0038973307,-0.005754863,0.015088157,0.02555865,0.011304483,0.02846017,0.025167258,0.024782985,0.008019111,0.03897846,-0.015494896,0.049968686,0.009641727,0.0060566887,0.009413496,0.01942314,-0.011082884,-0.014534803,0.035260636,0.0046476605,0.03050233,0.028837286,0.05979008,0.0078032752,-0.010440042,0.021499354,0.05440835,0.002050152,-0.010045498,0.021080231,0.0061091143,0.05475548,0.017598778,0.028208705,0.045442507,0.04433032,0.0006257021,-0.012828961,0.031571303,0.032983363,-0.0010796664,0.0073004956,0.019560497,-0.005742017,-0.009442013,0.022100307,-0.0037967404,0.035823658,0.047091424,0.009919969,-0.0020827767,0.012629202,0.021599343,0.020185526,0.010380251,0.0322446,0.028487477,0.01539924,0.048768803,0.029035669,0.019932482,0.0063342694,0.017268252,0.0014914395,0.004446609,0.01878064,0.020819178,0.014866011,0.049533598,0.017491024,0.038696595,-0.02097408,0.03616262,0.012926973,-0.0019999146,0.0007146951,0.027011639,0.016855964,0.022949982,0.038606826,0.06415311,0.03625176,0.0073349397,0.026423557,-0.02723433
-0.0044596344,-0.009244151,0.0054816315,0.012618588,0.0072009163,-7.380033e-05,0.022618845,0.0031124395,-0.0067479955,0.0029044738,-0.002258989,0.009781217,0.027134124,0.002840393,0.009810718,0.0025039846,0.0047123157,0.024628034,0.037233282,0.006474466,-0.0001296117,0.0059007052,0.026530432,0.015357925,0.008781993,-0.010892749,-0.0049159694,0.0010227351,0.00096976245,0.025794731,0.009388927,0.016772412,-0.015385166,0.014152862,-0.0047290428,0.011825625,0.0019869148,0.0017681811,0.0018514297,0.0106367,0.011655798,-0.0021677446,0.018201422,0.057732057,0.0089302575,0.047665842,-0.025715157,0.009952044,-0.019840581,0.005955617,0.010404988,0.00730028,-0.005011904,-0.00447639,0.0027836587,-0.015398372,-0.008977611,0.00116653,-0.0038655289,0.010545475,-0.0050438475,0.01234412,-0.006084202,0.010756141,0.006867544,-0.008769203,-0.018560676,0.01715538,-0.011507036,-0.0044675665,0.016553111,-0.008108999,-0.0014809151,-0.0011648759,-0.0046453485,-0.0014849952,-0.011234272,0.0013328292,-0.00076622516,0.00858309,0.026006334,-0.0038008215,0.016619885,0.0147197405,0.013500642,-0.0017890842,0.0056769503,-0.028285932,-0.011236459,-0.0028100992,0.00022955658,-0.0125577245,0.0010888637,0.03419146,0.00555371,-0.024202881,0.00923287,0.009913014,0.004101177,0.0066061225,-0.009310572,-0.003681466,0.00014584512,0.021292355,-0.004468063,0.00982465,0.019941725,-0.0002646558,-0.0071623884,0.011436931,0.04244656,0.015723065,0.015040064,0.018289305,0.017736908,0.0009803995,0.003930651,-0.015600551,0.0028069194,-0.012535151,0.0036721192,-0.0015297243,-0.010468192,-0.0013573449,0.014751251,0.004764947,-0.0005555842,0.0015620906,-0.0048902426,-0.018537961,0.006664538,-0.0045168065,7.166853e-05,-0.001812798,0.011311519,-0.011309326,-0.0013758624,0.0026317665,0.0139073795,0.008444317,0.010988889,-0.0014457111,-0.0030177906
-0.015433345,-0.004500281,0.0017009724,-0.0076001827,-0.0066161593,-0.017984679,0.028725116,-0.0009443043,-0.007932226,0.024337417,-0.0005858592,0.0030077016,0.022632312,0.0008955868,0.00011293404,0.001861318,-0.012508346,-0.019943831,-0.0071154395,0.00018000416,0.0037901888,-0.004832089,0.032652423,-0.009694226,-0.0056218477,-0.01522504,-0.004192368,0.00062333094,0.02083834,-0.010331562,-0.0028194971,-0.012157476,0.040864043,-0.0027860366,0.025567083,0.013141451,8.210447e-05,0.010738449,0.021600166,-0.00997047,-0.009091955,0.0037412285,-0.009930236,-0.016234849,0.0029569857,-0.012690276,0.011273199,-0.0041240286,-0.016525282,0.012594883,0.007323729,-0.0016100435,-0.023619445,0.029963247,0.027775377,-0.029026099,0.013150116,-0.0016274033,-0.026289321,0.038428545,-0.010934977,0.002734809,0.0012043458,-0.01874433,-0.0046202745,-0.015611032,-0.012610732,0.010162057,0.005244913,0.02335318,0.0050633154,0.01567198,0.011857957,0.014541896,0.03334731,0.047245104,-0.006759341,0.0009783674,0.0064223935,-0.01694203,0.03918413,0.033200797,-0.01367628,-0.017882867,-0.013484564,0.037207395,0.012658441,0.0097824335,-0.0030957237,0.012948077,-0.008104127,-0.010015599,0.019960906,0.0022954834,0.0026203904,0.020925846,-0.0013687247,-0.0016503707,0.0005208305,0.014015496,0.019921962,0.0045674467,-0.0048080888,-0.01021433,0.011143335,-0.0062822048,-0.015835011,-0.0099577205,-0.010376722,-0.009974993,-0.0014640647,-0.00944541,0.023872042,0.050665267,0.041553635,0.008351549,0.014277614,-0.0014161649,-0.018519988,-0.0112630725,0.00091513107,0.0026428236,0.009003661,-0.005146213,0.011045366,0.033519216,0.03880483,0.011694895,0.012700737,-0.002707785,-0.02110733,-0.0046822308,0.002670159,0.00050068693,-0.0019790675,-0.0067937206,-0.0024303813,0.055226624,-0.024137076,0.025421947,0.0140222795,0.0016048679,0.0046849903
-0.014024101,0.01538319,0.013422168,0.013309546,0.011779804,0.022776254,0.010875325,0.0028738228,0.02169431,-0.0134839825,0.01639442,-0.010449205,0.015077749,0.015149396,0.016744645,0.029005805,-0.008601153,0.0039743194,0.013831598,0.006691201,0.052381657,0.035393044,0.0073662777,0.017968327,0.040949397,0.017030519,0.0030420716,0.024989987,0.0033476516,0.02445327,0.0022007923,0.023109559,-0.021496352,0.0037585492,0.02796697,0.041195463,0.007852655,0.050608993,0.021770133,0.020289667,0.0073394524,-0.024308857,0.008451353,0.006019015,0.008067406,0.015737481,0.020969732,-0.012937175,0.03924267,0.0029926023,0.012671256,0.013381653,0.0223821,0.012951935,-0.0082327975,0.0059440425,0.010847407,0.01209976,0.015524086,-0.001833077,-0.0017930055,0.002520245,0.01634217,0.028073812,0.016021594,0.025794141,0.031889845,0.056246087,0.010312338,0.011780091,0.0043113036,0.0047480143,0.0116983475,-0.009939344,0.008645188,0.012453231,-0.019425157,0.0009375699,0.019405507,0.020307317,0.02164478,-0.014556916,0.005261172,0.019556653,0.017223611,0.035729177,0.0059978208,0.0036821761,-0.0090161245,0.070840396,-0.000105667394,0.01455079,0.0037855073,0.0026897262,0.026832003,0.021807496,0.0023159035,0.0017953191,0.0026497468,0.0015555692,-0.002138726,0.019286308,0.02089424,0.0068561397,0.011836727,0.013148423,0.0077041136,0.024971297,0.035916325,0.009352828,0.022487883,0.0021312947,-0.012903918,0.010982523,0.011139817,0.014956674,0.027184594,0.048088446,0.021144517,0.0026160171,0.043697175,0.014086725,0.035913613,0.01040832,0.0051203645,0.0062446045,-0.014307562,0.0037038352,-0.0011549727,-0.012918623,-0.0051973416,0.0017865687,0.002618948,0.031883646,0.006143004,0.03161948,0.022243002,-0.002579742,-0.026302937,0.011648636,0.0534884,0.019333754,-0.01508232
0.06907122,0.02249265,0.0033952703,6.0431194e-05,-0.004373041,0.018818803,-0.008629138,-0.0047169207,-0.019878851,-0.00040650275,0.0006125923,-0.0015411689,0.01958739,-0.00081041735,0.0012097768,-0.0039931536,0.013596558,0.01426477,0.015630065,0.0026346147,-0.0057160323,-0.009735206,0.036235034,0.0039165663,-0.0074015,-0.009213216,0.028096313,-0.009942215,0.004219759,0.004899279,-0.0015412243,-0.0015521366,0.008142718,-0.0031834804,0.035166923,0.0009015305,-0.009542561,-0.010894826,0.0050778757,-0.0007566917,-0.0024783798,0.0069483896,0.029340202,-0.009901257,-0.0057870634,-0.0057230126,-0.018270142,-0.028486017,0.0003272635,0.00412058,0.0056644343,0.046417356,-0.011509374,0.0031488107,0.04983049,0.016239652,0.011720609,0.021058884,-0.011584267,0.015294317,0.017172666,0.023123393,0.0058424002,-0.0063041747,0.0010892428,-0.016062364,-0.00390647,-0.005961921,-0.0057254536,-0.020322502,-0.006822736,0.007957491,-0.006402123,-0.011472601,-0.008355411,-0.0077087777,0.013414674,0.012679584,0.0065016565,-0.0007271995,-0.0014259308,-0.014488883,0.0051954873,0.008544688,-0.0039802054,0.019871617,0.0057714083,0.0067920117,-0.022378733,-0.010558745,-0.00637923,-0.0031086728,-0.0047921743,-0.008163293,-0.016623322,0.010968612,-0.0055262633,-0.00552692,-0.014180843,-0.0026646005,-0.0007031718,0.0014440208,-0.0050553577,-0.0007945183,-0.0019671815,-0.00033565052,0.00023102062,-0.018658625,0.020773835,0.040001087,-0.014740923,-0.0007449128,0.007828624,-0.002953995,0.002975832,0.019505206,0.022346746,-0.01334618,-0.021589246,0.011001745,0.013974328,-0.0075680483,-0.02196218,0.00022554956,0.0015682031,-0.0007703565,-0.009596818,0.008713449,-0.0022414327,-0.004406982,-0.010133568,0.0074964766,0.0054743653,0.0044946023,0.060096044,-0.0028719418,0.040081687,0.0038936993,-0.007369127,-0.0074722664,0.020920716,0.0019186302,-0.012978336
-0.022017486,0.00856737,0.0060486645,-0.0059607895,0.0052855997,-0.013498578,0.017749503,0.007365203,-0.018949537,-0.0050587794,0.005067726,-0.015603924,-0.0057996362,-0.0076593747,-0.005731915,-0.00867264,0.031742617,-0.035812743,-0.006649241,0.0033427344,0.0041028913,0.011928997,-0.0021362645,-0.0021227207,0.009528876,-0.004728156,-0.0130897,-0.013676129,0.0025795447,-0.0092450045,-0.012001786,-0.0041397894,-0.021072742,0.018958086,0.026330315,-0.044597622,-0.006855347,-0.0116047375,-0.009740805,-0.0068409555,-0.0090307,-0.016739737,-0.020730538,-0.011580914,-0.00075130444,5.8873557e-06,0.04133206,-0.0019938713,0.027783824,-0.015219063,-0.004743182,-0.017723078,5.288981e-05,0.014837088,0.002338565,-0.01472507,-0.013569085,0.017509008,-0.013135973,-0.009556638,0.020325843,-0.0021891235,-0.0028854907,-0.0033624666,0.0027642965,-0.02108408,-0.00017354824,0.016368272,-0.0041013537,0.0028760745,-0.0010826802,0.0034877332,0.030467702,0.009327491,-0.008255299,-0.017138636,-0.013918666,-0.009636052,0.006115688,0.0025238795,0.001465424,-0.013907315,-0.030505933,-0.010188179,-0.003053003,-0.027715318,-0.030692827,0.0064552403,-0.0103393495,-0.0124438945,0.008344926,0.010023168,0.0052630818,-0.011795392,-0.0084435195,-0.018798303,0.019563464,0.019973272,0.005312005,-0.013429947,-0.0105008315,0.0040435577,0.004183416,0.009992676,-0.010406397,-0.0048870994,-0.017816322,-0.013592089,-0.01794445,-0.018595347,0.023702336,0.018692564,-0.026429199,0.008083245,0.004079456,-0.010644181,0.00059905974,-0.01180939,0.04199223,-0.015519856,0.005955307,0.022008177,0.007537766,0.0027466924,0.037085466,-0.00044153957,-0.013807159,-0.0024592,-0.015766209,0.0020659585,0.0017682943,-0.017203083,-0.004017242,0.010183604,-0.012345197,0.020433001,0.024280697,-0.007897423,-0.0035549318,0.0151787745,-0.018925143,-0.010945419,-0.009835307
0.012871934,-0.022996824,-8.750055e-05,-0.0031077107,0.0149221765,-0.009024574,-0.019634962,-0.013111249,-0.006964531,-0.02073606,-0.0012893463,-0.019868273,-0.03923579,-0.028339066,0.040481336,0.0049531674,-0.034260523,-0.013784528,0.006088322,-0.010844355,-0.0060360543,-0.01741949,-0.00513459,0.008021362,-0.024214411,-0.018259563,-0.005794161,0.0061776014,-0.019986954,-0.007995768,0.0031896837,-0.0061312923,-0.013987891,0.0076211076,-0.011795796,-0.046339437,-0.0043201772,-0.00944521,-0.02209515,-0.03252785,0.013676923,-0.031130247,-0.020585887,-0.0017518606,-0.004240509,-0.01577458,-0.020712938,-0.051821064,-0.030891974,-0.023547048,-0.004445902,0.010895588,-0.0061576394,-0.018416611,-0.0049169343,-0.012170274,-0.021674046,-0.016439658,-0.0087704165,-0.03560582,0.015420906,-0.008174936,-0.010279195,-0.0056101466,-0.005873884,-0.022985607,-0.013044959,0.00010033557,-0.0009571789,-0.0328121,-0.006142754,0.0071430346,-0.02404014,0.02356642,-0.028344456,-0.02475221,-0.022419464,-0.00068826927,-0.021030862,0.0021016304,-0.019571139,-0.004357027,0.0006328239,-0.008868787,-0.01733794,-0.039305046,-0.01928746,-0.04402953,-0.020395152,0.0017665634,-0.00811223,-0.019446399,-0.014243277,-0.01912122,-0.0136475675,-0.017989224,-0.013488734,-0.013787733,0.0029227391,-0.00091350544,-0.0031810896,0.013182711,-0.019136561,-0.007898534,-0.0056513688,0.0011995379,0.0039922367,0.007846653,0.04270272,0.01780786,-0.007781881,-0.017168587,0.0008409545,-0.0116615,-0.005490264,-0.004640091,-0.008655858,-0.00952121,-0.008933589,-0.0008679163,0.062786594,-0.01677682,-0.029206283,-0.017438252,-0.015515376,-0.017131051,-0.018843742,-0.011137845,-0.016578706,-0.022726549,-0.013206156,-0.0029421328,-0.0020435546,0.041421697,0.00562061,-0.016046997,-0.01740071,-0.048419647,-0.028321717,-0.022187404,-0.03012453,0.005222349,-0.030778494
-0.009120488,0.005962518,-0.003860836,0.015814267,0.043815143,0.0069928323,0.0014249333,0.008461826,0.031993393,0.031235022,0.027111182,0.027628927,0.018446323,-0.011310769,0.0008936166,0.016465811,0.0028662265,0.031571165,0.009129384,0.01899852,0.013410503,0.028880185,0.018527165,-0.014981395,0.003207926,0.014378991,0.003570743,0.028455576,0.0064244615,0.015585033,0.01011761,-0.0048260773,0.036915462,0.0029716142,0.024048937,0.03475164,0.014291225,0.0037634983,0.016074894,0.037100527,0.02053598,0.017034912,0.010936047,-0.0024784794,0.041277755,0.007237021,0.021256888,0.038773417,0.02117516,7.708464e-05,0.011054323,0.022491397,0.0066073667,0.015057207,0.007723013,-0.000281292,-0.012123544,0.009094357,0.011399127,0.012747158,0.01587296,0.00072875014,0.0042062528,-0.009493988,0.0019122364,0.005406481,-0.0015101596,0.0071999887,0.0012165825,0.013430585,0.0064599966,0.0051921033,0.011452094,0.010735182,0.006464135,-0.008666609,-0.006397669,0.005867252,0.026281752,0.0052695223,0.014734743,0.022045715,0.0013358672,-0.025202768,0.019729223,0.0158276,0.026865087,-0.0006281459,0.022003653,0.0018086089,0.008437959,-0.008869782,0.02321354,0.004414711,-0.012407213,0.0030717086,0.002330016,0.00257412,0.00027840817,-7.403223e-05,-0.00014790567,0.020575197,-0.0065573044,0.018449493,0.010795177,0.009539725,0.0179105,0.0180086,0.05467037,0.026659293,-0.0053054364,0.021377401,-0.0008409526,0.005185738,0.032767557,0.015392905,-0.012149626,-0.0009922357,0.015911395,0.04827489,0.011601605,0.0018823817,0.016625442,-0.040487975,0.0096871145,0.021577185,0.008072283,0.00035436777,0.0016260175,0.030862294,0.017100297,-0.01630539,-0.024604617,0.0042467336,0.020866867,-0.051797878,-0.0070510665,0.0037717149,-0.016137693,0.0045422288,0.06616464,0.014506325,0.028893137
0.021196814,-0.011994943,0.0017003224,0.003084957,0.03043446,0.00066441484,0.017140254,0.017194983,0.008845905,-0.023437452,0.024180269,0.0006332509,0.0060723936,0.000982502,0.061074335,0.07580724,0.006125058,0.014442586,-0.007523237,0.0528022,0.006068023,0.04192677,0.017471172,-0.015433572,0.013476857,-0.0417569,0.015012352,0.0075665093,0.0049157576,-0.0026942734,0.0032515347,0.016550485,-0.008613265,-0.0010936139,0.014351282,-0.013489639,0.010987671,0.019034069,0.021231752,0.0278214,0.048505615,-0.0037908433,-3.236858e-05,0.007737218,0.00011097174,-0.002707731,-0.0018827263,0.014132846,0.0014645567,0.00518906,0.010852921,0.0013863468,0.0041893106,0.0237667,0.02065082,0.03129778,-0.005888582,0.009889895,-0.0039636306,0.019856144,0.019028747,0.019389717,0.002915263,-0.012653863,0.024874246,-0.015281497,0.040261872,0.034204353,0.00083216606,0.044424973,0.0018992703,0.0039502755,0.02962566,0.017877705,0.01673099,0.004315483,0.047881268,0.0249321,0.0010265564,0.04111879,0.043213733,0.0038951621,0.010218289,-0.0075572776,0.046110973,0.0029013664,0.009205405,0.0072576804,-0.0021131323,-0.005276365,0.031842995,0.055892024,-0.007925259,0.03445112,0.022552349,0.055657327,0.014264838,0.01466023,0.0064047184,0.0002886369,0.016064933,0.025203148,-0.021641936,0.016481183,0.02586131,0.015818778,-0.010124992,0.03401688,0.015356093,-0.0065331375,-0.0016656332,0.0008723992,0.023813283,-0.017229833,0.0038366683,-0.018474163,0.012582792,0.00145453,0.0011721295,0.0136639485,3.767712e-05,0.008459484,0.008915175,-0.008687252,0.0413945,0.026651748,0.038561434,0.009966694,0.0038036602,0.019979848,-0.008773594,0.019848911,-0.012077948,-0.011241684,-0.007025215,-0.015649153,0.010578311,0.008139808,0.001789656,0.03457054,-0.0075810086,0.036707487,-0.0046735015
0.05793426,0.048435815,0.005117248,0.00032403693,-0.01614821,0.053102568,0.0040872367,0.009966541,0.03360442,0.03469632,0.014516703,0.00051169517,-0.003203909,0.017009376,0.01512203,0.015634265,0.022060197,-0.02067409,-0.0027588755,0.05964061,0.008390354,0.012051499,0.0038946453,0.023087194,0.0051751947,-0.0012662248,0.05186819,0.022544848,0.013640264,-0.015646372,0.03538877,0.011595386,0.017079115,0.057026535,0.022387678,0.046218567,0.038798094,0.006882935,0.034776468,-0.008064413,0.00693045,-0.031238295,0.012456198,0.0024447045,0.018384002,-0.0022408115,0.0026336447,0.005402267,0.058423724,-0.00022808928,0.015413532,0.01320249,0.019810079,0.0056471657,0.026131446,0.056134444,0.02075177,0.039556168,0.038414847,0.011557488,0.0152917765,0.005628395,0.063970566,0.0055684242,0.025930714,0.004421863,0.019014135,0.020144708,0.0018680966,0.019338304,0.019254351,0.00055248104,0.028375767,0.01977142,-0.03468845,0.053863317,-0.010288017,0.007950898,-0.0011063279,0.01206904,0.011874849,0.0065890946,0.016002277,-0.02668203,0.0066753956,0.0072160945,0.0071913404,0.048863087,0.0051197344,-0.006829112,0.014213612,0.004480944,0.030135147,0.05081294,0.02121077,0.024007712,0.022886703,0.021878824,0.029392336,0.019433595,0.02664914,0.026085015,-0.0037182588,0.019964743,0.02360851,-0.031462666,0.0011379882,-0.005571762,0.042237896,0.008619828,0.0011295169,0.0097854845,0.035526857,0.039909385,-0.0067566317,0.004041224,-0.033534206,0.0026786423,-0.0023052604,0.065867566,-0.004904397,0.01763614,0.004583561,0.017054964,0.057416774,0.01655132,0.014447919,0.009182088,0.023040567,0.04310572,0.043671012,0.048211347,-0.0007664482,-0.00361499,0.0099744545,0.0009088442,0.022318197,0.029937144,0.035395186,0.025788844,0.019745953,-0.00474077,-0.0016551679
0.00015975581,-0.002264596,0.023237025,0.060674928,0.019442728,0.0040804064,0.028013133,0.010482233,0.022436498,0.038064145,0.00066578574,0.03240529,0.008035161,0.017800387,-0.0045351293,0.007650401,0.036887564,0.024701396,-0.0016637472,0.013097776,0.022168078,0.00876576,0.02104005,0.03988277,0.010184923,0.0047615734,0.039433934,0.024706598,-0.0174959,0.013304522,0.041727073,0.042992793,0.04980941,0.010195163,-0.0025472492,-0.014382854,0.00089737214,-0.0022001588,-0.007191723,-0.012618685,-0.010715587,0.008367281,0.00031230692,-0.00156534,-0.0023644092,0.005859955,0.008225114,0.0017797193,-0.028011497,0.0045727435,0.0036327916,-0.0067429086,0.047016326,0.009955744,0.018573467,-0.014450945,0.0145046655,0.012467341,0.0036100005,-0.021891734,0.00015051011,0.0065331003,0.007250487,0.042090204,0.073358625,0.027872005,0.012220271,-0.0039446913,0.022072095,0.0015638273,-0.036743317,0.025240064,0.0035807935,0.0103321085,0.020470064,-0.0011866069,0.02944613,-0.0006789244,0.0059266137,0.02428323,0.008117537,-0.010358695,0.06074481,0.013578339,0.049956802,0.019482931,0.04008138,0.010496185,0.030057274,0.017922264,0.036416132,0.057538167,0.013271805,0.0030868086,0.046379086,-0.0055322377,-0.0009897668,-0.00036998605,0.029282093,0.02100526,0.020856628,0.009204695,0.037652865,0.016968459,0.01825979,0.06597317,0.03894203,0.03328173,0.002665853,0.014181807,0.020403743,0.016203951,0.022673192,0.0025044354,0.006402985,0.022204645,-0.0027446905,0.031571247,0.008153248,-0.026684232,0.0041315006,0.040838327,-0.0041553844,0.04513655,-1.9366387e-05,-0.0012186943,0.0025763642,0.008085012,0.061503693,-0.0036593871,0.0054147,0.013778189,-0.008764124,0.027094815,0.014147687,0.015767574,0.036946308,0.0037917828,-0.0017027692,0.025998197,0.022114173,0.027557923,0.01331853
0.0069783907,0.00065704295,0.002971055,0.007878391,0.019878648,0.029975047,0.012592489,0.024020033,0.007201301,-0.0332087,0.02213181,0.044371802,-0.0018801419,0.006669205,0.0010619331,-0.00014686212,0.031623267,-0.0033648359,0.045134585,0.01203268,-0.010145692,0.046965703,0.0012361594,-0.014266316,0.00091293966,0.0011484642,0.029845541,0.0019032932,-0.028430574,0.03294185,0.0003827843,0.017019346,-0.000984109,0.009992199,-0.037215546,0.012736854,0.028355975,-0.017180458,-0.0054316893,0.016704071,-0.021533491,-0.0064736884,0.016821053,-0.027017113,-0.0044095535,0.03861852,-0.032277048,-0.012308227,-0.033122774,0.009333869,-0.016976742,0.009948103,0.011193789,-0.0055284025,-0.019714706,-0.017339867,-0.045202207,-0.0186999,0.033923365,0.021570478,-0.007758014,-0.00592135,-0.030934859,0.03497475,0.010503883,-0.0064238543,0.02060769,0.01749049,-0.020335052,-0.0011766674,0.02402892,0.02476239,-0.019142251,0.014543506,0.0153832035,0.070146345,0.016465697,0.024718072,-0.019435814,0.00913313,-0.010080339,-0.0054047955,0.013279992,-1.762528e-06,-0.007843115,-0.00567811,0.025473379,-0.026269771,0.003096066,0.012878197,0.03727661,-0.0012372425,-0.017457789,0.014117567,0.009827273,0.016654588,-0.0033578305,-0.00405412,0.014177315,-0.01599251,-0.01702996,0.009721789,-0.014112163,0.028313205,0.010698534,0.017509691,0.005750672,0.021151226,0.014252124,-0.01311003,0.0117120575,0.008242943,0.00060166745,-0.0031203395,0.032534152,0.011383465,-0.003347314,-0.0070170704,-0.0040911194,0.0011799242,-0.002641108,-0.006897322,-0.0015039723,0.014287646,-0.014340991,-0.0045861853,-0.020703046,0.0053377217,-0.0021053609,-0.005842573,0.008627748,0.010614032,-0.022463368,-0.0039283233,-0.0029849168,-0.011674749,-0.046152413,-0.011340966,-0.0015043793,0.0026780434,0.085279144,-0.017392583,0.009934049
-0.015787793,0.0036986421,0.0017395562,0.0028462138,0.03824669,0.011882529,-0.00632229,0.0035845174,-0.0025341548,-0.0007685325,0.0040045977,-0.028833099,0.0008563716,0.0051153926,-0.0041349055,-0.0051465733,-0.013977841,0.016490124,-0.0065484913,-0.01227898,-0.014101192,0.0053848955,-0.034815878,0.016000796,-0.0187342,-0.019899663,-0.04836972,-0.0054615326,-0.0038189525,-0.003892377,0.048381776,0.0148528395,0.0102617545,-0.014430661,0.0129741365,0.006204733,-0.032716796,-0.016024858,-0.018183038,0.0008942452,-0.01454217,0.0031791513,0.0065727187,-0.0009973282,-0.0015712851,-0.016800335,-0.010563921,-0.018692357,-0.011831103,-0.0032137372,-0.015240584,-0.0016149911,-0.010599241,0.016835395,0.0011083931,-0.008326133,0.018256404,-0.009789932,-0.012668772,-0.00780085,-0.011503272,0.0053423042,0.015969746,-0.025466546,-0.011834124,-0.014093487,0.017281713,-0.0043670423,-0.034042574,0.022701925,-0.017532358,-0.017528506,-0.015681298,0.0016750684,0.022720926,-0.018962478,-0.021429991,-0.020718863,-0.00028251205,-0.033825237,0.029676396,-0.033034496,-0.0026759403,-0.006506389,-0.010769531,-0.0023953645,-0.031224068,-0.029684413,-0.0027892468,-0.009172472,-0.0021752845,-0.001275152,-0.0010360051,-0.013478002,-0.014489921,-0.0034751343,-0.013802191,-0.013953324,0.0036948589,-0.006737641,-0.004942134,-0.016060958,-0.023537714,-0.007121329,-0.00075747445,-0.009679717,-0.016886935,0.0014833459,0.0067872424,-0.004723368,-0.013681201,-0.005124593,0.0066228965,-0.011532104,-0.0059428476,-0.0073545724,-0.010034204,-0.05171102,-0.004552762,-0.027497318,-0.005952159,-0.00573715,0.0019617276,0.0004283865,-0.0015768488,0.020013224,0.031257883,0.010299112,-0.02463442,-0.008570053,0.00371303,-0.008160319,-0.024208646,-0.005745163,-0.0038028732,-0.011655102,-0.013933513,-0.0073026353,-0.01631612,0.011189261,-0.028333701,-0.020000387,-0.008833446
-0.0006605224,-0.013971582,0.0017840061,-0.0014041448,0.015611188,-0.0030430602,0.018982766,0.006615241,-0.0026260372,-0.019779354,0.00028625224,0.036747772,-0.017289389,0.0036447148,-0.0043761265,-0.0057937205,-0.03147222,-0.02115332,-0.021477267,-0.03435926,0.014135148,0.020821035,-0.020818468,0.0035801043,-0.012039248,0.017348584,0.020340107,0.0040295813,0.0059964536,-0.035661194,-0.016883569,0.00042071566,0.045446046,-0.028529935,0.0008813506,0.0078082914,-0.036589526,-0.0073147733,0.010117393,0.05023528,-0.017072342,0.01590393,-4.5774505e-07,-0.0020368327,-0.0052734353,-0.01686352,-0.00068388507,0.03527861,-0.022130486,-0.014845453,-0.014088409,-0.00571574,0.039457973,0.001648349,-0.0016970374,0.001581897,0.007221684,0.011284655,0.0042958204,0.0002757986,0.008555482,-0.0069506327,0.029232733,-0.027533948,-0.0020559193,-0.0021470306,0.011022818,-0.013422785,-0.016977524,0.020784369,0.008712588,0.006415052,0.0063799485,0.012105882,-0.009804374,-0.0049966266,-0.01509719,-0.036165044,-0.009348683,0.0010142326,0.007563982,0.059370056,0.004182606,0.02086173,-0.0015366976,0.041481633,-0.00591259,-0.0036847927,-0.003537247,0.0019943565,-0.0077535976,-0.0032585487,0.006687141,-0.0041316682,0.013925544,0.04336427,0.016265895,0.016365416,-0.034480087,-0.013032736,0.004881816,0.01919157,-0.030988146,-0.00079554785,0.014349855,-0.013410008,-0.013212448,-0.018164195,-0.016195452,0.002500179,0.0009984132,-0.0039815456,-0.016299183,0.0037525105,-0.021858448,-0.014701668,0.00046479376,0.00819824,0.004879011,0.045274604,0.010534917,0.015522125,-0.032625057,-0.026548445,-0.0037077237,0.0047986717,0.008900415,-0.0016571297,0.0025030926,0.06372262,-0.007680909,0.008849947,0.042754922,-0.0020728544,-0.0062051658,0.015839847,0.0004412732,0.0017632549,0.022071913,0.01224096,-0.009118463,0.003001042,0.043467153
-0.0006103292,0.032874577,-0.0018000184,0.005382951,-0.03161642,0.007769172,-0.0052370206,-0.009706197,0.0043710843,-0.009990421,0.00073832925,0.004277545,0.010197463,-0.0004011579,-0.0027404092,-0.0020374982,-0.051461164,-0.02075515,-0.0062119197,-0.0020027505,-0.022659276,0.02910392,-0.0030602627,0.023804087,-0.014831735,-0.0024551381,-0.00973509,0.011616835,-0.025198018,-0.018203594,-0.0054062307,0.009273173,-0.015124481,0.0059832893,0.014447,0.025807556,0.012223845,-0.0022999872,0.012830735,0.008638164,0.0027587183,0.0009560846,-0.022345986,5.7606027e-05,0.0039191116,0.005772829,-0.03829417,0.0041251993,-0.0028030118,0.044441435,-0.008460126,0.012208029,-0.021540625,0.009701746,-0.0048784167,0.01941341,-0.019803124,-0.0147736445,0.026872592,0.0111991735,0.019151337,0.03139143,0.06367557,9.1366936e-05,0.007667069,0.003670615,0.051815525,-0.003000158,-0.007936351,0.017329205,0.052670203,0.007934747,0.027421094,0.0027176684,0.010953916,0.026378067,-0.0028237784,0.020355035,0.00486124,0.009659356,0.004166135,0.022717306,-0.020617137,0.0012172605,0.05740758,-0.025535267,-0.0165799,0.0030689258,0.006738146,0.003643531,0.0025627401,0.043482322,-0.0020900131,0.016738791,0.024489077,0.0027623358,0.058571406,0.05611482,0.008661994,0.040810756,0.0046467935,-0.016769122,0.019569874,0.0033714718,0.056578003,0.003213491,-0.017044673,0.017355857,-0.015301129,0.019978553,0.0035578199,0.009075298,-0.017542025,0.005414143,-0.0022362429,0.025374677,0.0008062036,0.023590213,0.023572432,-0.0007910747,8.9669134e-05,0.0017355175,-0.0034937318,0.034372825,-0.00022507971,0.013407797,0.0011055549,0.007856117,-0.005514784,-0.0071652643,0.026934925,0.013990402,0.0074133715,-0.00459423,0.0352185,-0.0048658233,0.02415223,0.012107784,-0.026484966,0.029025184,-1.17565505e-05,-0.0004546158,-0.015797248
0.012583371,-0.025201641,0.02171276,-0.013182672,-0.0040084887,-0.0128776375,0.0067311665,-0.0046544857,0.007505983,-0.0018402319,-0.0013361154,0.000885366,0.027562337,0.0050338255,0.020748194,-0.0018197554,-0.015590364,0.005558694,0.0034067347,-0.005814302,0.017194647,0.0030730916,0.009104665,-0.0012766635,0.0015477336,0.0018854935,-0.0043333257,-0.024232883,-0.018080166,0.022604994,0.017036807,0.0049590934,-0.017996343,0.035745822,-0.013475791,-0.02163349,0.015126052,0.015496223,0.022183219,-0.0010853624,0.005371173,0.020323712,0.011759087,-0.0018065432,0.011801358,0.0014704685,0.0054906276,-0.024024826,-0.016742028,-0.005619216,-0.0057271766,0.0016133178,0.012068383,0.0068148635,0.03713925,-0.013661955,-0.020614754,0.016800012,-0.032138396,0.0019578214,0.0073470343,0.00094878115,-0.0221331,-0.013218008,0.010852486,0.004952508,-0.009656814,2.9393937e-05,0.00039755367,0.0049638436,0.0027878457,0.0076046996,-0.0018630647,-0.0038940916,-0.01618269,-0.014375612,0.006236607,0.0030974057,0.031888705,-0.0034659673,-0.0099350605,0.0014932975,0.03336122,0.0021230527,-0.0043827277,0.015569906,0.019198421,-0.03163363,0.033223502,-0.012159472,-0.0098819025,-0.007667401,0.016344037,-0.0027091447,0.021863528,-0.016754579,0.01724384,0.016914021,0.044028457,0.0018563347,0.002735594,0.008111605,-0.02375726,-0.008582734,0.011619392,-0.0014999108,-0.004315353,-0.010114588,0.00081418315,-0.0060622934,0.006926457,0.0030630028,0.017950598,0.003164773,-0.027928695,0.0004240144,0.010895351,0.07310357,-0.007954975,-0.01817312,0.0005893572,0.010539107,0.006937819,-0.021569105,-0.004455569,0.00097471057,-0.006410067,0.0016054632,0.010641109,0.0007301057,0.012268793,0.0072195856,-0.013882136,-0.0074077155,-0.015198702,-0.0045959903,0.0042383363,0.019199999,0.009288663,-0.011359794,-0.02209703,0.031099994,0.012062611
-0.001412821,0.002941862,0.0106753,-0.024015658,0.019057821,-0.003547443,0.01608804,-0.002479978,-0.005700114,0.01865993,-0.012386693,-0.0075677503,-0.0060820514,0.0045164675,-0.00010117004,-0.02539683,-0.0025152694,-0.015567681,0.0017200273,-0.023382584,0.009756375,-0.011341769,0.0059099714,0.012097878,0.013963288,-0.009876241,-0.02033465,0.006159708,0.0030634082,0.0021101101,-0.012187179,0.0012914119,0.0044949725,0.030663285,-0.014823945,-0.022779688,-0.008631395,-0.036195185,-0.0040373597,0.0025656535,-0.0057948492,-0.0017755749,0.021180194,0.021678573,-0.005969703,-0.0012367456,-0.01868223,0.008746153,0.01536112,-0.026434518,-0.016739674,0.0020138964,0.008554849,-0.025412083,-0.00019846344,0.014165656,0.01846711,0.034348495,0.002290672,-0.00048118737,0.00021401932,0.025418216,-0.04051991,-0.009084268,-0.0047534592,0.05655156,-0.02183679,0.004952305,-0.024827383,-0.010552812,-0.025781194,-0.019415937,0.0033167202,-0.0022453368,0.0012507075,-0.002798453,-0.008911085,-0.0070901364,0.019277185,-0.01726633,-0.009475534,0.004368183,-0.008373509,0.0022216444,-0.0039766757,-0.040075064,-0.0053896112,-0.015834572,-0.0051340964,-0.043351382,-0.062768124,-0.0013764049,0.013380604,-0.010108113,0.036773268,0.0039274953,0.014807411,0.015134611,-0.029088762,-0.04697294,-0.019879239,-0.010974225,-0.0011336785,0.004003858,-0.006259326,-0.013589112,-0.002714347,0.008119148,-0.0071132137,-0.0041033784,-0.0114276055,-0.0015178504,0.00591774,0.016767463,-0.01623988,-0.0071684746,0.0001241765,0.003768615,-0.023516418,0.012445323,-0.011542967,0.0679915,0.0016670781,-0.0025320007,0.010019311,-0.00985952,0.0015550142,-0.0119942315,0.015390071,-0.014840012,-0.005301698,0.008204043,0.04182544,-0.008210055,-0.020459749,-0.0052235443,0.032121457,-0.0063637123,-0.023488574,-0.01229988,-0.03455806,-0.0024677524,0.008590725
-0.0070713107,0.005823364,0.002398843,0.0046670935,0.004149603,0.0038254587,-0.01727534,0.031928897,0.01744575,-0.014383808,-0.0044300565,0.020086383,0.030946571,0.0006015729,0.0002363692,0.013632521,0.0027075268,-0.0028832285,0.03152809,0.024250839,-0.0005954569,0.017359145,0.033481818,-0.006184576,-0.0010774126,0.0034787036,0.014615646,0.00049585383,-0.0047391457,0.032986365,-0.008079566,0.00696548,-0.0013015065,-0.0071938513,0.009119957,-0.012777012,0.015227502,0.06577915,-0.008526159,-0.0012544608,0.0073990766,0.0013733376,0.010609658,-0.012575619,0.018387152,0.01060826,-0.020524325,0.06589478,-0.00032953126,0.04275488,0.00918201,-0.0045787375,-0.0026488267,0.01611961,0.016934298,0.00018054014,0.010022544,-0.008154301,0.0011050338,-0.018202128,-0.005598885,0.021089144,-0.018349111,0.007759386,0.0028431271,0.05688873,-0.008230504,0.007859656,0.0048382236,0.010283657,-0.046403404,-0.026134841,0.0014047823,0.0068682074,0.054406397,0.011792999,0.024628952,0.01942673,0.01072442,0.0573163,0.020533841,0.03200231,-0.003784486,0.0074129663,0.002537402,0.0037831566,-0.018707464,0.004726994,0.0647856,0.012868452,-0.013889153,0.03331404,-0.004934378,0.044499576,-0.0048772004,-0.0034369938,-0.0057933666,-0.005936251,-0.020547047,0.013336831,-0.006661647,0.015032812,-0.0020451127,0.007814575,-0.0018675709,0.0107936505,0.032870434,-0.0045094816,-0.023249723,-0.0060537467,-0.00084286556,0.017259806,0.0072642565,-0.010207707,0.024778225,0.006210419,0.005396003,0.01601658,-0.002620777,0.0034097133,0.01713707,0.004858271,-0.028892703,0.003568184,-0.00072359573,0.021562368,0.039954312,0.018114839,0.0018918691,-0.014447894,0.04280337,-0.009429053,-0.0111077335,0.0026566335,-0.00035670213,0.0090175,0.009125788,0.0024431408,0.023778293,0.02047311,-0.005391963,-0.0012680902,0.05160071
-0.0075704986,0.00016332325,0.0076774685,-0.005056102,0.0022331113,0.027976092,-0.032513082,0.010180507,0.003534345,0.012088798,0.0029118145,0.04117909,0.0029205056,0.001971552,-0.0007741698,-0.00023586862,0.009768855,-0.008584805,-0.00050919224,-0.0052341353,0.010771217,0.0008749296,0.06414102,0.0013726847,0.0010516923,-0.01861339,-0.01246134,0.020562477,0.005998346,0.0014622859,-3.8698316e-05,0.006529904,-0.014465947,0.018428601,-0.017343624,-0.01854313,0.0030083668,0.018327378,-0.0049824687,-0.048248015,0.0045347353,0.001844232,0.021482114,0.0040496783,0.0026948242,0.0018483549,0.01730054,0.005315891,-0.011923421,-0.019965773,-0.005917021,0.013863595,-0.012125425,-0.009122368,-0.00029388582,0.01177156,-0.018733649,0.0025335252,0.024052972,-0.01817303,-0.0036849314,0.016762976,0.025865551,0.0027422372,-0.00024357904,0.023975706,0.00017092377,-0.00060859555,0.0063843476,-0.015020918,0.01559844,0.007829184,0.015706751,0.00022888929,-0.027639378,-0.004789589,-0.010527268,0.010903158,-0.008243706,-0.0064529125,-0.010614321,-0.010464584,-0.007446415,-0.0038403962,0.018191127,-0.01647453,-0.027021155,0.006534926,0.032885954,-0.012916649,0.0035891803,0.007931639,0.0054789064,0.0148606505,-0.017410131,-0.010179883,-0.0011222931,-0.003118772,0.03482431,0.013923914,0.044603042,0.0018513054,0.019113153,0.028278012,-0.009562859,-0.0022596987,0.03799298,0.019620903,-0.017286023,0.0020140046,0.0017272905,0.014764881,0.017405769,0.026641995,0.010046057,-0.0017041601,-0.02018222,0.0050909785,0.00116398,-0.009598873,0.004222072,0.027646715,-0.02174862,0.020696348,0.019310407,0.001872634,-0.017182082,0.002344374,0.0030048266,0.00218672,0.044687793,-0.0034134397,0.014512551,-0.0057810117,-0.0036190925,4.2573083e-05,0.022052417,0.023980537,0.022013439,-0.0048858514,-0.0042933626,-0.020190373,0.020310454
-0.0122902915,0.050017703,0.04410188,0.056210883,0.0451783,0.06337235,0.01429069,0.058574624,0.018954083,0.034061413,0.013037015,-0.0041805413,0.01785212,0.030787507,0.006445473,-0.0011255806,0.016278148,0.040056504,-0.0070492243,0.062360574,0.0070925495,0.009687407,-0.005332658,-0.002236464,0.017918143,0.02276286,0.06392997,0.061936963,0.018632444,0.019147303,-0.0031979075,0.010503788,0.012057323,0.003525829,0.002447999,0.008464019,0.03527769,0.026088238,-0.0006859717,-0.002829006,0.020285705,0.014371778,0.05606035,0.070172854,0.04648954,-0.0012597227,0.035626605,0.0030769645,0.027070161,0.058785833,0.0061932364,-0.016392218,0.0052873306,-0.003098336,0.014224378,0.0797505,0.0444863,-0.0044433298,0.055258904,0.033499576,0.0076029245,0.017348744,0.06315307,0.02065232,0.0035761627,0.0051504388,0.026026387,-0.00081846537,0.0011519464,-0.0020102495,0.062489673,0.014250327,0.012465123,-0.0074923625,0.022347674,0.021438759,0.0019711219,0.028077645,0.006866962,0.0407224,-0.007902287,0.002794252,0.022482473,0.004475664,-0.014158318,0.0026151051,0.05330896,0.041736126,0.02654431,0.042495616,0.059841298,-0.039616566,0.0026495324,0.00042215222,0.017018959,0.011836538,0.0031636069,0.003194635,0.005207554,0.0010784557,0.0077180536,0.009705913,0.03207337,0.0071893036,0.018932156,0.01111022,-0.0034734597,0.0051464285,-0.006345682,0.0058178497,0.0019171534,0.017164398,0.010884763,0.031345546,-0.009459372,0.022611,-0.007014796,0.03001289,0.026380572,-0.00076629827,0.021592628,0.006103322,0.03624889,0.026576275,0.0040119644,-0.0013404209,0.0153908655,0.015770469,0.032378387,0.038538963,0.011511909,0.022939177,0.016737755,0.027374765,0.012508338,0.033702575,0.0076670507,0.0063346047,0.0077079358,-0.0014364393,0.03225786,-0.015858548,0.04729335
0.046299525,0.006834871,0.014998746,0.0027923845,0.050784566,0.0073255133,-0.007278919,0.027825909,-0.004243074,-0.018095646,-3.439421e-05,-0.0071924897,0.017432826,-0.008742275,0.03391545,0.02126346,0.0045495993,0.037197378,0.039127287,-0.0189793,-0.00029134285,0.025348723,-0.0093959905,0.04291357,0.00088900235,0.002405571,-0.0032684645,0.019023936,0.003240315,0.029063066,0.028919416,0.0036911597,-0.01557399,-0.009325044,0.013836656,0.00038883043,-0.013373595,-0.012179678,0.016377646,0.00576291,0.0022879597,0.009226581,0.030718014,-0.01321684,-0.005874334,-0.0073683904,0.0025001084,0.05894231,0.020647438,0.010129145,0.018930394,0.01497547,0.038418572,0.032329198,0.014991678,0.040158737,0.059450433,0.015673678,0.031809412,0.027277783,0.008725138,0.006525889,0.005124123,0.020913802,0.009257168,-0.0069053834,-0.0070158243,0.006867515,0.014276492,0.0036120815,0.0072903982,0.014771547,-0.0020858836,-0.0022662166,0.038638256,0.0036604123,-0.0034063356,0.016798463,0.008920557,-0.005965813,0.0059415726,0.017491372,-0.004658716,0.010827116,0.009060477,0.011780632,-0.007939058,0.033181287,-0.010899091,0.028109895,-0.0009189993,0.013327682,0.040641278,0.01427335,0.004229241,0.0039469553,-0.0032044183,-0.006830575,0.02410579,-7.950375e-05,-0.00094546564,-0.0049200654,-0.0096765915,-0.01715038,0.023263915,0.02226867,0.0033135093,-0.0050433083,-0.011136347,0.003280093,0.028450944,0.03275135,0.010361368,0.0062607685,-0.00027031312,0.0022810786,-0.0005117315,-0.007280131,-0.003757868,0.0088603115,-0.007855686,-0.008473337,0.03443551,0.0066495705,0.000433214,0.0035115308,0.034624975,-0.0030926196,-0.0069294497,-0.013432382,0.005954887,-0.010588333,-0.0157816,0.0012539867,-0.010719921,-0.0019398583,0.0022830255,0.019818151,0.013701007,0.01599866,0.030193355,0.06366969,0.0007789829
0.005380162,0.040786155,0.037421722,0.0088281995,0.029421087,0.05005598,-0.00476503,0.019819573,0.007481412,-0.007314629,0.0006225873,0.005945723,-0.01658183,-0.0058365697,-0.004659646,-0.005486127,0.0073410943,0.0058703925,-0.016764931,-0.007475107,-0.00705236,-0.003404091,-0.014189646,0.026561143,0.05833683,-0.018048974,-0.02196655,-0.016329082,-0.0036386792,0.0018734401,-0.0026115226,-0.010789996,0.0044623427,0.0052151694,0.0033220581,8.319505e-06,-0.0040299147,0.0018369041,0.03412621,0.00027970131,0.028397499,-0.0202996,0.003989596,-0.007249821,0.0028803293,0.019593315,0.005492679,-0.007374041,0.006894152,0.040258527,0.0074931933,0.002561865,0.0039572963,-0.007262283,-0.0033127964,-0.003905137,-0.0024696216,-0.000571297,-0.005603589,-0.0014433097,0.0068347156,0.0014152122,0.026630001,-0.011106204,-0.007412025,-0.008312396,-0.012512771,0.01093648,0.00016288925,-0.019671502,-0.02159278,0.020281047,0.016393045,0.0027195902,0.026011592,-0.013947157,0.042736717,0.0032944512,0.031123303,-0.0020520668,-0.0011140686,-0.0062058195,-0.008192407,0.016961165,-0.009078893,-0.003506898,0.003338144,0.000625642,-0.009804202,-0.0064717215,0.0066375276,-0.0025994182,-0.013622645,-0.0039038397,0.0028441795,-0.011875907,0.009542569,0.005810288,-0.0039161276,0.00383032,-0.02658704,0.016725212,-0.003367792,0.0021857938,0.0053980295,-0.0050571794,-0.0020291773,0.015529597,-0.0027460773,0.0073603746,0.012560895,0.008743608,0.0003275983,0.004083929,0.011512604,0.0041287746,-0.0045952266,-0.0047271056,0.015119176,-0.004201737,-0.009866144,0.0076463306,0.030586677,0.0121704275,0.0038994357,-0.010190344,0.0041849418,-0.0025065513,0.0022732555,-0.0016885609,0.0070875073,0.004908252,0.045132834,-0.0025792345,0.017442083,0.009828869,-0.016286887,0.0027997768,0.030236393,-0.015428966,0.005329973,0.0015440991,-0.010893704
-0.03773104,0.022883818,0.0078444565,0.053885534,0.03881911,0.03050012,-0.029764075,-0.018806666,-0.010800362,0.007547766,-0.014725663,-0.020068938,-0.016321367,0.008672509,-0.016828993,-0.014840024,-0.01768333,-0.018760454,-0.023989476,-0.0023917826,-0.010598049,-0.008733302,-0.019840168,0.0043948777,-0.024292585,-0.027611211,-0.014126666,-0.025231404,-0.012113836,-0.030942287,-0.01089385,-0.0006422298,-0.0062773693,-0.020300817,0.0046487004,0.00252759,-0.023328494,-0.019292936,-0.025941163,-0.015931414,-0.027091429,-0.007741766,0.008064645,-0.010703303,-0.018621955,-0.033116754,-0.013941841,-0.034148213,-0.019644529,-0.023482911,-0.021077145,-0.0022667246,-0.011125222,-0.0040628007,-0.018597962,-0.015478011,-0.02908564,-0.016555099,-0.0054433104,-0.02900571,0.013211228,-0.021597555,-0.03029871,-0.011471046,-0.0064410875,-0.0114201065,-0.019804668,-0.022340944,-0.0038454998,0.0046971524,-0.021016188,-0.020071292,-0.023749601,-0.011472657,-0.030265387,0.005780762,-0.01773851,-0.018389566,0.034768153,-0.01743507,-0.0056439964,-0.0074742045,-0.010062473,-0.024491657,-0.01265426,0.0141667705,-0.031134479,-0.024588214,-0.010745466,-0.024943188,-0.011082446,-0.011411205,-0.022078246,1.0719057e-05,0.008847619,-0.010852458,-0.0042609014,-0.0039417874,-0.019979268,-0.0134787,-0.009498094,0.00052858423,-0.013267223,0.00028068153,-0.002844329,-0.017655825,-0.015813215,-0.015695682,-0.032858815,-0.014852893,-0.016702306,-0.004028891,-0.017203249,-0.014696745,-0.026308816,-0.013324799,0.0039114803,-0.014191201,-0.02232903,-0.023706509,0.0200256,-0.006067344,-0.030025404,-0.022487529,-0.013664296,-0.0022921246,-0.0067840656,-0.01787555,-0.02520395,-0.021088665,-0.0033195922,-0.013591161,-0.020921303,-0.009784334,-0.009176294,-0.013706729,-0.0070245992,-0.019188963,-0.023936924,-0.0055808965,-0.005391756,0.035776593,-0.014695661
-0.000993758,-0.04765632,-0.010880172,-0.033332452,0.022550203,-0.040940844,-0.025926683,-0.03221413,-0.019716786,-0.0458956,-0.01987948,-0.027835377,-0.02050653,-0.014006712,-0.013578018,-0.013017461,-0.015251588,-0.017532952,-0.020070538,-0.030212484,0.006836458,-0.024068726,-0.015836736,-0.010298269,-0.03726952,-0.014861971,-0.015359169,-0.011132954,0.008441024,-0.042514794,-0.004659837,-0.0073103067,-0.0120669585,-0.0013294285,-0.034523923,0.033756014,-0.026122436,-0.019383162,-0.01206761,-0.03446268,-0.02385551,-0.00059798546,-0.020534888,-0.021275954,-0.022843493,-0.013789833,-0.016783586,-0.03595438,-0.023361476,-0.019265372,-0.03237374,-0.032146912,-0.031064562,-0.01906693,-0.020044629,-0.016338233,-0.026815586,-0.019596897,-0.030554745,-0.0060191313,0.0018155789,-0.022939255,-0.0006878129,-0.022239681,-0.009361164,-0.0040959893,-0.009148939,-7.322291e-05,-0.0032328637,-0.012052136,-0.027723867,0.01747197,-0.034414984,-0.021037571,-0.04971599,-0.026049651,-0.03226576,-0.038200535,-0.042383283,-0.037757922,-0.021109117,-0.010983562,-0.0054575475,-0.017481968,-0.02312617,0.0008599446,-0.024217147,-0.018769305,-0.006563809,-0.020622639,-0.023470603,-0.009775958,-0.027871747,-0.03504573,-0.011320017,-0.003340236,-0.018263415,-0.017652828,-0.010949511,-0.02511873,-0.021911971,-0.021801356,-0.006377645,-0.013890427,-0.015494572,-0.023480128,-0.02626203,-0.013653826,-0.0062074848,-0.03006079,-0.0111487415,-0.022149242,-0.005072985,-0.023324236,-0.023033774,-0.02734135,-0.022063356,0.009403903,-0.023891214,-0.03133628,0.029646818,-0.016439408,0.015407393,-0.033363227,-0.025304392,-0.008572679,-0.030975655,-0.009509988,-0.029656067,-0.019631276,-0.00018412387,-0.016621167,-0.016433176,-0.016460443,-0.03664528,-0.02114742,-0.034220062,-0.023212545,-0.04256508,-0.022893386,-0.0053765075,-0.0075437278,-0.005127539
0.008001829,0.0133340545,-0.006518715,-0.010579053,-0.027823687,-0.0033097435,0.016073467,0.004951223,0.013712179,0.03995173,0.0024205088,0.011434713,0.012905031,0.0127850305,0.016026704,0.010130575,0.0069772564,0.010816226,0.03590858,0.015347324,0.030994304,-0.0042932397,0.027642012,0.02458114,0.0061619678,0.008570475,0.018428687,0.0036870667,0.000915993,0.022726204,-0.013999183,0.015634593,0.032725006,0.023625912,-0.023010302,0.0026850149,0.00836984,-0.0036548814,0.014658181,-0.01116568,0.009810142,0.017533097,0.030560683,0.017937439,0.01652289,0.03840042,0.011878669,0.010038413,0.00033248123,0.004862632,0.013492832,0.022627538,0.0075361924,-0.0189554,-0.0034455014,0.0022758665,0.015725952,0.017584953,-0.0136286095,-0.019322678,0.017122244,0.018935412,0.009976834,0.024821889,0.025771134,0.009774025,0.020313835,0.0062745353,0.008989265,-0.016344035,-0.0030438202,0.009937591,0.017915193,0.014989438,0.035130948,0.00067533506,0.015213734,0.02394014,-0.0017862567,0.0019526039,-0.007947094,0.013595193,0.025830468,0.019240974,0.01860642,-0.008147808,0.025153203,-0.001926207,0.010852642,-0.010086778,0.016648859,0.0089596845,0.026625099,0.0021020973,0.03244783,0.026594095,0.04064597,0.03820886,0.01680514,0.0054661254,0.018787261,0.032519273,0.022131573,0.0007150853,-0.0009200354,0.017914858,0.020798327,0.01430363,0.016134195,0.018978491,0.03250113,0.029186133,0.0191219,0.021310503,0.033113927,0.01801976,0.020920437,-0.0016391454,0.0058801067,0.016629523,-0.023235584,0.009450618,0.03149338,0.04213809,0.019392807,-0.018750643,-0.015433593,0.031018686,0.013775401,0.013318548,-0.0063574696,0.018699482,-0.013388073,0.005525889,0.01016104,-0.0046351887,0.020451082,0.02173104,0.021312058,-0.0038601682,0.0035159527,-0.0091937585,-0.0023069931
0.0016555567,0.00707836,0.024612948,0.009653389,-0.029041301,-0.0043301927,0.038559616,-0.008176362,0.0015804532,0.028627547,0.004984937,0.0043570274,0.005218064,0.0013842625,0.005408054,0.0010441327,-0.004630571,0.061107025,0.0030579693,-0.016966479,-0.014402619,-0.002474159,-0.010516502,0.0076729534,0.00094284955,-0.0015280978,-0.0027260724,-0.01048677,-0.0028634295,0.0153684225,0.0017965548,0.012450085,-0.0045194374,0.0087856,0.004785614,-0.00037579052,0.017980037,-0.0027514622,-0.0029752143,-0.00735211,0.008739186,0.0023494312,-0.001122273,0.0018920708,0.0075790817,0.04784409,0.0015533632,0.024548009,-0.007693069,0.015183019,0.017528292,0.01980812,0.010430856,0.004258206,0.012861275,0.0036821407,0.007206851,0.0075522307,-0.017037287,-6.242562e-05,0.017216137,0.01224067,0.008087614,0.053884003,0.023314968,0.011081766,-0.011930268,0.022040343,-0.0032890895,-0.000887739,-0.01728202,-0.010122831,0.016402945,0.0018766043,-0.0008279802,-0.0018113339,0.00640559,0.035429418,0.014743473,0.0219542,-0.0012839809,-0.018595064,-0.0008746446,0.0076435506,0.017199164,0.046244532,-0.006262189,0.0061562215,-0.0021762438,0.008311855,-0.00754364,-0.0043692477,0.011868175,0.042490218,0.01538793,0.0049160984,0.014957565,0.012081703,0.028235251,0.046717517,0.03244017,-0.0029231142,0.0067018513,0.00070716813,-0.00026052166,0.0151122715,0.033173714,0.012995217,0.0022169345,0.004554594,0.051668875,0.0055879997,0.004226703,-0.0031591495,-0.010872077,0.016254846,0.00623317,0.000789152,-0.017122239,-0.008242864,0.05404839,-0.0092141135,-0.002219251,-0.005744041,-0.004998831,-0.006442311,0.006248476,-0.009511184,0.0076882853,0.031321116,-0.001038916,0.007757825,0.00010499358,0.01044796,0.0011357791,0.0054948484,0.005441906,0.019321226,0.0017123639,-0.0028495463,0.013747215,0.041531295,0.0141991135
0.0032598495,-0.017427042,-0.016212456,-0.024553472,-0.0008240584,-0.022142503,-0.012085564,-0.008337803,0.014739558,-0.0139710065,-0.0076979203,-0.016237315,-0.011826497,-0.0006114519,-0.00642896,-0.021263821,-0.013319232,0.0028943026,0.013130482,0.0014745682,0.010077987,-0.007369658,-0.012687292,-0.0036512502,0.062070113,-0.004515251,-0.0086161615,0.0027550743,-0.004768217,0.025888521,0.01709929,-0.01707968,-0.014008556,0.007534445,-0.0092916805,-0.02373772,0.013312075,0.0013088537,-0.024089197,0.0073474636,0.016342742,0.004500094,0.005876189,-0.006224567,0.0011408911,0.003578505,0.0061761294,0.0028857288,0.029561002,0.010361557,0.01579248,0.016005695,0.0070463265,-0.018948194,-0.012662763,0.011039295,-0.0022088648,0.0080251265,0.0063020997,-0.018647721,0.008178198,-0.0011268225,0.018881772,-0.012767423,0.004259733,-0.005944973,-0.004188559,-0.008081311,0.002546674,-0.013045715,0.03128145,-0.014863981,0.012125904,-0.004514306,0.0074562402,-0.00468407,0.0009375289,0.01917576,-0.013109587,0.05719452,-0.011135206,-0.011298031,-0.0046464195,0.012386494,0.01959867,-0.022904398,-0.0020144563,0.0056733605,-0.00202289,0.0017413003,0.0008041207,0.008276223,-0.004875048,0.015910003,-0.0011533247,-0.014715515,0.008718852,0.008305492,-0.017838271,-0.00091458345,0.0017750328,-0.003014193,-0.009570557,0.04071217,-0.005104418,0.047660798,-0.013595102,-0.021417493,0.002333406,0.012516705,0.019880699,0.034202415,-0.007399833,0.0034684767,0.0014213817,0.023772506,-0.018788269,-0.000887061,-0.010087716,-0.012906905,-0.0074662585,0.0022142092,-0.008066472,-0.00020502694,-0.008468609,-0.017738257,0.003260436,0.0040178625,-0.009531823,-0.03241565,-0.010691689,-0.009540158,-0.005654309,0.010119032,-0.01480514,0.065106854,0.003766575,-0.004578403,0.0007426329,-0.0010810327,-0.007809229,-0.0111400485,-0.009909999
0.009451776,-0.00058528036,0.011059802,0.026859613,-0.026686624,0.012127852,0.015221981,-0.0013751276,0.0019813443,0.01595326,-0.020629747,-0.0066875583,0.0026349707,-0.0068459483,0.0041370457,-0.011658765,-0.0048536733,-0.029220477,0.018639205,-0.002754327,0.038431734,0.0020285163,0.010103513,-0.017422566,0.0046091788,-0.0021179067,0.0013896762,-0.004668275,-0.0019823932,0.00472173,0.013501505,0.0135140745,-0.0050326027,0.033330575,-0.0030485913,0.0035435874,0.023492135,0.009910404,-0.032131694,0.019591352,0.009443019,-0.005837758,-0.03125424,0.03563302,0.027351245,0.0009885235,0.016470512,-0.0060529383,0.013092121,-0.017879292,-0.00096283155,0.05243088,0.013368327,-0.004349417,-0.00037661847,-0.0041346643,0.013266328,0.015885388,0.0009967634,-0.0072270613,-0.0020864992,5.4393895e-05,0.0022926857,0.0019841385,-0.0015776437,0.0032074107,0.0009977492,-0.015447509,0.009145471,-0.0024453024,0.017343104,0.004120147,0.038293798,0.030677525,0.0077311806,0.06646291,0.03834239,0.0006803479,0.021217793,-0.0011131684,-0.0038721403,-0.013997309,0.014419276,0.037106115,-0.0033595534,-0.009173272,-0.0028027296,-0.006593492,0.0023621377,-0.007725872,-0.0070268176,-0.012003962,0.038067587,-0.0036141742,0.015659323,-0.0066413805,-0.00012937887,0.0040712357,0.046029456,0.002879397,0.0023030173,0.0040514516,0.03233948,0.004528436,-0.0018459624,0.009279638,0.049583957,0.018241033,-0.0038437191,-0.015702905,-0.007737294,0.00633544,-0.008273602,0.02496304,0.013671092,0.023783334,0.0040689055,0.020605702,0.014287183,0.006605864,-0.005002915,0.008132298,-0.0004214081,0.028672826,0.0028115036,-0.0052397912,0.015596064,0.041436847,0.010709822,0.018445782,0.004247278,0.0037658764,0.004292428,-0.0140043665,0.008944834,-0.010296844,0.0005369084,0.019965261,0.010737994,-0.0018668021,-0.0039007068,-0.02051683,0.0021589287
-0.021703389,0.002044521,8.321274e-05,-0.004046224,0.024338573,0.005131487,0.015361048,-0.0077203847,-0.019615654,-0.009376939,0.0017125295,-0.022678621,-0.024765322,-0.017854404,-0.010260506,-0.019379137,-0.011646587,-0.029172793,-0.008903072,0.0030204644,0.015457565,0.0021381082,-0.010471638,-0.013865538,0.013831111,-0.022221996,-0.028833054,-0.01297237,0.020220822,-0.016846936,-0.04174882,-0.008788222,-0.0068294285,0.012431635,-0.030704584,0.06607763,-0.030581683,-0.021447964,0.0031830105,0.0055056484,-0.034043975,-0.010431405,-0.025286438,0.034597304,-0.0033781817,-0.007867333,-0.0076505374,-0.0138658285,-0.015589936,0.021356646,-0.0185287,-0.010038246,0.021273565,-0.060601145,-0.025028195,-0.011028927,-0.0014977325,-0.017149437,-0.008499974,0.0075209755,-0.0076671112,-0.021093028,-0.024451679,-0.023414785,0.0021418603,0.0048043225,-0.0076714475,-0.013056936,-0.010655325,-0.04708004,-0.025602099,0.001530238,-0.008132302,-0.025713347,0.024676047,-0.02725479,-0.05198785,0.005213337,-0.016051,-0.021923967,-0.045146886,0.0101346765,-0.00010138564,-0.021945795,-0.024586935,0.03234408,0.021605156,-0.0003903499,0.0057410942,-0.03070229,-0.017672718,-0.00554459,-0.01677816,-0.06594136,-0.011319621,0.017115068,0.0025943113,0.009427638,-0.014944233,-0.024839113,-0.008436723,-0.027451683,0.013573708,-0.035757527,0.012803391,-0.006457465,0.0037165666,-0.016451038,-0.00221196,-0.030901324,-0.004465784,-0.01637314,-0.0061373496,-0.016789237,-0.020480936,-0.010443229,-0.008955769,-0.021075279,0.010938387,-0.005226979,-0.009349468,0.0017340537,0.0073648486,-0.012040954,-0.027667318,-0.046912923,-0.050471753,0.0030525157,-0.036525358,-0.009308405,0.004107444,0.0035742326,-0.0055216216,-0.017222656,-0.0036227442,-0.017774645,-0.023134243,-0.013519436,-0.031957667,-0.047079112,-0.01391829,-0.02105808,-0.012303337
0.051271416,0.016053077,0.017607598,0.015288545,0.018024117,0.020819448,0.021663962,0.036241625,0.005411373,0.049490117,0.029832926,0.014452321,0.03834819,0.030893216,0.04699293,0.06007421,0.018084012,0.018090175,0.036822677,0.053771075,-0.0024302173,0.024731936,0.037652414,0.014705883,-0.0024850387,0.044024985,0.05263716,0.014940479,0.019836927,0.028628789,0.06972122,0.016177878,0.041294698,0.030011985,0.015567601,0.03893696,0.019139526,0.012898483,0.054516647,0.026362976,0.06314381,0.017194074,0.020688664,0.026558269,0.007530504,0.048234068,0.01850238,0.00072400086,0.04572663,0.037492,0.042240333,0.017806005,0.052055623,0.04916486,0.048354253,0.031967573,0.007074105,0.028129539,0.025932666,0.05841534,-0.0010381234,0.04412032,0.027752312,0.03645076,0.019158635,0.0027903721,0.031397518,0.049967896,0.00788879,0.030835204,0.023061145,0.054836884,0.03094709,0.03323508,0.026121072,0.0028318763,0.0567956,0.014403194,0.032141894,0.030901218,0.037499703,0.025575796,0.047348004,0.02321623,0.039880313,0.013325261,0.049399547,0.01864707,0.010055881,0.025886683,0.024051767,0.013510315,0.0032064454,0.04916156,0.027640648,0.038121432,-0.0046970807,-0.0060878014,0.037482243,0.04165549,0.03802437,0.055237424,0.01004474,0.027407827,0.02604404,0.021905322,0.014535259,0.017187325,0.012941912,0.050127603,-0.0011376031,0.02618786,0.033824597,0.014580795,0.050841153,0.012616057,0.040586676,0.017254984,0.06554826,0.035851493,-0.0032404345,0.0009996714,0.013712583,0.03976455,0.0374249,0.040504277,0.048373304,0.045435164,0.044586435,0.0150663005,0.007925026,0.04076164,0.031187652,0.028629165,0.05355565,0.01309147,0.03920392,0.014270796,0.033312257,0.028500238,0.013715258,0.020455299,0.0030922256
-0.005116582,0.00057346094,0.006757467,-0.0073013306,-0.00470082,-0.001615095,-0.0131451,0.0031710505,-0.00478552,0.053236417,0.023830839,-0.017026292,-0.009895354,0.0024379154,0.020849278,-0.017123269,-0.008393072,0.0038448572,0.017891195,-0.014094623,0.030833906,-0.0005164882,0.01576908,0.015456919,0.01577998,-0.031588476,0.017945454,0.011762176,-0.0038374374,0.013156055,-0.014067622,0.0031659063,-0.025365882,-0.019450782,-0.014692126,0.0023228514,-0.0028326083,0.033171427,-0.037490945,-0.008265863,0.02590143,-0.019441072,0.016241668,0.011653067,-0.005227845,0.017893128,0.009072848,-0.0033328952,0.045191813,-0.0012701983,0.0233348,0.008876033,-0.007459826,-0.019344002,-0.014971662,0.0026599292,0.03495176,-0.037172664,0.013931479,-0.028883584,-0.025003223,-0.014355404,0.001623156,0.009005769,0.0023787816,-0.0031369003,0.015649654,0.0067060166,0.0016220554,-0.015599668,-0.01120735,-0.016003031,-0.014114527,-0.0074682124,0.0037651893,-0.004642615,-0.010195145,0.012799405,-0.007619029,-0.0047358572,-0.019612547,-0.01661267,0.0029701293,0.005329725,-0.024956333,0.003466608,-0.005408547,0.0045304913,0.0025679767,0.032979593,-0.0016712877,-0.0054377113,-0.052183606,-0.018477282,0.029810326,-0.017005945,0.0021171095,0.0024260827,-0.025807228,-0.00039179623,-0.03004213,-0.010285636,0.005338376,-0.03445559,0.04758119,0.0051150364,-0.005381114,-0.018206157,0.010645585,0.0059752082,0.0012457296,-0.012573943,-0.03754806,-0.0030279588,0.009718921,-0.01939456,-0.02015131,0.014486542,0.041309427,-0.027895581,-0.0011528423,0.004451709,0.037782986,0.0033118902,-0.015225727,-0.023812057,-0.016183523,0.014048535,-0.008072057,-0.016490659,0.0007409835,0.036712095,0.019200582,-0.00135093,-0.011340361,-0.0036121309,-0.019084593,-0.019014133,-0.0196472,-0.0072300304,-0.005043776,-0.02859056,-0.015602894
-0.01732528,-0.00088767894,0.037896547,0.022285046,-0.0032042945,0.012703445,0.009011266,0.0002452298,0.002289184,0.008459287,-0.008443872,-0.00936896,0.009937776,-0.025679901,-0.0020593395,0.006050829,-0.009104414,-0.0048733708,-0.013264772,0.0035588518,0.015574892,-0.016744625,0.023524461,0.0032460208,-0.0048993872,-0.025987472,0.00019858778,-0.029572982,-0.006863769,0.0032853123,-0.006652385,0.0045048967,-0.019976286,-0.004491889,-0.0011774534,-0.0002814131,-0.023773607,-0.02121801,0.0037316205,-0.0016967277,-0.0037238346,-0.015603082,0.004619477,0.023223177,-0.0045029745,0.0049270717,-0.0026866654,-0.0046605347,0.028800849,-0.009742436,0.009867929,0.00942325,0.0009408705,-0.0016889037,0.017134394,0.0025291783,-0.02583823,-0.018354785,-0.025304982,0.0019144521,-0.006852447,0.0017495595,0.00072317244,-0.009426041,-0.009539975,-0.00079699885,-0.004029994,-0.013381803,0.0029596272,-0.00046633324,0.011299174,0.03812978,-0.0099841505,-0.0032577692,-0.016130975,0.04280501,0.018764181,0.0060943235,0.029330755,-0.0050844746,-0.0012001265,-0.017614782,0.0070869396,0.019067727,-0.0014439495,-0.0124744475,-0.011499908,-0.0064651417,-0.001384717,0.0035536536,-0.011199085,-0.01217586,-0.01183019,0.000716439,0.028503276,-0.021395724,0.000890187,0.001250037,0.016750641,-0.011636704,-0.019265484,-0.01789141,-0.015959041,-0.024345929,0.029165938,-0.005789819,-0.00051272474,-0.013382817,0.0068510417,-0.01855762,0.0027198016,-0.006677905,-0.017707149,-0.021246286,0.015538566,-0.02360454,-0.023023533,-0.0011554044,-0.010775037,-0.0012979936,0.038843147,-0.00652696,0.0025047637,-0.009575423,-0.008187766,0.0026989481,0.0033797075,0.0023319626,-0.007759628,-0.020910343,-0.0074871257,0.013164767,0.04009704,-0.0055030454,-0.015542384,0.031106696,-0.015746932,-0.020427333,-0.006978169,-0.0095869675,-0.006268124,0.01803824,-0.0132499
