[-0.05866287  0.00388267],[-0.06108852  0.04119493],[-0.11772466  0.00335504],[-0.09457154  0.02729868],[-0.13981894 -0.02190212],[-0.09312632  0.05049657],[-0.12170816  0.04286208],[-0.07542458  0.02460606],[-0.06623523  0.01921553],[-0.11146728 -0.00815045],[-0.08632224  0.027851  ],[-0.08430449  0.05936702],[-0.12050288  0.04908592],[-0.06476803  0.03853989],[-0.03497506  0.01189363],[-0.03641284  0.02813111],[-0.05478176  0.02418743],[-0.07472119  0.00954525],[-0.10131263  0.01016371],[-0.0967593   0.05339571],[-0.05806945  0.03160902],[-0.0628717   0.03627761],[-0.05316042  0.04401558],[-0.08162259  0.04969306],[-0.11420435  0.02463276],[-0.01334084  0.04569663],[-0.10089081  0.00230468],[-0.05452105  0.01421136],[-0.09509281  0.05534528],[-0.11205845  0.02831088],[-0.03900462  0.04024598],[-0.06158789  0.02299791],[-0.03989528  0.03461022],[-0.08071309  0.01843187],[-0.09272452  0.02731725],[-0.090284    0.05119174],[-0.08305625  0.03522727],[-0.0779223   0.02630508],[-0.06792621  0.03820142],[-0.07981602  0.04185945],[-0.11599002  0.03031265],[-0.0396369   0.04261142],[-0.10238538  0.00978396],[-0.02889392  0.03699834],[-0.02386145  0.03413422],[-0.05713796  0.02983941],[-0.10030781  0.04392941],[-0.10237914  0.0612014 ],[-0.04934638  0.03822769],[-0.06178427  0.02422259],[-0.11920566  0.03720467],[-0.09540505  0.03191995],[-0.08662937  0.05701778],[-0.06267159  0.07219009],[-0.07473772  0.04286857],[-0.03659364  0.03768745],[-0.05717175  0.04764052],[-0.1192098   0.00047956],[-1.12597816e-01 -7.97025859e-05],[-0.10031005  0.04255063],[-0.10974357 -0.06001358],[-0.11310691  0.03399451],[-0.10316073  0.03890141],[-0.09911167 -0.01950935],[-0.04545652  0.00489088],[-0.03870118  0.03015879],[-0.07516715  0.02887793],[-0.05848109  0.03256572],[-0.030517    0.04227297],[-0.08691432  0.05712534],[-0.0871472   0.07733585],[-0.07663544  0.03441648],[-0.13379109 -0.01255586],[-0.11733171  0.03339135],[-0.12210327  0.03858039],[-0.02952221  0.00356634],[-0.10090893  0.03809674],[-0.09513963  0.02409255],[-0.0710801   0.03847943],[-0.09270439  0.0262799 ],[-0.09631851  0.04444923],[-0.02371158  0.0363064 ],[-0.04107147  0.00086942],[-0.11082756  0.01181531],[-0.08454398  0.00474135],[-0.13669959  0.0646261 ],[-0.08080135  0.03614316],[-0.08595564  0.01687836],[-0.06312472  0.02752857],[-0.06758286  0.04218994],[-0.09378403  0.02659884],[-0.00810124  0.01325839],[-0.11120708  0.00918774],[-0.11093331  0.00589831],[-0.09215022  0.01736328],[-0.11641104  0.04562939],[-0.08272929 -0.02108598],[-0.05018751 -0.00771168],[-0.11112314  0.04223937],[-0.05207225  0.01936868],[-0.09876535  0.02960927],[-0.11577288  0.04362198],[-0.05719853  0.04468359],[-0.10984031  0.04392298],[-0.09757731  0.04426273],[-0.0602188   0.02462572],[-0.08773459  0.04382695],[-0.06924451  0.04744386],[-0.09305703  0.05081884],[-0.09400634  0.02463927],[-0.09580051 -0.01692588],[-0.04070283  0.03198939],[-0.10025806  0.04378613],[-0.10643489  0.01940032],[-0.09503458  0.02999742],[-0.0505467   0.02345073],[-0.12063944 -0.00364739],[-0.07123766  0.03205303],[-0.10958622  0.05752562],[-0.03876704  0.04074149],[-0.05242929  0.03963358],[-0.04453646  0.02663359],[-0.06145094  0.05143958],[-0.11338002  0.04152003],[-0.10554754  0.01075423],[-0.06405491  0.05884866],[-0.07953859  0.05151896],[-0.11044984  0.04329611],[-0.07591231  0.03440507],[-0.05932859  0.02511059],[-0.09254654  0.02869568],[-0.02721931 -0.02596443],[-0.06440938  0.03338806],[-0.08636784  0.00529249],[-0.08781149  0.04462972],[-0.03243938  0.04777421],[-0.10159198  0.01652204],[-0.09814165 -0.00331614],[-0.1033939   0.06765576],[-0.07063095  0.05177197],[-0.04250275 -0.02779229],[-0.13040617 -0.00377608],[-0.01995775  0.03521583]
[-0.05191574 -0.032394  ],[-0.05777034  0.05483618],[-0.10831723  0.06194753],[-0.11254921  0.07737692],[-0.12821788 -0.01831317],[-0.08927814  0.06019939],[-0.0894217  0.0441783],[-0.04638904  0.01337242],[-0.04818138  0.02558178],[-0.09621934  0.00651139],[-0.07974844  0.03500085],[-0.06714237  0.05661854],[-0.11804044  0.05316925],[-0.0765044   0.05883411],[-0.0494792   0.02101413],[-0.05736736  0.03936992],[-0.02461079  0.0113867 ],[-0.06518599  0.00590288],[-0.08906283  0.00931488],[-0.09298656  0.06040801],[-0.04725961  0.02541503],[-0.05639856  0.03243069],[-0.03953148  0.03591366],[-0.07280463  0.05307943],[-0.08776418  0.04853293],[-0.02304927  0.05369549],[-0.09324173  0.02128186],[-0.06268211  0.04298661],[-0.08753111  0.06557675],[-0.10415746 -0.0145513 ],[-0.04828455  0.02907784],[-0.06765504  0.0367112 ],[-0.02862068  0.03019363],[-0.05989908  0.02120971],[-0.10641501 -0.00388553],[-0.07931806  0.06373435],[-0.08557495  0.04068433],[-0.06604523  0.01454753],[-0.08340953  0.05202871],[-0.06460615  0.03057834],[-0.11859008  0.05375456],[-0.03740851  0.04893339],[-0.11324372 -0.01034502],[-0.04677457  0.05089871],[-0.0223829  0.0399529],[-0.04918187  0.02638697],[-0.08591346  0.03850405],[-0.05501683  0.02623139],[-0.03850071  0.05925616],[-0.07024161  0.07003514],[-0.1056544   0.02281737],[-0.07779682  0.03559458],[-0.05612587  0.02789031],[-0.04066247  0.03641735],[-0.07590935  0.05724837],[-0.03944355  0.05843612],[-0.04749397  0.04455514],[-0.10696984 -0.00179477],[-0.08808643  0.03151478],[-0.0931577   0.06527695],[-0.08424433 -0.05337048],[-0.09522801  0.04566112],[-0.07966297  0.05151896],[-0.08584749 -0.01560451],[-0.04667062 -0.00258498],[-0.03642294  0.0438523 ],[-0.04742803  0.02849777],[-0.05879924  0.05152576],[-0.02248802  0.04065226],[-0.07328645  0.04245241],[-0.0863423   0.08010511],[-0.0546889  0.0452012],[-0.11291889  0.00218774],[-0.11136655  0.03257943],[-0.11075702 -0.00212847],[-0.032207    0.01143627],[-0.1127973   0.06357642],[-0.09452342  0.00885659],[-0.06549872  0.05170463],[-0.07388128  0.0312921 ],[-0.08932663  0.05176369],[-0.01456072  0.02836504],[-0.03073676  0.00297816],[-0.08878177 -0.00837789],[-0.05845444  0.02313462],[-0.12090964  0.06361233],[-0.10169867  0.06430019],[-0.0922432   0.02267107],[-0.02210349  0.0156958 ],[-0.06128622  0.06445341],[-0.08545258  0.03580033],[-0.00429825  0.00884688],[-0.10086193  0.00875366],[-0.09873097 -0.00906492],[-0.06618312  0.02832172],[-0.11047869  0.05546668],[-0.07927993 -0.00726799],[-0.01419824  0.00443631],[-0.08978837  0.03502419],[-0.0516672   0.01962388],[-0.06256673  0.02806922],[-0.10879257  0.05308083],[-0.05859941  0.04467978],[-0.09464892  0.04259603],[-0.06990302  0.03369236],[-0.06616358  0.03125721],[-0.0821782   0.01112044],[-0.06096632  0.0455482 ],[-0.0884021  0.0402187],[-0.07605018  0.03579316],[-0.08080731 -0.04214794],[-0.0480791   0.02718853],[-0.08550467  0.04577263],[-0.10549404  0.03281323],[-0.08554115  0.04137924],[-0.05580307  0.03147813],[-0.09433638  0.03888058],[-0.06567978  0.05437459],[-0.12154993  0.09061584],[-0.02518622  0.04270139],[-0.06395275  0.05030798],[-0.02340124  0.02098503],[-0.04892445  0.05933544],[-0.10063959  0.03370306],[-0.08061006  0.01387903],[-0.0507454   0.04170174],[-0.07797065  0.03082418],[-0.1040897   0.05679723],[-0.08344676  0.05110055],[-0.07316413  0.04143811],[-0.07473452  0.03173942],[-0.02688871  0.01405299],[-0.07069656  0.05976523],[-0.08134952  0.00463258],[-0.09465425  0.05950623],[-0.02626801  0.05370711],[-0.06579937  0.01743411],[-0.07615189  0.02469361],[-0.1016475   0.07793212],[-0.05544987  0.03721788],[-0.03859887 -0.02064372],[-0.10886528  0.00934726],[-0.02477015  0.03687476]
[-0.02447298  0.00959207],[-0.0533064   0.05511785],[-0.10800991  0.02594515],[-0.10255512  0.06013149],[-0.11674065 -0.01535484],[-0.08192825  0.04731199],[-0.09953924  0.03654183],[-0.06065429  0.00753524],[-0.04437549  0.02984928],[-0.07931914  0.03592083],[-0.07914699  0.04119988],[-0.05309059  0.01512422],[-0.11775882  0.05742124],[-0.09400348  0.06036093],[-0.0469133   0.03959953],[-0.06085421  0.04469271],[-0.01600231  0.02933027],[-0.06971424  0.01672037],[-0.09242543  0.01194392],[-0.10396164  0.06748727],[-0.06265341  0.03756055],[-0.04235402  0.03287577],[-0.03909466  0.05517087],[-0.08600193  0.06886198],[-0.0871248  -0.01160339],[-0.02939854  0.05730907],[-0.09031003  0.00452747],[-0.04775684  0.04926949],[-0.07398695  0.04623776],[-0.1034357   0.01034484],[-0.073277    0.05761921],[-0.08829438  0.04138234],[-0.03869967  0.05325314],[-0.0832546   0.03922552],[-0.09578907  0.0438092 ],[-0.05609674  0.05538772],[-0.09707699  0.04547355],[-0.08415879  0.04465495],[-0.08218951  0.03323488],[-0.03972737  0.03905961],[-0.10652193  0.0419037 ],[-0.03814206  0.04695003],[-0.11849277  0.01140488],[-0.0458051   0.04911708],[-0.03257496  0.04867172],[-0.02895846  0.0166892 ],[-0.06427515  0.05823028],[-0.07030718  0.04123004],[-0.03470343  0.05902063],[-0.06028352  0.04842314],[-0.1003738   0.04875145],[-0.08091044  0.03264273],[-0.04898306  0.01910839],[-0.04452087  0.05882723],[-0.08522553  0.06293708],[-0.03881437  0.05813304],[-0.07257735  0.0828343 ],[-0.11054233  0.01170801],[-0.08939517 -0.00603587],[-0.10177579  0.06426315],[-0.07016376 -0.06823654],[-0.09120486  0.03314384],[-0.08842728  0.04674575],[-0.08944225 -0.01806236],[-0.03349666  0.01972658],[-0.02630663  0.03429403],[-0.0306975   0.03149533],[-0.05616845  0.04807818],[-0.01230684  0.04115347],[-0.06002387  0.04242238],[-0.06538789  0.06738906],[-0.06080178  0.03857459],[-0.10574222 -0.01823552],[-0.11304382  0.0352145 ],[-0.12017014  0.01521159],[-0.03174029  0.03791678],[-0.09695029  0.04110816],[-0.08297066  0.01506855],[-0.06528149  0.04329989],[-0.03733797  0.01527283],[-0.10553285  0.04622716],[-0.00061061  0.03912515],[-0.04260527  0.01364545],[-0.11038858  0.0081488 ],[-0.03889841  0.00376123],[-0.11462203  0.06386936],[-0.09123497  0.05597531],[-0.08741402  0.06390274],[-0.00666529 -0.00171562],[-0.08298197  0.05934778],[-0.09064456  0.05120955],[-0.02228435  0.02312369],[-0.09419965  0.01981749],[-0.12043063 -0.01040926],[-0.0797214   0.02878513],[-0.1116515   0.05236243],[-0.0728607  -0.03669412],[-0.02338442 -0.00553084],[-0.11307818  0.05380804],[-0.05789632 -0.0198205 ],[-0.07080299  0.03284075],[-0.11240222  0.03233955],[-0.06647173  0.0563895 ],[-0.08846898  0.03765318],[-0.0846462   0.03578778],[-0.08127027  0.04433452],[-0.09491474  0.00481592],[-0.07105571  0.05835075],[-0.07658795  0.03321263],[-0.10545561  0.0305367 ],[-0.09602613 -0.02226545],[-0.05763153  0.0294811 ],[-0.09029927  0.0504388 ],[-0.10259717  0.03734761],[-0.0822995   0.03781937],[-0.08952325  0.03774315],[-0.09492683  0.01891416],[-0.04628936  0.05182433],[-0.11250893  0.07213905],[-0.03263731  0.04905358],[-0.05419561  0.05146772],[-0.01824956  0.01521294],[-0.04122177  0.05043468],[-0.09029896  0.03831575],[-0.06913965  0.01774941],[-0.04426417  0.05609553],[-0.0778051   0.04444901],[-0.1099041   0.05558241],[-0.0852009   0.05635573],[-0.06964587  0.03740915],[-0.07245556  0.02191909],[-0.03820127  0.01585483],[-0.06728298  0.05716627],[-0.08291797 -0.0016024 ],[-0.07614256  0.04771787],[-0.00537735  0.04002553],[-0.07450816  0.02700618],[-0.07833283  0.0189505 ],[-0.09135223  0.06099248],[-0.07098191  0.06129108],[-0.04205029  0.00267009],[-0.09171917  0.04557336],[-0.00326636  0.03741914]
[-0.0885381  -0.01626312],[-0.06831808  0.04199381],[-0.11736893  0.00187347],[-0.07890441  0.0322287 ],[-0.12549117 -0.03515101],[-0.09285285  0.05122268],[-0.1069533  0.0248373],[-0.05773701  0.00557813],[-0.03269636 -0.00079761],[-0.06789383  0.01667314],[-0.05313867  0.02125484],[-0.05673351  0.02655671],[-0.10835019  0.04049145],[-0.06668815  0.02886896],[-0.0531317   0.01095125],[-0.07234397  0.02817908],[-0.01310772  0.03507351],[-0.05316832 -0.0069918 ],[-0.08741895  0.00786706],[-0.08706587  0.0344708 ],[-0.0602328   0.01334355],[-0.02841745  0.0207719 ],[-0.04013591  0.04521632],[-0.09866329  0.06300771],[-0.08080244  0.00954517],[-0.02535514  0.04193718],[-0.07779718  0.00256817],[-0.07353638  0.05816999],[-0.0694055   0.05391518],[-0.11012325 -0.00130791],[-0.06315264  0.03151454],[-0.08756452  0.04538945],[-0.0310789   0.03489843],[-0.08039614  0.02369666],[-0.0926718   0.01282975],[-0.05693959  0.04810924],[-0.10005067  0.0009977 ],[-0.08976723  0.04047219],[-0.08322529  0.04660051],[-0.03674269  0.02900973],[-0.10168362  0.02121961],[-0.04139876  0.03063085],[-0.12039021  0.00702849],[-0.05038515  0.00594615],[-0.0351285   0.03584777],[-0.042495    0.03066378],[-0.04780766  0.04570922],[-0.07689127  0.04853882],[-0.02649757  0.0375016 ],[-0.03506461  0.00271339],[-0.08748     0.04275895],[-0.08328947  0.01727969],[-0.04839328  0.01107696],[-0.04246449  0.03943056],[-0.07110578  0.03561943],[-0.02780733  0.04698739],[-0.04429902  0.05971061],[-0.12033937 -0.01018404],[-0.05771361  0.00294979],[-0.11130478  0.06760868],[-0.10551793 -0.03803714],[-0.07732405  0.01312157],[-0.10211841  0.03167807],[-0.08718873 -0.00810723],[-0.04308453  0.00067839],[-0.05351533  0.04442668],[-0.04493205  0.01784203],[-0.05672728  0.03462638],[-0.01525547  0.03953895],[-0.05000056  0.03149615],[-0.06455226  0.0511975 ],[-0.09665776  0.04760707],[-0.10800026 -0.02612917],[-0.09860819  0.01984451],[-0.10358246  0.01268803],[-0.02702478  0.02286136],[-0.08554415  0.0363403 ],[-0.09107422 -0.00668687],[-0.05697332  0.03655066],[-0.03888155  0.02153219],[-0.09291127  0.04116027],[0.01023173 0.01147682],[-0.04481544 -0.00624412],[-0.08192295 -0.00042529],[-0.02873919 -0.00529589],[-0.10024511  0.03675951],[-0.0910188   0.03876381],[-0.0700765   0.04038569],[-0.02809173 -0.00093436],[-0.05543177  0.05055195],[-0.09186364  0.03263539],[-0.00789645  0.0050387 ],[-0.09982046 -0.0031851 ],[-0.12880951 -0.01327734],[-0.08680303  0.01845506],[-0.08232419  0.03110281],[-0.06040199 -0.07236975],[-0.00544486 -0.0535223 ],[-0.10815573  0.04295597],[-0.05723749 -0.02746597],[-0.0754611   0.01731523],[-0.11248954  0.04470306],[-0.0537943  0.0392937],[-0.09977282  0.04829882],[-0.081411    0.02380957],[-0.082708    0.04211168],[-0.09711321 -0.0041378 ],[-0.06932118  0.04298323],[-0.06214909  0.01971563],[-0.09942909  0.04600051],[-0.09892937 -0.02998825],[-0.05753042  0.03215913],[-0.10330492  0.04840371],[-0.08945873  0.02598897],[-0.08060525  0.01816082],[-0.05978686  0.01839719],[-0.08508418  0.02090633],[-0.06475703  0.03032276],[-0.08832232  0.05040119],[-0.03628662  0.03362231],[-0.07179005  0.07261293],[-0.03917362  0.01080105],[-0.03504683  0.04792963],[-0.09195014 -0.00191689],[-0.05967779  0.00559271],[-0.04886972  0.03599408],[-0.0829174   0.03225755],[-0.0880324   0.01954816],[-0.07753369  0.03911245],[-0.03516231  0.00637143],[-0.07294916  0.03402076],[-0.03686365 -0.0056696 ],[-0.08233453  0.06108515],[-0.07474986 -0.03161593],[-0.06661452  0.02773585],[-0.0205358   0.04910607],[-0.06034612  0.03125813],[-0.0911544  -0.00335351],[-0.08958531  0.05679781],[-0.05889853  0.0431808 ],[-0.01733031  0.00219185],[-0.09318692 -0.0096531 ],[-0.00403551  0.03148274]
[-0.08988629  0.03939011],[-0.09215272  0.06016837],[-0.11995501  0.02292522],[-0.11333544  0.04253594],[-0.11753412 -0.00029352],[-0.10371623  0.05664143],[-0.11202238  0.00874623],[-0.06002387  0.00774951],[-0.03501373  0.02594447],[-0.06432094  0.04176972],[-0.0853079   0.02715885],[-0.06965934  0.02311721],[-0.11987782  0.05745825],[-0.0595715   0.04088384],[-0.06538177  0.01505804],[-0.08422995  0.03260505],[-0.01171524  0.04006399],[-0.04335005  0.03268725],[-0.09229764  0.0294282 ],[-0.10733617  0.04622934],[-0.05394274  0.01090999],[-0.04342816  0.016824  ],[-0.04402298  0.05229652],[-0.07914793  0.04312858],[-0.0887472   0.01325754],[-0.04243488  0.0449407 ],[-0.10443643 -0.00753782],[-0.08552486  0.0396396 ],[-0.07189102  0.03744121],[-0.11357184  0.00675731],[-0.06574239  0.03964825],[-0.0825219   0.03832959],[-0.04779997  0.03754034],[-0.07110555  0.02575737],[-0.09298959  0.01370498],[-0.03446706  0.01355665],[-0.09673449  0.02930696],[-0.09498148 -0.00473251],[-0.10351733  0.05163145],[-0.04912735  0.0215659 ],[-0.11621521  0.03387245],[-0.05518442  0.0411963 ],[-0.1255137   0.02431732],[-0.08512837 -0.00226964],[-0.03846435  0.04165494],[-0.06553315  0.03933068],[-0.06921606  0.0499307 ],[-0.05267505  0.04268714],[-0.05197982  0.06069718],[-0.04050509  0.00618232],[-0.1093624   0.01024098],[-0.09047415  0.0386972 ],[-0.06900072  0.0085923 ],[-0.05983368  0.05890435],[-0.07918342  0.03962385],[-0.04754011  0.05749112],[-0.05566951  0.05433877],[-0.1198202  -0.01059739],[-0.09215202 -0.01648573],[-0.10770423  0.05399315],[-0.1293535 -0.0417296],[-0.0883869   0.02452078],[-0.08103512  0.02240346],[-0.08901524  0.03789257],[-0.05163535  0.01688524],[-0.05737223  0.02121694],[-0.03775878  0.01101593],[-0.06914962  0.05161193],[-0.01361768  0.03907778],[-0.04853589  0.03272663],[-0.0694806   0.05557671],[-0.10600314  0.04998524],[-0.11994884 -0.00162728],[-0.11844275  0.04577776],[-0.10877172  0.02214657],[-0.02983287  0.01874625],[-0.12573442  0.07461941],[-0.09867778  0.01896006],[-0.0809364   0.03420142],[-0.04153215  0.03083501],[-0.11130118  0.05049254],[0.01480288 0.00808448],[-0.0615015   0.00379901],[-0.11852423  0.01405661],[-0.04851414  0.02197398],[-0.09852787  0.03870831],[-0.08555418  0.02825766],[-0.08342849  0.03547601],[-0.04061991  0.02162722],[-0.07806651  0.04933986],[-0.08597026  0.02566443],[-0.0202757   0.01668185],[-0.11604538 -0.0031699 ],[-0.13664192  0.00475561],[-0.1066386   0.02002872],[-0.09574275  0.0216256 ],[-0.06794496 -0.05339257],[ 0.00374742 -0.04008554],[-0.1110023   0.05183839],[-0.05020648 -0.04980346],[-0.0747536   0.02687849],[-0.12426054  0.04027881],[-0.07086254  0.04429731],[-0.1251772   0.06162091],[-0.07209519  0.00917384],[-0.09046838  0.03737758],[-0.09707788  0.00906263],[-0.0808906   0.03135994],[-0.05896827  0.03563859],[-0.1150929   0.04231538],[-0.10398688 -0.02061927],[-0.06725205  0.02842873],[-0.09955648  0.0492182 ],[-0.11874143  0.0213003 ],[-0.09886401  0.04485377],[-0.06718806  0.02454202],[-0.1038088   0.04325644],[-0.07858594  0.02877047],[-0.09793852  0.04165867],[-0.05787513  0.04011434],[-0.06766529  0.05546527],[-0.03829475 -0.00152982],[-0.02706686  0.03842799],[-0.09842447  0.04356385],[-0.07852916  0.02209349],[-0.07057402  0.05074752],[-0.09428365  0.0401331 ],[-0.09781472  0.02059702],[-0.09612041  0.04840792],[-0.06033584  0.00774353],[-0.07315341 -0.00052087],[-0.05528051  0.02106   ],[-0.08199023  0.05411204],[-0.06602665 -0.03647332],[-0.07832267  0.03702835],[-0.02301684  0.04871771],[-0.08944418  0.04604903],[-0.11703626 -0.00493547],[-0.10749153  0.07072356],[-0.06237502  0.04582278],[-0.02034889  0.03528582],[-0.10624415  0.00470288],[-0.0272703   0.02739587]
[-0.07858584  0.04832918],[-0.09457388  0.06360498],[-0.1320444  -0.00825974],[-0.10364232  0.03456751],[-0.12135655 -0.00778297],[-0.11221593  0.05527289],[-0.12876403  0.00341132],[-0.05380365  0.00733316],[-0.03196744  0.02449871],[-0.05031455  0.02990018],[-0.09115142  0.02199772],[-0.04928102  0.02224568],[-0.1143574   0.03480664],[-0.06723452  0.04286588],[-0.07267485  0.01707492],[-0.07725825  0.03710604],[-0.03666246  0.04216986],[-0.04535285  0.058072  ],[-0.09230543  0.0045802 ],[-0.09970885  0.0559909 ],[-0.06776734  0.00135921],[-0.07379057  0.03683347],[-0.03618122  0.02636359],[-0.08975617  0.04207406],[-0.09593994 -0.0179639 ],[-0.04899171  0.04257267],[-0.10872755 -0.00714222],[-0.0945923   0.04967922],[-0.07267059  0.04073177],[-0.11783081 -0.0115505 ],[-0.06974193  0.0399133 ],[-0.10272936  0.03907669],[-0.05605715  0.03076947],[-0.07411592  0.00938283],[-0.10128165  0.00598783],[-0.03364597  0.01927891],[-0.1083893   0.03545763],[-0.04623453 -0.02877409],[-0.11205033  0.03220722],[-0.04750232  0.02827455],[-0.10610656  0.00571995],[-0.06395768  0.04035715],[-0.12255924  0.00814923],[-0.06320141  0.01427332],[-0.04063118  0.03615757],[-0.06724095  0.01110559],[-0.05904507  0.04414857],[-0.04734977  0.00646571],[-0.04963074  0.03066042],[-0.05076763  0.0089925 ],[-0.08997152  0.00706531],[-0.09841879  0.03581389],[-0.08516706  0.01688322],[-0.07920051  0.06055107],[-0.08206759  0.02419012],[-0.04879582  0.04203925],[-0.06057901  0.04689659],[-0.11473631  0.00591497],[-0.09166921  0.01041267],[-0.08703194  0.0398914 ],[-0.08471356 -0.06634101],[-0.0648094   0.01076549],[-0.08605772  0.01370913],[-0.08530869  0.0162398 ],[-0.05800711 -0.00342913],[-0.04091597 -0.00037136],[-0.0426591  -0.00855796],[-0.06675603  0.03384097],[-0.01266104  0.03434289],[-0.0741344   0.04220402],[-0.07797693  0.06010425],[-0.11375008  0.0352888 ],[-0.12162615  0.01274325],[-0.10680725  0.04546868],[-0.10324458 -0.00565722],[-0.05620181  0.02000504],[-0.09327994  0.03436391],[-0.11532963  0.02944111],[-0.08355913  0.01935747],[-0.02318051  0.00398376],[-0.10450969  0.0314169 ],[0.00861874 0.01133538],[-0.07501682  0.00864413],[-0.11976201  0.00633119],[-0.03608523  0.02953264],[-0.12100445  0.05897671],[-0.08688564  0.02405426],[-0.08481606  0.04141747],[-0.05547462 -0.00707811],[-0.07866861  0.03697316],[-0.07532559  0.02557998],[-0.01534088 -0.00150912],[-0.10462219  0.00369473],[-0.1181638   0.01685775],[-0.09533402 -0.01159173],[-0.09360182  0.01560495],[-0.04609573 -0.07263061],[-0.00796771 -0.05607606],[-0.13759547  0.05579926],[-0.04244468 -0.04289062],[-0.07801212  0.01701721],[-0.11681608  0.02552233],[-0.07511069  0.04509378],[-0.11936995  0.05400379],[-0.08714543  0.00478875],[-0.07882547  0.03970203],[-0.10412767  0.00580494],[-0.07675347  0.03527477],[-0.07417818  0.02225663],[-0.11000087  0.03003769],[-0.09517472 -0.02577155],[-0.06624174  0.01203581],[-0.1059876   0.04378079],[-0.12672666  0.03457463],[-0.1028158   0.05010725],[-0.08833592  0.0288324 ],[-0.09153561  0.03304656],[-0.05207837  0.00806997],[-0.09073269  0.02773445],[-0.06543945  0.03751549],[-0.0677881   0.05892001],[-0.00957526 -0.00785422],[-0.02526769  0.02680736],[-0.10482226  0.05120935],[-0.07181034  0.0201471 ],[-0.07969458  0.04707104],[-0.0850878   0.01221644],[-0.08672411  0.01658643],[-0.11021192  0.03898093],[-0.06382214  0.03208704],[-0.09001952  0.01630084],[-0.07149536 -0.00661267],[-0.07961096  0.03530924],[-0.04340369 -0.03443766],[-0.07631462  0.03137359],[-0.03676704  0.03099301],[-0.09603979  0.02820781],[-0.11633205 -0.00031975],[-0.10536622  0.05927504],[-0.0609494   0.03525248],[-0.05471646  0.0051254 ],[-0.11014441  0.04121419],[-0.02338749  0.02081589]
[-0.05576991  0.02019824],[-0.09316333  0.05210283],[-0.13086185  0.00617262],[-0.08588932  0.05362299],[-0.12214243  0.00221482],[-0.11418895  0.05336566],[-0.131116   -0.00189479],[-0.03244558 -0.00774609],[-0.0278303   0.01765605],[-0.05825814  0.0368528 ],[-0.06682302  0.01516018],[-0.03675563  0.01948925],[-0.09670597  0.03566239],[-0.05013454  0.0533862 ],[-0.06088229  0.02814389],[-0.0793408   0.05957022],[-0.01828285  0.05245784],[-0.04940078  0.02457665],[-0.10104444  0.02301283],[-0.08203454  0.02817255],[-0.09272895  0.02074481],[-0.08034927  0.04771653],[-0.00850024  0.02611626],[-0.08184507  0.04154714],[-0.08331584 -0.00759577],[-0.04409449  0.05883354],[-0.08543948 -0.00909005],[-0.10903608  0.06905609],[-0.06098954  0.05886805],[-0.12206372 -0.00231369],[-0.08577331  0.06917614],[-0.09997324  0.04907806],[-0.06306312  0.04139743],[-0.07575     0.03234357],[-0.09589586  0.02329525],[-0.01134238  0.03411215],[-0.12741014  0.04756362],[-0.06932303 -0.02653307],[-0.07454421  0.03514253],[-0.03639636  0.03785289],[-0.11687543  0.02142556],[-0.06372311  0.05419688],[-0.1068554   0.01033743],[-0.03134392  0.03990888],[-0.03758702  0.03965708],[-0.07006992 -0.00349226],[-0.04828798  0.05676782],[-0.03847669  0.03479942],[-0.05200662  0.05489747],[-0.03370776  0.00895336],[-0.09762964  0.02518215],[-0.09489528  0.01767622],[-0.08124678  0.02873105],[-0.08688822  0.05400825],[-0.07278406  0.03309923],[-0.05028179  0.05917279],[-0.0348767   0.05668203],[-0.11616711  0.01212894],[-0.08833008  0.04011504],[-0.09937149  0.06485477],[-0.0663697  -0.05449077],[-0.05062786  0.02017087],[-0.08642667  0.03916601],[-0.10350091  0.00631083],[-0.05406006  0.00357762],[-0.0252554  -0.00488751],[-0.05244672  0.0242743 ],[-0.06970593  0.04086388],[-0.01278316  0.04715291],[-0.0709204   0.04516098],[-0.07513905  0.09142895],[-0.0976265   0.03411414],[-0.1295189  0.0078471],[-0.10402631  0.03714995],[-0.11372211 -0.01022367],[-0.06146768 -0.0027417 ],[-0.09482308  0.03612142],[-0.11715635  0.02658807],[-0.0847851   0.02842939],[-0.02243773  0.03138066],[-0.09299075  0.03967385],[0.008534 0.019759],[-0.08326302  0.01582622],[-0.11124406  0.02055242],[-0.0511304   0.03431381],[-0.08902704  0.05471906],[-0.08577024  0.03831002],[-0.09043542  0.04187538],[-0.04018451 -0.01035586],[-0.07979473  0.05728379],[-0.09312885  0.02659055],[-0.01660439  0.00344052],[-0.1044646  0.0088852],[-0.10378834  0.00169644],[-0.08772656  0.00245808],[-0.06897585  0.03367847],[-0.06554089 -0.0284186 ],[-0.00207062 -0.02438077],[-0.11468013  0.04380462],[-0.04837152 -0.03112807],[-0.07366887  0.01498542],[-0.09580649  0.0206416 ],[-0.07942939  0.04802091],[-0.12468333  0.06644036],[-0.06798658  0.01521127],[-0.08924861  0.05530906],[-0.10131144 -0.01079915],[-0.08100177  0.04348774],[-0.07345633  0.0212374 ],[-0.10661683  0.04317162],[-0.09145459 -0.00693957],[-0.04473767  0.01987011],[-0.10488915  0.05266768],[-0.11052062  0.01556304],[-0.11986787  0.05149541],[-0.08083314  0.04256319],[-0.08481845  0.03498029],[-0.03993522  0.00851545],[-0.08761833  0.04851519],[-0.05096703  0.04104583],[-0.08279163  0.06043303],[-0.00483089 -0.00791575],[-0.02510037  0.05289682],[-0.1104397  0.0136374],[-0.08352602  0.01576773],[-0.08065255  0.05820488],[-0.07504389  0.03675829],[-0.08055723  0.02675339],[-0.10608596  0.04291203],[-0.05014633  0.02636985],[-0.08783657 -0.00110659],[-0.07370947 -0.0002231 ],[-0.05845895  0.03662233],[-0.04564466 -0.03622024],[-0.07871038  0.05848285],[-0.02391947  0.04395546],[-0.08666066  0.0321737 ],[-0.10259069 -0.00010664],[-0.09107851  0.06047562],[-0.06254973  0.04607346],[-0.06450046  0.01061444],[-0.12021641  0.02099223],[-0.02651999  0.03791996]
[-0.04398067  0.04901683],[-0.10504908  0.05236468],[-1.5190566e-01  7.7266246e-05],[-0.10312226  0.04081905],[-0.11661261  0.00578392],[-0.11741973  0.05901661],[-0.15297592  0.00481964],[-0.05372578 -0.01012928],[-0.06630846  0.048234  ],[-0.09845232  0.07796459],[-0.09451521  0.02285032],[-0.04980121  0.03392031],[-0.12745091  0.05604528],[-0.05760639  0.05780783],[-0.08011818  0.02220707],[-0.10295974  0.05840083],[-0.04445538  0.05743038],[-0.0571826  0.0716168],[-0.12385551  0.00414215],[-0.09471787  0.07579611],[-0.11537101  0.05245451],[-0.08183664  0.03672409],[-0.02161941  0.02982797],[-0.10573924  0.05158117],[-0.10340891 -0.00535784],[-0.06993897  0.05950722],[-0.09819057 -0.00431156],[-0.12365263  0.06324081],[-0.08137182  0.05622626],[-0.12864614 -0.00208484],[-0.10468421  0.06498602],[-0.13432649  0.05787443],[-0.07090572  0.0535467 ],[-0.09662422  0.03731712],[-0.12445942  0.02011178],[-0.01729348  0.03430917],[-0.12195202  0.02502914],[-0.10742018 -0.01260319],[-0.07373001  0.04554103],[-0.03124122  0.04842026],[-0.13119137  0.03073879],[-0.05979064  0.05000923],[-0.11891089  0.00529626],[-0.03733778  0.01680406],[-0.05451547  0.04685553],[-0.10457727  0.02749645],[-0.05874282  0.05242698],[-0.03269582  0.01818248],[-0.08518542  0.07406002],[-0.06064195 -0.01785115],[-0.11655804  0.00614154],[-0.10121908  0.03168575],[-0.07830469  0.01696051],[-0.1100826   0.06965181],[-0.09652608  0.04745957],[-0.06155258  0.04856401],[-0.03952856  0.0563253 ],[-0.13125432  0.03409369],[-0.1063021   0.02816274],[-0.1161493   0.07065114],[-0.06309811 -0.07755786],[-0.09144985  0.04000141],[-0.08446979  0.05693915],[-0.09185947  0.03437316],[-0.07735053  0.02402746],[-0.03613515 -0.01999617],[-0.09061872  0.03670588],[-0.09929866  0.04685971],[-0.02102704  0.04569117],[-0.09196096  0.06439881],[-0.10376107  0.09147845],[-0.12561712  0.04831469],[-0.14106789  0.02511558],[-0.10448027  0.03827859],[-0.12552157 -0.00056614],[-0.07260767  0.01298935],[-0.12860626  0.06394741],[-0.13766131  0.04589757],[-0.09019773  0.03106881],[-0.03112068  0.01163721],[-0.11941399  0.03227151],[-0.01199733  0.03927824],[-0.1036349   0.04641131],[-0.15071404  0.03002298],[-0.0741327   0.01977971],[-0.09642107  0.0500869 ],[-0.08072688  0.05448869],[-0.08616697  0.06296992],[-0.04332651 -0.01793168],[-0.08827271  0.0444479 ],[-0.08856461  0.0530084 ],[-0.02753334  0.02278426],[-0.13050514  0.02991571],[-0.09385452  0.01897677],[-0.12090168  0.01699527],[-0.07875745  0.04616629],[-0.08852252 -0.01194983],[-0.02594391 -0.0088538 ],[-0.12915361  0.06066322],[-0.07228919 -0.01919023],[-0.07818734  0.04688641],[-0.118769    0.03169232],[-0.07870273  0.0603415 ],[-0.11633263  0.05858545],[-0.08137924  0.02013517],[-0.11343806  0.0444102 ],[-0.12610021 -0.00749325],[-0.08555641  0.0452085 ],[-0.08530784  0.02147851],[-0.11765716  0.03547001],[-0.10589711  0.01503268],[-0.04779976  0.01726012],[-0.12669173  0.06473491],[-0.12338122  0.01989474],[-0.14228788  0.07778649],[-0.08539138  0.03618329],[-0.1142607   0.01380705],[-0.05690004  0.01755208],[-0.10172353  0.0597526 ],[-0.07940854  0.05912872],[-0.09279915  0.03941635],[-0.01672605 -0.01166835],[-0.04338551  0.05462653],[-0.11556377  0.02351703],[-0.09651309  0.02060315],[-0.10853273  0.06711331],[-0.10013629  0.04230502],[-0.09119729  0.03980551],[-0.12611622  0.04916147],[-0.0455477   0.03328555],[-0.12688428 -0.00546488],[-0.08947694  0.03199355],[-0.07697507  0.03401944],[-0.05411408  0.00064309],[-0.09386829  0.05731894],[-0.03587349  0.03311815],[-0.09949181  0.04594346],[-0.1300931  -0.00613656],[-0.09329846  0.04787074],[-0.08674788  0.05476684],[-0.04591122  0.02207749],[-0.13185757  0.01338574],[-0.02511106  0.03342799]
[-0.07087326  0.0208597 ],[-0.11626833  0.06099564],[-0.13539448 -0.00045333],[-0.10205952  0.03965883],[-0.12901899 -0.00175187],[-0.13816217  0.06636608],[-0.13378564  0.02520182],[-0.02649704 -0.0200695 ],[-0.06182656  0.01804281],[-0.08206769  0.04543735],[-0.11440931  0.03769775],[-0.04056433  0.03595028],[-0.12423103  0.04663509],[-0.04689341  0.0412677 ],[-0.07948846  0.01898088],[-0.08520143  0.0532282 ],[-0.05807922  0.05307037],[-0.04918916  0.03805805],[-0.10321831  0.0029114 ],[-0.08111177  0.047227  ],[-0.09309245  0.01961691],[-0.09842367  0.05123125],[-0.01046588  0.01744461],[-0.10142294  0.03518387],[-0.10092156  0.03926141],[-0.06318429  0.04761389],[-0.08611176  0.01734408],[-0.10325938  0.05201113],[-0.09472061  0.06913155],[-0.13023517 -0.00543748],[-0.0672785   0.03422502],[-0.12371136  0.06236115],[-0.08216828  0.04429666],[-0.10985915  0.02643715],[-0.10930847  0.01569783],[-0.03071581  0.05295233],[-0.1165541   0.04240473],[-0.11350698 -0.01930337],[-0.06517579  0.04284102],[-0.03986385  0.05242588],[-0.12242366  0.02251532],[-0.06087112  0.048472  ],[-0.12413701 -0.00279394],[-0.01984926  0.00152803],[-0.03586619  0.0301131 ],[-0.09751616  0.00976082],[-0.06135281  0.04280306],[-0.01777177  0.00526002],[-0.08323375  0.07018989],[-0.03892596 -0.02109974],[-0.10938498  0.01417239],[-0.08973519  0.01335998],[-0.0731457   0.01892969],[-0.10065558  0.05548542],[-0.10216717  0.04451553],[-0.03424872  0.03229185],[-0.02746637  0.03564231],[-0.11188693  0.01882159],[-0.09987324  0.02223191],[-0.10949854  0.07357846],[-0.09836998 -0.05252033],[-0.09766646  0.03497095],[-0.08015307  0.04197808],[-0.0867437   0.01486854],[-0.06998973  0.00374266],[-0.0280669  -0.01956918],[-0.06704738  0.01914632],[-0.10990737  0.06333047],[-0.03480253  0.04380122],[-0.0975193   0.06257471],[-0.07922313  0.05401332],[-0.12597466  0.04962802],[-0.13318482  0.01550954],[-0.09483907  0.01315017],[-0.1308724  -0.02821409],[-0.04832443  0.00591249],[-0.10752385  0.04800537],[-0.1455523   0.04025596],[-0.09226675  0.04581378],[-0.04416347  0.03680764],[-0.10805353  0.0465835 ],[-0.02640171  0.02902596],[-0.10011003  0.03228919],[-0.11590553 -0.00187422],[-0.07029014  0.02511399],[-0.0966844   0.05611484],[-0.10030589  0.06390619],[-0.08356036  0.01067578],[-0.01943591 -0.02064187],[-0.06791293  0.04658773],[-0.0606415   0.03705601],[ 0.006846   -0.00282042],[-0.10160737  0.01729101],[-0.13230479  0.00518775],[-0.10346854  0.02959117],[-0.11586573  0.07259862],[-0.08646888 -0.00804373],[-0.03910749 -0.01180777],[-0.12549073  0.03487204],[-0.07439943 -0.00758622],[-0.07357142  0.02559285],[-0.12565678  0.02585662],[-0.06286982  0.03841689],[-0.10671351  0.04861661],[-0.07937972  0.0236317 ],[-0.11707415  0.06378476],[-0.11090029 -0.00674357],[-0.07936148  0.0519225 ],[-0.07523812  0.01014708],[-0.12681815  0.03529491],[-0.09047974 -0.00723716],[-0.05475372  0.01380016],[-0.12345811  0.05797366],[-0.12021393  0.01953776],[-0.13955507  0.06651981],[-0.06972409  0.01495262],[-0.10387338  0.02365046],[-0.07135164  0.02275193],[-0.10565113  0.05731418],[-0.06729712  0.04076672],[-0.05046063  0.03588931],[-0.00503665 -0.03739864],[-0.04908509  0.05641347],[-0.12492136  0.00213676],[-0.09690689  0.03647134],[-0.10146766  0.0533045 ],[-0.09362049  0.03741189],[-0.08036326  0.02043699],[-0.11449536  0.04827024],[-0.0644526   0.03625396],[-0.12835917  0.01734687],[-0.09224623  0.02331615],[-0.07418697  0.01470802],[-0.05576117 -0.00269971],[-0.11014295  0.06560491],[-0.02863358  0.03843364],[-0.09819361  0.03638758],[-0.12765953 -0.00770796],[-0.09235432  0.05401905],[-0.07908495  0.03913744],[-0.03548561 -0.00674988],[-0.11374196  0.00092079],[-0.02999207  0.0260662 ]
[-0.04063898  0.0246167 ],[-0.08369135  0.05217998],[-0.10524496  0.01274833],[-0.09336752  0.06681226],[-0.11345752  0.00531345],[-0.09068117  0.0507371 ],[-0.09340227  0.04027117],[-0.0140979  -0.02507091],[-0.0616389   0.05241256],[-0.06474486  0.07941544],[-0.08617022  0.0458549 ],[-0.03104003  0.05077117],[-0.12144106  0.07211772],[-0.05319368  0.06593485],[-0.0694771   0.02636432],[-0.07685409  0.0599773 ],[-0.05686936  0.07919978],[-0.0362559   0.05460614],[-0.09736811  0.00644098],[-0.0634217   0.04125512],[-0.09294679  0.04215856],[-0.08463501  0.06454374],[-0.01375336  0.04593864],[-0.07156556  0.0458624 ],[-0.08196332  0.01638438],[-0.06109903  0.06618549],[-0.08187791  0.01902485],[-0.06527078  0.05170999],[-0.08175402  0.0676205 ],[-0.11476011  0.01884   ],[-0.06263922  0.06889564],[-0.08530825  0.04209563],[-0.09195266  0.06879516],[-0.10766526  0.06321402],[-0.10438018  0.03467575],[-0.01802333  0.05774752],[-0.09876404  0.04570351],[-0.12514767 -0.00461682],[-0.05336292  0.0288568 ],[-0.03274412  0.06774655],[-0.12533545  0.03492141],[-0.04894052  0.07102774],[-0.11041821  0.03460209],[-0.03323057  0.01261804],[-0.02983209  0.04273101],[-0.07642011  0.01127059],[-0.06699238  0.07643695],[-0.01104447  0.04610838],[-0.05047002  0.0836758 ],[-0.01082364  0.00370687],[-0.09300499  0.05586484],[-0.08413703  0.03444992],[-0.05803485  0.03822247],[-0.0891121   0.07752368],[-0.09840278  0.06358774],[0.00457448 0.02734143],[-0.00849622  0.04136935],[-0.10974129  0.033093  ],[-0.1037726   0.00746367],[-0.10239994  0.0565586 ],[-0.10343403  0.01601674],[-0.10023298  0.0512964 ],[-0.06733657  0.05599579],[-0.09054851 -0.00187587],[-0.06002675  0.02276656],[-0.00961129  0.01962545],[-0.0663697   0.05423662],[-0.0969603   0.07577513],[-0.02541534  0.06029702],[-0.09269599  0.08161281],[-0.05561534  0.06319124],[-0.10462063  0.06749505],[-0.12769225  0.03046879],[-0.10913267  0.05693742],[-0.10535204 -0.00376746],[-0.03497991  0.04767548],[-0.0941843  0.060449 ],[-0.12182663  0.05074668],[-0.07380041  0.04375939],[-0.02668602  0.04190144],[-0.10569569  0.05708714],[-0.03198612  0.04831043],[-0.07503746  0.04845954],[-0.11028501  0.0436849 ],[-0.06803431  0.02902878],[-0.05776702  0.05023367],[-0.09291818  0.06985517],[-0.09057481  0.05146972],[-0.02578057 -0.00645587],[-0.05933289  0.0519754 ],[-0.04924446  0.03219729],[0.00776291 0.01766301],[-0.0959113   0.01702478],[-0.1189988   0.02773723],[-0.0851192   0.05245948],[-0.10473286  0.08116232],[-0.09990139  0.01318027],[-0.03498718  0.03891452],[-0.10797436  0.05988144],[-0.0705205   0.01357513],[-0.06260373  0.04620288],[-0.11631136  0.05465786],[-0.06824978  0.07095787],[-0.09170575  0.07022828],[-0.06293029  0.0277908 ],[-0.10622845  0.05988181],[-0.10141254  0.01411288],[-0.08482202  0.06390005],[-0.07447408  0.03777109],[-0.11413505  0.0259979 ],[-0.08783383  0.01863369],[-0.04751401  0.03610298],[-0.10988823  0.07856734],[-0.11323489  0.05114378],[-0.1304465   0.07765508],[-0.05563942  0.03431979],[-0.09044742  0.01139734],[-0.04176044  0.03055942],[-0.08145995  0.06866635],[-0.05647311  0.05602051],[-0.02340401  0.05244719],[0.00493105 0.00408014],[-0.02207398  0.05229477],[-0.12700647  0.00686957],[-0.09791236  0.04722517],[-0.10021716  0.07891475],[-0.09272184  0.06500763],[-0.07566977  0.02888774],[-0.09868445  0.07791522],[-0.04009415  0.05054479],[-0.07922786  0.01640208],[-0.06273701  0.04254289],[-0.04566085  0.01211013],[-0.06939416  0.00946089],[-0.09167454  0.0649427 ],[-0.01037041  0.04832011],[-0.09152871  0.05917423],[-0.11251766  0.01371751],[-0.0720185   0.06074082],[-0.07965211  0.06937204],[-0.04440074  0.0201236 ],[-0.08484279  0.01347886],[-0.03223523  0.04408906]
[-0.05291125  0.03851714],[-0.07559753  0.03882134],[-0.13874006 -0.03027978],[-0.09731048  0.03620482],[-0.11400189 -0.00914532],[-0.09625462  0.02422209],[-0.11757759  0.03183615],[-0.04529123 -0.02620101],[-0.04917035  0.05190488],[-0.06147969  0.05230689],[-0.09204101  0.0387919 ],[-0.04359021  0.0512026 ],[-0.11201633  0.04797613],[-0.05396583  0.05107359],[-0.08470584  0.00067315],[-0.0633144   0.04161714],[-0.06956541  0.08001217],[-0.05715644  0.04560169],[-0.12406816 -0.02039633],[-0.07613446  0.03732234],[-0.09143014  0.03838992],[-0.06652411  0.0428922 ],[-0.01289122  0.0420592 ],[-0.06591758  0.03271483],[-0.09545431 -0.01346241],[-0.047409    0.05468774],[-0.08221751  0.02271045],[-0.06847804  0.04628323],[-0.10494863  0.08632971],[-0.13625854 -0.02930675],[-0.06473783  0.0393285 ],[-0.09284937  0.04303312],[-0.09514128  0.06978132],[-0.13733608  0.05500282],[-0.11511967  0.01380168],[-0.01741431  0.06110267],[-0.09778663  0.00280409],[-0.14218459  0.00771553],[-0.04753358  0.01728229],[-0.04105944  0.06328015],[-0.12782252 -0.02161606],[-0.05409716  0.05820982],[-0.12209674  0.02824431],[-0.07862518  0.00223267],[-0.04907104  0.04331774],[-0.08225196  0.02144472],[-0.06563996  0.06250422],[-0.03372479  0.01998318],[-0.04696117  0.03898785],[-0.04323654 -0.02573409],[-0.11072252  0.00701069],[-0.10197515  0.04999184],[-0.05330964  0.01703346],[-0.07933027  0.05443842],[-0.10025283  0.05306606],[0.0011286  0.00299413],[-0.01587052  0.0388329 ],[-0.12970242  0.03811007],[-0.10630309 -0.01006922],[-0.11131961  0.02055782],[-0.12145511  0.00421122],[-0.1087708   0.03008243],[-0.08709357  0.03416252],[-0.10324835 -0.01627047],[-0.07959682  0.04355431],[-0.04218204  0.02785315],[-0.07832336  0.03021508],[-0.10801966  0.03775176],[-0.03122341  0.05219316],[-0.09828261  0.06146693],[-0.07133171  0.05915662],[-0.10605954  0.04351281],[-0.13548222  0.01509792],[-0.11363593  0.05335199],[-0.11807499 -0.02463303],[-0.03334908  0.0313449 ],[-0.08304577  0.02763729],[-0.1394732   0.03310815],[-0.06405921  0.02675746],[-0.01193196  0.02903743],[-0.10226104  0.03821871],[-0.03901938  0.04915259],[-0.08085204  0.04305156],[-0.11819199 -0.001633  ],[-0.07263007  0.02350243],[-0.09248211  0.06179012],[-0.08934874  0.05397014],[-0.08987465  0.04384553],[-0.01039726 -0.01652528],[-0.08130848  0.05081521],[-0.06154852  0.0428757 ],[-0.00027577  0.02239525],[-0.09525152  0.02065582],[-0.11171644  0.0417821 ],[-0.10024505  0.03550669],[-0.12904441  0.07316811],[-0.11409565  0.01800412],[-0.08317561  0.04200257],[-0.10692943  0.03497947],[-0.07844102  0.02479751],[-0.0859032   0.04849351],[-0.12605241  0.05005387],[-0.08160246  0.07613377],[-0.09442284  0.05537855],[-0.09454157  0.03980599],[-0.10128074  0.04781422],[-0.1224134  -0.01308347],[-0.08739323  0.06004197],[-0.09329622  0.02595475],[-0.11853103 -0.00707172],[-0.11034764 -0.0096077 ],[-0.06560642  0.03421797],[-0.1329377   0.07058628],[-0.12207658  0.05469935],[-0.12895009  0.06118135],[-0.07475303  0.00309049],[-0.10562447  0.02097587],[-0.05548783  0.03849317],[-0.07997046  0.04424051],[-0.06173305  0.05846058],[-0.03619947  0.04401844],[ 0.00060946 -0.00129764],[-0.03815951  0.06306724],[-0.12383553  0.0195602 ],[-0.11324263  0.05460938],[-0.10658623  0.05410862],[-0.1053796   0.01429956],[-0.07197322  0.02803469],[-0.10165707  0.05489629],[-0.06851543  0.06141002],[-0.08806784  0.02770305],[-0.08335107  0.00924411],[-0.05503216  0.02486428],[-0.08923639  0.01717019],[-0.08687706  0.0524536 ],[-0.02314308  0.04277871],[-0.10701338  0.04436546],[-0.11498428 -0.00118377],[-0.07609998  0.05221285],[-0.08571713  0.05043583],[-0.05091154  0.01536525],[-0.08882    -0.01072864],[-0.03743372  0.03921575]
[-0.0519676   0.00697054],[-0.07136298  0.03977672],[-0.12572241 -0.00946418],[-0.09329418  0.0238034 ],[-0.11616079 -0.00546212],[-0.08480544  0.05150444],[-0.1046635   0.05285323],[-0.03883456 -0.01215789],[-0.04722983  0.04029985],[-0.05854329  0.04661162],[-0.082288    0.03145956],[-0.0391928   0.05261562],[-0.10575629  0.0311541 ],[-0.05550758  0.04883626],[-0.08883061 -0.00088891],[-0.0771421  0.0603339],[-0.06151408  0.07143089],[-0.07206139  0.02273893],[-0.12259031 -0.01244624],[-0.09344011  0.02683415],[-0.08367475  0.0295612 ],[-0.07931411  0.05840322],[-0.01544127  0.03921394],[-0.06529956  0.04206401],[-0.07814003 -0.0109577 ],[-0.04891623  0.05380705],[-0.06424704  0.0438634 ],[-0.0769617   0.04245567],[-0.0956833   0.06977229],[-0.13171089 -0.02822011],[-0.07443698  0.05033406],[-0.08681092  0.05964701],[-0.0846182   0.06012186],[-0.12877148  0.04305704],[-0.07906397  0.00646804],[-0.0182309   0.05281769],[-0.07037887 -0.00016775],[-0.13083872 -0.00796718],[-0.04622761  0.02798394],[-0.03557429  0.05841027],[-0.12900645  0.0026626 ],[-0.04435065  0.05872028],[-0.13063815  0.01527337],[-0.07030339  0.02610714],[-0.03231191  0.03104702],[-0.07926536  0.02881716],[-0.06039842  0.05550246],[-0.04099255  0.03028204],[-0.05588602  0.0644833 ],[-1.2782935e-02 -7.2930008e-05],[-0.11677624 -0.01520155],[-0.11282646  0.02786188],[-0.06824444  0.03277896],[-0.06295039  0.05186187],[-0.10455639  0.06081079],[-0.01174839  0.01847069],[-0.01916603  0.02638705],[-0.12124295  0.03812443],[-0.11720235 -0.00548519],[-0.10092635  0.05777946],[-0.11433835 -0.02215815],[-0.1048051   0.04242452],[-0.08102641  0.02853654],[-0.08956728  0.02396849],[-0.08620191  0.02783265],[-0.03813533  0.03388308],[-0.04013127  0.0356042 ],[-0.11372941  0.05803942],[-0.04521298  0.0425492 ],[-0.09546421  0.05664124],[-0.06049345  0.06813398],[-0.08617602  0.05195447],[-0.12086005  0.02829262],[-0.10499678  0.0495827 ],[-0.10833307 -0.02707488],[-0.00692038  0.03282166],[-0.09072136  0.03844387],[-0.12682289  0.005917  ],[-0.0471251   0.01391016],[-0.04002571  0.03380106],[-0.09526256  0.03912441],[-0.02881589  0.03551833],[-0.07488939  0.04242748],[-0.11556607  0.01427235],[-0.07794338  0.04203828],[-0.06885769  0.06953013],[-0.1062628  0.079152 ],[-0.08845731 -0.01185368],[ 0.00050263 -0.01415267],[-0.07152088  0.0656524 ],[-0.07208684  0.04985495],[0.0177338  0.01259117],[-0.0961897  0.0126042],[-0.12929308  0.0140594 ],[-0.08556356  0.04082075],[-0.11479356  0.080459  ],[-0.09490777  0.02912046],[-0.06318263  0.04755399],[-0.09557735  0.05788672],[-0.06207607  0.02781393],[-0.09267046  0.04382789],[-0.1203528   0.04520774],[-0.063992    0.05140058],[-0.10339019  0.0638281 ],[-0.07801899  0.03840927],[-0.09375807  0.05050611],[-0.11894087 -0.00704216],[-0.09131668  0.05858601],[-0.05465121  0.02449387],[-0.12328585 -0.0140425 ],[-0.10782418 -0.03639654],[-0.08065432  0.04970546],[-0.12993973  0.06823409],[-0.12843227  0.04700508],[-0.10845303  0.04915192],[-0.08457292  0.01129882],[-0.09513582  0.0247336 ],[-0.06544682  0.02966571],[-0.07923634  0.05246842],[-0.0532809   0.04401369],[-0.02847706  0.03317164],[-0.00318546 -0.00904852],[-0.0274512   0.03768155],[-0.1082072   0.02670408],[-0.11901387  0.06582291],[-0.1013617   0.05121401],[-0.09836904  0.02778876],[-0.08188484  0.02980557],[-0.08859169  0.04956492],[-0.06488664  0.05921556],[-0.08407179  0.00837171],[-0.07216851  0.0147667 ],[-0.04001832  0.02466304],[-0.08288109  0.02449338],[-0.09423082  0.05847463],[-0.02411138  0.04709089],[-0.11765372  0.05026599],[-0.12317839 -0.01420114],[-0.08339811  0.05570548],[-0.08335324  0.0651083 ],[-0.02913263  0.01235855],[-0.11553525 -0.02751406],[-0.05777068  0.04622012]
[-0.05850789  0.02627851],[-0.06740955  0.04346621],[-0.11111581 -0.03402206],[-0.07785849  0.00897555],[-0.10926916 -0.02136602],[-0.08177015  0.02304437],[-0.10067681  0.01750573],[-0.04432282 -0.01945993],[-0.07097691  0.05891261],[-0.06576727  0.04035108],[-0.10151764  0.05755835],[-0.03654495  0.04370208],[-0.12354716  0.07140918],[-0.06597478  0.05353257],[-0.07712293 -0.00409046],[-0.08364607  0.04686307],[-0.07481153  0.0692618 ],[-0.07095873  0.04968334],[-0.11171465 -0.02164948],[-0.07684632  0.02311398],[-0.08667893  0.00952481],[-0.06787255  0.04933488],[-0.02566516  0.03532762],[-0.06804051  0.02725826],[-0.08013993 -0.02927367],[-0.05988476  0.05714101],[-0.07181962  0.03010998],[-0.07609264  0.04376062],[-0.08519163  0.04684962],[-0.1268686  -0.02787983],[-0.06735457  0.06144848],[-0.09764702  0.05371261],[-0.09939428  0.06730174],[-0.11809998  0.0600446 ],[-0.09534217 -0.01037305],[-0.0150709   0.04060825],[-0.07946786  0.01805284],[-0.09115041  0.01661512],[-0.05621198  0.02814919],[-0.03069112  0.05310336],[-0.13118345  0.00350009],[-0.03100194  0.05507269],[-0.11907453  0.0311462 ],[-0.07817397  0.02082209],[-0.03538941  0.03950984],[-0.06092038  0.02176812],[-0.06395161  0.05949601],[-0.01415916  0.02993807],[-0.06081568  0.04080096],[-0.02842118  0.0140803 ],[-0.10243902 -0.01150561],[-0.10796621  0.05427033],[-0.06455576  0.03462603],[-0.06013787  0.04963097],[-0.11079853  0.05892295],[-0.01789443  0.01694532],[-0.0168625   0.03506165],[-0.11828119  0.02631943],[-0.09897441 -0.00284772],[-0.09231646  0.0395092 ],[-0.09423744 -0.02147471],[-0.096334    0.04274751],[-0.08774943  0.03296914],[-0.07737508  0.01799291],[-0.07909633  0.0146629 ],[-0.05521101  0.03124982],[-0.03204093  0.02993702],[-0.09803293  0.03820828],[-0.0322284   0.05587614],[-0.08969075  0.06170498],[-0.06456451  0.06924149],[-0.09160481  0.04437713],[-0.11878737  0.01027147],[-0.12280057  0.07330298],[-0.08118495 -0.02644047],[-0.01444875  0.00236973],[-0.08912302  0.03702733],[-0.11806495  0.02041392],[-0.03543492 -0.00258236],[-0.03958765  0.03377403],[-0.10128439  0.01015894],[-0.03114399  0.0386523 ],[-0.07191502  0.05743228],[-0.10763719  0.02272999],[-0.06318954  0.05010323],[-0.05808081  0.05585428],[-0.0907127   0.08151436],[-0.09302104  0.028851  ],[-0.03166579  0.01400077],[-0.05775379  0.01769587],[-0.06343418  0.04477332],[0.01573553 0.01868787],[-0.09746452  0.01262744],[-0.12111751  0.00930485],[-0.08569638  0.03289366],[-0.12496606  0.07956466],[-0.09480896 -0.00595452],[-0.05605792  0.02770748],[-0.09769387  0.05302062],[-0.05239499  0.01145676],[-0.07253695  0.04996456],[-0.1087895   0.02605841],[-0.07908014  0.05619746],[-0.12154569  0.07747419],[-0.08224394  0.03238021],[-0.09908917  0.04093474],[-0.12455995 -0.00964583],[-0.10375609  0.0601377 ],[-0.06322389  0.00074804],[-0.12460665  0.0032826 ],[-0.10176302 -0.04097417],[-0.08091296  0.04594858],[-0.10868115  0.07004677],[-0.12097926  0.03079763],[-0.10630069  0.06190916],[-0.09722225  0.04008313],[-0.10314669  0.01224838],[-0.0704307  0.0493868],[-0.07706016  0.04335814],[-0.06234658  0.05614671],[-0.03982195  0.02370964],[-0.01924827 -0.00133317],[-0.01310303  0.02454733],[-0.08895861  0.03303753],[-0.10313561  0.04356821],[-0.08822905  0.05616527],[-0.09361442  0.02277944],[-0.07019994  0.03052115],[-0.09816907  0.0616386 ],[-0.08778083  0.06836361],[-0.06342033 -0.00049908],[-0.07151455  0.03183387],[-0.02614322 -0.00956855],[-0.08748134  0.01119141],[-0.10620942  0.05164048],[-0.02882537  0.04486785],[-0.10224011  0.05064427],[-0.11229695 -0.00152405],[-0.07527051  0.06110679],[-0.07483141  0.05258479],[-0.06097861  0.01289785],[-0.09625233 -0.00099481],[-0.04710956  0.04067315]
[-0.08287266  0.05626332],[-0.05825756  0.05065861],[-0.13202578 -0.02772627],[-0.08963568  0.02108635],[-0.12544307 -0.00631161],[-0.08179889  0.04858562],[-0.10697868  0.05923588],[-0.03383224  0.01564955],[-0.05703341  0.04874464],[-0.04256692  0.03754148],[-0.0781265  0.0480588],[-0.04335099  0.05860855],[-0.10591615  0.055909  ],[-0.05598091  0.05774156],[-0.06928401  0.02662983],[-0.07500125  0.04615908],[-0.06799235  0.06775314],[-0.08392677  0.04120776],[-0.10464173  0.01467082],[-0.0857278   0.01973922],[-0.08361011  0.01923272],[-0.07519069  0.06670983],[-0.02665642  0.04736904],[-0.04047056  0.0368726 ],[-0.1071899  -0.00791831],[-0.05478165  0.06471296],[-0.06701404  0.04844228],[-0.08811875  0.06990704],[-0.06999319  0.05078825],[-0.13034326 -0.00684192],[-0.07754684  0.06279297],[-0.09416     0.05679395],[-0.07960834  0.05528249],[-0.13395238  0.06335646],[-0.11001603  0.03012593],[-0.00531961  0.04073955],[-0.07053246  0.03905176],[-0.09169237  0.03749466],[-0.04853214  0.03755133],[-0.0337708  0.0661758],[-0.08989506  0.01657883],[-0.04042307  0.06860101],[-0.11570796  0.02222776],[-0.09088     0.05034182],[-0.03574846  0.04374472],[-0.07138732  0.00755485],[-0.06979304  0.06181202],[-0.02104082  0.0481816 ],[-0.05303537  0.04544991],[-0.05245307  0.03406025],[-0.11228856  0.01463329],[-0.11326099  0.05654911],[-0.05481143  0.05042114],[-0.07559656  0.05549182],[-0.10022607  0.05604812],[-0.02478263  0.05374623],[-0.02704907  0.05310523],[-0.11980937  0.0404483 ],[-0.1023818   0.04453101],[-0.08428762  0.02720505],[-0.11019968 -0.03203686],[-0.10481843  0.0388524 ],[-0.09034396  0.06071335],[-0.09644154 -0.01060431],[-0.07810521  0.02679737],[-0.07104245  0.04744933],[-0.01206369  0.02144399],[-0.07920177  0.03571847],[-0.0487976   0.05571408],[-0.06734242  0.06758063],[-0.06269204  0.07235801],[-0.08078784  0.02939165],[-0.13692811  0.02581162],[-0.121218    0.05392377],[-0.09199501 -0.01438977],[-0.02483525  0.04437814],[-0.09897885  0.03094648],[-0.13161016  0.01845161],[-0.0341791   0.01891086],[-0.03131966  0.04476844],[-0.11065569  0.02418811],[-0.02493335  0.05219838],[-0.0702875   0.04107973],[-0.11209586  0.03711112],[-0.07703447  0.05021026],[-0.04679333  0.05722557],[-0.08660104  0.06948939],[-0.10011207  0.07190569],[-0.03937866  0.03709866],[-0.04802897  0.03303701],[-0.04326501  0.04190813],[0.0110948  0.03244198],[-0.09783933  0.03219409],[-0.12145691  0.02998731],[-0.088757    0.03361949],[-0.11309531  0.0785114 ],[-0.08371588 -0.03166813],[-0.05542135  0.02063674],[-0.09187774  0.05071307],[-0.06472482  0.02403542],[-0.08884578  0.05945366],[-0.11542308  0.02898039],[-0.09027787  0.0450388 ],[-0.12042747  0.07465559],[-0.08463589  0.03872528],[-0.09322039  0.06063614],[-0.12362456  0.00773289],[-0.09573672  0.05279113],[-0.10762515  0.01872336],[-0.12997666  0.02557236],[-0.08432999 -0.01538413],[-0.08203194  0.05813916],[-0.10759117  0.06267199],[-0.12087407  0.06188672],[-0.10698042  0.04744045],[-0.10882755  0.05116759],[-0.10081414  0.03182628],[-0.07375418  0.04996559],[-0.06762741  0.03637454],[-0.05355714  0.06446108],[-0.05823573  0.02868233],[-0.02451561  0.0110927 ],[-0.02437292  0.04502981],[-0.10736214  0.0547915 ],[-0.1015735   0.05013623],[-0.08199058  0.06122297],[-0.09997096  0.04322648],[-0.06446904  0.03439783],[-0.0888273   0.05449737],[-0.09350131  0.07795674],[-0.10462353  0.01502865],[-0.06694464  0.03031672],[-0.03831331  0.00780921],[-0.09385666  0.00767901],[-0.08332575  0.03515673],[-0.02587296  0.05164639],[-0.12176474  0.06656791],[-0.10036509  0.02201031],[-0.06207093  0.06001908],[-0.07103456  0.0457064 ],[-0.07704893 -0.00221288],[-0.08823995  0.0200288 ],[-0.03967545  0.03746514]
[-0.07783452  0.05140744],[-0.07044838  0.04780487],[-0.12773058 -0.01202584],[-0.099989    0.03176206],[-0.12534884 -0.00028944],[-0.07391866  0.04752467],[-0.10672746  0.05688563],[-0.04969678  0.00413659],[-0.05508681  0.04872229],[-0.07873431  0.04342967],[-0.08188199  0.0511179 ],[-0.05980863  0.0779973 ],[-0.10338712  0.05812905],[-0.07321663  0.0560868 ],[-0.08426655  0.00712163],[-0.09209082  0.04712049],[-0.0648687  0.0627681],[-0.09367756  0.00519574],[-0.10119034  0.00285112],[-0.088995   0.0202659],[-0.08918614  0.01109977],[-0.06996861  0.0582271 ],[-0.02099547  0.04811944],[-0.04295141  0.0388569 ],[-0.08465693  0.00367567],[-0.05364171  0.06394163],[-0.06682035  0.02190278],[-0.07712474  0.05659026],[-0.07336752  0.04993322],[-0.12244041 -0.00665931],[-0.09199964  0.06041181],[-0.09568843  0.0481086 ],[-0.06753048  0.0562715 ],[-0.10356482  0.04231238],[-0.10288145  0.04128419],[-0.01299837  0.04515327],[-0.05062877  0.01878693],[-0.08026172  0.04291305],[-0.06077189  0.04997082],[-0.04114405  0.05563764],[-0.09303149  0.02736253],[-0.05517183  0.06436673],[-0.10505057  0.01239068],[-0.08997785  0.06753892],[-0.04297145  0.04495735],[-0.07756263  0.01898995],[-0.0825079   0.04629158],[-0.04164618  0.04943443],[-0.06642788  0.04789707],[-0.04160812  0.0321832 ],[-0.11762539 -0.00575981],[-0.11145148  0.03464596],[-0.08865143  0.06777319],[-0.0837116   0.07517292],[-0.11936335  0.06554492],[-0.03842653  0.04163932],[-0.03662904  0.05342745],[-0.13416848  0.04325547],[-0.11452063  0.0138817 ],[-0.09586246  0.0454541 ],[-0.10030589 -0.01754043],[-0.10786947  0.04158527],[-0.08430814  0.05706907],[-0.09949011 -0.02507749],[-9.7242318e-02  4.7162175e-05],[-0.06127532  0.04620877],[-0.00541518  0.01817523],[-0.09433735  0.02499709],[-0.05133874  0.04659277],[-0.07207832  0.06881046],[-0.07032453  0.07145457],[-0.07062387  0.03216961],[-0.1313659   0.02001597],[-0.12568182  0.0691475 ],[-0.10104217  0.00858659],[-0.00339646  0.04142344],[-0.10538853  0.05739627],[-0.11194079  0.01473465],[-0.04159092  0.03306695],[-0.00843853  0.02002547],[-0.11798304  0.04557617],[-0.04312198  0.0567244 ],[-0.06995256  0.04253012],[-0.12263007  0.0355544 ],[-0.09262969  0.02413015],[-0.03465289  0.04057281],[-0.07641642  0.05140224],[-0.09485536  0.04143709],[-0.01355463  0.03581038],[-0.06297974  0.01550106],[-0.05531351  0.02682448],[0.00054504 0.02690192],[-0.12507266  0.03636156],[-0.10770733  0.04146662],[-0.09056336  0.02539363],[-0.09909924  0.06409572],[-0.10345592  0.00212714],[-0.04255931  0.01512381],[-0.08046312  0.03684123],[-0.05874622  0.02680902],[-0.08838586  0.04661245],[-0.10132996  0.01590077],[-0.0981767   0.05543992],[-0.10672829  0.06271537],[-0.07996301  0.04267269],[-0.08529636  0.03183788],[-0.11189566  0.01645573],[-0.09043305  0.04093529],[-0.0981152   0.06510952],[-0.12128287  0.02699738],[-0.08107485 -0.03429048],[-0.08396151  0.0517518 ],[-0.1110551   0.06146498],[-0.12281763  0.03814715],[-0.10970484  0.01434432],[-0.11426806  0.05282547],[-0.09900003  0.00539972],[-0.06611542  0.02717345],[-0.06700376  0.03475737],[-0.05543585  0.0553506 ],[-0.03415472  0.02378823],[-0.00305087  0.02452225],[-0.02405161  0.04126092],[-0.0783124   0.03013599],[-0.10847705  0.04160077],[-0.09332452  0.07245001],[-0.09581303  0.05994293],[-0.06724451  0.03494214],[-0.08845121  0.06049561],[-0.09056137  0.08021303],[-0.08819409  0.01736306],[-0.07766883  0.05000169],[-0.03209257  0.03037028],[-0.10597796 -0.01614464],[-0.10103688  0.05492608],[-0.01790681  0.02899879],[-0.11444474  0.06249762],[-0.11278086  0.0138802 ],[-0.06267375  0.04470213],[-0.06420413  0.05603395],[-0.09179757  0.02557534],[-0.12533215  0.0225664 ],[-0.0553062   0.05552801]
[-0.08658241  0.0534855 ],[-0.10214724  0.05724708],[-0.12919655 -0.01126956],[-0.08205645  0.03635274],[-0.1201644  -0.02693155],[-0.09516668  0.03931281],[-0.13003743  0.05047847],[-0.04984061  0.01024323],[-0.06023364  0.04496686],[-0.1016796  0.0435176],[-0.11366262  0.06388627],[-0.06924584  0.06890321],[-0.10531976  0.06557389],[-0.08755576  0.05221258],[-0.0792757   0.01819835],[-0.10436828  0.04172586],[-0.0931207  0.0620821],[-0.08882589  0.01815115],[-0.10451267 -0.01934569],[-0.09168648  0.05221951],[-0.09301553  0.02714122],[-0.07904756  0.06441961],[-0.04557529  0.05191976],[-0.06382894  0.03591288],[-0.07072581  0.00172764],[-0.06265286  0.05368542],[-0.08735792  0.03900797],[-0.09365448  0.06671087],[-0.09380836  0.05407278],[-0.12654698 -0.03975256],[-0.11499112  0.05482351],[-0.10685015  0.06511365],[-0.09711976  0.05729621],[-0.1090631   0.03705374],[-0.10482002  0.04354242],[-0.02289449  0.03933995],[-0.03581524 -0.01825703],[-0.09473898  0.02445733],[-0.07115938  0.0503536 ],[-0.04288023  0.04698837],[-0.11675764  0.01703428],[-0.05821048  0.06345181],[-0.10872538  0.03433825],[-0.08468872  0.03228411],[-0.04834093  0.04672449],[-0.09523729 -0.00536123],[-0.09615696  0.05131942],[-0.05307112  0.03774608],[-0.07842942  0.05243674],[-0.03326295  0.02305329],[-0.12508464  0.00324196],[-0.1067178   0.01901483],[-0.09717118  0.06074773],[-0.09272229  0.06842904],[-0.13329968  0.06681687],[-0.04095928  0.03820926],[-0.05233166  0.06715226],[-0.13158193  0.00904865],[-0.09948201  0.04611045],[-0.07977436  0.02995544],[-0.11098012 -0.0644612 ],[-0.1267547   0.04293856],[-0.09877276  0.06446595],[-0.09101332 -0.05126221],[-0.09149269 -0.01462854],[-0.08070636  0.04611798],[-0.00589646 -0.01619766],[-0.10074184  0.0076134 ],[-0.0623849   0.04706661],[-0.07974516  0.06029535],[-0.08136765  0.06506157],[-0.07538955  0.0417324 ],[-0.12739196  0.0006604 ],[-0.10872858  0.04335816],[-0.09501603  0.01530251],[-0.01873119  0.01301211],[-0.11357228  0.03971023],[-0.12487242  0.00728538],[-0.07169826  0.04040721],[-0.01783771  0.01479459],[-0.13097417  0.03408739],[-0.04611289  0.05734383],[-0.09948749  0.04740961],[-0.11349214  0.00839897],[-0.09129512  0.05606786],[-0.0586129   0.03645409],[-0.07161987  0.05233821],[-0.09667397  0.03813754],[-0.03994719  0.05038947],[-0.06387782  0.03798546],[-0.0629426  0.02633  ],[-0.00649177  0.03916093],[-0.11811192  0.02587261],[-0.12549397  0.01638834],[-0.09613513  0.0438401 ],[-0.11848224  0.06684102],[-0.08985611 -0.03111012],[-0.03064604  0.0162728 ],[-0.0844363   0.01315366],[-0.04943483  0.03154095],[-0.09099669  0.04560247],[-0.13076216  0.04443869],[-0.08940657  0.03448021],[-0.1071026   0.05410464],[-0.0984912   0.04502113],[-0.09631524  0.03986818],[-0.09460909 -0.002686  ],[-0.11840827  0.05151254],[-0.07193881  0.02676972],[-0.13979033  0.01662098],[-0.05913121 -0.05657009],[-0.08794168  0.04278507],[-0.12065975  0.04895646],[-0.12643763  0.03308578],[-0.10844149  0.02568652],[-0.11008165  0.04647036],[-0.12754598  0.02923399],[-0.09568808  0.03846529],[-0.10235497  0.02979085],[-0.06613503  0.05713296],[-0.03983589  0.02035187],[-0.01733925  0.02404914],[-0.04821127  0.03787932],[-0.10931658  0.04198827],[-0.10040133  0.03178394],[-0.08496653  0.05981878],[-0.11014204  0.0437772 ],[-0.08448815  0.03139227],[-0.11868135  0.0701254 ],[-0.10943524  0.07741813],[-0.1051011   0.04715713],[-0.10726682  0.07477266],[-0.02856564  0.01519127],[-0.1125138  -0.00548201],[-0.10474832  0.02982441],[-0.0197097   0.03023363],[-0.10862886  0.04358922],[-0.12097505 -0.00862895],[-0.08381791  0.07242502],[-0.05716544  0.04428789],[-0.08686125  0.00908494],[-0.12074228  0.01057879],[-0.05496085  0.04926619]
[-0.05936733  0.04264451],[-0.09642532  0.0638219 ],[-0.10390048  0.01292702],[-0.05461039  0.05936047],[-0.10003696 -0.02706937],[-0.07906578  0.04969123],[-0.09431335  0.03107505],[-0.02243032  0.01772774],[-0.02661359  0.03509167],[-0.06438956  0.04401585],[-0.08444601  0.05473233],[-0.05922385  0.07598639],[-0.0816626   0.02930376],[-0.06745872  0.06087365],[-0.07442756  0.04154802],[-0.09872187  0.03990391],[-0.05441996  0.04834897],[-0.08670571 -0.00179749],[-0.0857129 -0.0149943],[-0.07859473  0.04918341],[-0.06393959  0.02080132],[-0.0691012   0.07396144],[-0.02554141  0.05153575],[-0.04288159  0.04497412],[-0.06440305 -0.00065921],[-0.08227606  0.06804109],[-0.09302702  0.05717665],[-0.07471586  0.06104309],[-0.08019253  0.06594592],[-0.10220187 -0.01198605],[-0.0928135   0.05937823],[-0.08742134  0.05897967],[-0.07864094  0.07242762],[-0.08477177  0.03919331],[-0.09291068  0.02633667],[-0.00824521  0.04228573],[-0.03563269  0.00972502],[-0.08697984  0.0209084 ],[-0.04651444  0.05558586],[-0.03082082  0.05276414],[-0.09922922  0.01693452],[-0.047417    0.07032828],[-0.09671494  0.03665878],[-0.06162891  0.02402348],[-0.00681847  0.03550697],[-0.08309019 -0.01209078],[-0.07039389  0.04113552],[-0.05385847  0.06463312],[-0.05164541  0.04955973],[-0.03329892  0.03881839],[-0.09809428 -0.00154147],[-0.09100235  0.02895598],[-0.05901274  0.04075499],[-0.06512096  0.05687163],[-0.10224286  0.07226305],[-0.03047452  0.05357195],[-0.04777063  0.07209848],[-0.1074454  0.0132966],[-0.10955828  0.0391655 ],[-0.04440477  0.03801565],[-0.11056183 -0.03750148],[-0.09797699  0.04353489],[-0.08092828  0.06213787],[-0.07950856 -0.02610781],[-0.07813529 -0.00898078],[-0.05766878  0.05687932],[0.01358338 0.03569729],[-0.07537702  0.02666088],[-0.04929153  0.04607604],[-0.06406549  0.05894582],[-0.06354768  0.05904886],[-0.06944183  0.05154637],[-0.1101421   0.00475257],[-0.08707794  0.03666729],[-0.07099862 -0.00096261],[ 0.00935091 -0.0042726 ],[-0.08396136  0.04061176],[-0.10152947 -0.00060454],[-0.09455916  0.05685066],[0.0047361  0.02726635],[-0.1159725  0.02205  ],[-0.02730375  0.05280259],[-0.08097152  0.05050984],[-0.10322753  0.00630891],[-0.05013561  0.02968565],[-0.03273212  0.04147818],[-0.06202325  0.04267493],[-0.07887446  0.02682997],[-0.04179112  0.06736954],[-0.05190223  0.04894369],[-0.03917342  0.02916727],[-0.01319055  0.04826816],[-0.08442379  0.03372901],[-0.12143289  0.01242256],[-0.07265984  0.05315357],[-0.09466078  0.06216407],[-0.06631142  0.00782884],[-0.01099211  0.04408756],[-0.08060852  0.03654053],[-0.05661141  0.01851365],[-0.06308217  0.04156455],[-0.10167503  0.06006254],[-0.06606237  0.03197821],[-0.07863322  0.04564775],[-0.08246826  0.04830709],[-0.06690884  0.02873116],[-0.08837014 -0.00766936],[-0.11682255  0.06482302],[-0.0261027   0.03329567],[-0.13156036  0.04557269],[-0.04435612 -0.06470602],[-0.06204967  0.04527649],[-0.09096921  0.05165084],[-0.10668028  0.03436343],[-0.08193693  0.0278303 ],[-0.08617183  0.05104603],[-0.10732915  0.03412906],[-0.07292963  0.04958064],[-0.07304878  0.05351641],[-0.06110699  0.05709472],[-0.03329197  0.05232166],[-0.01260423  0.02990569],[-0.02330875  0.037072  ],[-0.07093253  0.03589037],[-0.08056507  0.03780453],[-0.04976279  0.05521392],[-0.08604237  0.05251283],[-0.07332089  0.0312728 ],[-0.0812889   0.06401731],[-0.08174306  0.07525153],[-0.07944375  0.04729493],[-0.08323819  0.05868072],[-0.01586589  0.03771281],[-0.08378177 -0.00452894],[-0.09334942  0.05043075],[0.00336612 0.02722235],[-0.08725209  0.05969885],[-0.10467698  0.0119735 ],[-0.08036026  0.06640831],[-0.04121299  0.04838542],[-0.08357712  0.02176933],[-0.09888146  0.01891389],[-0.0140763   0.05363644]
[-0.07029726  0.04879684],[-0.10975162  0.05968796],[-0.11544514 -0.01146562],[-0.07201841  0.03150043],[-0.09831033 -0.02664857],[-0.10451365  0.0355313 ],[-0.0928153   0.01957377],[-0.03306754 -0.00637118],[-0.02051914  0.03296987],[-0.05265972  0.02340941],[-0.08044341  0.03066211],[-0.08404636  0.07439154],[-0.09944689  0.05548416],[-0.06778228  0.04643709],[-0.06479245  0.01324889],[-0.10103463  0.01066982],[-0.06593732  0.05295223],[-0.07928473  0.02176838],[-0.0983505  -0.01030003],[-0.08599702  0.03143193],[-0.06888409  0.01347761],[-0.06609587  0.05194388],[-0.05533767  0.06184929],[-0.05789547  0.04535918],[-0.08643345 -0.01231162],[-0.08966707  0.0642599 ],[-0.09770913  0.03102625],[-0.10912409  0.0912592 ],[-0.10048424  0.05825833],[-0.12276746 -0.02434019],[-0.08006124  0.04620452],[-0.11633167  0.05310098],[-0.07331803  0.05572538],[-0.09874424  0.04668687],[-0.10229274  0.03946413],[-0.0102203   0.04301371],[-0.0264032  -0.00098179],[-0.08511787  0.03109607],[-0.04834885  0.05029307],[-0.03357861  0.04548046],[-0.10889577 -0.01226601],[-0.06865685  0.06416853],[-0.10494056  0.01263684],[-0.08285442 -0.00075681],[-0.03385275  0.03982909],[-0.08619254 -0.00905272],[-0.07477374  0.0431095 ],[-0.06328163  0.06962985],[-0.07268917  0.02673661],[-0.0514412   0.03869728],[-0.10000215 -0.02385547],[-0.10560485  0.00447014],[-0.06471836  0.02124786],[-0.0730641   0.05534494],[-0.10716967  0.04626952],[-0.05435187  0.06062685],[-0.04793616  0.06704912],[-0.12229864  0.02401209],[-0.10184161  0.06586903],[-0.06919044  0.0261217 ],[-0.09617548 -0.0780239 ],[-0.09931328  0.03565273],[-0.09208564  0.04331112],[-0.08861371 -0.04817847],[-0.09534196 -0.03572165],[-0.06748235  0.05532982],[-0.00692526  0.03535866],[-0.07922362  0.00486663],[-0.05914495  0.05093468],[-0.05758159  0.05364739],[-0.09648118  0.07699633],[-0.0830586   0.03892967],[-0.10382795  0.00160156],[-0.09649651  0.04196859],[-0.07991052  0.01660856],[0.0019028  0.02916003],[-0.07143164  0.03920463],[-0.11662244 -0.00732778],[-0.09268268  0.03487642],[-0.00185278  0.0212013 ],[-0.11240504 -0.000337  ],[-0.03993608  0.05503959],[-0.08700656  0.03694027],[-0.11135515 -0.01767512],[-0.06258646  0.02568996],[-0.0375061   0.04087285],[-0.06239986  0.02647401],[-0.08412869  0.02821519],[-0.03934743  0.03749097],[-0.06067515  0.02675179],[-0.04411637  0.03131276],[-0.01260693  0.04244836],[-0.10139785  0.04453619],[-0.11338937  0.003978  ],[-0.0804266   0.04068143],[-0.09334391  0.05335917],[-0.0939182   0.03106209],[-0.04192324  0.04437073],[-0.08399283  0.02238838],[-0.0621008   0.02339144],[-0.07598491  0.06096209],[-0.09636753  0.03215057],[-0.06562727  0.04629876],[-0.09770454  0.05653218],[-0.09799825  0.04212337],[-0.09530788  0.00522646],[-0.10505462 -0.02323558],[-0.11853261  0.06443094],[-0.05167705  0.01900861],[-0.12622365  0.01522869],[-0.05935545 -0.04500204],[-0.06663478  0.04321696],[-0.10010961  0.0647018 ],[-0.11159668  0.03745484],[-0.08234577  0.01754468],[-0.09782242  0.04030094],[-0.10582309  0.01318021],[-0.05651597  0.04487115],[-0.05155233  0.02922283],[-0.06494854  0.04166468],[-0.05691621  0.05686933],[-0.02748074  0.03247499],[-0.02851225  0.05479849],[-0.0632131   0.02352183],[-0.08675116  0.0324455 ],[-0.04868418  0.04756667],[-0.09606536  0.04321812],[-0.06850566  0.03424216],[-0.08598716  0.05551033],[-0.08099633  0.05547076],[-0.08321954  0.05498495],[-0.0906054   0.03587099],[-0.06092127  0.0447832 ],[-0.10447603 -0.04230682],[-0.10015119  0.02168885],[-0.02562745  0.03355717],[-0.08061859  0.03278661],[-0.11461479 -0.00618368],[-0.0814384   0.06116013],[-0.05348337  0.05182828],[-0.10153138  0.01661575],[-0.10299555  0.01136431],[-0.02578427  0.05866873]
[-0.05624483  0.05490728],[-0.13093376  0.06352532],[-0.12650031  0.01783821],[-0.07770391  0.04022456],[-0.11039024 -0.01630219],[-0.12850648  0.04946195],[-0.09274948  0.03239102],[-0.04770257  0.02443841],[-0.02603853  0.03670846],[-0.05611468  0.02368721],[-0.05016314  0.03567668],[-0.08966698  0.0761658 ],[-0.08770128  0.04492152],[-0.06922743  0.03558405],[-0.08221889  0.02709388],[-0.09599028  0.02269889],[-0.08180302  0.04844633],[-0.07738288  0.03980184],[-0.11258651  0.00635848],[-0.09861184  0.0831451 ],[-0.09199286  0.02111746],[-0.08056321  0.06500025],[-0.06288499  0.06045575],[-0.05804698  0.0486973 ],[-0.0937395   0.00758045],[-0.10057291  0.06133733],[-0.09569202  0.04642097],[-0.0927129   0.07501704],[-0.11914506  0.0741065 ],[-0.13323635 -0.00407976],[-0.08265138  0.02301076],[-0.12273224  0.07104211],[-0.07960841  0.03744781],[-0.09837232  0.04133851],[-0.12412243  0.05027565],[-0.02393198  0.02793295],[-0.01351019 -0.01028082],[-0.11562137  0.00673947],[-0.04948929  0.05368927],[-0.05107659  0.04914815],[-0.11990417  0.00325709],[-0.08863273  0.06091694],[-0.1032529   0.03371179],[-0.08429766 -0.02388537],[-0.04851678  0.04592833],[-0.09711974  0.00652011],[-0.0932278   0.06705612],[-0.06537747  0.05778121],[-0.07275993  0.04398649],[-0.07146722  0.04871009],[-0.12212572 -0.02687927],[-0.1155949   0.03111134],[-0.06880783  0.02650132],[-0.09574626  0.06384036],[-0.10393966  0.0513234 ],[-0.05814242  0.06216006],[-0.04520941  0.06171665],[-0.12884995  0.01628337],[-0.11418559  0.0712899 ],[-0.08353723  0.06232982],[-0.08342836 -0.10212758],[-0.09284862  0.03100451],[-0.10629977  0.05464172],[-0.09254567  0.00512655],[-0.09417691  0.01839718],[-0.08103993  0.07017966],[-0.00862039 -0.00428596],[-0.095149    0.03947655],[-0.0711372   0.05322108],[-0.09085748  0.06980471],[-0.11355761  0.08053173],[-0.08619279  0.04677961],[-0.11706462  0.01087319],[-0.08823083  0.03426317],[-0.08408942  0.03998484],[-0.01874014  0.03353784],[-0.09003257  0.04319657],[-0.12993929  0.00996536],[-0.10541665  0.05641178],[-0.01722988  0.02681848],[-0.14729571  0.04099963],[-0.05624849  0.04793729],[-0.09475941  0.02712623],[-0.1173654   0.01866826],[-0.09182558  0.05029653],[-0.05657612  0.03290756],[-0.05307211  0.0259275 ],[-0.11019193  0.0460535 ],[-0.05583575  0.06508152],[-0.08521     0.07843323],[-0.04920688  0.04696174],[-0.0247997   0.04356122],[-0.10162462  0.03992187],[-0.12939546  0.02836633],[-0.09420124  0.04581968],[-0.0805636   0.03381408],[-0.10860836  0.01497466],[-0.05544202  0.04218302],[-0.08025096  0.0242304 ],[-0.07442204  0.03784202],[-0.08145886  0.03432829],[-0.10651953  0.04182119],[-0.04244644  0.02663986],[-0.10277402  0.06097295],[-0.10212555  0.04036186],[-0.09770168  0.03218   ],[-0.10954293 -0.00957749],[-0.11715188  0.06637672],[-0.07755238  0.04998278],[-0.13396657  0.00755923],[-0.03999887 -0.02817791],[-0.07743744  0.05090578],[-0.11395935  0.05240613],[-0.11214285  0.05927424],[-0.0846291   0.00951556],[-0.08532674  0.03128013],[-0.11791354  0.05838128],[-0.0811574   0.05751912],[-0.08282105  0.01258038],[-0.06663219  0.0465942 ],[-0.05787776  0.05670901],[-0.02890215  0.03528989],[-0.04065594  0.0364438 ],[-0.08974654  0.04498456],[-0.09459036  0.03939796],[-0.06756822  0.05652281],[-0.13880244  0.06674059],[-0.07268978  0.02762763],[-0.09943438  0.05420585],[-0.08085143  0.04497767],[-0.09680793  0.06084991],[-0.11201983  0.0272794 ],[-0.06582847  0.04413382],[-0.10281926  0.00405775],[-0.09349058  0.03001676],[-0.03493354  0.03884674],[-0.08995796  0.06182752],[-0.12149484  0.0064973 ],[-0.101837    0.08200908],[-0.06627487  0.06385358],[-0.09615277  0.06144923],[-0.11736406 -0.0043195 ],[-0.05605359  0.05420513]
[-0.054393    0.05621299],[-0.13929665  0.09458907],[-0.107755    0.01141382],[-0.07754335  0.06739821],[-0.09296698 -0.01636475],[-0.11556678  0.08671463],[-0.07884924 -0.01302818],[-0.02624371  0.02318093],[-0.01403497  0.03644641],[-0.05829081  0.02998258],[-0.06680794  0.03816462],[-0.07471877  0.07292676],[-0.09134606  0.05065445],[-0.05847178  0.04932614],[-0.08640201 -0.00387873],[-0.09785412  0.01065503],[-0.06911457  0.05573739],[-0.05740094  0.03790978],[-0.1093777   0.00683071],[-0.08449002  0.01874338],[-0.09726406  0.02104525],[-0.0808105   0.07333574],[-0.05616635  0.04748481],[-0.05558705  0.04392145],[-0.08502796  0.01422406],[-0.09148877  0.05876095],[-0.08275083  0.00973458],[-0.05466466  0.06190128],[-0.09371193  0.06450681],[-0.12065446  0.01842732],[-0.07141314  0.05139611],[-0.1181921   0.04844522],[-0.07373364  0.0400367 ],[-0.08876117  0.04230957],[-0.09082123  0.03795882],[-0.0145606  0.0312647],[ 0.00220118 -0.00570235],[-0.10495391  0.0013492 ],[-0.05937339  0.05678462],[-0.07044806  0.05874784],[-0.09057028  0.00022515],[-0.08082975  0.07306896],[-0.09597135  0.04437569],[-0.06927036 -0.01971505],[-0.03206588  0.04280679],[-0.09637668 -0.00644385],[-0.07494944  0.05746539],[-0.06802296  0.05900854],[-0.05560877  0.0115667 ],[-0.04899401  0.04137544],[-0.10301388 -0.01236637],[-0.10138013  0.03574501],[-0.05807318  0.0192806 ],[-0.08456857  0.06440665],[-0.10263363  0.05823899],[-0.03712182  0.04636047],[-0.02556743  0.04824929],[-0.11541367  0.02012425],[-0.09136023  0.0601189 ],[-0.08261522  0.06546938],[-0.08530454 -0.062031  ],[-0.07148486  0.01557402],[-0.07108726  0.04110438],[-0.08685675 -0.00928136],[-0.09835774  0.0076752 ],[-0.06261634  0.04662339],[-0.01168824  0.00770045],[-0.08982097  0.02344795],[-0.05278916  0.05632938],[-0.08727726  0.06599657],[-0.08622206  0.06873688],[-0.09382474  0.04014108],[-0.1078698   0.03790154],[-0.0832564   0.04412331],[-0.08839741  0.03545236],[ 0.01303532 -0.00891527],[-0.1064347   0.05941591],[-0.11343514  0.02543684],[-0.09020973  0.04456143],[-0.01915321  0.05318559],[-0.12249155  0.03931608],[-0.03720877  0.04433594],[-0.08552722  0.03933359],[-0.12430596  0.00315324],[-0.07251256  0.04719402],[-0.05038174  0.03550588],[-0.0238355   0.01376159],[-0.09156435  0.05296056],[-0.05275807  0.05094608],[-0.07049891  0.04302501],[-0.02134923  0.03678344],[-0.0156975   0.03859099],[-0.08985522  0.03797914],[-0.10592034  0.01435166],[-0.08560183  0.03945365],[-0.08393205  0.03619609],[-0.08853773  0.05800923],[-0.04730715  0.0380291 ],[-0.07481837  0.03899617],[-0.07241834  0.04615777],[-0.06724393  0.03080699],[-0.08107847  0.00652495],[-0.01935247  0.01991918],[-0.08942323  0.06695744],[-0.09376996  0.04161857],[-0.10981863  0.04333637],[-0.1061577   0.00874805],[-0.1227802   0.08236575],[-0.05572926  0.05205936],[-0.1374419  0.0237177],[-0.04409909 -0.00688705],[-0.08201978  0.05425828],[-0.10190529  0.05848229],[-0.10970797  0.04999199],[-0.05859339  0.02820608],[-0.10656775  0.02780527],[-0.11774557  0.03678412],[-0.06477896  0.05454611],[-0.07757201  0.01248623],[-0.05414966  0.03639213],[-0.0483086   0.04028326],[-0.03682277  0.04799926],[-0.02209999  0.02862414],[-0.08426692  0.05507037],[-0.09328487  0.05945301],[-0.05449817  0.06163402],[-0.10274566  0.07138719],[-0.06123184  0.01508282],[-0.0601581   0.03793817],[-0.07836239  0.0511702 ],[-0.0836621   0.05377698],[-0.09496935  0.02169577],[-0.02777135  0.02637841],[-0.09954184 -0.0157414 ],[-0.08721987  0.04800587],[-0.02658848  0.04079954],[-0.08781453  0.06231936],[-0.0999322   0.01871792],[-0.09665454  0.07501014],[-0.0780725   0.07473335],[-0.10321353  0.04454467],[-0.11724011  0.02482143],[-0.03896356  0.0603136 ]
[-0.06731979  0.0262651 ],[-0.11778183  0.05421298],[-0.10694271  0.00143769],[-0.07395256  0.05552385],[-0.09491425 -0.02525035],[-0.11843567  0.04252976],[-0.09915329 -0.02303853],[-0.01083216  0.02521547],[-0.0040272   0.02505044],[-0.04315131  0.03405026],[-0.07742335  0.02209647],[-0.06829593  0.0553673 ],[-0.09385022  0.0412858 ],[-0.04122414  0.04770364],[-0.08014434  0.008161  ],[-0.09139697  0.00957685],[-0.0562052   0.05162507],[-0.04969988  0.04555364],[-0.10715119  0.00558737],[-0.06171054  0.03721641],[-0.07931393  0.01950232],[-0.04885027  0.04501638],[-0.05684794  0.02897288],[-0.03846405  0.03751385],[-0.08172601  0.02541962],[-0.07411001  0.05099797],[-0.09245827  0.01648269],[-0.0701642   0.06617169],[-0.08587488  0.05346457],[-0.11217751 -0.01552927],[-0.05612954  0.05615671],[-0.10316061  0.03191054],[-0.08525597  0.05128511],[-0.08886901  0.05362232],[-0.10233101  0.06494187],[-0.015872    0.02956594],[-0.00569402  0.01410763],[-0.09254686  0.01074156],[-0.04683451  0.05029781],[-0.06633092  0.04518096],[-0.07443043 -0.00086605],[-0.07317363  0.06388536],[-0.09246688  0.04742838],[-0.09169842  0.00105396],[-0.0238971   0.03682184],[-0.07391612 -0.01394107],[-0.06771585  0.05375299],[-0.07328712  0.05626195],[-0.00982665  0.01409718],[-0.0299761   0.04618176],[-0.10024957 -0.02668887],[-0.09644089  0.03171973],[-0.04335286  0.02451718],[-0.08289294  0.06356849],[-0.09248892  0.03932213],[-0.02529055  0.04746871],[-0.02746078  0.05472249],[-0.1235104  0.0041149],[-0.06090391  0.05341354],[-0.07467067  0.04883858],[-0.07428773 -0.07403402],[-0.08050932  0.03117702],[-0.05289713  0.04222773],[-0.08528445 -0.01140674],[-0.08578487 -0.01037822],[-0.0588307   0.05285087],[ 0.01621569 -0.00034793],[-0.08595184  0.00528776],[-0.05009066  0.05559151],[-0.06725155  0.06242255],[-0.07764787  0.06663907],[-0.09183177  0.03824228],[-0.11750969  0.01138261],[-0.09395889  0.01386393],[-0.08087517  0.02410394],[ 0.01440955 -0.00284253],[-0.07772972  0.02838684],[-0.11461469  0.01623333],[-0.06599973  0.0283564 ],[-0.03198821  0.04100082],[-0.1102227   0.02843971],[-0.02381775  0.03679183],[-0.08336689  0.01840439],[-0.10614627 -0.00058886],[-0.09341168  0.04778054],[-0.05154843  0.0249582 ],[-0.00984751  0.016714  ],[-0.07993496  0.05045811],[-0.05064155  0.04002679],[-0.0889053   0.05097121],[-0.01836627  0.03447014],[-0.02757259  0.04983236],[-0.08768251  0.02992542],[-0.10105381  0.05012196],[-0.08417181  0.02383468],[-0.05234479  0.03980189],[-0.07330989  0.04965309],[-0.04822111  0.05339998],[-0.08036023  0.02209293],[-0.06582927  0.03782569],[-0.06146428  0.04962097],[-0.0829943   0.03282088],[-0.00763245  0.01982198],[-0.05104056  0.04034929],[-0.07124864  0.01842103],[-0.098014    0.03984554],[-0.12454686  0.00434867],[-0.10890912  0.05470705],[-0.02886632  0.0250056 ],[-0.12615561  0.01251607],[-0.07243456  0.01985559],[-0.05313297  0.04732387],[-0.08738943  0.07179399],[-0.10019053  0.01912107],[-0.05623972  0.00682206],[-0.11430923  0.06426126],[-0.09940784  0.02416501],[-0.0466224   0.03661845],[-0.07487839  0.01073056],[-0.03310513  0.02073952],[-0.0422804   0.04209707],[-0.03551666  0.03106938],[-0.03057431  0.03843383],[-0.06996103  0.03836925],[-0.08886688  0.02096206],[-0.04868543  0.0608012 ],[-0.10501724  0.05395329],[-0.06298501  0.01811392],[-0.05893929  0.02678952],[-0.0653227   0.03857508],[-0.07475147  0.03408414],[-0.0923195   0.00357294],[-0.02975136  0.02423266],[-0.08421094 -0.02291053],[-0.08442562  0.01531737],[-0.01615183  0.04056912],[-0.06771652  0.02906256],[-0.09883904  0.01422885],[-0.08345645  0.07466337],[-0.06659678  0.06566808],[-0.11305349 -0.01248686],[-0.11457602  0.0200772 ],[-0.03506488  0.04319232]
[-0.08020476  0.06455718],[-0.13120395  0.06672868],[-0.11249935  0.00572063],[-0.09401215  0.05687499],[-0.10591304  0.00648257],[-0.1285424   0.03219966],[-0.10921893  0.00470715],[-0.0244658   0.01799424],[-0.01416866  0.02977626],[-0.05231793  0.03101854],[-0.06959981  0.01479572],[-0.08306017  0.07291636],[-0.10845595  0.04081916],[-0.04846214  0.05653567],[-0.10589667 -0.00509393],[-0.09173811  0.03507749],[-0.03900553  0.04331834],[-0.07179767  0.04436311],[-0.12346696  0.00205145],[-0.06974156  0.04459212],[-0.09103792 -0.00174587],[-0.03943779  0.04357034],[-0.0602622  0.0449106],[-0.03162038  0.0345222 ],[-0.09460296  0.04054412],[-0.09836898  0.06142647],[-0.08051427 -0.0014834 ],[-0.06938692  0.07580291],[-0.0865249   0.04059356],[-0.13506591 -0.0017865 ],[-0.04777476  0.05964576],[-0.11926397  0.01407203],[-0.09745335  0.06288451],[-0.08081239  0.05088151],[-0.09287605  0.05470422],[-0.02425405  0.03427325],[-0.03232557  0.02609077],[-0.1128998   0.01835904],[-0.05397131  0.05719775],[-0.06456031  0.04597693],[-0.09070884  0.01752072],[-0.09498665  0.07301117],[-0.13068992  0.04514804],[-0.06982303  0.02742518],[-0.01195088  0.03156662],[-0.10666709 -0.01603127],[-0.0583301   0.04590747],[-0.08669601  0.07231815],[-0.05511641  0.00912747],[-0.04579857  0.05025326],[-0.1312499  -0.02289439],[-0.11066621  0.04927413],[-0.04231256  0.03306982],[-0.07805933  0.06355971],[-0.10814375  0.04682338],[-0.02361865  0.04833442],[-0.04235502  0.05732735],[-0.13263848  0.06113144],[-0.09544792  0.03281571],[-0.0809049   0.05599071],[-0.06869721 -0.07905895],[-0.11280768  0.04578215],[-0.05210958  0.05577807],[-0.05861343  0.03642873],[-0.10210053 -0.00398523],[-0.07048965  0.04196147],[0.00549561 0.01118644],[-0.11453892  0.03106649],[-0.06733415  0.04706619],[-0.05788776  0.0540058 ],[-0.08883313  0.08350912],[-0.10389294  0.04425144],[-0.13159007  0.00927416],[-0.09070951  0.02434441],[-0.07679924  0.02836927],[ 0.00472869 -0.00303412],[-0.08950958  0.04121254],[-0.11385254  0.03647062],[-0.07019655  0.03887756],[-0.02564252  0.03520129],[-0.1048558   0.02724229],[-0.03783012  0.04703311],[-0.11216653  0.03781043],[-0.13225114  0.00969953],[-0.10101943  0.01694199],[-0.07023846  0.04592538],[-0.01982788  0.01916471],[-0.08072855  0.03923133],[-0.05473428  0.02380352],[-0.11052871  0.06687893],[-0.02763663  0.0462559 ],[-0.0399435   0.04511723],[-0.11003759  0.08550812],[-0.09055135  0.05759379],[-0.08363459  0.02569645],[-0.05414262  0.04556597],[-0.08182251  0.09667405],[-0.09222735  0.06966257],[-0.0953247   0.03340077],[-0.09542675  0.04294969],[-0.06375505  0.05269795],[-0.09349083  0.03713702],[-0.02413174  0.03796604],[-0.03935535  0.03861525],[-0.0755024   0.03079603],[-0.11072139  0.03888378],[-0.10958148  0.02876591],[-0.11896559  0.05337191],[-0.07221571  0.05718913],[-0.13427058  0.01444693],[-0.09228071  0.01733321],[-0.05784784  0.05013734],[-0.09037193  0.0614159 ],[-0.11650903  0.05508419],[-0.09511831  0.02632224],[-0.1270388   0.04107097],[-0.10546585  0.02328659],[-0.05400506  0.04894275],[-0.06919463  0.01886174],[-0.06981026  0.04945209],[-0.03621732  0.04358554],[-0.02917735  0.0222464 ],[-0.03325297  0.03912277],[-0.04950444  0.02914472],[-0.10757276  0.05135057],[-0.05474412  0.05867285],[-0.12399781  0.05285725],[-0.0848312  0.0253112],[-0.0612562  0.0465764],[-0.0615084  0.0549096],[-0.09375205  0.03934853],[-0.09495229  0.01160791],[-0.01418196  0.02452784],[-0.10576304 -0.02109173],[-0.06958956  0.04424802],[-0.03503536  0.04124387],[-0.05909964  0.04688476],[-0.11153869  0.02725622],[-0.08243182  0.06478207],[-0.07706667  0.07786781],[-0.11332493 -0.00923686],[-0.13448963  0.01375351],[-0.05820617  0.06549208]
[-0.06036358  0.05792375],[-0.09873097  0.06888227],[-0.10481616 -0.00286464],[-0.08941295  0.04132409],[-0.08587157 -0.0284853 ],[-0.10349751  0.05203589],[-0.09913058 -0.01291016],[-0.02929725  0.00623325],[-0.01160745  0.02595164],[-0.06291877  0.03921139],[-0.0630808   0.01295621],[-0.07865574  0.07288355],[-0.09856773  0.05061496],[-0.03852793  0.05182308],[-0.09533038  0.0013032 ],[-0.09570404  0.02273008],[-0.0561611   0.05810594],[-0.03461184  0.0482549 ],[-0.11325983  0.00667444],[-0.06390138  0.01180474],[-0.09133098  0.02342229],[-0.05621341  0.05461048],[-0.07314715  0.04606317],[-0.04909729  0.0317413 ],[-0.07807404  0.03812927],[-0.09054094  0.05833166],[-0.04592587 -0.00409374],[-0.06911292  0.07279822],[-0.089355    0.05733951],[-0.12201715  0.0029357 ],[-0.03582118  0.04133019],[-0.11527739  0.04458353],[-0.09359162  0.04347776],[-0.070446    0.02897209],[-0.07841143  0.07202245],[-0.01867413  0.04616147],[ 0.01734168 -0.00092789],[-0.10847186  0.0289577 ],[-0.07426225  0.05667653],[-0.05606738  0.04887744],[-0.10208962  0.01095551],[-0.0870638   0.07523037],[-0.10502497  0.06261112],[-0.05574372  0.01776735],[-0.00264865  0.02066004],[-0.10936766 -0.02202155],[-0.04570588  0.04400882],[-0.07426667  0.05955167],[-0.05960616  0.04973692],[-0.04284812  0.0413237 ],[-0.11558834 -0.00605033],[-0.09788261  0.04253038],[-0.02807199  0.02655051],[-0.06802063  0.0589539 ],[-0.10520045  0.0531658 ],[-0.03136247  0.04777504],[-0.02559754  0.04886459],[-0.11876106  0.03900655],[-0.08135628  0.03922505],[-0.08690462  0.0606931 ],[-0.054832   -0.07140647],[-0.10684607  0.05173192],[-0.0576119   0.05549648],[-0.04465846  0.01416009],[-0.08536384 -0.00159416],[-0.04489605  0.05930561],[ 0.00450292 -0.02595188],[-0.10605519  0.03668163],[-0.06632586  0.07155709],[-0.06306352  0.05270543],[-0.08011821  0.08187811],[-0.09040604  0.05265642],[-0.11327919  0.01157756],[-0.07570376  0.0233161 ],[-0.07439557  0.02966521],[0.00414253 0.0054136 ],[-0.09706327  0.05505693],[-0.0948719   0.02724567],[-0.0673911  0.0381874],[-0.02129477  0.04374082],[-0.08589918  0.0395071 ],[-0.02844658  0.04789381],[-0.10811234  0.04392753],[-0.1041199  -0.02012829],[-0.06950384  0.03347597],[-0.070915    0.05022413],[-0.03821033  0.04150878],[-0.07908174  0.04763392],[-0.05272949  0.03650072],[-0.08497385  0.06070609],[-0.02370522  0.04003121],[-0.0277614   0.05192811],[-0.10669131  0.0690937 ],[-0.09461708  0.06599094],[-0.07256769  0.02697983],[-0.06565255  0.06372349],[-0.07878821  0.08448328],[-0.07495403  0.0626038 ],[-0.07548179  0.03965369],[-0.0794142   0.03288991],[-0.06637945  0.06453831],[-0.08000933  0.04276762],[-0.02648221  0.04733123],[-0.04261218  0.0467495 ],[-0.06684839  0.0307233 ],[-0.09670306  0.03419321],[-0.10168531  0.01508969],[-0.09056959  0.06230992],[-0.06805015  0.02467277],[-0.12211239  0.00400801],[-0.07597267  0.01796857],[-0.06044606  0.03784839],[-0.09793065  0.07332505],[-0.11845393  0.03886945],[-0.06957822  0.040789  ],[-0.06830573  0.04564085],[-0.08984113  0.0300126 ],[-0.05474159  0.02945625],[-0.07080885  0.03412206],[-0.05443159  0.03878251],[-0.02917533  0.03312802],[-0.05145817  0.01991562],[-0.02693336  0.03424422],[-0.05296224  0.03550092],[-0.09060704  0.02446048],[-0.05139598  0.05893773],[-0.1135026   0.07495761],[-0.08567452  0.03948861],[-0.04849149  0.03286253],[-0.0498275   0.05652246],[-0.07361867  0.02784939],[-0.0834421   0.02081596],[-0.0115901   0.01809298],[-0.09939004 -0.03559707],[-0.05822725  0.03338025],[-0.04580495  0.05441033],[-0.07003774  0.05060602],[-0.09868786  0.01740069],[-0.06216262  0.05642397],[-0.07985225  0.07430744],[-0.09536865 -0.02453898],[-0.11706204  0.02274562],[-0.07559918  0.08286257]
[-0.05960664  0.03653534],[-0.08720025  0.06185951],[-0.10689934  0.02166391],[-0.10006671  0.0395948 ],[-0.10248884 -0.0278593 ],[-0.10656195  0.01642691],[-0.09783735  0.01166438],[-0.05737241  0.02159396],[-0.01779369  0.03018032],[-0.08074704  0.05483645],[-0.05727142 -0.01216299],[-0.0817768   0.07477397],[-0.09327985  0.03411878],[-0.03253189  0.05094231],[-0.10147425  0.01377402],[-0.11386482  0.02219143],[-0.06747951  0.05527927],[-0.04539464  0.04572792],[-0.11424727 -0.01069079],[-0.06447481  0.03285231],[-0.11189271  0.03403497],[-0.05637985  0.05859556],[-0.0777457  0.0457817],[-0.02572168  0.04104444],[-0.1009092   0.04125113],[-0.0888964   0.06162259],[-0.0359475   0.01476415],[-0.0489814  0.0499651],[-0.08932153  0.06913747],[-0.12043097  0.0127418 ],[-0.06253114  0.05052305],[-0.09940013  0.03402148],[-0.0861916   0.05458664],[-0.08633653  0.05225496],[-0.09306262  0.07428777],[-0.02529518  0.04548243],[0.00639697 0.00954672],[-0.10110969  0.01054424],[-0.07008304  0.06874892],[-0.05878085  0.04788767],[-0.1015105   0.04662338],[-0.07555933  0.06442183],[-0.11186238  0.07234415],[-0.06079629  0.03493768],[-0.00996044  0.02224268],[-0.10337434 -0.01420939],[-0.04662753  0.04577753],[-0.07645694  0.06867205],[-0.05560379  0.05134154],[-0.04475574  0.05444637],[-0.12137135  0.03178452],[-0.10492363  0.05540336],[-0.03302338  0.03170988],[-0.07730698  0.05905856],[-0.08956855  0.05317702],[-0.03822829  0.05887503],[-0.04828397  0.06636804],[-0.14150494  0.00791032],[-0.08772486 -0.00171399],[-0.05526403  0.04236143],[-0.06681589 -0.0607643 ],[-0.09389613  0.0321233 ],[-0.08749297  0.06712292],[-0.06740502  0.00476161],[-0.09365948  0.01158561],[-0.04777079  0.06333533],[ 0.01278953 -0.01437244],[-0.11875219  0.02715028],[-0.07909827  0.0744677 ],[-0.07710219  0.06575063],[-0.05434309  0.05572818],[-0.09309741  0.05108368],[-0.12791905  0.00367944],[-0.10136697  0.01482034],[-0.08595803  0.02812401],[-0.01704555  0.04108799],[-0.08079554  0.04493477],[-0.11446074  0.03306054],[-0.0662122   0.04047354],[-0.04429203  0.06163041],[-0.11581824  0.04439523],[-0.03243384  0.03479779],[-0.09587904  0.03550684],[-0.11142478  0.00186835],[-0.09878234  0.00190853],[-0.07348827  0.05314777],[-0.04369042  0.05185146],[-0.07599417  0.04938584],[-0.0635858   0.04759394],[-0.11153301  0.09265381],[-0.01994374  0.03814955],[-0.03278793  0.0590396 ],[-0.11962125  0.0354939 ],[-0.08481856  0.06718384],[-0.08848508  0.03923736],[-0.05462294  0.05577615],[-0.08695439  0.08454911],[-0.08827262  0.06322663],[-0.08024283  0.02751213],[-0.09824713  0.04038198],[-0.07050327  0.05087491],[-0.0853489   0.04913908],[-0.04214165  0.04794531],[-0.0422829   0.04871393],[-0.06247579  0.03689195],[-0.10697071  0.02385406],[-0.09904686  0.01902334],[-0.07070091  0.03412021],[-0.07585313  0.02210283],[-0.12746233  0.00534713],[-0.08076984  0.0144713 ],[-0.04916758  0.0373883 ],[-0.09646878  0.07056475],[-0.1342377   0.03026804],[-0.07686039  0.01321336],[-0.07167161  0.04706268],[-0.10471738  0.00389383],[-0.08866707  0.05287141],[-0.08706104  0.06876099],[-0.07466622  0.05013827],[-0.06234589  0.07529576],[-0.06831159  0.04454189],[-0.04068847  0.0433104 ],[-0.05884767  0.03168928],[-0.09348554 -0.00582343],[-0.06528476  0.06569877],[-0.10817877  0.06982423],[-0.10349017  0.04124664],[-0.05005404  0.03826695],[-0.04236508  0.04810685],[-0.07860578  0.00577847],[-0.10965941  0.03569851],[-0.00579059  0.01227539],[-0.10884722 -0.01549643],[-0.08160188  0.01255673],[-0.03067546  0.06024471],[-0.07203354  0.03682472],[-0.09888815  0.01285548],[-0.06391711  0.06938657],[-0.07205038  0.06890832],[-0.0974359  -0.02895402],[-0.1156828   0.00563567],[-0.05598691  0.06263222]
[-0.04574773  0.04140635],[-0.08598243  0.0446421 ],[-0.11303148  0.00849419],[-0.10362724  0.0223061 ],[-0.08492074 -0.04346307],[-0.11324977 -0.00621426],[-0.07861176 -0.00591647],[-0.05652478 -0.01462138],[-0.00746888  0.02331212],[-0.09046837  0.05530938],[-0.06138567 -0.01370991],[-0.09374847  0.06744082],[-0.08280362  0.0185237 ],[-0.03224353  0.04672997],[-0.11345253 -0.00407633],[-0.11133563  0.01409892],[-0.04390529  0.03429407],[-0.05226812  0.03370885],[-0.11650413 -0.00471452],[-0.0741337   0.01001476],[-0.10571101  0.02169887],[-0.04917548  0.04003651],[-0.06085289  0.02164258],[-0.00400545  0.01552379],[-0.09987346  0.02605219],[-0.09162343  0.04162405],[-0.05470035  0.03784729],[-0.05373722  0.03820126],[-0.09158657  0.05698135],[-0.11959838 -0.00771278],[-0.04432748  0.04381319],[-0.09730057  0.01396712],[-0.05946109  0.01431197],[-0.08085052  0.01558421],[-0.07346845  0.03189884],[-0.02234953  0.03444893],[ 0.0329215  -0.01783625],[-0.09870388 -0.031401  ],[-0.05975553  0.05395133],[-0.07507793  0.05749447],[-0.09111505  0.0166316 ],[-0.07885238  0.06228823],[-0.12380735  0.04614327],[-0.05842122  0.03615841],[-0.00118889  0.01500366],[-0.07741275 -0.00101139],[-0.05062833  0.030441  ],[-0.06500293  0.0477381 ],[-0.07104907  0.04037406],[-0.04968499  0.04001911],[-0.12381873 -0.00263872],[-0.10769225  0.02992997],[-0.02725956  0.02213694],[-0.07521893  0.05279462],[-0.07580914  0.03719189],[-0.04411357  0.04535608],[-0.05954788  0.06088285],[-0.13931021  0.01585532],[-0.09852133 -0.00531998],[-0.05295504  0.03161062],[-0.06045802 -0.08650938],[-0.1016384   0.01974877],[-0.07723626  0.04391296],[-0.06084685 -0.00676783],[-0.09751648 -0.01417572],[-0.04037579  0.02846408],[ 0.03659498 -0.01627082],[-0.1188261   0.00345715],[-0.08394652  0.04237492],[-0.05419749  0.04769327],[-0.05779827  0.04139178],[-0.10998081  0.05671205],[-0.13084659 -0.00406289],[-0.10974269  0.00993828],[-0.08047883  0.02058633],[-0.01330912  0.04049731],[-0.06907249  0.04153711],[-0.10672837  0.0325181 ],[-0.06103078  0.02054026],[-0.03499681  0.04511959],[-0.10984697  0.00706182],[-0.0409453   0.03739263],[-0.0965477   0.03764259],[-0.09820115  0.01820328],[-0.1008681  -0.02638543],[-0.09350925  0.04412414],[-0.04134771  0.04546637],[-0.05928694  0.03499693],[-0.07598385  0.00189896],[-0.11729533  0.04602319],[0.0130695  0.02091683],[-0.0345625   0.03742095],[-0.11445663  0.05744806],[-0.07438444  0.04552814],[-0.10493272  0.03592953],[-0.06910605  0.05131953],[-0.08668458  0.07019261],[-0.10650275  0.0572475 ],[-0.08315398  0.04131429],[-0.10778523  0.0222463 ],[-0.06175386  0.04530947],[-0.09180925  0.01652893],[-0.05855389  0.05387205],[-0.03333141  0.02513251],[-0.07451584  0.02460273],[-0.11971038  0.03299468],[-0.08877415  0.00711225],[-0.07914102  0.04761049],[-0.08165216  0.02432198],[-0.13116181 -0.02780885],[-0.0815597  -0.00488491],[-0.04288296  0.02998064],[-0.09397169  0.06177651],[-0.13506636  0.03795971],[-0.0789213   0.00945735],[-0.08023306 -0.01620729],[-0.09608164 -0.00296485],[-0.08074064  0.05107712],[-0.0947137   0.05198243],[-0.07474392  0.03899452],[-0.08466166  0.05670624],[-0.0660439   0.03192101],[-0.05417484  0.04021223],[-0.0421648   0.02501318],[-0.10983746  0.00766445],[-0.07075688  0.04446516],[-0.0860791   0.03852715],[-0.0948511   0.02465129],[-0.0558116   0.02824165],[-0.03569516  0.04468544],[-0.0940666   0.00408744],[-0.07141019  0.02172392],[-0.01385105  0.0344249 ],[-0.10782178 -0.04543386],[-0.0660009  -0.00567681],[-0.05015728  0.05857142],[-0.06577428  0.02543061],[-0.100431    0.00527346],[-0.04438098  0.04736374],[-0.07757227  0.06213151],[-0.10091049 -0.04167935],[-0.10736182 -0.00793913],[-0.03255132  0.0418412 ]
[-0.05664179  0.02419649],[-0.08488334  0.02776666],[-0.12801573  0.00643103],[-0.10342356  0.00571537],[-0.10231891 -0.0044506 ],[-0.13804731 -0.00092215],[-0.12238983  0.03217392],[-0.08691368  0.00652812],[-0.02645303  0.04100854],[-0.09931921  0.0563297 ],[-0.06998871  0.01577144],[-0.09694789  0.06780337],[-0.08742286  0.02191029],[-0.05440766  0.05182906],[-0.09484293  0.01168428],[-0.10511819  0.03079562],[-0.05483136  0.04031834],[-0.06637134  0.03824237],[-0.10348127 -0.01717899],[-0.06538405  0.04644312],[-0.10831907  0.02468571],[-0.05458087  0.03436782],[-0.08564822  0.03753981],[-0.02880561  0.01913499],[-0.09670115  0.02390417],[-0.11105608  0.05445876],[-0.05014931  0.05362869],[-0.06372744  0.04735708],[-0.09224939  0.05580875],[-0.11911259 -0.00120652],[-0.05758467  0.03134333],[-0.10410517  0.04291273],[-0.08184504  0.04148748],[-0.07836362  0.03246647],[-0.10422909  0.07208228],[-0.03937718  0.04992664],[ 0.03679273 -0.01793567],[-0.12110672 -0.00536741],[-0.06848624  0.05920056],[-0.07666838  0.05662492],[-0.09097423  0.01872161],[-0.08157123  0.05415064],[-0.11966435  0.02210831],[-0.04680047  0.04071372],[-0.02125019  0.02951709],[-0.0744763   0.00799532],[-0.06720387  0.05691275],[-0.08168132  0.03665938],[-0.08746561  0.05467407],[-0.06489868  0.04911241],[-0.12164783 -0.01933789],[-0.11805291  0.04032763],[-0.05534274  0.05035623],[-0.08004848  0.05996659],[-0.07500396  0.04427865],[-0.04739999  0.04961109],[-0.08369932  0.06681626],[-0.1337235  0.034043 ],[-0.09938405 -0.01534194],[-0.07389757  0.06153732],[-0.05766825 -0.0684326 ],[-0.09789572  0.05246288],[-0.0834024   0.05132556],[-0.07081608  0.02030246],[-0.10256486 -0.00504036],[-0.06446572  0.04464043],[ 0.04734265 -0.01674386],[-0.13051715  0.01636962],[-0.08516245  0.05835171],[-0.05427587  0.04304491],[-0.06252362  0.05735337],[-0.10970414  0.06163237],[-0.12777263  0.02113075],[-0.0962536   0.01781851],[-0.07980269  0.02796121],[-0.04010617  0.05886463],[-0.07914659  0.04373172],[-0.10458132  0.01921188],[-0.08043596  0.03889665],[-0.04327247  0.05150231],[-0.11552692  0.02876689],[-0.07120674  0.03443293],[-0.08491571  0.03525222],[-0.07175695  0.03091631],[-0.08966862  0.02536863],[-0.12785563  0.06743626],[-0.04153889  0.0515964 ],[-0.06813698  0.05077982],[-0.10872493  0.00832773],[-0.11543592  0.07711022],[-0.00723498  0.02791725],[-0.03386489  0.04063011],[-0.109202    0.05237568],[-0.09936067  0.068049  ],[-0.12253156  0.05576579],[-0.06872985  0.05290802],[-0.10729942  0.0597748 ],[-0.10052135  0.06136483],[-0.07859861  0.05013631],[-0.0937868   0.04814163],[-0.0792333   0.05679749],[-0.10746615  0.07041688],[-0.07921116  0.06791288],[-0.03163319  0.02859329],[-0.09824214  0.04365019],[-0.10382213  0.03635126],[-0.10022169  0.01858749],[-0.07023339  0.05490981],[-0.09361538  0.01500007],[-0.12151479 -0.03776744],[-0.07096291 -0.00309043],[-0.05073478  0.03995716],[-0.11150857  0.06738678],[-0.13317874  0.04047604],[-0.07435931  0.01548981],[-0.09166083 -0.00109544],[-0.08586162  0.03063116],[-0.08717782  0.05840461],[-0.09204174  0.0393226 ],[-0.10411561  0.04344513],[-0.0788637  0.0609597],[-0.08773086  0.03421136],[-0.06306314  0.04637964],[-0.05474194  0.05128432],[-0.11373591  0.01307122],[-0.09119027  0.05672662],[-0.10230076  0.03652245],[-0.11235691  0.05421994],[-0.08086304  0.05815004],[-0.04904494  0.0535011 ],[-0.09280836  0.00948654],[-0.11504746  0.02519779],[-0.02568772  0.03764674],[-0.10947687 -0.0279034 ],[-0.06705983 -0.01088784],[-0.07791591  0.05921181],[-0.05259613  0.03576881],[-0.11408112  0.01320559],[-0.04961129  0.04757562],[-0.09471483  0.0837179 ],[-0.13816434 -0.00209019],[-0.13851193 -0.00498712],[-0.03713198  0.03752402]
[-0.04735158  0.03055734],[-0.08209709  0.01906613],[-0.12040914  0.00108942],[-0.10340505  0.0048887 ],[-0.11190104 -0.01381858],[-0.11303525 -0.01059125],[-0.07813964  0.0471967 ],[-0.08719762  0.00047059],[-0.03319778  0.03301236],[-0.10942341  0.04546477],[-0.05735669  0.00390962],[-0.11090875  0.05660621],[-0.09649896  0.02799943],[-0.05041222  0.0468596 ],[-0.08473525 -0.01973175],[-0.10881425  0.0151845 ],[-0.05021866  0.0347808 ],[-0.06342544  0.00699124],[-0.10782307 -0.02462415],[-0.04898502  0.01394219],[-0.09245043  0.0183897 ],[-0.06984763  0.03802725],[-0.09014811  0.03199288],[-0.0259952   0.03015297],[-0.08365908  0.02420967],[-0.12203554  0.06240592],[-0.03553717  0.04094186],[-0.03462586  0.02544261],[-0.08628928  0.05751507],[-0.11853801  0.00578427],[-0.06833599  0.02687122],[-0.09714385  0.05409498],[-0.08594982  0.05144573],[-0.08883228  0.04512521],[-0.08601401  0.04411414],[-0.03737156  0.04415062],[ 0.02354186 -0.00874456],[-0.09857028 -0.01295971],[-0.07516705  0.05906247],[-0.08037512  0.05446197],[-0.0988993   0.03914228],[-0.07221168  0.04582975],[-0.12304445  0.0290467 ],[-0.03331267  0.01953613],[-0.02619284  0.02687808],[-0.09032504 -0.00084323],[-0.07450146  0.05458819],[-0.07304395  0.04229864],[-0.07825009  0.02965529],[-0.05823459  0.03676617],[-0.11492955 -0.02415618],[-0.10976733  0.04164438],[-0.0752822   0.04572495],[-0.0657094   0.04515557],[-0.06897372  0.03429437],[-0.03799555  0.04800407],[-0.04226589  0.04338938],[-0.14108664  0.03020455],[-0.07888531 -0.02291319],[-0.05637521  0.04840968],[-0.06555177 -0.05349949],[-0.0956021   0.03970769],[-0.09579647  0.04329802],[-0.08383273  0.02347868],[-0.1037152   0.00170877],[-0.08463017  0.02724129],[ 0.02309496 -0.01495942],[-0.11327771  0.00359425],[-0.09302414  0.05425273],[-0.06172071  0.03755287],[-0.06577318  0.04990551],[-0.11672608  0.05651341],[-0.12939337  0.01599267],[-0.08220831  0.01736407],[-0.07279316  0.0372971 ],[-0.03311025  0.04922288],[-0.08673462  0.04942932],[-0.08724617  0.02243868],[-0.08528025  0.04011024],[-0.03993494  0.03322316],[-0.11868062 -0.00142873],[-0.07560544  0.02959191],[-0.08635979  0.05012054],[-0.0667093   0.01757596],[-0.07698234  0.03545004],[-0.1237076   0.07543041],[-0.04881676  0.0529771 ],[-0.05108807  0.0288212 ],[-0.09252024  0.04153584],[-0.09585481  0.05015497],[-0.0131982   0.03547367],[-0.05006805  0.05576257],[-0.11173231  0.03722878],[-0.07869165  0.03593305],[-0.12546942  0.0412686 ],[-0.04537442  0.04078838],[-0.08896191  0.0668676 ],[-0.10484073  0.0619045 ],[-0.07162579  0.04309013],[-0.07619715  0.03636652],[-0.07247569  0.04310704],[-0.0959804   0.03836715],[-0.07552312  0.06381847],[-0.0372478   0.04178594],[-0.08451443  0.02940224],[-0.11856318  0.01026767],[-0.08949388  0.01415508],[-0.06560821  0.0284053 ],[-0.05888262 -0.01241345],[-0.12817127 -0.02037162],[-0.0613087  -0.01333599],[-0.0498088  0.0480742],[-0.10807475  0.0651277 ],[-0.12399206  0.04000391],[-0.07286079  0.01504086],[-0.07622444 -0.02967963],[-0.09902103  0.0255466 ],[-0.07083349  0.05097305],[-0.09254999  0.03548703],[-0.0981399   0.05091276],[-0.09470858  0.05628682],[-0.0707975   0.01531396],[-0.05076806  0.0418416 ],[-0.0569694   0.04739467],[-0.11251547  0.0408277 ],[-0.08388171  0.05124548],[-0.1062646  0.0123254],[-0.10590564  0.03952962],[-0.07291219  0.04258824],[-0.05980298  0.05085304],[-0.07655137 -0.01503942],[-0.10445058  0.02745241],[-0.00674824  0.0222468 ],[-0.11454325 -0.05606994],[-0.08287641 -0.00328095],[-0.06636305  0.0623968 ],[-0.05190392  0.01996951],[-0.07672759 -0.01492034],[-0.06242238  0.05229208],[-0.08609938  0.06674588],[-0.12743723 -0.01810101],[-0.12580788 -0.02901348],[-0.03995465  0.03252504]
[-0.04702723  0.05759122],[-0.08770932  0.02550529],[-0.11155096  0.00219495],[-0.1065766   0.03773433],[-0.10920248 -0.02022951],[-0.11297917  0.01889521],[-0.08008157  0.02628564],[-0.06626574  0.02429741],[-0.0117069   0.04023751],[-0.12610796  0.07943301],[-0.07655379  0.06503823],[-0.08163417  0.06891857],[-0.0866759  0.0385442],[-0.03491413  0.0640929 ],[-0.0776245   0.01232214],[-0.10102818  0.0080437 ],[-0.02837276  0.04577262],[-0.05378894  0.03941057],[-0.10915928  0.01870155],[-0.05935971  0.03486386],[-0.10116672  0.00858683],[-0.06660019  0.06847396],[-0.0851567   0.04089763],[-0.01483043  0.04161536],[-0.09835938  0.03044982],[-0.09709109  0.05381874],[-0.04577728  0.05809803],[-0.0332076   0.04096738],[-0.06871671  0.05882498],[-0.11511203 -0.00468021],[-0.07370465  0.06350768],[-0.1004586   0.05870946],[-0.0686933   0.04656169],[-0.08262713  0.04498082],[-0.09791119  0.06481196],[-0.02878047  0.06861284],[0.01889773 0.00553   ],[-0.08304527  0.01791467],[-0.08155867  0.09666224],[-0.07006719  0.06861475],[-0.08481451  0.0310283 ],[-0.04934919  0.0627355 ],[-0.11639444  0.03179564],[-0.03117082  0.04375195],[-0.03104856  0.04116875],[-0.07951393  0.0287875 ],[-0.08183321  0.06441639],[-0.06557903  0.04785108],[-0.06744245  0.06065152],[-0.05515698  0.06007271],[-0.10952615  0.00079065],[-0.10558768  0.03892851],[-0.05617162  0.05372672],[-0.0856073  0.0665606],[-0.05599151  0.04407099],[-0.03654712  0.06032888],[-0.03084248  0.07752261],[-0.12090362  0.00971933],[-0.06582902  0.03525318],[-0.06225277  0.06084437],[-0.05592709 -0.06615528],[-0.10522556  0.04447419],[-0.0822005   0.06624712],[-0.06107234  0.04925862],[-0.10015336  0.01453159],[-0.07173026  0.03281035],[ 0.03820692 -0.00848931],[-0.1056171   0.01095122],[-0.05395702  0.05784654],[-0.06227911  0.06299575],[-0.05776184  0.07445438],[-0.1053868   0.06729983],[-0.11415856  0.00980408],[-0.10392018  0.02788021],[-0.06434466  0.03375949],[-0.033677   0.0579546],[-0.07257957  0.04275457],[-0.09228195  0.02004718],[-0.07686538  0.04560966],[-0.04410134  0.04856997],[-0.12213705 -0.00386554],[-0.04223996  0.04193769],[-0.08885895  0.06305324],[-0.0588187   0.03247305],[-0.07865541  0.02956048],[-0.10625773  0.07795881],[-0.05081423  0.07177898],[-0.05721202  0.05252169],[-0.08806776  0.02599789],[-0.08068995  0.02792231],[-0.0137997   0.05162342],[-0.03121451  0.05533532],[-0.10208299  0.02455669],[-0.0827893   0.05216695],[-0.10663808  0.05620247],[-0.03006265  0.06101089],[-0.09663381  0.03896729],[-0.08028153  0.05690445],[-0.08565765  0.05220388],[-0.07157748  0.03877297],[-0.07034568  0.06207312],[-0.09274141  0.04179092],[-0.05794822  0.07667528],[-0.03555423  0.05023978],[-0.07360631  0.04582561],[-0.13018459  0.0252123 ],[-0.10238602  0.0122683 ],[-0.04379451  0.04748371],[-0.05657188  0.0073184 ],[-0.12754989  0.01817888],[-0.07685381  0.00155561],[-0.04171309  0.05772502],[-0.08182209  0.06891331],[-0.11133089  0.00335278],[-0.08003876  0.03280461],[-0.07365444 -0.00126351],[-0.10337728  0.04636281],[-0.06915398  0.04695984],[-0.09174777  0.04241043],[-0.0539718   0.05115161],[-0.08514135  0.06594008],[-0.06314085  0.04332961],[-0.04677179  0.05337333],[-0.05483892  0.05891274],[-0.11046071  0.01227157],[-0.07765677  0.07842833],[-0.11879451  0.03727774],[-0.09507591  0.05937994],[-0.06041041  0.04966094],[-0.04542079  0.05823645],[-0.0619789   0.00053683],[-0.07770023  0.03465912],[-0.01670123  0.05119764],[-0.10410262 -0.0197441 ],[-0.0767933   0.03079351],[-0.05963464  0.06504083],[-0.0409876   0.03309415],[-0.06291687  0.00289511],[-0.04679209  0.0517935 ],[-0.07371461  0.07590534],[-0.12130956 -0.01375649],[-0.12331025  0.00899385],[-0.02745222  0.04360147]
[-0.06025443  0.05098895],[-0.10799687  0.02667005],[-0.12113848 -0.00605568],[-0.13610366  0.03912869],[-0.13173315 -0.00465741],[-0.14083326  0.01525463],[-0.1225216   0.07637505],[-0.07959585  0.01867257],[-0.0314742   0.05014173],[-0.10892744  0.06720358],[-0.07128245  0.05135236],[-0.11604143  0.07492808],[-0.10680274  0.04447281],[-0.06137063  0.06342477],[-0.0933863   0.00239673],[-0.12749213 -0.00187239],[-0.03782562  0.04751858],[-0.07828144  0.02759862],[-0.12507597  0.02176482],[-0.10941354  0.02449854],[-0.1050977   0.02166318],[-0.07967094  0.05873151],[-0.09263936  0.06301582],[-0.05273082  0.05981677],[-0.12573192  0.03057393],[-0.12216502  0.06249272],[-0.06603221  0.06659859],[-0.06328849  0.04653447],[-0.06418933  0.04136782],[-0.13816571  0.01669334],[-0.05176133  0.0519827 ],[-0.10109874  0.03803579],[-0.09140388  0.0558089 ],[-0.1149132   0.05348502],[-0.13318002  0.08652255],[-0.04826004  0.0666742 ],[-0.00210494  0.02081825],[-0.1090489   0.03757853],[-0.09329214  0.09103535],[-0.10169629  0.07293122],[-0.11000652  0.05948137],[-0.06961309  0.05803427],[-0.14421612  0.02250024],[-0.04888891  0.05436274],[-0.05495592  0.05366905],[-0.09546187  0.05361671],[-0.11824948  0.07085289],[-0.07954551  0.05363305],[-0.0734646   0.06343843],[-0.07422261  0.06736381],[-0.1077114 -0.0110326],[-0.10983894  0.03365202],[-0.08818199  0.05908119],[-0.10056666  0.07125655],[-0.07593808  0.04201106],[-0.0550838   0.06359361],[-0.0548453   0.06443077],[-0.1461398   0.01886714],[-0.1077146   0.01500246],[-0.07121609  0.06396283],[-0.07429732 -0.06206181],[-0.12289075  0.05941354],[-0.08521976  0.05653714],[-0.08189457  0.04637224],[-0.12453168 -0.00359476],[-0.13575658  0.02953721],[0.02726413 0.01180313],[-0.13278443  0.015361  ],[-0.08086054  0.05594512],[-0.07237679  0.0724801 ],[-0.06694207  0.06905521],[-0.11724474  0.06133094],[-0.15126467  0.01048734],[-0.1265462   0.05399771],[-0.09524038  0.04720772],[-0.0613635   0.07428952],[-0.06836762  0.03942468],[-0.12532419  0.03590665],[-0.08672168  0.04869438],[-0.0431145   0.04570104],[-0.14157155  0.02143091],[-0.07637636  0.04684855],[-0.11085837  0.0738133 ],[-0.08335873  0.05374279],[-0.1079442   0.03888039],[-0.11170759  0.06005422],[-0.06076404  0.06438987],[-0.08264021  0.06850028],[-0.13003018  0.0187359 ],[-0.09945709  0.06332992],[-0.01529787  0.03417792],[-0.06326938  0.06183797],[-0.14137572  0.05656576],[-0.10325437  0.0664355 ],[-0.1201744   0.04221775],[-0.04947238  0.05673142],[-0.12234495  0.06154491],[-0.10712659  0.06122668],[-0.09522314  0.05345685],[-0.08823592  0.04661054],[-0.07783186  0.05861753],[-0.12321062  0.02601554],[-0.05919167  0.06488313],[-0.04584216  0.04810756],[-0.10252666  0.0584608 ],[-0.144799    0.04205778],[-0.11316956  0.0221214 ],[-0.04640615  0.02644524],[-0.06660286  0.04329767],[-0.14581099  0.00797545],[-0.10078879  0.02163841],[-0.04616773  0.06744067],[-0.09381587  0.06579335],[-0.1398898   0.03434194],[-0.08545988  0.05065502],[-0.09706908  0.0176206 ],[-0.1132568   0.02984132],[-0.10111501  0.05238165],[-0.11299299  0.03337193],[-0.06774074  0.05324505],[-0.08930194  0.05890873],[-0.09165405  0.01337625],[-0.05414692  0.05531314],[-0.07209636  0.06750645],[-0.13266501  0.02113476],[-0.09648287  0.08564126],[-0.14101943  0.04085664],[-0.11516926  0.07033136],[-0.0969946   0.06850465],[-0.06294776  0.05529689],[-0.0928173  -0.00228602],[-0.09535309  0.03498055],[-0.0352588   0.05044615],[-0.11835896 -0.01180421],[-0.07684224  0.03767948],[-0.07490158  0.05958033],[-0.04493598  0.02430649],[-8.3856486e-02 -7.6659024e-05],[-0.06666858  0.05678996],[-0.09341607  0.08079626],[-0.14329144  0.01804437],[-0.1457392   0.01377394],[-0.04310001  0.04728652]
[-0.05290109  0.04011517],[-0.09693696  0.02304529],[-0.12680992 -0.01636976],[-0.1397737   0.02692885],[-0.10711332 -0.02059758],[-1.2814513e-01  6.9662929e-06],[-0.10553879  0.06921874],[-0.06201998 -0.00257122],[-0.02890981  0.03980682],[-0.08619327  0.04859414],[-0.06379806  0.05626296],[-0.09896357  0.06909212],[-0.086894    0.02874501],[-0.04643531  0.0503043 ],[-0.09498211 -0.0090805 ],[-0.12588608 -0.01411036],[-0.01924715  0.03941858],[-0.05372257  0.00787943],[-0.11422243  0.01033499],[-0.11184671 -0.00218766],[-0.08038735  0.01527387],[-0.07596903  0.05924743],[-0.08080552  0.04409332],[-0.04542948  0.05135763],[-0.10907558  0.04209592],[-0.11605365  0.0638501 ],[-0.04172302  0.05418569],[-0.04756896  0.05003195],[-0.06837613  0.02684801],[-0.12435641  0.00278402],[-0.05323151  0.02848222],[-0.06598579  0.05208999],[-0.07053564  0.03545229],[-0.12406453  0.04189234],[-0.10026284  0.06042645],[-0.04301817  0.06377354],[-0.00726363  0.0239658 ],[-0.10951255 -0.00742037],[-0.09126859  0.06706275],[-0.09101222  0.06536508],[-0.10643066  0.04317043],[-0.05534769  0.0532959 ],[-0.11828483  0.0290713 ],[-0.01107465  0.03365136],[-0.04233946  0.04073759],[-0.06849774  0.05898621],[-0.09154999  0.04960146],[-0.07893255  0.04977841],[-0.06069582  0.05608961],[-0.07874494  0.06416191],[-0.11095921  0.00344094],[-0.11465802  0.0147178 ],[-0.07380553  0.05581171],[-0.08934528  0.04740245],[-0.06232588  0.03648753],[-0.03515001  0.05030266],[-0.04403291  0.06923592],[-0.14516625  0.00756111],[-0.09683668  0.04969301],[-0.08265653  0.06063733],[-0.0629819  -0.07695551],[-0.09717629  0.02270935],[-0.08854499  0.04835384],[-0.06312878  0.05497832],[-0.1095508  -0.01364745],[-0.11065135  0.02156833],[0.01685739 0.00475728],[-0.11201297 -0.00723369],[-0.04765967  0.03064816],[-0.0623444   0.05766017],[-0.04846716  0.05800658],[-0.11080418  0.07780094],[-0.13154805  0.00694391],[-0.09949117  0.04822795],[-0.08456793  0.03654404],[-0.04176165  0.05572252],[-0.0441359   0.03431233],[-0.11734519  0.05748298],[-0.10703991  0.0647258 ],[-0.02546404  0.0339858 ],[-0.12653619  0.00768837],[-0.07731824  0.0529364 ],[-0.09905297  0.06325157],[-0.05471732  0.03282296],[-0.09950749  0.03240483],[-0.10380561  0.07729146],[-0.02969138  0.04259599],[-0.06373381  0.04286269],[-0.10306472  0.02464421],[-0.07440264  0.04035373],[ 0.00711809 -0.00397658],[-0.06219731  0.05807379],[-0.11275261  0.04750771],[-0.09344903  0.05337251],[-0.11016002  0.0333251 ],[-0.04457013  0.06096221],[-0.1074583   0.01865855],[-0.09388844  0.04712217],[-0.06977275  0.03630267],[-0.07862838  0.03803443],[-0.0635831  0.0402783],[-1.16493516e-01 -3.57702374e-05],[-0.0404629   0.05646121],[-0.03058507  0.04532779],[-0.09851096  0.04550168],[-0.12291161  0.04120572],[-0.10175649  0.00183059],[-0.05304002  0.03453901],[-0.02618521  0.01243283],[-0.14842886  0.00184016],[-0.08900031 -0.01208484],[-0.02795193  0.03900371],[-0.09087773  0.06704181],[-0.1264042   0.01489122],[-0.05849589  0.04440336],[-0.0792909   0.00310576],[-0.12877938  0.03185303],[-0.08676181  0.04454239],[-0.1124809   0.02541771],[-0.03689561  0.04767506],[-0.06980469  0.04664757],[-0.09644329  0.01091273],[-0.04653142  0.05859149],[-0.06275286  0.04937484],[-0.1136585   0.00690582],[-0.08426199  0.07128941],[-0.11505399  0.03781986],[-0.07769875  0.04394211],[-0.08015062  0.07036647],[-0.05605184  0.04530014],[-0.06631128 -0.01524513],[-0.08394682  0.04176516],[-0.05172566  0.05956574],[-0.12541443 -0.03171559],[-0.06627474  0.03494198],[-0.07629931  0.05915045],[-0.02181686  0.01762363],[-0.0472121  -0.02898589],[-0.04497929  0.04972452],[-0.08256686  0.07173051],[-0.13171771  0.00519135],[-0.13326594 -0.00544543],[-0.04467391  0.04861258]
[-0.04640358  0.0478903 ],[-0.10356363  0.02923984],[-0.11699983  0.01478069],[-0.12345441  0.05430398],[-0.12673348  0.00989221],[-0.105611    0.01264534],[-0.08812294  0.05593456],[-0.05701051  0.00429609],[-0.02878644  0.05223672],[-0.09633868  0.05281956],[-0.06876806  0.05577844],[-0.07567964  0.05779896],[-0.10211433  0.04011737],[-0.06727916  0.05543626],[-0.08761703  0.01618509],[-0.11169579 -0.01047325],[-0.01864861  0.04635572],[-0.02917969  0.03047091],[-0.12509769  0.01133303],[-0.08055825  0.04012441],[-0.0846769   0.00712973],[-0.08072815  0.05870439],[-0.06653448  0.03012488],[-0.05258086  0.05501324],[-0.09705953  0.02774056],[-0.10716725  0.05814146],[-0.03903732  0.05290568],[-0.04277356  0.05899004],[-0.06051566  0.05432935],[-0.12371955 -0.00729957],[-0.0629922   0.05486244],[-0.07099117  0.03488513],[-0.05942733  0.04881426],[-0.11668126  0.04907202],[-0.1117441   0.05231867],[-0.05104921  0.06978561],[-0.02174258  0.03381136],[-0.10675525  0.00763924],[-0.1070851  0.0800605],[-0.10013614  0.0645431 ],[-0.10566121  0.05246301],[-0.05536097  0.0559468 ],[-0.10119651  0.02586938],[-0.00228428  0.01138588],[-0.05035702  0.05376287],[-0.06928454  0.03407278],[-0.09265786  0.05669268],[-0.07488067  0.05587757],[-0.04673652  0.04900352],[-0.09895895  0.0734403 ],[-0.11139154  0.00974291],[-0.09989538  0.03679045],[-0.06316326  0.06157547],[-0.07402249  0.05571628],[-0.06727611  0.04222565],[-0.02852565  0.04974357],[-0.05762206  0.0652173 ],[-0.12872863 -0.00177349],[-0.0744812   0.04939538],[-0.0771825   0.06900296],[-0.05027944 -0.08208527],[-0.09424407  0.01343662],[-0.07662137  0.05934248],[-0.07098833  0.04606791],[-0.10953615 -0.0038968 ],[-0.10075783  0.0202834 ],[0.02034944 0.02393796],[-0.11389599 -0.0141213 ],[-0.02311356  0.04436534],[-0.05165819  0.05647535],[-0.05273835  0.07810293],[-0.11635876  0.07381596],[-0.12586302  0.00610403],[-0.07437618  0.02341716],[-0.09701663  0.02832871],[-0.04585875  0.06259963],[-0.04879725  0.02190907],[-0.10359722  0.0300086 ],[-0.09808642  0.05141737],[-0.02750848  0.04609929],[-0.11500465  0.0175784 ],[-0.0668044   0.04931074],[-0.08345289  0.0446904 ],[-0.04682918  0.02989753],[-0.08479131  0.03980879],[-0.09897982  0.08171457],[-0.02275301  0.02898667],[-0.06013679  0.0403082 ],[-0.08074182  0.03489615],[-0.06366932  0.04233475],[-0.00249841  0.01633237],[-0.05929145  0.04775567],[-0.10515141  0.0303494 ],[-0.09142988  0.05520683],[-0.10239358  0.0099681 ],[-0.06096557  0.05225996],[-0.11832761  0.03909337],[-0.09009815  0.02900289],[-0.08838698  0.04670886],[-0.08010098  0.04123261],[-0.05449288  0.04749483],[-0.11492977  0.05068389],[-0.0533729   0.05962349],[-0.04106767  0.03987638],[-0.09540022  0.04999492],[-0.13080415  0.02033187],[-0.10386694 -0.01730397],[-0.020925    0.02251576],[-0.02789885  0.03745845],[-0.13091609  0.01651302],[-0.07809234 -0.00024923],[-0.04067503  0.04950042],[-0.09325533  0.06137938],[-1.2263308e-01  5.4039061e-05],[-0.08307645  0.04446852],[-0.03369106  0.04615665],[-0.11718202  0.03282968],[-0.08592122  0.03727261],[-0.09502714  0.03847626],[-0.02429824  0.0422063 ],[-0.08773995  0.0487947 ],[-0.09162938  0.01994329],[-0.06509526  0.06439152],[-0.07584404  0.0605442 ],[-0.10078508 -0.00965514],[-0.09385077  0.06740524],[-0.09766793  0.03369083],[-0.08026352  0.02881127],[-0.07674905  0.05344275],[-0.08689614  0.05769018],[-0.04319609 -0.00433857],[-0.08129949  0.02835855],[-0.05816371  0.06254731],[-0.12735766 -0.00924113],[-0.07118391  0.0398042 ],[-0.08365642  0.05961361],[-0.02878193  0.02879339],[-0.06071809 -0.03624148],[-0.05641598  0.0564073 ],[-0.09348499  0.06749377],[-1.2504059e-01 -3.0349940e-05],[-0.14216116  0.00429266],[-0.04105006  0.04842484]
[-0.06398834  0.03912895],[-0.10015341  0.02831835],[-0.11674716 -0.0224618 ],[-0.13440692  0.01562676],[-0.13501078 -0.00947455],[-0.12086722 -0.01263262],[-0.08833577  0.02177973],[-0.05942158 -0.0148997 ],[-0.02812161  0.04974163],[-0.11102358  0.04222429],[-0.09006739  0.04498429],[-0.10185596  0.05248267],[-0.12121423  0.02757049],[-0.0745469   0.05080571],[-0.11827777  0.00247146],[-0.1405412  -0.00798697],[-0.0253223   0.04560548],[-0.03191114  0.03212038],[-0.13069054  0.00414376],[-0.09829996  0.00642304],[-0.08526585  0.01533532],[-0.07920565  0.03773984],[-0.06280141  0.02952084],[-0.06836969  0.05783106],[-0.11143888  0.02353242],[-0.11507877  0.05297289],[-0.0532627   0.04775882],[-0.0628541   0.04978427],[-0.06467621  0.04821878],[-0.13165012  0.0061976 ],[-0.04192075  0.04128933],[-0.0879811   0.04082363],[-0.05943073  0.02504116],[-0.12889463  0.05342081],[-0.12855324  0.0100772 ],[-0.05597433  0.05797738],[-0.02659001  0.04046202],[-0.09937612 -0.00419181],[-0.11477963  0.05359264],[-0.12476177  0.04942333],[-0.11425103  0.04012593],[-0.0586139   0.04907351],[-0.10121497  0.02250211],[-0.02253379  0.00910712],[-0.04481807  0.05203081],[-0.09818573  0.0154531 ],[-0.12448559  0.06019313],[-0.09748822  0.06404498],[-0.03450918  0.04547409],[-0.09351128  0.04632651],[-0.13072625 -0.01893279],[-0.0968794   0.02943015],[-0.07193003  0.04146039],[-0.08697233  0.05351432],[-0.10008242  0.04068902],[-0.03893106  0.04678615],[-0.03419372  0.0463932 ],[-0.14495862  0.01833791],[-0.0767339   0.01202973],[-0.09593002  0.05165252],[-0.04547769 -0.09303845],[-0.09825396  0.0276535 ],[-0.06976254  0.03000147],[-0.07815058  0.04867126],[-0.12183318 -0.01295596],[-0.07799423 -0.00226764],[-0.01224761  0.04511196],[-0.12550479 -0.01248223],[-0.03102625  0.02906091],[-0.06255803  0.05257557],[-0.07208418  0.05353293],[-0.12555003  0.05936481],[-0.13966575  0.00044975],[-0.09220203  0.04206445],[-0.111574    0.06112206],[-0.06436881  0.065611  ],[-0.05676883  0.03424482],[-0.11351014  0.03911317],[-0.10989172  0.04146815],[-0.03610983  0.0420319 ],[-0.13210657 -0.02860645],[-0.05014696  0.05196764],[-0.12116043  0.06839998],[-0.05175131  0.04016555],[-0.11755178  0.0150776 ],[-0.10132138  0.05382087],[-0.0509805   0.04662922],[-0.04389835  0.00195159],[-0.08333009  0.02127424],[-0.06376757  0.03786531],[-0.00150925  0.00461688],[-0.05460913  0.0411224 ],[-0.14637494  0.04714217],[-0.09423802  0.04165495],[-0.13388649 -0.02501788],[-0.0878719   0.05769606],[-0.12117014  0.04486484],[-0.11540668  0.02971235],[-0.09502322  0.03695505],[-0.09619548  0.02490601],[-0.04426256  0.03632462],[-0.13063219  0.00214026],[-0.06252958  0.06253989],[-0.05256424  0.04796718],[-0.08664127  0.03768071],[-0.13594109  0.01348048],[-0.12605873 -0.01750501],[-0.01968148 -0.00131837],[-0.07118203  0.02443304],[-0.13715118  0.00209028],[-0.0995998  -0.00400609],[-0.04647362  0.05157491],[-0.10759138  0.06788245],[-0.13278869  0.0397079 ],[-0.10244172  0.04289381],[-0.03431522  0.0312044 ],[-0.11677054  0.02284104],[-0.09039543  0.05040802],[-0.11332346  0.02159898],[-0.03770643  0.01797593],[-0.10937112  0.05735045],[-0.10956778 -0.01857524],[-0.06145013  0.06608929],[-0.0811695  0.0552479],[-0.12177093 -0.00449156],[-0.08459003  0.0592345 ],[-0.10664337  0.0258924 ],[-0.08632971  0.02634734],[-0.08537284  0.03491122],[-0.04688539  0.03203777],[-0.05356466 -0.00316602],[-0.08116053  0.01044523],[-0.08666217  0.05197731],[-0.12594712 -0.02956551],[-0.06929767  0.04300765],[-0.09882631  0.04485287],[-0.03881197  0.02120296],[-0.0977921  -0.04739207],[-0.06711338  0.0528799 ],[-0.09253267  0.06735305],[-0.14015174 -0.0158399 ],[-0.15036103 -0.01462255],[-0.05716012  0.04097404]
[-0.04790353  0.04377117],[-0.09149084  0.02419678],[-0.11750988 -0.02205414],[-0.1243668   0.01991315],[-0.10565818 -0.02992412],[-0.12141088 -0.02087439],[-0.07818469  0.04291349],[-0.03404102  0.00778176],[-0.02075431  0.04983561],[-0.09951261  0.06169397],[-0.09766991  0.05204493],[-0.10138097  0.07087812],[-0.10034516  0.0237333 ],[-0.07698581  0.04832074],[-0.10694646  0.01390075],[-0.11733585  0.00418718],[-0.02478725  0.03773995],[-0.02291472  0.04245229],[-0.10220461 -0.00243906],[-0.08883952  0.04491824],[-0.09238837  0.01902909],[-0.07724761  0.04502126],[-0.07297672  0.03866282],[-0.05601982  0.04875353],[-0.10226225  0.02980623],[-0.10572483  0.05327065],[-0.03473874  0.04865754],[-0.06617264  0.06656019],[-0.05787131  0.04632932],[-0.10468967 -0.00226587],[-0.04407196  0.05906038],[-0.08615202  0.04111103],[-0.04898554  0.01292333],[-0.1081934   0.04057674],[-0.08969066  0.0426468 ],[-0.03298654  0.05173665],[-0.03131558  0.04195533],[-0.11795781  0.00075563],[-0.09257043  0.06128887],[-0.11303607  0.06387646],[-0.09858765  0.0521762 ],[-0.04440857  0.04159763],[-0.0882365  0.0170702],[-0.00608185 -0.00131179],[-0.03227095  0.04695548],[-0.09690786  0.01667271],[-0.09773197  0.06365585],[-0.07887331  0.05811174],[-0.05479567  0.05623871],[-0.10131191  0.06640996],[-0.12470641 -0.01298609],[-0.10430593  0.04505279],[-0.05120432  0.04186094],[-0.09152701  0.05837632],[-0.08862755  0.05130615],[-0.03137235  0.04749599],[-0.04796691  0.05588161],[-0.12118489 -0.00382949],[-0.11086396  0.04400304],[-0.08489593  0.06152817],[-0.03578531 -0.08269373],[-0.07360684  0.02561061],[-0.07008882  0.04878168],[-0.08243311  0.05386392],[-0.10107421 -0.01217388],[-0.06083722  0.02877341],[0.00508796 0.04008265],[-0.11307427 -0.01185282],[-0.02323323  0.02411767],[-0.06420836  0.05812802],[-0.08997124  0.07512912],[-0.11135822  0.06856871],[-0.13133326  0.00971836],[-0.08637676  0.05156134],[-0.09036397  0.05107957],[-0.05663332  0.05912393],[-0.07165515  0.04853609],[-0.09519156  0.03978703],[-0.09872847  0.04809817],[-0.04002879  0.04102846],[-0.11717359  0.02396019],[-0.04548792  0.02805774],[-0.1119724   0.05823999],[-0.04070476  0.03980106],[-0.09541052  0.01415068],[-0.09969222  0.05080182],[-0.03666211  0.03563541],[-0.05006708  0.02824486],[-0.06544424 -0.00515861],[-0.07425893  0.04505173],[-0.00799748  0.02725608],[-0.03862879  0.05559547],[-0.10711002  0.03100448],[-0.10151695  0.05313874],[-0.12254962  0.00817323],[-0.09558728  0.06335662],[-0.1267159   0.01113219],[-0.1031136   0.03064707],[-0.07605934  0.0392671 ],[-0.09908114  0.02551864],[-0.05058495  0.01786805],[-0.11405643 -0.00407008],[-0.05947544  0.07515574],[-0.0574113   0.04798197],[-0.09579553  0.05624755],[-0.1065413   0.00939873],[-0.10459699 -0.00610402],[-0.02874347  0.01994852],[-0.05727357  0.0256366 ],[-0.128306    0.01389448],[-0.10532319  0.00486614],[-0.06102241  0.0429302 ],[-0.10636624  0.06909813],[-0.10672497  0.03136459],[-0.08564404  0.05515174],[-0.0297298  0.019433 ],[-0.11016498  0.03304696],[-0.05085217  0.05206439],[-0.09474633  0.02217394],[-0.03699203  0.03376031],[-0.07483761  0.03085183],[-0.09865496 -0.00980207],[-0.06077448  0.05784715],[-0.08758049  0.07047303],[-0.11813778 -0.01038458],[-0.08638073  0.05756728],[-0.09283141  0.05927782],[-0.07107945  0.03084354],[-0.07038918  0.05036474],[-0.03553466  0.02763151],[-0.03995042  0.02393196],[-0.07592348  0.02392264],[-0.07512388  0.06927028],[-0.12200461 -0.01812357],[-0.04221137  0.03627757],[-0.10675385  0.05666729],[-0.06768468  0.04749363],[-0.08925497 -0.02217007],[-0.04239434  0.04480496],[-0.09319841  0.06549618],[-0.13187087 -0.00607184],[-0.13515976  0.01528006],[-0.04969568  0.04157703]
[-0.03673927  0.04429673],[-0.06978315  0.00680885],[-0.11726085 -0.0095807 ],[-0.130402    0.00702721],[-0.11253908 -0.05055684],[-0.10703307 -0.03828632],[-0.08543248  0.0298757 ],[-0.04424452  0.00184905],[-0.02106458  0.05107002],[-0.11080234  0.05506889],[-0.08733816  0.01773408],[-0.09542579  0.04936285],[-0.10692257  0.02024775],[-0.09305262  0.05599352],[-0.10546661  0.01285442],[-0.12094442 -0.02055546],[-0.01834996  0.04090789],[-0.03496846  0.04669893],[-0.12901536  0.00834   ],[-0.06439936  0.02725663],[-0.0832151   0.00157828],[-0.08226367  0.03864032],[-0.0482646   0.01539997],[-0.08465343  0.05588396],[-0.11106097  0.01131656],[-0.10071331  0.04212886],[-0.02827603  0.04164183],[-0.07437779  0.06827269],[-0.06844294  0.04308758],[-0.13633394  0.0082221 ],[-0.07860824  0.04764896],[-0.07539807  0.02923502],[-0.07367005  0.02325631],[-0.1035931   0.05136715],[-0.1037248  -0.00088366],[-0.04288236  0.05727245],[-0.0186954   0.03760265],[-0.10625397 -0.01122008],[-0.08310669  0.04054643],[-0.09552867  0.05767833],[-0.09805735  0.04044716],[-0.05219419  0.02399041],[-0.08810908  0.00503253],[-0.03977813 -0.01250368],[-0.04380137  0.04311121],[-0.12900084  0.01783227],[-0.11120091  0.0628612 ],[-0.09893214  0.04111435],[-0.06910062  0.05288449],[-0.08892613  0.04442169],[-0.11933947 -0.02929123],[-0.12053321  0.04822693],[-0.05985069  0.04409543],[-0.10400505  0.04864814],[-0.10917614  0.05786018],[-0.03850342  0.0476294 ],[-0.0630026   0.05097863],[-0.13688257 -0.0200473 ],[-0.1217423  0.0352069],[-0.08066481  0.04327009],[-0.05174864 -0.1030452 ],[-0.09280438  0.03773242],[-0.06274498  0.03629933],[-0.0837133   0.04463432],[-0.11337405 -0.01281283],[-0.07951713  0.02209966],[-0.00808647  0.04431971],[-0.11782988 -0.0189347 ],[-0.0566974   0.03627101],[-0.06083038  0.04423899],[-0.10403842  0.06639977],[-0.11618491  0.05402139],[-0.13455194  0.02432325],[-0.04597413  0.01549442],[-0.10889069  0.05032704],[-0.07623295  0.07142699],[-0.08248234  0.04005739],[-0.11297863  0.04055109],[-0.09315649  0.04535966],[-0.04747613  0.04416519],[-0.12615371  0.01087949],[-0.03147477  0.01887413],[-0.12433227  0.05886086],[-0.03373729  0.02280448],[-0.10737356  0.00563337],[-0.07804266  0.03480534],[-0.0420346   0.03402567],[-0.06528313  0.02137814],[-0.09100572  0.03042716],[-0.07738702  0.05159496],[-0.0129236   0.04195781],[-0.05281978  0.03812143],[-0.11857834  0.02441689],[-0.08291343  0.03558437],[-0.11092595  0.00946056],[-0.09902517  0.05610496],[-0.13197282  0.02485117],[-0.1204621   0.01752606],[-0.08678363  0.04270817],[-0.08546928  0.03197219],[-0.09588159  0.04145284],[-0.11324734  0.00630488],[-0.06386569  0.04960844],[-0.05291051  0.04862769],[-0.09408786  0.0500601 ],[-0.1149764   0.00836052],[-0.13052464 -0.02166928],[-0.03306337  0.01880427],[-0.06051501  0.03600159],[-0.12619728  0.00016704],[-0.10408834  0.00553366],[-0.063678    0.04885587],[-0.11616652  0.07464543],[-0.10907974  0.02614664],[-0.11396404  0.05151262],[-0.03711804  0.02416378],[-0.11503226  0.01821309],[-0.05828097  0.03780759],[-0.09745797  0.03206013],[-0.03783209  0.01868026],[-0.08851937  0.04027686],[-0.1034706  -0.00479246],[-0.06164108  0.05441866],[-0.07344308  0.06020865],[-0.11345502 -0.01932831],[-0.09027336  0.05995785],[-0.09363327  0.05111652],[-0.07346456  0.01568187],[-0.06563475  0.03576639],[-0.03897861  0.02496872],[-0.04428355 -0.00544962],[-0.08259896  0.00345154],[-0.06204477  0.04651912],[-0.11829457 -0.02529885],[-0.04920417  0.04130523],[-0.10112316  0.06466936],[-0.07497396  0.03889159],[-0.0712254  -0.03709559],[-0.04781958  0.04897951],[-0.10667857  0.0671922 ],[-0.12548938 -0.00712485],[-0.14075497 -0.00199474],[-0.02908786  0.02587679]
[-0.03937184  0.01982142],[-0.09987552  0.03684271],[-0.11889861 -0.01417483],[-0.14085218  0.03695819],[-0.0880191  -0.07153758],[-0.11183686 -0.00203977],[-0.06757745  0.01640863],[-0.04312442  0.03638681],[-0.01836122  0.05140205],[-0.13577539  0.07942086],[-0.08794237  0.03338967],[-0.0957856   0.05571617],[-0.11311061  0.04762873],[-0.08153297  0.05698169],[-0.11165013  0.00181214],[-0.12554583  0.01889535],[-0.02627987  0.03942881],[-0.03863116  0.04362563],[-0.13665244  0.03467532],[-0.06594475  0.01310686],[-0.10444013  0.03669448],[-0.08588704  0.04436794],[-0.05104264  0.00973191],[-0.06281336  0.06684278],[-0.13484576  0.03639984],[-0.10533551  0.04053214],[-0.02904587  0.0396683 ],[-0.06862203  0.06134867],[-0.05691082  0.04345107],[-0.13607904  0.02324637],[-0.09376513  0.06924498],[-0.06989574  0.04275968],[-0.05989569  0.03945783],[-0.09747887  0.04216177],[-0.10279606  0.00561463],[-0.04597916  0.05935758],[-0.02155174  0.04464431],[-0.0809103  -0.01667372],[-0.06697039  0.04039228],[-0.0777382   0.05462797],[-0.09845554  0.05267991],[-0.04649314  0.03049366],[-0.10309865  0.05371198],[-0.05655823  0.01658434],[-0.03883035  0.05093895],[-0.11580152  0.01761864],[-0.12463313  0.06533101],[-0.112183    0.06183598],[-0.07153694  0.05831539],[-0.06875211  0.05258795],[-0.1536619  0.0120529],[-0.12845907  0.04461255],[-0.06916087  0.03198263],[-0.10515646  0.04032369],[-0.09737038  0.0625432 ],[-0.04344518  0.05548686],[-0.0386232   0.05194633],[-0.15236536 -0.00436544],[-0.11016064  0.0457024 ],[-0.08782814  0.04162538],[-0.05210537 -0.10365772],[-0.10571369  0.04711423],[-0.08514497  0.04248571],[-0.08748128  0.04650551],[-0.11613039 -0.00933336],[-0.06818182  0.03297125],[-0.01003544  0.04835661],[-0.12308431 -0.00914385],[-0.04944351  0.04637815],[-0.056729    0.04846549],[-0.09473827  0.05900478],[-0.11213244  0.06137611],[-0.13383624  0.0220438 ],[-0.06071761  0.02823872],[-0.09244253  0.04570172],[-0.08824126  0.0690192 ],[-0.06423974  0.03685547],[-0.09770543  0.04450199],[-0.08149569  0.02443075],[-0.05793501  0.0495231 ],[-0.14903879 -0.00480166],[-0.03677937  0.01415438],[-0.13572961  0.04749209],[-0.02025476  0.02492266],[-0.11148866  0.01222632],[-0.08446705  0.03907536],[-0.06182046  0.05177944],[-0.06432989  0.01107052],[-0.10144883 -0.01417071],[-0.08548751  0.03241736],[-0.01200074  0.04628779],[-0.06592771  0.04439863],[-0.13537723  0.04686121],[-0.10168157  0.04591504],[-0.132124    0.00169966],[-0.10199741  0.05992383],[-0.12475128  0.01475786],[-0.11448827  0.01381918],[-0.09344134  0.05967327],[-0.11082888  0.01584484],[-0.07022791  0.04807163],[-0.10489307 -0.02538589],[-0.06889734  0.06244246],[-0.05390287  0.06215081],[-0.07779853  0.0412656 ],[-0.13219878  0.00673455],[-0.13091242  0.0175139 ],[-0.0182276  -0.00422726],[-0.07032456  0.03040265],[-0.12769598  0.02274409],[-0.10650422  0.00306399],[-0.05696562  0.05294527],[-0.12497044  0.07701278],[-0.11665786 -0.00077636],[-0.1276392   0.06342421],[-0.04244223  0.00810647],[-0.12402522  0.0335304 ],[-0.06514554  0.0405605 ],[-0.09440201  0.03455013],[-0.05101537  0.0218527 ],[-0.1054383  0.029779 ],[-0.10517661 -0.00134888],[-0.04862244  0.05764725],[-0.06412646  0.0583724 ],[-0.11997698 -0.03872171],[-0.09363643  0.06427807],[-0.09343957  0.04916399],[-0.05904549  0.02585052],[-0.05665242  0.04198219],[-0.0338824   0.03291096],[-0.04934434  0.01015368],[-0.07795079  0.02484932],[-0.06058694  0.05858083],[-0.12050063 -0.0289622 ],[-0.05966162  0.05466452],[-0.10194296  0.05708778],[-0.07686924  0.04542572],[-0.08960988 -0.0015975 ],[-0.04731464  0.05135643],[-0.08919438  0.07653849],[-0.12212334 -0.02971393],[-0.12881058  0.00712684],[-0.03927519  0.0377656 ]
[-0.0192655   0.04857428],[-0.10645204  0.02471337],[-0.12650478 -0.00066482],[-0.13008153  0.04859325],[-0.14064407 -0.01137637],[-0.13050312 -0.01706099],[-0.04242551  0.02052247],[-0.05449788  0.02958133],[-0.01950579  0.05261846],[-0.10534246  0.06286314],[-0.09722079  0.02851155],[-0.08118319  0.06067284],[-0.11135452  0.04465079],[-0.08147536  0.06093754],[-0.097216  -0.0052852],[-0.11804839  0.01729961],[-0.01687387  0.03896331],[-0.05119963  0.05283147],[-0.11842748  0.00080561],[-0.05899955  0.02169146],[-0.09075705  0.01873327],[-0.07277197  0.05179306],[-0.04094104  0.02614931],[-0.06438712  0.05407395],[-0.11462656  0.02303254],[-0.10724119  0.04817325],[-0.02748609  0.04084938],[-0.07542092  0.0585994 ],[-0.04150601  0.03226128],[-0.10678533 -0.00836713],[-0.08785785  0.07159056],[-0.07562546  0.02685237],[-0.04045689  0.03433472],[-0.08073607  0.01256623],[-0.09566971  0.02386763],[-0.04385818  0.05875142],[-0.02935629  0.04143033],[-0.09598494  0.00798861],[-0.05558408  0.03638858],[-0.04636807  0.02964396],[-0.1031279   0.05124326],[-0.04048079  0.0383097 ],[-0.0721062   0.02819153],[-0.05341758  0.01325677],[-0.03462598  0.04903783],[-0.10193936  0.01078097],[-0.09775629  0.05898982],[-0.09203865  0.05131279],[-0.07455941  0.05475463],[-0.06725462  0.0573995 ],[-0.13295585  0.01587243],[-0.12038682  0.0348971 ],[-0.07361553  0.05897437],[-0.07378142  0.04319118],[-0.08769598  0.06807831],[-0.04390878  0.05355052],[-0.03733335  0.05049533],[-0.13160634 -0.01115651],[-0.11190828  0.02875032],[-0.06525477  0.02253059],[-0.04593629 -0.07788342],[-0.10193024  0.04201217],[-0.09178903  0.0444686 ],[-0.08753691  0.04641282],[-0.10122136 -0.01650409],[-0.06133256  0.02936639],[0.02694574 0.04855775],[-0.1061975  -0.00024338],[-0.04065221  0.04155893],[-0.03703845  0.0435426 ],[-0.08992539  0.05753708],[-0.10355643  0.05672993],[-0.13096642  0.01302058],[-0.07937656  0.03283862],[-0.09141343  0.04399131],[-0.07958423  0.079667  ],[-0.06635293  0.03759914],[-0.09594996  0.02097522],[-0.0754021   0.01607005],[-0.06123263  0.04375952],[-0.12353306  0.01865746],[-0.05066437  0.03740416],[-0.1221332   0.04042881],[-0.00825567  0.01522933],[-0.10339279  0.00028171],[-0.0833764   0.02729137],[-0.05047091  0.04864324],[-0.05548386  0.0366629 ],[-0.10555867 -0.01955034],[-0.09971013  0.00953584],[-0.02262349  0.05072049],[-0.07475825  0.04347825],[-0.11496276  0.03488414],[-0.10781283  0.05635414],[-0.10718706  0.03272369],[-0.09368149  0.06269763],[-0.13221341  0.02018322],[-0.11431705  0.01838301],[-0.08470263  0.04166463],[-0.10772762  0.02066713],[-0.05058471  0.03412383],[-0.10727034  0.00044765],[-0.06023806  0.04644765],[-0.05250091  0.0463022 ],[-0.08982969  0.04370235],[-0.11139166  0.00058617],[-0.1343658   0.00633244],[-0.01117091 -0.02404838],[-0.07337524  0.05267705],[-0.09759764  0.01321768],[-0.11859613 -0.00540318],[-0.05701361  0.03859596],[-0.10517748  0.06620364],[-0.11352792  0.02282151],[-0.11484288  0.04852335],[-0.05855883 -0.00436963],[-0.11177077  0.02879747],[-0.05686007  0.05884894],[-0.10210013  0.02669411],[-0.04694011  0.03450789],[-0.1122594   0.01472707],[-0.09407576 -0.00592239],[-0.05076442  0.05118183],[-0.06804061  0.05556462],[-0.11147898 -0.02508783],[-0.07901728  0.0602359 ],[-0.08798084  0.04380693],[-0.04207097  0.01951135],[-0.06717795  0.04788585],[-0.01606452  0.02593571],[-0.05337665  0.02791555],[-0.07734978  0.00997294],[-0.05245548  0.04614301],[-0.10996202 -0.030871  ],[-0.05054075  0.04234176],[-0.08742205  0.052111  ],[-0.07636621  0.04447807],[-0.08632218  0.01634171],[-0.04056945  0.04557316],[-0.07304307  0.06501177],[-0.11634722 -0.00682208],[-0.1270465  0.0291037],[-0.02361767  0.03471498]
[-0.04735901  0.05682575],[-0.07309347  0.02636791],[-0.12003004  0.00628452],[-0.1447978  -0.01960357],[-0.13050112 -0.04749817],[-0.09831385 -0.03387006],[-0.06703505  0.02586156],[-0.05803599  0.0185222 ],[-0.04245364  0.05027857],[-0.09218731  0.03305877],[-0.08633285  0.0129826 ],[-0.0720279   0.05632007],[-0.12183445  0.04808039],[-0.10162888  0.04942263],[-0.09966529 -0.00928989],[-0.12544683  0.02951624],[-0.03287011  0.03833057],[-0.05452523  0.04605228],[-0.11690981 -0.01796874],[-0.08523471  0.03081162],[-0.09352761 -0.00836156],[-0.07677869  0.03267717],[-0.07173455  0.02428506],[-0.09820346  0.06600395],[-0.12197965  0.00814717],[-0.1095453  0.0479229],[-0.04304265  0.03168396],[-0.09647497  0.05925392],[-0.07023574  0.02520932],[-0.12168198 -0.01315903],[-0.07823715  0.051183  ],[-0.06654483  0.0373577 ],[-0.05543765  0.01379688],[-0.11085617  0.00981576],[-0.09285278  0.02649956],[-0.0777104   0.05590962],[-0.0335686   0.03155698],[-0.08404843  0.03393038],[-0.07047813  0.03596323],[-0.03528713  0.01662831],[-0.11573588  0.03100671],[-0.0515167   0.03279208],[-0.09425867  0.02795778],[-0.07980314  0.00690602],[-0.05459379  0.04707343],[-0.10333069 -0.01196904],[-0.09891026  0.05691345],[-0.10880605  0.04675229],[-0.09075069  0.05778467],[-0.05087758  0.03014589],[-0.13126701  0.01042656],[-0.13332668  0.02663383],[-0.07709225  0.0406002 ],[-0.05463588  0.02797696],[-0.09532779  0.05136573],[-0.06802257  0.05270449],[-0.07007945  0.04528718],[-0.1573427   0.00284754],[-0.11164231  0.04288886],[-0.06974895  0.01136315],[-0.058328   -0.09091827],[-0.10645405  0.04553274],[-0.10043194  0.03904206],[-0.0902314  0.0592221],[-0.10694478 -0.03610665],[-0.0815863   0.02737771],[-0.02087305  0.03617693],[-0.10428757 -0.00026377],[-0.03664603  0.02594646],[-0.0305955   0.02753193],[-0.10100395  0.0718995 ],[-0.12239496  0.04935931],[-0.14154321  0.00761393],[-0.10428261  0.04756067],[-0.10458805  0.03599328],[-0.0792478   0.05489988],[-0.07659207  0.04544589],[-0.11528502  0.03843365],[-0.10950806  0.02464301],[-0.06863662  0.04472148],[-0.11123552 -0.00695314],[-0.02954113  0.01681004],[-0.13719064  0.05102331],[ 0.00130447 -0.00424315],[-0.12324131  0.00513895],[-0.07659555  0.01004802],[-0.06318136  0.04290469],[-0.03576976  0.02248099],[-0.13183188 -0.00242141],[-0.12547538  0.04722328],[-0.03563926  0.04408528],[-0.0759386   0.05116936],[-0.1307225   0.04180307],[-0.10635308  0.04097177],[-0.12649292 -0.00797889],[-0.10378804  0.05198648],[-0.13014558  0.02729132],[-0.12314457  0.0151147 ],[-0.08748462  0.03415122],[-0.11100868  0.02901014],[-0.05841044  0.03217843],[-0.10490758  0.02191635],[-0.06004491  0.02932664],[-0.05777671  0.038162  ],[-0.10879689  0.05659677],[-0.12295689  0.00729093],[-0.12836477 -0.00820584],[-0.00583957 -0.01431874],[-0.08002608  0.03172718],[-0.08775701 -0.00594926],[-0.11862814 -0.01323801],[-0.05867185  0.02691845],[-0.12325791  0.05860391],[-0.1302487   0.04190136],[-0.11321812  0.05121586],[-0.07211214  0.00699884],[-0.12248289  0.01978037],[-0.0636989   0.03965558],[-0.10731662  0.04145289],[-0.04505539  0.01961258],[-0.11764457  0.01518725],[-0.09574435 -0.05287262],[-0.06816597  0.05539604],[-0.07980364  0.04620279],[-0.12929648 -0.01903435],[-0.09128892  0.05553149],[-0.1128227   0.04209498],[-0.05405964  0.00254311],[-0.09055252  0.04738168],[-0.0397583   0.02953457],[-0.07793186  0.00811762],[-0.09627033  0.04949567],[-0.06777747  0.04401756],[-0.11356819 -0.04703777],[-0.0793667   0.03776664],[-0.07829482  0.04437296],[-0.10253721  0.04042205],[-0.07709244  0.01110753],[-0.05273808  0.04379503],[-0.07173186  0.06331626],[-0.11930714 -0.01113679],[-0.13134176  0.0205553 ],[-0.02378173  0.03023511]
[-0.02032151  0.04200798],[-0.06843358  0.02557318],[-0.10144936 -0.00286345],[-0.12905243  0.00413489],[-0.10688227 -0.05876616],[-0.09781191 -0.01202473],[-0.06478119  0.0436516 ],[-0.05041589  0.01903613],[-0.04496409  0.04899203],[-0.10460923  0.05703079],[-0.05245075 -0.01178433],[-0.04670987  0.04769078],[-0.09939172  0.03150744],[-0.10572899  0.05722125],[-0.09007455 -0.03463872],[-0.1050025   0.02048038],[-0.03936111  0.040845  ],[-0.06317177  0.05416742],[-0.11481344 -0.03489932],[-0.0689402   0.03954526],[-0.10582917  0.00139221],[-0.10082462  0.05269016],[-0.04834906  0.00723318],[-0.07805619  0.07224947],[-0.11708646  0.00300582],[-0.10592062  0.03541746],[-0.04093745  0.04613161],[-0.08353544  0.05108828],[-0.05318392  0.02773775],[-0.11837754 -0.02784389],[-0.10835927  0.07529859],[-0.05548185  0.0329186 ],[-0.06206793  0.01988797],[-0.10171656  0.00357949],[-0.06189041  0.0335811 ],[-0.06960876  0.04448915],[-0.0289617   0.03972281],[-0.09052628 -0.00106087],[-0.06382187  0.04937543],[-0.01973971 -0.0016038 ],[-0.11319058  0.03519965],[-0.05243112  0.03727423],[-0.10571928  0.03990803],[-0.06060904  0.02428375],[-0.06148366  0.05225149],[-0.09287951  0.01424056],[-0.07790883  0.03793873],[-0.08604094  0.04170826],[-0.07466533  0.04953826],[-0.0427037   0.03844657],[-0.11442567  0.01701679],[-0.13342252  0.03819978],[-0.08187956  0.03733924],[-0.05956342  0.03703574],[-0.0769347   0.04989592],[-0.07405093  0.05553172],[-0.11585367  0.07844432],[-0.15056592  0.01620061],[-0.1039427   0.03523729],[-0.06046695  0.03706934],[-0.04855745 -0.05780128],[-0.08149808  0.01939523],[-0.1172918   0.05635904],[-0.07845742  0.05192   ],[-0.10341354 -0.02824855],[-0.08327278  0.03266847],[-0.0014462   0.04969331],[-0.0849512  -0.00100632],[-0.05392268  0.03172283],[-0.0487145   0.04221114],[-0.08906441  0.05929481],[-0.10684655  0.05186391],[-0.12693721  0.01256589],[-0.066802    0.03269822],[-0.09455327  0.02660994],[-0.04203068  0.03748287],[-0.06587155  0.04274204],[-0.10982759  0.04258742],[-0.09253883  0.02278392],[-0.04642123  0.04449027],[-0.08240776  0.01459398],[-0.02351528  0.01274574],[-0.11326277  0.04522556],[ 0.01497865 -0.00491996],[-0.09549505  0.01839085],[-0.07314364  0.03145634],[-0.05184557  0.04779718],[-0.02690595  0.02739237],[-0.10721578 -0.00197226],[-0.10651281  0.01859077],[-0.03885289  0.0480291 ],[-0.01335338  0.0118913 ],[-0.12505966  0.06474186],[-0.1009439   0.04358712],[-0.11138736 -0.00550861],[-0.08616713  0.04930598],[-0.10983606  0.04765414],[-0.10999935  0.04038495],[-0.0935042   0.01796471],[-0.10178199  0.00341885],[-0.06624388  0.04334347],[-0.08673868  0.00330267],[-0.06913904  0.05227921],[-0.07274047  0.04726507],[-0.10180322  0.04723306],[-0.12146207 -0.01561231],[-0.11279448 -0.00771523],[ 0.01564047 -0.0228224 ],[-0.05109549  0.02421511],[-0.06655705  0.01655756],[-0.10920066 -0.04125932],[-0.06590332  0.02776552],[-0.1111091  0.0465623],[-0.10423579  0.02261515],[-0.08010282  0.03698706],[-0.03169876  0.03814955],[-0.11061168  0.01418607],[-0.0737632   0.03572702],[-0.07391068  0.04586368],[-0.02715744  0.02678674],[-0.11548641  0.01799056],[-0.08359813 -0.01845373],[-0.08877072  0.05441464],[-0.0763931   0.04932082],[-0.09548191 -0.0166721 ],[-0.09130342  0.04970222],[-0.084148    0.05135242],[-0.04386938  0.00060527],[-0.08231973  0.04831256],[-0.05686318  0.05912469],[-0.07243365  0.02583892],[-0.08578523  0.04155379],[-0.06870421  0.03975629],[-0.10724006 -0.04176234],[-0.08044946  0.03545154],[-0.07669191  0.0498931 ],[-0.09978049  0.04801962],[-0.05617671  0.0065317 ],[-0.06297912  0.0525655 ],[-0.05950645  0.04922789],[-0.10385419 -0.00295857],[-0.1112084  -0.00439303],[-0.03204542  0.02267616]
[-0.04464787  0.05364165],[-0.06614407  0.02571866],[-0.08904754 -0.0173597 ],[-0.11093689 -0.01049403],[-0.12814015 -0.028493  ],[-0.08667175 -0.03147943],[-0.07091727  0.05263455],[-0.07059051 -0.00182486],[-0.03360202  0.05077805],[-0.11109548  0.04816863],[-0.07335768 -0.01985832],[-0.06611627  0.05329419],[-0.11704605  0.03648958],[-0.0794925   0.07805665],[-0.10505641 -0.03312534],[-0.1040863   0.02418986],[-0.02553526  0.05273175],[-0.074458    0.06437254],[-0.10973089 -0.0320988 ],[-0.0449492   0.03247466],[-0.08339236 -0.01444192],[-0.07655757  0.04618145],[-0.03281535  0.00429926],[-0.06734601  0.0551028 ],[-0.08732975 -0.01806077],[-0.09866532  0.0538104 ],[-0.03940858  0.05637722],[-0.09920704  0.06602834],[-0.06160689  0.05500111],[-0.10332317 -0.02553368],[-0.12154423  0.07837863],[-0.07092512  0.0320495 ],[-0.03590252  0.02644871],[-0.08386853 -0.00173334],[-0.09955809  0.00229871],[-0.07765364  0.06103291],[-0.03993241  0.03916343],[-0.07611489  0.03575013],[-0.06381916  0.05556153],[-0.02181315  0.04698751],[-0.10159288  0.04839992],[-0.01486882  0.02994558],[-0.08039807  0.02568206],[-0.03899998  0.01487805],[-0.05703284  0.05980883],[-0.10045999  0.00444015],[-0.09395053  0.06401762],[-0.08574563  0.03541536],[-0.05173441  0.0459373 ],[-0.04620795  0.03724817],[-0.11442431 -0.00571018],[-0.12009306  0.03124281],[-0.09588187  0.05538368],[-0.05195878  0.04363596],[-0.08384829  0.05411137],[-0.06856614  0.05883431],[-0.07098724  0.05471705],[-0.12676519  0.00562371],[-0.12024596  0.02954126],[-0.06512294  0.05825421],[-0.03472392 -0.06943817],[-0.07877275  0.02369865],[-0.11666093  0.05870898],[-0.07128192  0.02058173],[-0.10741343 -0.0218805 ],[-0.07386506  0.0248444 ],[0.01252395 0.04478777],[-0.0992926   0.00733728],[-0.035363    0.02317044],[-0.04597049  0.04857863],[-0.08349272  0.05069197],[-0.08398303  0.05476497],[-0.12185166 -0.0020159 ],[-0.05858986  0.03079871],[-0.09960472  0.02213572],[-0.0321181   0.04093147],[-0.07160854  0.04761537],[-0.09341583  0.01407859],[-0.08175777  0.01998634],[-0.05403776  0.03720756],[-0.08828264  0.00670923],[-0.03734491  0.04118625],[-0.0883924   0.04640498],[-0.00436949  0.00309644],[-0.10585495 -0.00345861],[-0.06211394  0.02581463],[-0.04612471  0.06069803],[-0.05330844  0.05057261],[-0.08970342 -0.00678664],[-0.10044651 -0.02150799],[-0.0339406   0.05054512],[-0.02339106  0.0065041 ],[-0.11401778  0.0571436 ],[-0.08961216  0.04367654],[-0.10516786 -0.00683063],[-0.08554394  0.05011452],[-0.09723508  0.02069901],[-0.09811734  0.01562373],[-0.08061685  0.04914312],[-0.08721287  0.01011871],[-0.03893652  0.0310575 ],[-0.08896107 -0.00436552],[-0.06747017  0.03319073],[-0.05758178  0.04379578],[-0.092112    0.04099413],[-0.11574171 -0.01443802],[-0.11993255 -0.0375268 ],[0.01894823 0.007387  ],[-0.05384237  0.03318604],[-0.07391681  0.01494018],[-0.09491076 -0.03952581],[-0.04182965  0.03431876],[-0.09943294  0.05085463],[-0.09536649  0.03094887],[-0.08164067  0.03052349],[-0.00565009  0.02146703],[-0.09430721  0.02535198],[-0.09190998  0.04702721],[-0.07811587  0.03553545],[-0.01632817  0.01720878],[-0.10591229  0.02108018],[-0.08121388 -0.03446208],[-0.09087703  0.06546223],[-0.06974652  0.05001624],[-0.08970287 -0.00792208],[-0.08735409  0.06130934],[-0.07581747  0.05163917],[-0.02987786  0.00911218],[-0.07135631  0.05118384],[-0.01883446  0.03431449],[-0.05226969  0.02618725],[-0.05872808  0.03364633],[-0.08244903  0.0434266 ],[-0.09898356 -0.02832277],[-0.06972731  0.04325705],[-0.05173968  0.05357946],[-0.06576045  0.03698744],[-0.06247682 -0.0152815 ],[-0.06861307  0.05648841],[-0.04182746  0.05529982],[-0.11467009  0.00201141],[-0.11382063 -0.02498994],[0.0035433 0.0233837]
[-0.0949645   0.05319593],[-0.09761719  0.04379916],[-0.09914239 -0.03577352],[-0.14235827 -0.01320771],[-0.13575241 -0.03938717],[-0.10749016  0.00038363],[-0.07220228  0.03539151],[-0.08924506  0.01077586],[-0.06283861  0.05715162],[-0.1315617   0.05684542],[-0.10300868  0.01605484],[-0.09540906  0.06688914],[-0.11529977  0.02999577],[-0.10508981  0.05797467],[-0.12521788 -0.0328522 ],[-0.12934089  0.0370648 ],[-0.0600244   0.03795254],[-0.09888127  0.05545778],[-0.12687406 -0.01553239],[-0.09626404  0.05983452],[-0.11130308 -0.00058334],[-0.1187543   0.05034933],[-0.07131261  0.02085948],[-0.1037165   0.05170798],[-0.11829256  0.00093797],[-0.12866527  0.04696069],[-0.07167438  0.05713772],[-0.13288471  0.06769961],[-0.11525454  0.0507678 ],[-0.12254295 -0.00422336],[-0.1214369   0.07570472],[-0.09869332  0.04955971],[-0.05288368  0.02255205],[-0.12054769  0.00358157],[-0.11812141  0.03681686],[-0.10226228  0.06172013],[-0.05460966  0.04490891],[-0.09835791  0.06420553],[-0.07207786  0.03690505],[-0.05181641  0.04196792],[-0.11753126  0.03451527],[-0.02830399  0.0306223 ],[-0.1216976   0.04622244],[-0.04853056  0.03403021],[-0.08974554  0.06328732],[-0.09122192  0.00646674],[-0.1260812   0.07818414],[-0.08786955  0.03390036],[-0.06916498  0.05105566],[-0.04956166  0.04636272],[-0.14498672  0.01690721],[-0.1423887   0.02743321],[-0.1226925   0.05871191],[-0.08718804  0.04059928],[-0.09213095  0.05697529],[-0.09675712  0.05743574],[-0.07721292  0.04712911],[-0.14678812  0.03021982],[-0.13040814  0.06280671],[-0.09264749  0.05055764],[-0.05915812 -0.0454633 ],[-0.09774102  0.028182  ],[-0.13119015  0.05829911],[-0.0966012   0.02298879],[-0.12354071 -0.0487728 ],[-0.09518413  0.03524991],[-0.05014227  0.05289636],[-0.12689069  0.01044865],[-0.01676996  0.01137365],[-0.07791454  0.05698335],[-0.11522027  0.05918932],[-0.11959634  0.06007989],[-0.1435813   0.02128268],[-0.11659228  0.06253561],[-0.1236495   0.02301614],[-0.06035718  0.03228185],[-0.08838027  0.05263822],[-0.11118826  0.03303156],[-0.11825681  0.02324658],[-0.10290106  0.05371669],[-0.09494293  0.01613184],[-0.05211002  0.03181067],[-0.12271225  0.05386182],[-0.04368927  0.01762972],[-0.11447946  0.00670373],[-0.07733972  0.03343688],[-0.07014833  0.06960019],[-0.03831235  0.03553896],[-0.11197718  0.01517281],[-0.12245626 -0.00117023],[-0.06024116  0.04365893],[-0.07152562  0.01784715],[-0.13596669  0.06897146],[-0.1378341   0.06558828],[-0.14319259 -0.02618342],[-0.12196889  0.06769557],[-0.12162291  0.00083234],[-0.13035592  0.01554053],[-0.07826137  0.05233092],[-0.12166726  0.02997334],[-0.04890259  0.01500916],[-0.11886946  0.01534505],[-0.07588014  0.04135959],[-0.08456311  0.05061075],[-0.11371265  0.05347736],[-0.14609858  0.00544662],[-0.13385558 -0.00751615],[-0.00454451 -0.00174949],[-0.06875376  0.04366971],[-0.10393836 -0.00793058],[-0.11626857 -0.04046779],[-0.06390507  0.03629966],[-0.12783608  0.05924817],[-0.13504565  0.04765505],[-0.09839433  0.03767891],[-0.03890486  0.01692965],[-0.11002909  0.03693604],[-0.13052863  0.06722698],[-0.11194328  0.03110637],[-0.03628764  0.02092924],[-0.13664147  0.00438379],[-0.10713888 -0.02160743],[-0.11805715  0.07083613],[-0.11785067  0.0663012 ],[-0.12744558  0.01455509],[-0.10836294  0.06353362],[-0.11358457  0.06175981],[-0.0394622   0.01417002],[-0.10198701  0.06410892],[-0.03994998  0.03914688],[-0.07164696  0.03627648],[-0.09746409  0.02432289],[-0.1111786   0.06473097],[-0.11319425 -0.03760833],[-0.09529636  0.05690477],[-0.09455747  0.05783318],[-0.08789959  0.04933768],[-0.08191796  0.03224051],[-0.107193    0.06135532],[-0.08724196  0.06801723],[-1.51050687e-01 -1.18769705e-04],[-0.1403937  -0.00600285],[-0.03348725  0.02824914]
[-0.08450282  0.06711109],[-0.08207474  0.02984475],[-0.09607431 -0.05430926],[-0.12195227 -0.01726052],[-0.13650793 -0.02917149],[-0.10520921  0.00577941],[-0.06774011  0.04399042],[-0.06834263 -0.00214501],[-0.05734226  0.04984122],[-0.10934303  0.04214953],[-0.06740794  0.02478341],[-0.05746284  0.04178489],[-0.09858976  0.01498532],[-0.10937164  0.06609261],[-0.08674084 -0.02235022],[-0.10325747  0.023349  ],[-0.05152307  0.035871  ],[-0.07578374  0.04818496],[-0.10725705 -0.05473164],[-0.10063676  0.06250629],[-0.11697573 -0.02012183],[-0.12238426  0.05192326],[-0.04685015  0.01337036],[-0.09059247  0.05195775],[-0.1097017  -0.01967745],[-0.11564622  0.04043851],[-0.08080958  0.05806563],[-0.12278534  0.06722867],[-0.11226044  0.05860255],[-0.09359021 -0.03060358],[-0.12983179  0.0668052 ],[-0.105531    0.02922568],[-0.06858755  0.02692236],[-0.09057022 -0.00131146],[-0.10619356  0.03604944],[-0.09304524  0.05071059],[-0.04299606  0.04524728],[-0.07765494  0.00998611],[-0.06182606  0.03914607],[-0.04166964  0.02532769],[-0.09990276  0.0548881 ],[-0.02761213  0.01104009],[-0.09976288  0.0330502 ],[-0.05101913  0.00883758],[-0.09232577  0.05907681],[-0.07168776 -0.01562397],[-0.09381372  0.0583764 ],[-0.08883686  0.00036103],[-0.05993897  0.03969299],[-0.059081   0.0321714],[-0.1195636  -0.00022809],[-0.11948923  0.02150049],[-0.10282557  0.0463852 ],[-0.06542209  0.03949099],[-0.07307372  0.0475569 ],[-0.08771636  0.05688728],[-0.08572591  0.05438477],[-0.12415875 -0.00041253],[-0.1317974   0.06272879],[-0.10524984  0.06835221],[-0.04418505 -0.07094898],[-0.08032505  0.01972559],[-0.124116    0.04533897],[-0.07413294 -0.00067129],[-0.09959104 -0.03324104],[-0.07793275  0.03512616],[-0.03354637  0.06350298],[-0.10451489  0.00087288],[-0.02049128  0.02366589],[-0.06722842  0.03767836],[-0.09778371  0.04449527],[-0.13053873  0.0753267 ],[-0.13408911 -0.00383212],[-0.10275611  0.04863094],[-0.09645795  0.03357432],[-0.03959666  0.02166072],[-0.07395393  0.0427889 ],[-0.09960716  0.01626667],[-0.10163368  0.04091628],[-0.07963177  0.04575827],[-0.06714309  0.01259278],[-0.04983857  0.02676899],[-0.1160273   0.04944197],[-0.04139322  0.00501999],[-0.09357443  0.03022254],[-0.07616738  0.04167884],[-0.04702575  0.06033566],[-0.03342365  0.0373918 ],[-0.10203918  0.02154573],[-0.07517903  0.00253097],[-0.05570902  0.04073891],[-0.05436649  0.01950719],[-0.10783169  0.0680076 ],[-0.1440129   0.06133356],[-0.12194107 -0.00931194],[-0.10795208  0.05844143],[-0.10665137  0.02479619],[-0.1355497   0.01262292],[-0.06843071  0.03174813],[-0.09829003  0.02809381],[-0.03264118  0.02157057],[-0.11211053  0.04856521],[-0.07211401  0.0398775 ],[-0.06657096  0.04238048],[-0.11071684  0.05145004],[-0.11573324 -0.00887253],[-0.10969884 -0.00776391],[-0.00012131  0.00116456],[-0.05365053  0.01528288],[-0.08927711  0.00240412],[-0.11365982 -0.05528856],[-0.0654831   0.03371556],[-0.11574925  0.05893773],[-0.1113699   0.03540063],[-0.08847827  0.02962111],[-0.0169779   0.02340284],[-0.10094654  0.01749597],[-0.09439375  0.07199119],[-0.09516136  0.01026258],[-0.03239635  0.01340011],[-0.11477188 -0.00827824],[-0.08052848 -0.03056299],[-0.11072975  0.06673317],[-0.10636792  0.0610267 ],[-0.08551411  0.01218284],[-0.0823675   0.04042983],[-0.07226814  0.05483517],[-0.00963939  0.00857842],[-0.08510346  0.05751735],[-0.06396772  0.05117812],[-0.05953582  0.03639418],[-0.09001324  0.01042142],[-0.08490803  0.05258069],[-0.09745095 -0.0379361 ],[-0.09368738  0.04642021],[-0.09470444  0.06002389],[-0.0742619   0.03717174],[-0.0551381   0.04019791],[-0.09481666  0.04885009],[-0.07543461  0.04257997],[-0.13195503  0.00253911],[-0.13328001 -0.00313263],[-0.01303556  0.01145819]
[-0.05153744  0.05293964],[-0.03346471  0.03099592],[-0.06074546 -0.0796449 ],[-0.12535077  0.00234405],[-0.13258535 -0.04930069],[-0.08314713 -0.03420702],[-0.05717196  0.04091961],[-0.05222199  0.00667914],[-0.04868505  0.03932377],[-0.11064064  0.02944699],[-0.04805068  0.03688255],[-0.05155462  0.0446202 ],[-0.08449156  0.02622212],[-0.11157528  0.07388957],[-0.09524316 -0.01707764],[-0.09529369  0.01760982],[-0.04127646  0.03506292],[-0.06538761  0.04409001],[-0.11147601 -0.01840468],[-0.09440742  0.06273176],[-0.10580979 -0.01215217],[-0.0951198   0.04369101],[-0.02809689 -0.00516595],[-0.06119715  0.0328032 ],[-0.09860311 -0.02170267],[-0.11128365  0.03126127],[-0.07269247  0.05261601],[-0.10537849  0.05711036],[-0.12089538  0.05759539],[-0.10513648 -0.01368745],[-0.11645619  0.04477313],[-0.07246039  0.04263767],[-0.08751007  0.04664983],[-0.06376737  0.0180262 ],[-0.09613258  0.00352244],[-0.05670066  0.04977855],[-0.04757986  0.05097554],[-0.07727554  0.00446766],[-0.06091755  0.05198647],[-0.04719844  0.04589907],[-0.08621126  0.04381596],[-0.0098959   0.02831842],[-0.07868035  0.04651821],[-0.04104425  0.03621007],[-0.09334708  0.03382323],[-0.05262358 -0.01519345],[-0.11948702  0.05888373],[-0.09189469  0.00358118],[-0.06775182  0.04152295],[-0.03927156  0.02338293],[-0.12259152  0.00139496],[-0.10777991  0.00627082],[-0.07611706  0.04322452],[-0.06408353  0.04434437],[-0.06584713  0.03167821],[-0.07385205  0.0547992 ],[-0.06672214  0.04874998],[-0.09165601  0.0128204 ],[-0.10552645  0.04605776],[-0.10463259  0.05949699],[-0.06324061 -0.1093055 ],[-0.06820496  0.03134494],[-0.10123921  0.05550002],[-0.08662242 -0.00295032],[-0.09302322 -0.04312028],[-0.08664802  0.0201487 ],[-0.04877681  0.06471857],[-0.088959   0.0063273],[-0.016796    0.02229164],[-0.05337977  0.02663387],[-0.10752844  0.0525939 ],[-0.09645585  0.04922729],[-0.12230375 -0.01097471],[-0.08474988  0.03280215],[-0.07929012  0.03481556],[-0.03090473  0.01109637],[-0.06924217  0.03511244],[-0.089272    0.00506118],[-0.09078886  0.01473614],[-0.06539698  0.03514248],[-0.10669684 -0.00643108],[-0.0179575   0.00946749],[-0.11157472  0.04957477],[-0.02010737  0.00406105],[-0.09300061  0.01646284],[-0.06485658  0.0384819 ],[-0.05455016  0.05659192],[-0.0498969   0.03588786],[-0.09395083  0.01438525],[-0.10138864 -0.01398183],[-0.0415618  0.0401214],[-0.0388934   0.03431906],[-0.10451176  0.04200366],[-0.12808222  0.05066878],[-0.09506405 -0.00535746],[-0.09161196  0.04952062],[-0.09327104 -0.02814676],[-0.10485265 -0.00907158],[-0.0778488  0.0460306],[-0.07805267  0.03063593],[-0.01418237  0.02478256],[-0.10123821  0.0168291 ],[-0.07741411  0.04003177],[-0.05663675  0.04847954],[-0.09238424  0.05299116],[-0.1288      0.00358691],[-0.11514554 -0.00655553],[-0.00925509  0.01256246],[-0.03900091  0.02439621],[-0.08473679  0.02055584],[-0.10292418 -0.03568279],[-0.0390754   0.04013177],[-0.11207931  0.05866542],[-0.11323173  0.01660493],[-0.10231058  0.03676784],[ 0.00707279 -0.00338539],[-0.09030142  0.02139841],[-0.06921338  0.0447678 ],[-0.08782157  0.00280611],[-0.03651588  0.02115878],[-0.10766793  0.00057627],[-0.0706384  -0.06237343],[-0.10199855  0.05628597],[-0.09366488  0.05116967],[-0.1028235   0.00694147],[-0.07223295  0.04199883],[-0.08431091  0.02622089],[ 0.00133599 -0.01210275],[-0.09232155  0.0660941 ],[-0.05731289  0.05755681],[-0.03993919  0.03540875],[-0.06801214  0.02161414],[-0.08179954  0.04684489],[-0.0881165  -0.04746781],[-0.08457109  0.04839964],[-0.08818971  0.04676206],[-0.07131484  0.02515433],[-0.07672077  0.00767971],[-0.09121043  0.05144769],[-0.05876991  0.04659961],[-0.11387449 -0.02205627],[-0.11273367 -0.01181913],[0.00179604 0.0092505 ]
[-0.07476842  0.0519198 ],[-0.07279813  0.04441673],[-0.07288796 -0.08397914],[-0.13989106  0.01801325],[-0.13593018 -0.03846375],[-0.12654766 -0.01404567],[-0.06359657  0.05116482],[-0.0532368   0.02047681],[-0.05493017  0.03690352],[-0.11636022  0.04143914],[-0.06442931  0.05772371],[-0.06513277  0.0454019 ],[-0.08286552  0.03466863],[-0.09788352  0.0499512 ],[-0.12558687 -0.03005657],[-0.11391451  0.0197262 ],[-0.0390275   0.02225191],[-0.08234014  0.0474864 ],[-0.12407438 -0.01980713],[-0.11147929  0.06527518],[-0.12590024 -0.0008412 ],[-0.09428965  0.05582181],[-0.02712798  0.01825168],[-0.07590757  0.0328869 ],[-0.11279771 -0.02550282],[-0.11407458  0.02955075],[-0.09816905  0.06607319],[-0.12136667  0.06018211],[-0.10445281  0.05830249],[-0.11950634 -0.01635605],[-0.11957965  0.05346611],[-0.06056924  0.03977935],[-0.07463037  0.03343044],[-0.06635957 -0.00127973],[-0.09894044  0.0296932 ],[-0.04700065  0.04210233],[-0.046571    0.03873939],[-0.08606537  0.06457286],[-0.04761823  0.03792836],[-0.05352765  0.04141735],[-0.09354698  0.04146345],[-0.03654113  0.03476466],[-0.07437581  0.03879751],[-0.04367675  0.04483486],[-0.09707179  0.04133173],[-0.06332397 -0.01293991],[-0.14920157  0.07206632],[-0.07672285  0.02013605],[-0.07950963  0.04234212],[-0.03189971  0.04989482],[-0.13437289  0.01622513],[-0.12116208 -0.00906594],[-0.08966551  0.04327877],[-0.07726325  0.04577485],[-0.10347398  0.05294831],[-0.07594106  0.05760357],[-0.06647184  0.0437473 ],[-0.11201175  0.02695059],[-0.11820445  0.03028049],[-0.09559797  0.07720658],[-0.06325654 -0.04867567],[-0.081       0.01962196],[-0.10401372  0.05299475],[-0.10017087  0.02261988],[-0.09577964 -0.04657658],[-0.09967432  0.01169252],[-0.05150324  0.06976171],[-0.11027924  0.00737448],[-0.02504699  0.02373185],[-0.05817781  0.0423766 ],[-0.1336959   0.05566302],[-0.09654873  0.05615401],[-0.13098532 -0.00957765],[-0.08532051  0.03344936],[-0.09267203  0.04396169],[-0.02111744  0.01141692],[-0.08027097  0.04230672],[-0.11153965  0.01448674],[-0.10503451  0.0333231 ],[-0.06737769  0.03790485],[-0.09252178  0.05357477],[-0.01902484  0.01040084],[-0.11469296  0.05300882],[0.00936408 0.0198073 ],[-0.09388224  0.01440822],[-0.07439338  0.05680393],[-0.05128488  0.05223269],[-0.05845269  0.05678302],[-0.09053851  0.00260348],[-0.07839039 -0.01012617],[-0.05314501  0.03902306],[-0.06307825  0.03564446],[-0.12656346  0.08014748],[-0.13860774  0.07258959],[-0.11889314 -0.00677911],[-0.10254665  0.04787822],[-0.10963305 -0.03236831],[-0.11281366 -0.00215774],[-0.07767183  0.03929535],[-0.11096584  0.0188402 ],[-0.0393412   0.03209052],[-0.11525411  0.01939046],[-0.08054988  0.03810674],[-0.06735802  0.03968814],[-0.108104    0.05053275],[-0.15051562 -0.00383249],[-0.13577026 -0.00538008],[0.00760961 0.00817474],[-0.05545277  0.02206595],[-0.07087304  0.0077845 ],[-0.09381688 -0.03376261],[-0.05481372  0.0380404 ],[-0.11793274  0.04594497],[-0.11474787  0.0209945 ],[-0.09612206  0.04118517],[-0.02768906  0.03141548],[-0.10000324  0.03410374],[-0.06930879  0.05486747],[-0.1185815  -0.00322867],[-0.05762292  0.03883207],[-0.11962535 -0.00525857],[-0.09899548 -0.02328033],[-0.1073712   0.06012772],[-0.12485719  0.05883687],[-0.11872069  0.02305705],[-0.0845452   0.04982889],[-0.10344959  0.04611514],[-0.02547368  0.02096779],[-0.10807274  0.06449789],[-0.05622539  0.04609646],[-0.04381532  0.03548044],[-0.08387852  0.00766394],[-0.0768247   0.04293117],[-0.0832613  -0.06359452],[-0.09182207  0.04776369],[-0.08648396  0.04756591],[-0.07886548  0.03583508],[-0.0783371   0.04101079],[-0.08789165  0.05220405],[-0.06429574  0.04448425],[-0.1148658  -0.02277208],[-0.1111021  -0.01817591],[-0.03054193  0.00949639]
[-0.07479056  0.06741039],[-0.0729719   0.04367225],[-0.06281048 -0.0518415 ],[-0.12078644  0.00679657],[-0.13021392 -0.01664137],[-0.11009558 -0.02354985],[-0.08039253  0.07221273],[-0.05466724  0.01991566],[-0.04735077  0.0419738 ],[-0.08621892  0.02535902],[-0.04438137  0.0567573 ],[-0.07498796  0.05450501],[-0.06512169  0.02585454],[-0.10974041  0.07589446],[-0.09886495  0.02455807],[-0.09984808  0.0375397 ],[-0.04333817  0.04646175],[-0.08095399  0.06141491],[-0.12357896 -0.0105417 ],[-0.11622158  0.07409634],[-0.11309835  0.00667444],[-0.06933708  0.03801144],[-0.0134843   0.02023392],[-0.07596441  0.05389644],[-0.09767238 -0.02081184],[-0.10412786  0.03199876],[-0.08102052  0.06207129],[-0.13907036  0.0726527 ],[-0.11215752  0.08616529],[-0.08761395  0.01456238],[-0.09942784  0.06419188],[-0.05266988  0.05434205],[-0.05941633  0.04329161],[-0.05224562 -0.00863278],[-0.08434882  0.03256965],[-0.06558342  0.06884684],[-0.0511514  0.0466947],[-0.07138629  0.0276939 ],[-0.03872453  0.04715488],[-0.05748335  0.05511994],[-0.08663601  0.06036664],[-0.04479536  0.02189543],[-0.05563263  0.01794834],[-0.06240786  0.0344529 ],[-0.07890391  0.04626163],[-0.06866942  0.00867455],[-0.11943398  0.06287748],[-0.07339785  0.01338096],[-0.07221132  0.05347594],[-0.03522841  0.0516598 ],[-0.10507744  0.03034769],[-0.11627723  0.021339  ],[-0.06735381  0.0478056 ],[-0.04211067  0.0184749 ],[-0.09131926  0.06528598],[-0.08157495  0.06737684],[-0.05717765  0.04161372],[-0.09639206  0.00941543],[-0.1136684   0.02997529],[-0.10059371  0.08853798],[-0.0507622  -0.04178697],[-0.08533011  0.03230779],[-0.11195352  0.06481563],[-0.08043946  0.03983862],[-0.09349769 -0.05161745],[-0.07045819  0.03551294],[-0.06551343  0.06841272],[-0.07026164 -0.00512288],[-0.04162876  0.04582791],[-0.03391527  0.04653215],[-0.11975329  0.06364898],[-0.07951647  0.06047346],[-0.12384132 -0.00886497],[-0.06795751  0.03646888],[-0.05540843  0.03036353],[-0.02529977  0.03200151],[-0.08984924  0.06414932],[-0.10666465  0.00563609],[-0.09700967  0.06312668],[-0.04902577  0.03692707],[-0.09893131  0.04224673],[-0.02728638  0.02723614],[-0.11070871  0.06953603],[-0.0015532  0.0217695],[-0.09517378 -0.01011425],[-0.0621352   0.05852879],[-0.05074546  0.05230604],[-0.03152996  0.04756391],[-0.07752679  0.01039237],[-0.04590666  0.0102666 ],[-0.05797891  0.05220291],[-0.04453533  0.05063614],[-0.10826049  0.07109092],[-0.11131445  0.07002798],[-0.11595691 -0.01227289],[-0.08769052  0.06085669],[-0.11401772 -0.00693126],[-0.10819233 -0.00085159],[-0.08978865  0.04601208],[-0.09607837  0.05942356],[-0.04925279  0.04154402],[-0.09764791  0.03160523],[-0.06494495  0.0470567 ],[-0.05427709  0.04981392],[-0.08115051  0.06397785],[-0.11039022  0.00602914],[-0.12408232 -0.022631  ],[-0.03106534  0.04033072],[-0.05726401  0.03855233],[-0.05895383  0.01374799],[-0.09304773 -0.04325493],[-0.05003877  0.04393498],[-0.12676942  0.07954155],[-0.10380847  0.00897806],[-0.08416381  0.05688355],[-0.03026404  0.05502996],[-0.10100498  0.02701648],[-0.07819888  0.05806947],[-0.10614584  0.07388107],[-0.05532933  0.04814892],[-0.1152061   0.00154589],[-0.097852   -0.03840051],[-0.09434965  0.07290694],[-0.12497891  0.06878205],[-0.1034572  0.0374623],[-0.06707942  0.05769881],[-0.07895076  0.04388476],[-0.01658608  0.02354125],[-0.09573165  0.07338408],[-0.06300483  0.05272576],[-0.03071964  0.04265663],[-0.08539989  0.00583271],[-0.0597465   0.03974792],[-0.07566176 -0.0378326 ],[-0.08671888  0.04888478],[-0.04951885  0.03599337],[-0.04929522  0.04203979],[-0.06792514  0.03417801],[-0.06336393  0.04700838],[-0.04291097  0.04675094],[-0.10401087  0.02187293],[-1.06483944e-01 -5.40614128e-05],[0.00221096 0.00538877]
[-0.08026791  0.05728352],[-0.07290289  0.04999387],[-0.05176751 -0.02189097],[-0.12968096  0.03748099],[-0.127339   -0.02408892],[-0.08748861 -0.01697391],[-0.07692148  0.06049016],[-0.06303294  0.02268634],[-0.05451541  0.04773023],[-0.11795836  0.03844059],[-0.04322738  0.06048648],[-0.05543789  0.04861924],[-0.04603636  0.00872681],[-0.10996259  0.05119695],[-0.0940103   0.02298344],[-0.09556202  0.03144667],[-0.05389708  0.06243951],[-0.07418236  0.05757196],[-0.12984902 -0.00223619],[-0.12206394  0.070825  ],[-0.13813642  0.00820313],[-0.06069616  0.03905162],[-0.02484623  0.01576326],[-0.07494064  0.04300006],[-0.12529722 -0.0070405 ],[-0.12044249  0.02255387],[-0.09335623  0.0636209 ],[-0.14409503  0.06363586],[-0.12451334  0.07595366],[-0.10210214  0.01496667],[-0.10856449  0.06175248],[-0.08514079  0.06058804],[-0.07996606  0.05334021],[-0.08410268  0.00939676],[-0.08963344  0.00133243],[-0.05795166  0.06466222],[-0.06328978  0.0545073 ],[-0.09904563 -0.01120962],[-0.0323193   0.03552556],[-0.04455002  0.04573035],[-0.08743625  0.01802225],[-0.06702127  0.04201936],[-0.10251372  0.03198667],[-0.0893499   0.03319244],[-0.07566094  0.04880122],[-0.07182872  0.00333506],[-0.11208264  0.04954636],[-0.08545607  0.04058927],[-0.08698084  0.05478257],[-0.04052214  0.04645747],[-0.11533401  0.02998152],[-0.11952291  0.00354988],[-0.06663618  0.02709228],[-0.02519618  0.02793966],[-0.08079651  0.03472954],[-0.07856277  0.0631766 ],[-0.07667472  0.06087045],[-0.11010452  0.02655679],[-0.11782106  0.04024009],[-0.11946861  0.0942405 ],[-0.06705341 -0.03748189],[-0.0613489  0.0218157],[-0.08999778  0.06637949],[-0.08190918  0.04496516],[-0.10345989 -0.02959355],[-0.08150949  0.0169495 ],[-0.08048522  0.06924988],[-0.05522712 -0.0076572 ],[-0.05109213  0.03641821],[-0.02725346  0.0360437 ],[-0.13185063  0.08861203],[-0.08636253  0.05936437],[-0.12997243  0.00042774],[-0.03740729  0.01733153],[-0.06119267  0.01009864],[-0.02717712  0.03260553],[-0.09276588  0.04214485],[-0.12964231  0.03402082],[-0.11099557  0.01390927],[-0.07729763  0.05537947],[-0.10078236  0.02995153],[-0.0050149   0.02817133],[-0.12762186  0.06584464],[-0.01669808  0.03043799],[-0.09490278  0.02184443],[-0.05473866  0.05778321],[-0.07464972  0.05959617],[-0.03135892  0.02890206],[-0.08896058 -0.00286368],[-0.07437829 -0.00124479],[-0.06384359  0.0504441 ],[-0.052423    0.04320924],[-0.10710933  0.05862131],[-0.10786188  0.06021984],[-0.0928345 -0.0713734],[-0.08674275  0.05827887],[-0.09924298 -0.03260142],[-0.09334057 -0.01473429],[-0.08791984  0.03737734],[-0.09532212  0.03290034],[-0.06518968  0.05908089],[-0.11317576  0.03087166],[-0.05234806  0.05266015],[-0.06838886  0.05187982],[-0.07049666  0.03911949],[-0.12166529 -0.00881647],[-0.13492197 -0.00558695],[-0.03221765  0.03616674],[-0.05316808  0.0439939 ],[-0.0722736   0.02501697],[-0.09938585 -0.03379004],[-0.05927331  0.04246261],[-0.13228768  0.06595765],[-0.11345426 -0.00743327],[-0.10230107  0.0628531 ],[-0.02413742  0.03769543],[-0.10546706  0.03432139],[-0.0901042  0.0637487],[-0.09943093  0.0319095 ],[-0.07472923  0.05118418],[-0.13674489  0.01876497],[-0.11081665 -0.03556702],[-0.09667758  0.07092929],[-0.13453537  0.07009532],[-0.09439432  0.02316444],[-0.05402685  0.04824132],[-0.09154863  0.04293443],[-0.01031199  0.02474228],[-0.09215338  0.06451851],[-0.07959919  0.05348106],[-0.02881885  0.03362355],[-0.10843541  0.00064144],[-0.05642106  0.03105229],[-0.08627599 -0.0702175 ],[-0.0977617  0.0627297],[-0.07056654  0.04869557],[-0.0603589   0.03583193],[-0.10315276  0.01995933],[-0.04574919  0.04490688],[-0.03319591  0.04295884],[-0.09290024 -0.00917976],[-0.11189974  0.0100947 ],[-0.02810106  0.02668088]
[-0.05621863  0.02513622],[-0.07559068  0.0260308 ],[-0.07541359 -0.06065099],[-0.10619938  0.02402367],[-0.1217021 -0.0257003],[-0.09841137 -0.0397867 ],[-0.07069407  0.04502608],[-0.06520447 -0.00562558],[-0.05351225  0.04329402],[-0.12282073  0.03766667],[-0.04212699  0.04404348],[-0.07825226  0.00636755],[-0.07299837  0.0012336 ],[-0.07968515  0.03855739],[-0.09290867 -0.0188528 ],[-0.08550391 -0.00098335],[-0.04053455  0.02553498],[-0.09314892  0.05537606],[-0.1185342 -0.0516596],[-0.09194719  0.03682601],[-0.11903592  0.00515735],[-0.04476405  0.03464777],[-0.02331463  0.02297368],[-0.06750391  0.0309114 ],[-0.10630179 -0.0345746 ],[-0.11293108  0.04158547],[-0.08641765  0.05408518],[-0.13145086  0.06074332],[-0.10076115  0.05281734],[-0.09903187 -0.00131771],[-0.12128153  0.05411067],[-0.10336312  0.05716387],[-0.0767181   0.04257892],[-0.08364458 -0.01836548],[-0.11084365 -0.01049837],[-0.05703889  0.04122904],[-0.0577589   0.02249375],[-0.10106627 -0.02154533],[-0.01028967  0.00843796],[-0.0170458   0.03366761],[-0.10545678  0.03253544],[-0.07538554  0.04344152],[-0.08238946  0.0443938 ],[-0.08759748  0.01257169],[-0.07505716  0.0449523 ],[-0.07760502 -0.01026555],[-0.08830162  0.03983616],[-0.08796803  0.03040503],[-0.08365604  0.04392942],[-0.02297986  0.03824726],[-0.13406709  0.00374911],[-0.11403256  0.00039817],[-0.07268698  0.03930177],[-0.01848196  0.0199971 ],[-0.10748825  0.0394509 ],[-0.07411722  0.04960346],[-0.05097628  0.04216583],[-0.12029608 -0.00662276],[-0.11605643  0.03404424],[-0.0983428   0.07428446],[-0.07007771 -0.05329826],[-0.06545659  0.01900687],[-0.08435067  0.04686391],[-0.06567217  0.0318375 ],[-0.11069628 -0.02965959],[-0.07386319  0.01754381],[-0.07561032  0.04925339],[-0.07485736 -0.02377898],[-0.06133257  0.04957746],[-0.01277335  0.01400505],[-0.11321294  0.04812685],[-0.09398159  0.05099257],[-0.1385059 -0.0027259],[-0.04951048  0.01393894],[-0.07270916  0.0165817 ],[-0.02875998  0.03216067],[-0.10895429  0.0435748 ],[-0.12076963  0.01995541],[-0.11804143  0.02239269],[-0.06859069  0.05195959],[-0.08337048  0.02541563],[-0.02154762  0.02562037],[-0.10867032  0.05587674],[-0.00870346  0.03249151],[-0.09552494 -0.01269345],[-0.05937086  0.05793686],[-0.06148449  0.05038906],[-0.01634043  0.02714008],[-0.09044612 -0.01623821],[-0.05761098 -0.03783071],[-0.06282753  0.05026886],[-0.09825564  0.00758642],[-0.12450158  0.05521981],[-0.09247439  0.03342747],[-0.11416499 -0.07858222],[-0.07573184  0.04798001],[-0.09328141 -0.04562346],[-0.10632115 -0.02772835],[-0.08706456  0.03559226],[-0.09452531 -0.0049836 ],[-0.07006088  0.03558499],[-0.10091082  0.01465439],[-0.06178188  0.04223914],[-0.05921709  0.02780097],[-0.04307786  0.03568884],[-0.11140022 -0.02065041],[-0.131899   -0.00746613],[-0.02225029  0.03654704],[-0.06996426  0.0126004 ],[-0.04239818  0.0134505 ],[-0.09136776 -0.05615139],[-0.05314086  0.03440932],[-0.11602282  0.04851551],[-0.09439688  0.0054032 ],[-0.10000866  0.04745168],[-0.02983472  0.02796019],[-0.09059595  0.02863746],[-0.07466657  0.03774543],[-0.08493956  0.02252737],[-0.08693334  0.04728341],[-0.11458793 -0.00588233],[-0.08013263 -0.05426537],[-0.09284567  0.05620067],[-0.11654241  0.05677767],[-0.08665193  0.01534599],[-0.03313129  0.01975504],[-0.10266631  0.0411768 ],[-0.01157946  0.02055852],[-0.10312866  0.06262463],[-0.08164358  0.04578714],[-0.04391955  0.03615594],[-0.12168018 -0.01063005],[-0.0504011   0.03391416],[-0.08154222 -0.06542391],[-0.07229292  0.04362027],[-0.06575549  0.03645915],[-0.06795534  0.02677522],[-0.11032908 -0.01875165],[-0.04415321  0.02964153],[-0.00292169  0.01677128],[-0.10284101 -0.00012216],[-0.09583781  0.00175339],[-0.02325149  0.02004782]
[-0.05214177  0.03422748],[-0.08789923  0.03347069],[-0.0913367  -0.02563911],[-0.11402629  0.03393112],[-0.13848904 -0.02056215],[-0.09373551 -0.05606603],[-0.06923627  0.03746072],[-0.06719631 -0.01122772],[-0.0712718   0.04201205],[-0.11494713  0.03848883],[-0.0723457   0.06315026],[-0.08730937  0.04954391],[-0.07493441 -0.01316474],[-0.09329466  0.03255341],[-0.11204306  0.01695717],[-0.10055796  0.03678571],[-0.06378414  0.04915832],[-0.0860585  0.0559801],[-0.12665275 -0.02696699],[-0.09312443  0.05548122],[-0.12801266 -0.02603097],[-0.04369213  0.03571542],[-0.05598733  0.01533574],[-0.09890238  0.05082364],[-0.08405416 -0.03146635],[-0.11581408  0.03065961],[-0.07340444  0.04287313],[-0.11512268  0.06221506],[-0.11578772  0.07975966],[-0.1123748   0.02176094],[-0.11739864  0.07718025],[-0.08291151  0.03559181],[-0.07261623  0.0518102 ],[-0.08458752  0.01378152],[-0.11937547  0.02073659],[-0.0931421   0.05601195],[-0.05244822  0.02643966],[-0.1214701  -0.01070823],[-0.01956633  0.01427202],[-0.03577812  0.04299317],[-0.11796134  0.05310504],[-0.07332229  0.03387122],[-0.08352817  0.02800957],[-0.10707217  0.0153852 ],[-0.07505304  0.04087598],[-0.08026639 -0.01300666],[-0.11346108  0.05517073],[-0.08329264  0.04648891],[-0.08345411  0.04900913],[-0.0172763   0.04271248],[-0.12864268  0.01963158],[-0.11214826 -0.00088859],[-0.07391282  0.0427796 ],[-0.02667221  0.0060245 ],[-0.10570524  0.04423509],[-0.08549684  0.05077089],[-0.05422193  0.04788712],[-0.12858501  0.02119351],[-0.11562524  0.02239107],[-0.10123826  0.07192157],[-0.08096963 -0.03140631],[-0.08012555  0.0244654 ],[-0.12047217  0.06829391],[-0.0656681   0.03799174],[-0.11185694 -0.02359331],[-0.04531873  0.02839864],[-0.08487915  0.04554946],[-0.0689761  -0.00806543],[-0.06997931  0.04798685],[-0.0126997   0.02412396],[-0.1212455   0.06682475],[-0.06302921  0.03861516],[-0.14464888  0.00027133],[-0.05901987  0.02777426],[-0.08234558  0.0283062 ],[-0.02948436  0.02379188],[-0.13086101  0.05861841],[-0.11695085  0.01852934],[-0.1196327  0.0185463],[-0.10053659  0.03084669],[-0.06999266  0.03625507],[-0.02210174  0.02802089],[-0.10617537  0.05427223],[-0.04646996  0.0082978 ],[-0.10056085 -0.02557312],[-0.06097072  0.04501609],[-0.07044394  0.04956109],[-0.02923617  0.03632806],[-0.06832483  0.03137988],[-0.08414639  0.00582995],[-0.06957725  0.04356752],[-0.10494331  0.07239604],[-0.13632846  0.06674924],[-0.11854059  0.05129248],[-0.10627422 -0.06459148],[-0.07725152  0.05352997],[-0.11437123 -0.05234156],[-0.11775828 -0.04710517],[-0.08517639  0.042124  ],[-0.09909067  0.03201155],[-0.07251244  0.04949467],[-0.11306811  0.04394675],[-0.06930675  0.04604777],[-0.06288069  0.03926344],[-0.06482849  0.04011152],[-0.13328025 -0.0003942 ],[-0.1439541  -0.01146583],[-0.03903795  0.03158763],[-0.07440663  0.03008335],[-0.05854296  0.00184814],[-0.10776157 -0.05909326],[-0.06035874  0.03946228],[-0.13284066  0.07622246],[-0.12136472  0.03645198],[-0.1117888   0.04423502],[-0.09966349  0.03701154],[-0.09835748  0.03036517],[-0.07398412  0.03373887],[-0.11157825  0.0474276 ],[-0.087442    0.04090061],[-0.12429573 -0.01303285],[-0.09122173 -0.05983111],[-0.1095948   0.06142168],[-0.11115209  0.05786059],[-0.09980337  0.03617317],[-0.03648151  0.02707824],[-0.12183941  0.05424323],[-0.02613237  0.01887582],[-0.10575498  0.05956443],[-0.07125197  0.04460628],[-0.03714849  0.03889875],[-0.10871387 -0.00103335],[-0.05863554  0.0340291 ],[-0.08981591 -0.03943934],[-0.09303761  0.05670318],[-0.02726472  0.01588402],[-0.08362534  0.03806245],[-0.13181615 -0.0316836 ],[-0.06748787  0.02943468],[-0.01275012  0.01533533],[-0.12162829  0.00665764],[-0.11206319  0.00959131],[-0.02043242  0.02457756]
[-0.04570591  0.02539752],[-0.08521489  0.03090159],[-0.06450289 -0.04565849],[-0.10497902  0.00127432],[-0.12030982 -0.04702696],[-0.08718779 -0.05365572],[-0.08534604  0.0452009 ],[-0.09128626  0.00037188],[-0.06346173  0.03643027],[-0.11999433  0.04166568],[-0.06073409  0.03995078],[-0.06445161  0.03525453],[-0.06623048 -0.03806628],[-0.08182196  0.03630803],[-0.10792818 -0.02332012],[-0.07583664  0.03997284],[-0.08201741  0.03475333],[-0.08160153  0.04783311],[-0.1346128  -0.03249723],[-0.10325273  0.04994329],[-0.11297572 -0.04533899],[-0.04301422  0.02239231],[-0.07873636  0.00255809],[-0.10760149  0.04757981],[-0.10797533 -0.03273665],[-0.10797227 -0.00226795],[-0.06638212  0.05340487],[-0.11035397  0.05914642],[-0.12474107  0.0603975 ],[-0.1179717   0.03156119],[-0.11609557  0.06373627],[-0.07854003  0.02652919],[-0.08111931  0.04051274],[-0.0807666  -0.00022927],[-0.10342307  0.02644483],[-0.10678453  0.05419279],[-0.0196624   0.00809758],[-0.0930424 -0.0010132],[-0.01745824  0.02256459],[-0.02944501  0.04169587],[-0.1177847   0.02459571],[-0.0701764   0.04422664],[-0.09525257  0.01312649],[-0.10825225  0.00685365],[-0.07615408  0.04502493],[-0.0603257  -0.03788051],[-0.10458749  0.04465894],[-0.08586844  0.02573427],[-0.06056271  0.03643369],[-0.02680956  0.03967344],[-0.11988267  0.01046159],[-0.11516982  0.01448284],[-0.08280303  0.04104659],[-0.02919788  0.01209452],[-0.10287965  0.03408503],[-0.09073237  0.04350943],[-0.06862891  0.05371312],[-0.13052872 -0.02558896],[-0.12925828 -0.00839958],[-0.08468465  0.06870292],[-0.04646581 -0.04975423],[-0.09895993  0.0318974 ],[-0.10612749  0.04429242],[-0.08634346  0.04238285],[-0.09798145 -0.04952167],[-0.03231835  0.02745277],[-0.05112231  0.03109597],[-0.04917045 -0.01219152],[-0.05144589  0.01955138],[-0.02695138  0.02913484],[-0.12056784  0.05688624],[-0.09343547  0.0341267 ],[-0.1506049   0.00677015],[-0.05505356  0.01389078],[-0.0738306   0.02068106],[-0.02172929  0.01134919],[-0.11162499  0.04292836],[-0.10342567  0.02058067],[-0.11142243  0.00216706],[-0.08637526  0.0272542 ],[-0.07759554  0.0235288 ],[-0.03220074  0.02806534],[-0.11184221  0.05005145],[-0.04568654  0.01651839],[-0.1017845  -0.01864242],[-0.05121879  0.03039068],[-0.05940043  0.05437326],[-0.00802878  0.02224472],[-0.05345419  0.0266515 ],[-0.05889119 -0.00811428],[-0.08179811  0.05348102],[-0.08701751  0.04531499],[-0.10143859  0.03858503],[-0.09283233  0.06406505],[-0.10025566 -0.05583106],[-0.07615634  0.04121486],[-0.11401413 -0.03689139],[-0.12396947 -0.03124301],[-0.0749208   0.01362712],[-0.07665591  0.0167092 ],[-0.0846255   0.04823161],[-0.09755302  0.03502495],[-0.05941562  0.0465269 ],[-0.06459795  0.0290005 ],[-0.06889497  0.04536333],[-0.1338228  0.0117489],[-0.12883803 -0.01788021],[-0.05240209  0.0258028 ],[-0.05349946  0.02802826],[-0.07597628  0.02359224],[-0.09237202 -0.08591114],[-0.06883967  0.03790321],[-0.14017403  0.05823357],[-0.10161523  0.0206894 ],[-0.12411838  0.0522803 ],[-0.07841051  0.05898814],[-0.08313059  0.03936851],[-0.09162397  0.03667138],[-0.11027414  0.02888375],[-0.08129504  0.03170917],[-0.11088166 -0.02480137],[-0.08907624 -0.03230798],[-0.12002791  0.06416582],[-0.11439501  0.05038736],[-0.09008058  0.01379353],[-0.03708884  0.01980272],[-0.11554881  0.05573504],[-0.02197626  0.02217683],[-0.09178226  0.04384561],[-0.08152045  0.03751623],[-0.04541175  0.02147951],[-0.10738268 -0.02199399],[-0.05476649  0.05205135],[-0.08986539 -0.05245483],[-0.11020888  0.04233536],[-0.02743912  0.00520726],[-0.09023369  0.02932717],[-0.10587797 -0.04419187],[-0.08203181  0.03842877],[-0.01303475  0.00934793],[-0.10661366 -0.00056439],[-0.10464189  0.0055384 ],[-0.02944914  0.0244437 ]
[-0.03445815  0.04456296],[-0.08248049  0.05655661],[-0.05477642 -0.05885915],[-0.11323562  0.0134733 ],[-0.13414869 -0.04499558],[-0.08686351 -0.02483521],[-0.09574925  0.08570912],[-0.10012744  0.00621961],[-0.06167114  0.05089825],[-0.1275095   0.07395308],[-0.05318648  0.045071  ],[-0.06875251  0.05342097],[-0.06546968 -0.01768077],[-0.07419208  0.03613118],[-0.1138572  -0.00311735],[-0.07258014  0.05046505],[-0.0894426   0.07384546],[-0.11454458  0.08322902],[-0.12947395 -0.02621252],[-0.07586264  0.04086736],[-0.11324921 -0.00989209],[-0.03571083  0.03573294],[-0.06912369  0.02025567],[-0.09279012  0.07762647],[-0.11588184 -0.03927518],[-0.11611439  0.02912105],[-0.06502605  0.0565042 ],[-0.09633885  0.04384907],[-0.12495138  0.09328921],[-0.11506657  0.02226776],[-0.13958937  0.0686352 ],[-0.06273347  0.04119291],[-0.08806279  0.05994485],[-0.06972319  0.01384191],[-0.13120955  0.02378405],[-0.09378573  0.06601755],[-0.02493924  0.03353329],[-0.08247166  0.01034503],[-0.02267761  0.03753842],[-0.01362149  0.05073335],[-0.1068949   0.04532931],[-0.06587142  0.05395602],[-0.09911988  0.02352678],[-0.09354412  0.0361058 ],[-0.06384367  0.05036781],[-0.0537767  -0.03338757],[-0.09462746  0.05650566],[-0.0941385   0.04431747],[-0.05756727  0.04045432],[-0.04147845  0.05212949],[-0.13022569  0.02734844],[-0.11002163  0.00332389],[-0.07518806  0.03623097],[-0.03189274  0.02579546],[-0.11000217  0.05045223],[-0.09852768  0.07803223],[-0.06081004  0.07198343],[-0.12528616 -0.01627171],[-0.13417962 -0.0013485 ],[-0.11644787  0.10393515],[-0.05978916 -0.03891061],[-0.10669429  0.06410737],[-0.08790778  0.04926413],[-0.08850773  0.06167187],[-0.11466632 -0.03854727],[-0.03416409  0.03244777],[-0.06405648  0.03827249],[-0.07484005  0.00903913],[-0.08458837  0.07245287],[-0.04371562  0.04036519],[-0.0938357  0.041544 ],[-0.09718169  0.05424453],[-0.15021044  0.00904323],[-0.06670956  0.03216961],[-0.07616499  0.04829474],[-0.03005813  0.03922221],[-0.1044799   0.06955661],[-0.07874833  0.01228664],[-0.09889982  0.0126001 ],[-0.08241639  0.02728935],[-0.09648182  0.04162774],[-0.05047148  0.04145572],[-0.09896617  0.05954025],[-0.03473257  0.04105459],[-0.09290304 -0.02409502],[-0.06119003  0.05772145],[-0.04845809  0.06943017],[-0.0268828  -0.00168752],[-0.04853308  0.02937682],[-0.07043957 -0.00754456],[-0.08919541  0.05807332],[-0.08686171  0.04171496],[-0.12114709  0.01614887],[-0.08802407  0.02909474],[-0.1299428  -0.01727302],[-0.10438413  0.07929908],[-0.12209588 -0.02081615],[-0.13218895 -0.02279656],[-0.06889626  0.02530136],[-0.08004433  0.0082532 ],[-0.06510752  0.05037532],[-0.10995204  0.02928171],[-0.05355632  0.05134733],[-0.06595351  0.0504186 ],[-0.06260611  0.05189319],[-0.13741666  0.02406776],[-0.1409654  0.0085038],[-0.05457207  0.04373896],[-0.10879581  0.01211526],[-0.10066263  0.06376317],[-0.0977407  -0.05387888],[-0.06572007  0.05990698],[-0.1384668   0.08422858],[-0.09502435  0.00989232],[-0.1265268   0.04911805],[-0.07971867  0.05114248],[-0.08187555  0.02392905],[-0.08926     0.05159877],[-0.11235403  0.06568496],[-0.07326136  0.05005079],[-0.10914139 -0.01816735],[-0.06798647 -0.05501125],[-0.12486521  0.08395377],[-0.10990555  0.06511866],[-0.09572919 -0.00596197],[-0.04364762  0.04783395],[-0.11516247  0.05069644],[-0.03189006  0.05174645],[-0.08489216  0.06067583],[-0.08702075  0.06179501],[-0.04253297  0.05229532],[-0.10646664 -0.0135935 ],[-0.08362415  0.0586214 ],[-0.10261881 -0.03013514],[-0.10146932  0.07354625],[-0.01438152  0.00834859],[-0.07827905  0.04649333],[-0.12405875 -0.03059746],[-0.0986489   0.05219309],[-0.00220899  0.04076925],[-0.12049433  0.00305215],[-0.11841553  0.01883812],[-0.01537408  0.04075501]
[-0.06525826  0.05515798],[-0.08389052  0.04091434],[-0.08120521 -0.0161148 ],[-0.13260263  0.04677487],[-0.15041977 -0.02092673],[-0.11335332 -0.02558647],[-0.09587479  0.08467513],[-0.10505746  0.00294845],[-0.09699439  0.0702375 ],[-0.14355731  0.08311298],[-0.08842505  0.06288978],[-0.10952695  0.07934788],[-0.04796663  0.00729836],[-0.08217726  0.04156267],[-0.13105416 -0.00529202],[-0.0912917   0.06267403],[-0.09327305  0.05559578],[-0.10127591  0.08089231],[-0.12045134  0.0012647 ],[-0.07791759  0.04896341],[-0.140921   -0.00674206],[-0.06278954  0.04501118],[-0.08556121  0.04505545],[-0.09823244  0.06823188],[-0.09441296 -0.00956263],[-0.1198569   0.03679814],[-0.0776724  0.0589464],[-0.12239415  0.05263719],[-0.1079446   0.07559878],[-0.12268289  0.03670334],[-0.12989137  0.07617255],[-0.08084204  0.0263675 ],[-0.10938165  0.07667975],[-0.09629143  0.0391642 ],[-0.12728104  0.03687164],[-0.10895843  0.06913175],[-0.05054586  0.02660813],[-0.10354232  0.01475576],[-0.03086976  0.03884714],[-0.05320441  0.05802835],[-0.1288212   0.03997579],[-0.06866901  0.06080077],[-0.10615013  0.04962277],[-0.10278387  0.04330989],[-0.08108082  0.05505846],[-0.06021475 -0.01580588],[-0.11127796  0.06662236],[-0.10630443  0.06675899],[-0.09322072  0.05703187],[-0.04925902  0.06413142],[-0.1488052  0.0344559],[-0.12520924 -0.00419236],[-0.09265509  0.03950837],[-0.04530615  0.03947126],[-0.1122468   0.06133804],[-0.12097222  0.08127722],[-0.07858682  0.06772086],[-0.149542    0.02642875],[-0.15342379  0.00470124],[-0.09896509  0.07628262],[-0.09964364 -0.03396101],[-0.11745598  0.05720104],[-0.11597902  0.05013467],[-0.09381967  0.06849355],[-0.10772287 -0.00845913],[-0.05269628  0.03494656],[-0.08628386  0.05304704],[-0.11894689  0.02930031],[-0.09266033  0.09499381],[-0.06000323  0.05408855],[-0.11365063  0.05374636],[-0.09733174  0.04811412],[-0.13870779  0.03196215],[-0.10454007  0.0480187 ],[-0.08999536  0.07360561],[-0.01423756  0.02556485],[-0.11895678  0.05981049],[-0.09156352  0.03203538],[-0.12034085  0.02668165],[-0.09713943  0.04291691],[-0.09228203  0.05798989],[-0.08631978  0.05938588],[-0.09935381  0.04167192],[-0.04578269  0.02740651],[-0.11136848  0.01973369],[-0.08605484  0.06384365],[-0.06603113  0.06465691],[ 0.00141268 -0.01697053],[-0.05338084  0.05207099],[-0.09300562  0.02478329],[-0.10968957  0.0668871 ],[-0.09845219  0.08772346],[-0.12786552  0.04115631],[-0.12536469  0.06127225],[-0.12930802  0.01378578],[-0.14038467  0.07943322],[-0.1243071  -0.04020465],[-0.11891601 -0.01761795],[-0.08997814  0.04058656],[-0.07856747  0.02076   ],[-0.08169748  0.07254921],[-0.11758392  0.06012143],[-0.06432208  0.0599337 ],[-0.07544485  0.05189641],[-0.10023069  0.05542652],[-0.13904136  0.01090249],[-0.15952814  0.01993058],[-0.03907699  0.04671134],[-0.11895979  0.02113019],[-0.08964435  0.04864883],[-0.09858543 -0.0530685 ],[-0.06115384  0.05191105],[-0.16133294  0.090084  ],[-0.12141069  0.04015878],[-0.12737846  0.06240031],[-0.07750355  0.03709274],[-0.11355888  0.04519995],[-0.09562404  0.05516264],[-0.12567106  0.06022566],[-0.08303913  0.05608645],[-0.12775046 -0.0056316 ],[-0.05784341 -0.00856666],[-0.14222366  0.08570831],[-0.13765734  0.06406391],[-0.10914386  0.03074598],[-0.07082156  0.05844229],[-0.13898283  0.07592961],[-0.04767019  0.04925586],[-0.0925247   0.05147612],[-0.07289696  0.0619019 ],[-0.04357149  0.05713749],[-0.12859192 -0.01961498],[-0.10918938  0.06333849],[-0.09150059 -0.08339664],[-0.11430425  0.06915374],[-0.04844438  0.04477671],[-0.08519915  0.05062284],[-0.15085196 -0.01592094],[-0.09904257  0.05755235],[-0.02218038  0.05909007],[-0.0986113   0.00103018],[-0.12769797  0.02830613],[-0.04292642  0.04958642]
[-0.03036627  0.05399907],[-0.11729763  0.01295343],[-0.08404536 -0.05865159],[-0.11994762 -0.01641935],[-0.13609064 -0.03933248],[-0.12312805 -0.03305756],[-0.12232181  0.07266279],[-0.11474607 -0.01966882],[-0.06616733  0.0363121 ],[-0.13755429  0.07408795],[-0.08155718  0.04984748],[-0.09158783  0.05612222],[-0.05816476 -0.00901127],[-0.04979865  0.0074398 ],[-0.12268304 -0.04123875],[-0.10401326  0.05598051],[-0.08714219  0.03300956],[-0.10589778  0.04537125],[-0.1113408  -0.02673839],[-0.09083811  0.04969832],[-0.12967196 -0.03474425],[-0.061442    0.04022345],[-0.05342025  0.0221757 ],[-0.07930768  0.04894858],[-0.06517936 -0.01679738],[-0.09941157  0.01270026],[-0.09354372  0.04311566],[-0.11702373  0.04085309],[-0.1010736   0.04374802],[-0.10771758  0.00149697],[-0.10485605  0.05002642],[-0.08593824  0.03706245],[-0.10835274  0.05403292],[-0.09695021  0.00997496],[-0.11498336  0.03271519],[-0.10274104  0.05398421],[-0.02700059  0.01127252],[-0.09699114  0.01393447],[-0.04328884  0.03493623],[-0.05037148  0.05065497],[-0.11835168  0.03349603],[-0.06514636  0.05150402],[-0.10087127  0.02673653],[-0.11110236  0.02541555],[-0.07329468  0.03496053],[-0.03702286 -0.0157056 ],[-0.10077915  0.03202244],[-0.10284232  0.05450584],[-0.08456289  0.03622692],[-0.04310782  0.05220923],[-0.12853003  0.02979872],[-0.13313198  0.01145208],[-0.08716487  0.03537213],[-0.04856163  0.02941258],[-0.09182438  0.03464524],[-0.12185649  0.06665421],[-0.05663594  0.04466141],[-0.14932293 -0.00838684],[-0.13602278  0.01425281],[-0.08753008  0.04850991],[-0.06659163 -0.05955637],[-0.10959504  0.03452956],[-0.11496467  0.05101238],[-0.08802613  0.04897052],[-0.12431113 -0.01294545],[-0.03109096  0.01985709],[-0.08388904  0.04102502],[-0.12249953  0.02447816],[-0.07116304  0.042535  ],[-0.06181825  0.03525184],[-0.11482397  0.04147829],[-0.0816251   0.02615349],[-0.14565048  0.02153785],[-0.09036737  0.04638124],[-0.08054288  0.07211512],[-0.01054786  0.0208109 ],[-0.08315317  0.02645026],[-0.06434928  0.01172393],[-0.09913134  0.01194952],[-0.09490531 -0.00189495],[-0.08901211  0.03004422],[-0.08186587  0.06264386],[-0.10460199  0.0307087 ],[-0.04356165 -0.00685406],[-0.10055687 -0.00363466],[-0.07311849  0.04417586],[-0.05665242  0.04175223],[-0.00894212 -0.03283679],[-0.06463917 -0.00171537],[-0.08641764  0.0032637 ],[-0.11561919  0.04794377],[-0.10115076  0.05080109],[-0.12799603  0.02567368],[-0.12245394  0.05111601],[-0.12382791 -0.01768926],[-0.11883233  0.04725565],[-0.15622845  0.0003013 ],[-0.13357419 -0.0095211 ],[-0.07320169  0.0250992 ],[-0.04798992  0.01692726],[-0.08767896  0.04211202],[-0.11453923  0.0755063 ],[-0.06710837  0.01847508],[-0.07065585  0.0311232 ],[-0.09874626  0.04911062],[-0.11536043 -0.01308879],[-0.15353858 -0.01354875],[-0.04533726  0.03395058],[-0.10210412  0.00595982],[-0.08811692  0.03924606],[-0.10709015 -0.09090828],[-0.06713046  0.03353214],[-0.1208181  0.0392892],[-0.1102471   0.02857441],[-0.09761923  0.01948995],[-0.08569712  0.05903781],[-0.10623535  0.03044217],[-0.10121212  0.0335863 ],[-0.11605331  0.0520162 ],[-0.07603592  0.04492858],[-0.13411206  0.00569957],[-0.05789809  0.00569152],[-0.13696525  0.06732889],[-0.13264662  0.05734698],[-0.09457549  0.01448323],[-0.08024718  0.04374286],[-0.13297784  0.06073293],[-0.04941696  0.03998815],[-0.08012476  0.03869514],[-0.0649339   0.05402637],[-0.04786868  0.04196136],[-0.12158182 -0.02404417],[-0.09919218  0.05806542],[-0.09879298 -0.0462132 ],[-0.10438896  0.03984683],[-0.03740899  0.03784826],[-0.0772505   0.03594005],[-0.12474091  0.00642223],[-0.09631806  0.06273043],[-0.01824286  0.05203297],[-0.09020419  0.01250019],[-0.10754883  0.02364312],[-0.0223195   0.03442207]
[-0.0174503   0.05205188],[-0.08443718  0.03102483],[-0.05787472  0.01532776],[-0.08693602  0.03752125],[-0.13723865 -0.02751347],[-0.0983539  -0.03496572],[-0.1060757   0.08722171],[-0.08986927 -0.03143246],[-0.04415439  0.05205804],[-0.10538713  0.076186  ],[-0.06578106  0.06024478],[-0.08102059  0.07316403],[-0.03603815  0.02106379],[-0.0542587   0.02331379],[-0.09629419 -0.01767308],[-0.08715957  0.06767528],[-0.08127676  0.05226859],[-0.07764306  0.05712799],[-0.09027518 -0.03988585],[-0.07258984  0.05505254],[-0.10963281  0.01556067],[-0.0448209   0.04754405],[-0.04135422  0.0333668 ],[-0.07395133  0.07149306],[-0.04891606 -0.01267592],[-0.11007834  0.02175082],[-0.10117853  0.05471389],[-0.10444724  0.03776311],[-0.06837377  0.0629722 ],[-0.09809513 -0.01615984],[-0.09828351  0.07341096],[-0.08115572  0.05673306],[-0.09783564  0.06347319],[-0.07662731  0.03240449],[-0.08396328  0.06319879],[-0.09489059  0.06674553],[-0.02749327  0.02205344],[-0.07388866  0.0152386 ],[-0.04185008  0.05445298],[-0.04132616  0.0561215 ],[-0.09976415  0.01789986],[-0.05563111  0.0533057 ],[-0.06988609  0.02700767],[-0.09602401  0.02320318],[-0.06818932  0.05980619],[-0.03311103  0.00839677],[-0.0844446  0.0487077],[-0.07874758  0.05545184],[-0.06199768  0.05303392],[-0.04494915  0.0659852 ],[-0.08832318  0.02345024],[-0.1326338   0.01610966],[-0.06380635  0.02147641],[-0.04790372  0.03992174],[-0.05507151  0.03340614],[-0.11416795  0.07903101],[-0.04447019  0.06184608],[-0.12500769  0.0436154 ],[-0.10118919  0.04516768],[-0.10210269  0.07200855],[-0.04528376 -0.03939199],[-0.10251857  0.05464898],[-0.09050769  0.056659  ],[-0.07351148  0.06670777],[-0.10835107 -0.00063735],[-0.02424203  0.01880199],[-0.08015841  0.05250232],[-0.0959085   0.03057924],[-0.07070348  0.0523786 ],[-0.04770248  0.04571192],[-0.09864192  0.06432456],[-0.0488793   0.02434755],[-0.12522906  0.01620307],[-0.06521321  0.05485762],[-0.04764207  0.05968129],[0.00624116 0.0248033 ],[-0.05756539  0.04522378],[-0.01898371  0.02423295],[-0.05171598  0.00170423],[-0.07689534  0.03450156],[-0.06961146  0.04741607],[-0.05171259  0.05904545],[-0.09901852  0.0412295 ],[-0.00390145 -0.00095139],[-0.07647896  0.01602838],[-0.06281218  0.05985669],[-0.05815832  0.04773076],[ 0.00821117 -0.02461832],[-0.04633242  0.01818549],[-0.06785555  0.00628651],[-0.09399379  0.05843368],[-0.08040807  0.05997149],[-0.11857455  0.03409934],[-0.08119708  0.06172694],[-0.11393509  0.00207317],[-0.09199124  0.05946985],[-0.13942105  0.02183031],[-0.11275452 -0.00827827],[-0.04533905  0.01964812],[-0.03406235  0.02292639],[-0.08632552  0.08058666],[-0.10571707  0.0815165 ],[-0.07652446  0.05683816],[-0.06283272  0.04228513],[-0.09714407  0.06008665],[-0.09812432 -0.021631  ],[-0.12254291  0.00800575],[-0.05154336  0.05283683],[-0.09075441  0.01512964],[-0.12645435  0.06194316],[-0.09445434 -0.05074253],[-0.05227438  0.03510127],[-0.11442951  0.04869005],[-0.09345118  0.05246278],[-0.07510609  0.02725412],[-0.08217809  0.05610516],[-0.086727    0.02513806],[-0.0643981   0.05294289],[-0.0851509   0.06242722],[-0.07350297  0.05275762],[-0.10479688  0.01852113],[-0.03928062 -0.00078101],[-0.12731701  0.06913692],[-0.11119633  0.0617953 ],[-0.08655017  0.04146909],[-0.07580376  0.04729892],[-0.09322707  0.05983043],[-0.05232776  0.05684516],[-0.06590649  0.04875797],[-0.06772444  0.07020387],[-0.02435116  0.03642882],[-0.09370569 -0.0064593 ],[-0.08865076  0.07162976],[-0.08829372 -0.02388792],[-0.05354205  0.02816096],[-0.03392445  0.03286017],[-0.04916346  0.03299295],[-0.12154543 -0.00647613],[-0.08389968  0.07089308],[0.00146811 0.04882773],[-0.09059135  0.03164533],[-0.0899413   0.04258067],[-0.02686135  0.04858045]
[-0.04180353  0.04872859],[-0.10089856  0.00864003],[-0.06700213 -0.00644486],[-0.08911873  0.01201724],[-0.13880762 -0.02570776],[-0.11512323 -0.03246327],[-0.10375375  0.06206897],[-0.11462265 -0.04806038],[-0.06299491  0.05170481],[-0.11541485  0.05200352],[-0.05753253  0.05001597],[-0.08100528  0.06096738],[-0.03710887  0.02555709],[-0.03191172  0.01709613],[-0.10982018 -0.01183143],[-0.07085607  0.05268132],[-0.09018023  0.0478824 ],[-0.08984862  0.07606539],[-0.09171832 -0.0538691 ],[-0.08400487  0.03366152],[-0.11709928 -0.01928778],[-0.04551022  0.04444713],[-0.05831169  0.0459837 ],[-0.08536408  0.05151742],[-0.07953648 -0.0201373 ],[-0.11677081  0.01849042],[-0.08243743  0.05138223],[-0.11039335  0.03072202],[-0.0734275   0.06169805],[-0.11510495 -0.02132151],[-0.10534694  0.0615996 ],[-0.09721968  0.05715584],[-0.10102769  0.05623376],[-0.05186737  0.02340963],[-0.09520981  0.03595893],[-0.07718787  0.05373827],[-0.05877601  0.01001179],[-0.0948462   0.02708979],[-0.05408124  0.04965932],[-0.05230793  0.06562501],[-0.1111628   0.02402924],[-0.0868304   0.06702866],[-0.06438589  0.01715783],[-0.10986199  0.01167509],[-0.09536078  0.05657366],[-0.04269455  0.01945759],[-0.07478841  0.04115367],[-0.10150743  0.04105718],[-0.08860353  0.04341551],[-0.05496525  0.05916964],[-0.09207631  0.00973584],[-0.13533983  0.01730279],[-0.09476539  0.02690867],[-0.06465001  0.04342631],[-0.07004955  0.03517379],[-0.09052003  0.05559593],[-0.07131974  0.06359331],[-0.13284966  0.03033232],[-0.11932749  0.01802757],[-0.10599189  0.0849428 ],[-0.04846352 -0.01579459],[-0.10019665  0.04325576],[-0.08193079  0.04061977],[-0.0486842   0.04710564],[-0.11790442 -0.01486571],[-0.05075645  0.04200115],[-0.06479789  0.04979413],[-0.11443397  0.01428935],[-0.06961276  0.06685749],[-0.05701929  0.04689801],[-0.0873237   0.04769811],[-0.05038451  0.01949166],[-0.12833843  0.02658101],[-0.0776352   0.04454411],[-0.03808071  0.04536163],[0.017963   0.02839934],[-0.08661187  0.03968595],[-0.03607691  0.01834014],[-0.08046389  0.02099272],[-0.09201688  0.00755961],[-0.08920548  0.05189639],[-0.05469266  0.04990116],[-0.11008612  0.06604609],[-0.019854   -0.00153048],[-0.08438928  0.00024102],[-0.06587998  0.06034766],[-0.04876576  0.05556801],[-0.02083375 -0.00210475],[-0.04694013  0.03644913],[-0.08355602 -0.03008449],[-0.08550196  0.05864887],[-0.08652442  0.05197535],[-0.0930042   0.05193439],[-0.08965492  0.03650986],[-0.10981967  0.00066523],[-0.08440811  0.05440466],[-0.10957169 -0.03064196],[-0.0854949  -0.00067079],[-0.05587228  0.01790708],[-0.03683174  0.02099973],[-0.07611609  0.06913415],[-0.10441148  0.05692223],[-0.06318204  0.05480532],[-0.05903527  0.02320455],[-0.08851973  0.04578495],[-0.09347076 -0.05380778],[-0.1292947  -0.00525884],[-0.05203558  0.0407964 ],[-0.08348826  0.0288034 ],[-0.10887607  0.06549996],[-0.11412548 -0.06071465],[-0.04468679  0.03786295],[-0.11353     0.04149116],[-0.10142092  0.0560307 ],[-0.09133536  0.0299588 ],[-0.06906306  0.0350387 ],[-0.11786111  0.02524238],[-0.07804648  0.02007918],[-0.09512048  0.04036606],[-0.08291701  0.06294304],[-0.11006837  0.03213598],[-0.03795486  0.00622397],[-0.12639776  0.06126918],[-0.11447348  0.05459806],[-0.09896097  0.06065011],[-0.07639521  0.05717614],[-0.09870442  0.07040615],[-0.06793222  0.0662867 ],[-0.06427438  0.04769418],[-0.07167934  0.07097508],[-0.04917414  0.04268713],[-0.1044563  -0.03110902],[-0.08802018  0.04223921],[-0.10335996 -0.03820513],[-0.08911211  0.03519018],[-0.05977615  0.0626044 ],[-0.04849245  0.02585315],[-0.10179456  0.02577139],[-0.06595663  0.06678368],[-0.00894757  0.04854524],[-0.11520558  0.02036444],[-0.08940785  0.04472132],[-0.04407006  0.05099774]
[-0.03835258  0.05079166],[-0.11254384  0.00741488],[-0.08454058 -0.00485487],[-0.1021947   0.01400102],[-0.15417004 -0.02294924],[-0.11855    -0.00703287],[-0.10803009  0.06988473],[-0.10794295 -0.03462398],[-0.04913534  0.05461304],[-0.12577993  0.08393106],[-0.06118087  0.04520063],[-0.07092791  0.05414234],[-0.02325506  0.02410581],[-0.05305633  0.03241115],[-0.10909732  0.0141684 ],[-0.08448017  0.06107201],[-0.07577077  0.04432144],[-0.08598169  0.061055  ],[-0.11878955 -0.03767754],[-0.0833118   0.03540099],[-0.11840048 -0.01216334],[-0.05079193  0.05100885],[-0.07443132  0.05413634],[-0.09913862  0.05199581],[-1.00751944e-01  1.54040754e-05],[-0.11186909  0.0310132 ],[-0.07947345  0.04893574],[-0.10626715  0.04379826],[-0.08372433  0.05839871],[-0.12424446 -0.01440464],[-0.09521898  0.06448437],[-0.09115493  0.05505596],[-0.09536304  0.05882123],[-0.06349807  0.0186838 ],[-0.10709796  0.03445545],[-0.0793782   0.04620321],[-0.05910673  0.02686939],[-0.08215633  0.04916582],[-0.06415833  0.04399218],[-0.07291187  0.07727133],[-0.10702913  0.03482127],[-0.1122377   0.06675667],[-0.08817344  0.01943694],[-0.12218399  0.00014698],[-0.07035621  0.04833102],[-0.04597413  0.02648432],[-0.05519433  0.04716263],[-0.08763305  0.06027506],[-0.10745189  0.05280951],[-0.04832678  0.05145042],[-0.094434    0.00876208],[-0.12482221  0.03291905],[-0.06979096  0.02947681],[-0.0640057   0.04056604],[-0.07730285  0.04617738],[-0.08148966  0.06049339],[-0.08588765  0.05560948],[-0.11955438  0.02197581],[-0.11378596  0.03804964],[-0.08762161  0.06475228],[-0.05518791 -0.0253825 ],[-0.08881726  0.03713607],[-0.10499319  0.05963462],[-0.05695584  0.04720521],[-0.12654671 -0.00727753],[-0.06667203  0.04194881],[-0.10581351  0.06203632],[-0.0917616   0.03148187],[-0.07113126  0.05706486],[-0.05546611  0.04400748],[-0.07656369  0.03986787],[-0.03617556  0.0095333 ],[-0.11670656  0.02615276],[-0.08745509  0.06027299],[-0.03595892  0.0416255 ],[0.00146448 0.02518751],[-0.08621273  0.04358793],[-0.03028904 -0.00817745],[-0.08747923  0.04575147],[-0.11037714  0.00631379],[-0.10666502  0.0593094 ],[-0.0281509   0.03639847],[-0.1161883   0.05972038],[-0.03999741  0.0084844 ],[-0.09053939  0.01305776],[-0.0684313  0.0608884],[-0.04742537  0.05854039],[-0.02223022  0.02680675],[-0.07430211  0.0392976 ],[-0.07656045 -0.00185656],[-0.06104536  0.03733131],[-0.09841733  0.06306155],[-0.10708674  0.03271777],[-0.10904226  0.02470233],[-0.10784539 -0.0105733 ],[-0.0830691   0.04716875],[-0.11549097 -0.01951829],[-0.0940766 -0.0081915],[-0.05487059  0.03941382],[-0.05164343  0.03584267],[-0.0804427  0.0359215],[-0.10401394  0.05458793],[-0.04436836  0.03681279],[-0.06734399  0.04505463],[-0.10081651  0.0518083 ],[-0.12707537 -0.03444576],[-0.11579534  0.00115647],[-0.06964849  0.04632303],[-0.09073641  0.0256748 ],[-0.07999368  0.0594703 ],[-0.09203798 -0.05852546],[-0.04655808  0.03301078],[-0.10345566  0.03753148],[-0.09872159  0.04831982],[-0.08758245  0.03853373],[-0.06078118  0.0339311 ],[-0.11842107  0.01906582],[-0.06523423  0.02069492],[-0.10506202  0.07208568],[-0.09417477  0.05358169],[-0.11108055  0.02037447],[-0.04977553  0.03676957],[-0.13768837  0.08008395],[-0.11933991  0.05958593],[-0.09942868  0.06246145],[-0.0791916   0.05571714],[-0.10371312  0.0556785 ],[-0.09087271  0.06930609],[-0.07543339  0.05802749],[-0.07934837  0.07516108],[-0.04409165  0.04426225],[-0.11684594  0.00856219],[-0.09757874  0.05212541],[-0.12250847  0.00624397],[-0.07688358  0.04792647],[-0.06382351  0.05274383],[-0.05744854  0.02738453],[-0.10746592  0.02072037],[-0.09282453  0.05730314],[-0.00866567  0.04518795],[-0.11765117  0.06172666],[-0.09353773  0.05493559],[-0.06415046  0.06173768]
[-0.0190578   0.04336691],[-0.08509829  0.02938374],[-0.07381518 -0.00069878],[-0.11043661  0.04707961],[-0.14195564 -0.00444701],[-0.11206973 -0.02255074],[-0.09155596  0.0493621 ],[-0.10730485 -0.05107829],[-0.04510401  0.03870967],[-0.11600041  0.06037013],[-0.06462774  0.04909456],[-0.07096986  0.07259858],[-0.02042131  0.01865042],[-0.091201    0.03475754],[-0.10068402  0.03284239],[-0.09467324  0.06838755],[-0.06718049  0.02474935],[-0.05397474  0.02909079],[-0.11078054 -0.03772515],[-0.08391183  0.04168421],[-0.11588407  0.00620779],[-0.04767901  0.04839464],[-0.10653012  0.0593503 ],[-0.10649633  0.04695303],[-0.08673354  0.029817  ],[-0.10210188 -0.00683347],[-0.06479086  0.04700639],[-0.093798    0.02715161],[-0.06640033  0.04483071],[-0.11492834 -0.01757451],[-0.10675184  0.04775411],[-0.09186774  0.05183976],[-0.09793011  0.06004531],[-0.10157583  0.05017484],[-0.10319787  0.02342284],[-0.07865426  0.06215912],[-0.08604743  0.02682237],[-0.06952171  0.02718742],[-0.06910305  0.05690787],[-0.0790241   0.06628408],[-0.10560723  0.01401155],[-0.10270914  0.05319529],[-0.08081691  0.02234505],[-0.11557934 -0.00306848],[-0.07083068  0.03716007],[-0.05219328  0.01454085],[-0.06484349  0.05858868],[-0.07787423  0.04226646],[-0.10282729  0.06469955],[-0.05054253  0.05930774],[-0.0929703   0.00656161],[-0.12650648  0.01890549],[-0.06216222  0.03225416],[-0.07343401  0.03697831],[-0.05441444  0.02605188],[-0.06357659  0.03829423],[-0.09928865  0.06237029],[-0.10279366  0.03825504],[-0.11100417  0.02675382],[-0.07090562  0.04056149],[-0.05079085 -0.03955479],[-0.10169227  0.0338214 ],[-0.09978736  0.04056804],[-0.07959487  0.06081612],[-0.11605758 -0.0244069 ],[-0.07391017  0.02170917],[-0.09492845  0.06144075],[-0.07214454  0.04508901],[-0.06379231  0.05439396],[-0.06762227  0.03159102],[-0.07520354  0.03722649],[-0.07105573  0.02896684],[-0.10952789  0.00926526],[-0.06462139  0.0419082 ],[-0.04620832  0.04701673],[-0.0010042   0.02437362],[-0.0558353   0.02189907],[-0.0358295   0.01013769],[-0.09056848  0.04372849],[-0.09915891  0.01787282],[-0.10971659  0.04659246],[-0.0376071   0.04610365],[-0.1257228   0.05484189],[-0.02773424  0.00405021],[-0.09662228  0.04277174],[-0.04565002  0.04163343],[-0.06599676  0.05575329],[ 0.00605963 -0.00091762],[-0.05974454  0.04015579],[-0.05343883 -0.00236925],[-0.04118408  0.03202151],[-0.09106915  0.05191616],[-0.10981797  0.06955029],[-0.10349791  0.02613102],[-0.08633188 -0.04311196],[-0.08148783  0.04421404],[-0.11060955 -0.00602911],[-0.11252803 -0.01004612],[-0.05466927  0.03625768],[-0.04269962  0.02622203],[-0.07682378  0.05335681],[-0.11214196  0.03591762],[-0.0470901   0.04333166],[-0.07528105  0.04172225],[-0.10469364  0.07098696],[-0.11690926 -0.04329129],[-0.11150133  0.0284686 ],[-0.08198015  0.06357169],[-0.07660525  0.04138411],[-0.0776614   0.03575487],[-0.10500153 -0.06510637],[-0.07035743  0.04583658],[-0.10735201  0.03061676],[-0.10277889  0.07026424],[-0.07801478  0.0320593 ],[-0.08849754  0.01186154],[-0.11199797  0.04229198],[-0.10566791  0.01775477],[-0.11160231  0.04409569],[-0.10145312  0.04939369],[-0.10062266  0.04146701],[-0.05521038  0.05227583],[-0.13389695  0.07904723],[-0.12056565  0.05832956],[-0.10158289  0.07227983],[-0.08805721  0.04510127],[-0.1119613   0.06887817],[-0.08614586  0.06456573],[-0.05950007  0.05116205],[-0.07869995  0.07704762],[-0.03037315  0.04062014],[-0.11038039  0.0211282 ],[-0.0830035   0.05654939],[-0.10024481 -0.03197829],[-0.06114549  0.04050412],[-0.07748324  0.04668957],[-0.0326559   0.02665571],[-0.10995238  0.02514111],[-0.08498795  0.05857805],[-0.0331247   0.04144515],[-0.09356769  0.03825227],[-0.08600015  0.06198757],[-0.06103424  0.0607813 ]
[0.00032867 0.0405971 ],[-0.10061155  0.02643662],[-0.04809897  0.00136994],[-0.11116517  0.01928407],[-0.12681356 -0.00457462],[-0.12032527 -0.01971212],[-0.08160915  0.04744314],[-0.11950693 -0.00614158],[-0.02644362  0.04010883],[-0.10747681  0.04313089],[-0.04691114  0.0574665 ],[-0.05936574  0.06312983],[-0.00784373  0.03518356],[-0.07568846  0.0602343 ],[-0.08494002  0.02949635],[-0.0734233   0.07777631],[-0.05973402  0.03426894],[-0.06793783  0.05806851],[-0.10596447 -0.02754855],[-0.06502953  0.05990591],[-0.11844956  0.0091596 ],[-0.01596174  0.05060139],[-0.09161257  0.06158173],[-0.08604137  0.0427037 ],[-0.07825134  0.026782  ],[-0.10666011  0.03302151],[-0.03555229  0.06781586],[-0.09162291  0.0630223 ],[-0.04857878  0.06896827],[-0.11109314  0.00080902],[-0.10247727  0.05643509],[-0.04636493  0.05745732],[-0.09965757  0.07716919],[-0.09393898  0.05822914],[-0.10575078  0.03280498],[-0.06958983  0.06251419],[-0.06770167  0.05397704],[-0.06763116  0.03820022],[-0.03292455  0.05024629],[-0.03428003  0.06731434],[-0.07515407  0.05581081],[-0.07928525  0.06142857],[-0.08327305  0.03052867],[-0.10301112  0.03682929],[-0.04904529  0.03015098],[-0.06645501  0.05573545],[-0.07462811  0.05143437],[-0.05156405  0.04062535],[-0.07734098  0.0478948 ],[-0.04600406  0.05468235],[-0.07631627  0.01601081],[-0.11516284  0.02611533],[-0.04219174  0.05613967],[-0.06597631  0.05006483],[-0.06274781  0.0505962 ],[-0.04228804  0.0565361 ],[-0.1018276   0.08187869],[-0.09658679  0.01829552],[-0.09202357  0.05209779],[-0.04458483  0.06790368],[-0.03385929 -0.02653949],[-0.07779449  0.03666053],[-0.07492545  0.06113515],[-0.07257935  0.05007389],[-0.1172268   0.02689548],[-0.06837731  0.0311798 ],[-0.09172762  0.06917359],[-0.0412675   0.05699019],[-0.07534577  0.07212803],[-0.06819567  0.04486363],[-0.04942905  0.04282142],[-0.06875397  0.05176886],[-0.11038771  0.0012287 ],[-0.03818912  0.04259949],[-0.03010213  0.05708446],[-0.02197298  0.04669405],[-0.03821878  0.03402086],[-0.02489669  0.00657567],[-0.07274975  0.04463891],[-0.09341068  0.01500774],[-0.10359446  0.06295267],[-0.01661986  0.05189814],[-0.11216394  0.07230064],[-0.03479463  0.03718905],[-0.0667104   0.05527691],[-0.03193874  0.0587381 ],[-0.04792222  0.05999563],[-0.06037426  0.03448448],[-0.02531839  0.03987254],[-0.0562308   0.02206432],[-0.00911009  0.04297625],[-0.066295    0.04551006],[-0.0928121  0.0666935],[-0.11200645  0.01051313],[-0.09218701 -0.00198021],[-0.05126736  0.04698491],[-0.10804533 -0.00823558],[-0.09831636 -0.01344184],[-0.05373748  0.04206376],[-0.04025497  0.03942438],[-0.05301798  0.05382765],[-0.10556719  0.0668759 ],[-0.00303991  0.04909189],[-0.06286556  0.05145263],[-0.0697755   0.06326769],[-0.11989848 -0.01869888],[-0.10896195  0.02409363],[-0.07962039  0.07543819],[-0.05733791  0.04686545],[-0.06201563  0.05347692],[-0.10874338 -0.06524738],[-0.04941227  0.04526107],[-0.0917406   0.05348102],[-0.08245083  0.05165079],[-0.06729861  0.03715983],[-0.0856389   0.05844203],[-0.11477732  0.02365448],[-0.10743424  0.03312976],[-0.09853425  0.06872338],[-0.09221708  0.06107444],[-0.08408829  0.05227424],[-0.02645924  0.05676202],[-0.10538865  0.075103  ],[-0.10890172  0.06458226],[-0.07307036  0.04761215],[-0.07196636  0.05672317],[-0.10126362  0.07106575],[-0.06500583  0.07463427],[-0.03313577  0.04430526],[-0.05525446  0.07844815],[-0.01362519  0.03227964],[-0.11175842  0.03921927],[-0.06523101  0.05336968],[-0.11141763  0.00756374],[-0.08798123  0.04871893],[-0.04478877  0.04725211],[-0.03146911  0.03156956],[-0.09199934  0.05405277],[-0.05316603  0.05701188],[-0.0123434   0.05743353],[-0.11135458  0.01843222],[-0.08194901  0.08069348],[-0.05020824  0.07753982]
[-0.00719823  0.03491383],[-0.0791534   0.04728471],[-0.07256784  0.01277965],[-0.095153    0.05604557],[-0.12120815  0.00395358],[-0.12266321 -0.02954695],[-0.09781804  0.05516356],[-0.07837793 -0.02422208],[-0.04407049  0.03218714],[-0.10215322  0.07082628],[-0.06272853  0.05570034],[-0.05024007  0.05668568],[-0.0166254   0.03366346],[-0.08263937  0.0475048 ],[-0.09457696  0.04893482],[-0.06965383  0.06619491],[-0.04037528  0.0106865 ],[-0.07193664  0.04352945],[-0.08969475 -0.01509289],[-0.06411824  0.05181434],[-0.10220655  0.01071365],[-0.01905433  0.04732289],[-0.08720816  0.06770545],[-0.07099943  0.0427539 ],[-0.06477305  0.03677537],[-0.08960047  0.05879088],[-0.02883566  0.04313659],[-0.09072075  0.05694657],[-0.02339114  0.05464903],[-0.10950763  0.01337835],[-0.10734873  0.06323887],[-0.0389462   0.05912293],[-0.10249064  0.06050029],[-0.07399886  0.03808703],[-0.10346358  0.03462072],[-0.07176162  0.05649236],[-0.07010628  0.05133185],[-0.09215998 -0.00060865],[-0.03452703  0.05420529],[-0.02844783  0.04851929],[-0.06940565  0.02432809],[-0.09427205  0.06765246],[-0.08804218  0.03469409],[-0.09427855  0.02950225],[-0.03539886  0.03254759],[-0.09239732  0.05984448],[-0.06886725  0.04305464],[-0.04312769  0.03309562],[-0.05571956  0.03813354],[-0.03659929  0.05503637],[-0.08378556 -0.00245916],[-0.11065698  0.01547454],[-0.03490638  0.04364868],[-0.07319093  0.04787076],[-0.09293429  0.05281073],[-0.07408379  0.05643898],[-0.09102758  0.06137647],[-0.07994831  0.04052104],[-0.08862083  0.08077639],[-0.03098417  0.05507347],[-0.0550554  -0.02550796],[-0.07191842  0.03229846],[-0.0915732  0.0475712],[-0.07881516  0.06775239],[-0.10614764  0.02783364],[-0.03978414  0.01707864],[-0.10686556  0.05230186],[-0.02097834  0.07535085],[-0.07885806  0.06079783],[-0.07049123  0.0446589 ],[-0.05483385  0.04058911],[-0.06719461  0.04750491],[-0.10864598  0.01210019],[-0.03254629  0.04187421],[-0.04997864  0.05254965],[-0.02746315  0.04045063],[-0.06383329  0.04625084],[-0.00775249  0.00467216],[-0.06667615  0.03002052],[-0.08218341  0.03857155],[-0.089361    0.05101091],[-0.00399544  0.02194492],[-0.10661624  0.07282595],[-0.02301118  0.03794387],[-0.0660424   0.04402547],[-0.05079273  0.0657483 ],[-0.04486318  0.05340133],[-0.01590594  0.03483573],[-0.02681575  0.03082458],[-0.06014219  0.02791419],[-0.01868946  0.03218631],[-0.05973314  0.05132074],[-0.08816528  0.05318928],[-0.10800586  0.02788139],[-0.09077456 -0.0336727 ],[-0.06618647  0.04679379],[-0.11042473 -0.02583023],[-0.0691608  -0.00530113],[-0.06290331  0.04890042],[-0.05045149  0.04725393],[-0.05593403  0.03354285],[-0.11157199  0.07102914],[-0.01419645  0.0384684 ],[-0.06366333  0.02547099],[-0.08794562  0.06358959],[-0.13021421 -0.01366493],[-0.10678547  0.04753422],[-0.07548005  0.07254072],[-0.07180153  0.0368609 ],[-0.02031052  0.03104321],[-0.0639759  -0.04745828],[-0.05203737  0.03943413],[-0.08795766  0.05600243],[-0.07751901  0.05229392],[-0.06985904  0.04472243],[-0.06098695  0.05179091],[-0.103179    0.01979556],[-0.08030779  0.05921928],[-0.0959786   0.06586784],[-0.09572851  0.0578504 ],[-0.06856146  0.04248992],[-0.03200869  0.03530772],[-0.09812271  0.05965481],[-0.08829387  0.05450373],[-0.07837986  0.04653632],[-0.05968506  0.04401519],[-0.0859612  0.0479522],[-0.07307013  0.06261738],[-0.06011867  0.03941351],[-0.05641868  0.07363641],[-0.01753664  0.02186113],[-0.11205534  0.04710725],[-0.05527288  0.04704068],[-0.10323141 -0.00924638],[-0.09139595  0.06335011],[-0.03023948  0.02271774],[-0.04801574  0.03304082],[-0.09752416  0.03455744],[-0.0644574   0.06129747],[-0.01258776  0.04603499],[-0.08893045  0.04902778],[-0.07707318  0.07188153],[-0.05215907  0.05486886]
[-0.01655084  0.03737037],[-0.09741709  0.04455249],[-0.07653961 -0.0250902 ],[-0.10876881  0.01412497],[-0.12865475  0.00932601],[-0.12314073 -0.04040519],[-0.11464142  0.03218727],[-0.10324762 -0.02360655],[-0.02683222  0.0151346 ],[-0.10354165  0.03790815],[-0.08183646  0.05710066],[-0.05273042  0.04951122],[-0.02640068  0.02214795],[-0.09667414  0.03434741],[-0.10061222  0.06605296],[-0.07211629  0.06238923],[-0.05367561  0.01753797],[-0.07167607  0.01700307],[-0.10361675 -0.0235188 ],[-0.08527885  0.06715408],[-0.11611327 -0.0045406 ],[-0.02940192  0.03990794],[-0.09543284  0.06162318],[-0.083039    0.03588811],[-0.0515754   0.02727867],[-0.08096275  0.00576076],[-0.01978043  0.02835191],[-0.10070447  0.04630904],[-0.05523506  0.07083078],[-0.10865862  0.01179623],[-0.1274963   0.06656154],[-0.06403679  0.05015444],[-0.11290278  0.04860112],[-0.10460507  0.05194113],[-0.1114959   0.02678498],[-0.07276629  0.0679832 ],[-0.07508302  0.04105067],[-0.08752244  0.01157407],[-0.0508535   0.05336707],[-0.07585245  0.07197173],[-0.07458392  0.02538427],[-0.08353546  0.04684383],[-0.09017398  0.01631023],[-0.08495031  0.04111395],[-0.02622987  0.01456201],[-0.08069777  0.040558  ],[-0.08524887  0.03420353],[-0.0459865   0.03006833],[-0.04881489  0.03049171],[-0.06540005  0.0540637 ],[-0.07834782 -0.00098192],[-0.10512803  0.0165971 ],[-0.066329   0.0500728],[-0.07098489  0.0353685 ],[-0.07509516  0.04340788],[-0.07932039  0.04838136],[-0.08263566  0.03937883],[-0.11065305  0.02318116],[-0.11019855  0.02243256],[-0.05276038  0.05272024],[-0.05547786 -0.03453522],[-0.0900031   0.02133347],[-0.10601861  0.04382661],[-0.07734017  0.0529115 ],[-0.10708176  0.02308758],[-0.03494897 -0.00324439],[-0.10728579  0.07248481],[-0.05088712  0.06118394],[-0.07658631  0.0574757 ],[-0.08730026  0.044298  ],[-0.06257203  0.0317615 ],[-0.08232146  0.04225006],[-0.12804654 -0.01142479],[-0.02461674  0.01943301],[-0.061019    0.05691671],[-0.01355747  0.03581534],[-0.07771932  0.040416  ],[-0.02320982 -0.03252292],[-0.07939852  0.02697083],[-0.09467676  0.02676488],[-0.10138985  0.04863069],[-0.03987055  0.04300648],[-0.10134251  0.04470522],[-0.00602959  0.0299016 ],[-0.08399186  0.03819038],[-0.05410831  0.04952686],[-0.04516497  0.04304051],[-0.03814209  0.0262888 ],[-0.01314897  0.03176108],[-0.06250264  0.02620611],[-0.04325213  0.03788153],[-0.07587682  0.04812869],[-0.1066971   0.06037648],[-0.10751259  0.02913063],[-0.11672073 -0.02957704],[-0.08431443  0.04583056],[-0.1111332  -0.01822383],[-0.0687848  -0.00217545],[-0.06523841  0.03923484],[-0.05670531  0.04606518],[-0.08565549  0.04260598],[-0.11349089  0.05169779],[-0.0093429   0.02283223],[-0.04919065  0.01161732],[-0.0940263   0.05952157],[-0.1083271  -0.02743255],[-0.12708396  0.00723929],[-0.10257792  0.05707633],[-0.08560016  0.02145777],[-0.02961035  0.04407788],[-0.07413341 -0.0612181 ],[-0.03844781  0.02594325],[-0.09099714  0.05115502],[-0.10250091  0.03214118],[-0.05909853  0.01990272],[-0.065383    0.04532962],[-0.10731522  0.01891869],[-0.08944201  0.05866036],[-0.12374515  0.07486825],[-0.10254214  0.06929065],[-0.08728657  0.0605805 ],[-0.03890029  0.02029366],[-0.12332845  0.06588173],[-0.1109281   0.05088956],[-0.08473129  0.03962482],[-0.06797999  0.0419258 ],[-0.09775359  0.05399325],[-0.07317906  0.04935339],[-0.06464296  0.022716  ],[-0.06143993  0.05386094],[-0.02676111  0.01091965],[-0.12031109  0.02782694],[-0.07233123  0.04228377],[-0.09542281 -0.0244786 ],[-0.09204081  0.05504673],[-0.01425362  0.01306779],[-0.06207688  0.04476942],[-0.09672535  0.03688217],[-0.07171489  0.06413023],[-0.02358647  0.04012655],[-0.07317195  0.05614055],[-0.10308663  0.07046944],[-0.05803861  0.05729685]
[0.00230568 0.04227889],[-0.08903826  0.01990642],[-0.03463563  0.00132629],[-0.08109233  0.0209267 ],[-0.11765125  0.01880756],[-0.10651994 -0.03799767],[-0.09542725  0.06127959],[-0.09021563 -0.00573386],[-0.00567429  0.02248052],[-0.08468815  0.05305422],[-0.07347643  0.06237602],[-0.00905618  0.03655707],[-0.02846906  0.04040885],[-0.07091984  0.05473021],[-0.06718094  0.03905272],[-0.07342894  0.07191567],[-0.03983811  0.0441101 ],[-0.07257897  0.0239557 ],[-0.07931719 -0.00193857],[-0.0771507   0.08401392],[-0.10005333  0.00468596],[-0.02165179  0.05263178],[-0.06420024  0.05070419],[-0.06095122  0.03463561],[-0.05061518  0.009946  ],[-0.06908817  0.02437573],[-0.02120523  0.03612528],[-0.09429846  0.05163163],[-0.05202693  0.06775524],[-0.09531341  0.0080277 ],[-0.11363771  0.08280832],[-0.05750646  0.07784157],[-0.10345284  0.06698683],[-0.08280362  0.05296691],[-0.095148    0.05065581],[-0.06999857  0.0383274 ],[-0.05344982  0.05124336],[-0.06507181  0.02452066],[-0.01274331  0.04627975],[-0.03364006  0.0611942 ],[-0.07677633  0.03032945],[-0.02509494  0.0308528 ],[-0.05586799  0.01941497],[-0.09032383 -0.00650369],[-0.00323248  0.0248676 ],[-0.07314734  0.05169008],[-0.05617172  0.0316096 ],[-0.04321612  0.02412088],[-0.02189784  0.03516924],[-0.06001866  0.05895736],[-0.06321204 -0.00545565],[-0.08594216  0.05409187],[-0.04473887  0.04273026],[-0.05668368  0.05408845],[-0.05437356  0.03877075],[-0.06353792  0.06150332],[-0.06151839  0.03540384],[-0.07311018  0.02596289],[-0.09339467  0.01907979],[-0.06831561  0.06492825],[-0.03782445 -0.0376976 ],[-0.08099268  0.05557477],[-0.09594885  0.06291151],[-0.07988003  0.0469811 ],[-0.09672958  0.04913665],[-0.03989129  0.00532934],[-0.10994405  0.07230988],[-0.05759037  0.07937887],[-0.06662171  0.02816994],[-0.06964755  0.0574236 ],[-0.04066036  0.03355762],[-0.08941335  0.05088219],[-0.10504066  0.01660818],[-0.02978661  0.03711581],[-0.05704627  0.05554088],[-0.01649096  0.05143891],[-0.05856807  0.04546103],[ 0.01749806 -0.0216938 ],[-0.04968569  0.03415442],[-0.09498356  0.02766544],[-0.09354342  0.06517871],[-0.0120594   0.04665856],[-0.09159329  0.04981532],[-0.01359624  0.04366823],[-0.06732445  0.04909965],[-0.0461533   0.05184273],[-0.01882668  0.04095494],[-0.02379493  0.04328435],[-0.00892726  0.00125216],[-0.06341463  0.03379032],[-0.03420757  0.03842698],[-0.06456142  0.03368397],[-0.0831269   0.03823198],[-0.08934296  0.04123986],[-0.09738841 -0.02933031],[-0.07914307  0.05991764],[-0.08545781 -0.01837222],[-0.04980475 -0.01101157],[-0.03750768  0.03760095],[-0.02694815  0.02613346],[-0.07820876  0.05341906],[-0.09588764  0.0568904 ],[-0.01823227  0.0460347 ],[-0.03013762  0.01882532],[-0.06677753  0.05381261],[-0.10930678 -0.01890719],[-0.11072978  0.03812034],[-0.08451238  0.039348  ],[-0.07874507  0.03219641],[-0.043092    0.05295448],[-0.06783161 -0.03041681],[-0.01651175  0.01735779],[-0.08220919  0.05434632],[-0.10017025  0.02222643],[-0.04332028  0.039742  ],[-0.05449323  0.04897123],[-0.08685748  0.00983879],[-0.06937782  0.05400866],[-0.10616193  0.07931328],[-0.10340086  0.06769647],[-0.07131985  0.06300984],[-0.00977502  0.0305102 ],[-0.10515334  0.06927304],[-0.09275521  0.04983046],[-0.07478994  0.02361496],[-0.0709919   0.05051896],[-0.08073123  0.04210638],[-0.06159403  0.05875507],[-0.06680539  0.03641428],[-0.09091292  0.07568215],[-0.01463967  0.02714609],[-0.10570864  0.04583881],[-0.08665536  0.05128383],[-0.10104392 -0.0005696 ],[-0.08336286  0.04933546],[-0.01498045  0.02282506],[-0.05185347  0.043446  ],[-0.08575974  0.01944045],[-0.07493935  0.05402522],[-0.00570204  0.04860472],[-0.0750053   0.04035265],[-0.09448562  0.08123809],[-0.03895182  0.04688943]
[-0.03438187  0.05613541],[-0.09810155  0.02586347],[-0.06981687 -0.00850256],[-0.08461296  0.01161014],[-0.09616063 -0.00064304],[-0.11625541 -0.03771938],[-0.1069173   0.00708247],[-0.07606114 -0.01599104],[-0.03178181  0.02314296],[-0.10280383  0.0107439 ],[-0.07799564  0.05436594],[-0.02572501  0.03782288],[-0.05964755  0.04192847],[-0.08623276  0.03589738],[-0.09165139  0.05182565],[-0.09326629  0.06234531],[-0.02356057  0.01766695],[-0.07044994  0.03649021],[-0.05804603 -0.01584034],[-0.08309928  0.07229944],[-0.11510599 -0.01515004],[-0.01062341  0.0407012 ],[-0.07421903  0.05771011],[-0.05756204  0.01827433],[-0.06243408  0.01892431],[-0.08493353  0.04275394],[-0.03014164  0.02118182],[-0.09445677  0.04315119],[-0.03856198  0.04555911],[-0.0972291   0.00991463],[-0.09130188  0.0598744 ],[-0.05581827  0.05224714],[-0.10961614  0.04443366],[-0.04820409  0.02663253],[-0.09774425  0.03874514],[-0.0825268   0.06242192],[-0.0551964   0.03801079],[-0.09975418  0.01320254],[-0.01337854  0.04147385],[-0.0189475   0.03829269],[-0.08163485  0.03328743],[-0.03664415  0.03443857],[-0.05363502  0.02389516],[-0.09249391 -0.00015794],[-0.04096605  0.02701296],[-0.09559324  0.05475669],[-0.08864126  0.03887408],[-0.06472188  0.04269866],[-0.04527855  0.02642583],[-0.06520643  0.0680425 ],[-0.07624543  0.0038884 ],[-0.090487    0.02392545],[-0.07006404  0.0361277 ],[-0.06999451  0.04039786],[-0.05787135  0.04103793],[-0.08871653  0.04092452],[-0.08833791  0.05215091],[-0.08797213  0.0253985 ],[-0.0886895   0.02164675],[-0.07700191  0.06995775],[-0.03329567 -0.04568598],[-0.08457174  0.04668788],[-0.10246154  0.03069272],[-0.0936972  0.0606428],[-0.09043907  0.05420971],[-0.08257512 -0.00562528],[-0.0765297   0.04124082],[-0.06684673  0.0663078 ],[-0.07743104  0.06048745],[-0.07170939  0.04268999],[-0.04793148  0.03602247],[-0.08487337  0.05167663],[-0.11880707  0.00795743],[-0.04774441  0.03417918],[-0.05438971  0.04463613],[-0.00069968  0.04312933],[-0.06222231  0.0428897 ],[ 0.01747771 -0.0152763 ],[-0.0425373   0.02849751],[-0.10035019  0.0589701 ],[-0.0906884   0.05336021],[-0.01429585  0.04047364],[-0.10437017  0.05074173],[-0.00763661  0.04854431],[-0.08979218  0.02951771],[-0.04271412  0.04590859],[-0.02743872  0.03811039],[-0.00787283  0.03953419],[-0.03423829  0.01601323],[-0.07555564  0.01100964],[-0.02942384  0.03140841],[-0.09222621  0.00353986],[-0.10071922  0.02577819],[-0.09741931  0.00648641],[-0.0770494  -0.00621562],[-0.096868    0.06061521],[-0.08941387 -0.04055449],[-0.06190377 -0.00650284],[-0.03844405  0.02887053],[-0.05100685  0.03980696],[-0.08814954  0.05202723],[-0.09658601  0.0340131 ],[-0.02123749  0.04841281],[-0.05041318  0.01142049],[-0.09072027  0.05170853],[-0.10511269 -0.03204764],[-0.10472592  0.0502906 ],[-0.10584905  0.05100813],[-0.09218275  0.03931269],[-0.04298903  0.04503342],[-0.07486293 -0.0111006 ],[-0.02961733  0.02182883],[-0.08309204  0.04934328],[-0.0988568   0.03404816],[-0.06174543  0.04313992],[-0.04795834  0.02456974],[-0.09268766  0.01946357],[-0.08090156  0.04028535],[-0.09670944  0.04047761],[-0.09007607  0.06144802],[-0.06230316  0.06135989],[-0.01372688  0.03211819],[-0.09316037  0.05515092],[-0.07978822  0.0427863 ],[-0.06417237  0.02826389],[-0.07307229  0.04100334],[-0.08229797  0.04457968],[-0.07147893  0.04616212],[-0.07263395  0.04082217],[-0.0590122   0.04861421],[-0.05020567  0.0035628 ],[-0.1037016   0.04395666],[-0.07507806  0.04654225],[-0.10456014 -0.01931862],[-0.08741357  0.04905481],[-0.02755917  0.01887893],[-0.05853755  0.03232617],[-0.09784565  0.00794543],[-0.0696984  0.0445745],[-0.02610982  0.04106896],[-0.08821382  0.02895849],[-0.08817709  0.06674853],[-0.03863941  0.03728231]
[-0.0484333   0.05348696],[-0.1222705   0.02745141],[-0.09783462 -0.01453308],[-0.11392414 -0.00018639],[-0.11324822 -0.00276722],[-0.11820366 -0.03590673],[-0.10860065  0.02681955],[-0.09380964 -0.01748122],[-0.02959922  0.01476105],[-0.11895252  0.02826868],[-0.09244033  0.0541367 ],[-0.03958187 -0.01245344],[-0.04950191  0.03100618],[-0.07843928  0.0407577 ],[-0.10777464  0.05346768],[-0.10321697  0.05690402],[-0.04470856  0.0318944 ],[-0.08608218  0.03053087],[-0.08177619 -0.0046576 ],[-0.0775795   0.07123683],[-0.13634929 -0.01760625],[-0.04002233  0.03893219],[-0.09574992  0.04995978],[-0.07273386  0.02753242],[-0.09318129  0.01158018],[-0.10741737  0.0185465 ],[-0.01718876  0.01143616],[-0.08139481  0.04239137],[-0.03426503  0.04974307],[-0.1111865   0.01411523],[-0.09579102  0.06095035],[-0.03882105  0.03889102],[-0.12218038  0.04323844],[-0.07589284  0.03952453],[-0.10507949  0.05785583],[-0.09345854  0.04473981],[-0.07411364  0.04289893],[-0.10058416  0.03622698],[-0.03101908  0.02018141],[-0.03319902  0.03763592],[-0.09663378  0.04205604],[-0.04380867  0.02071199],[-0.07395892  0.02661057],[-0.1069038   0.00253256],[-0.03659274  0.01686689],[-0.08820639  0.06326556],[-0.10501967  0.04954224],[-0.05989902  0.03657448],[-0.07046027  0.05485064],[-0.06661825  0.05887001],[-0.07193974  0.01677944],[-0.09603664  0.01677951],[-0.06817491  0.05218263],[-0.08266471  0.03235525],[-0.07312493  0.03424041],[-0.10645521  0.05641746],[-0.09931242  0.04990401],[-0.12388378 -0.00827713],[-0.10938876  0.00565367],[-0.10203948  0.06559874],[-0.0626701  -0.03727801],[-0.1088903   0.06395981],[-0.11462585  0.04543595],[-0.09825427  0.03865391],[-0.09698365  0.07580164],[-0.09877773  0.02213239],[-0.09851339  0.02931877],[-0.07544567  0.055936  ],[-0.07844905  0.06307772],[-0.0831917   0.04362925],[-0.08020614  0.03466622],[-0.0809044   0.03906047],[-0.13281327  0.01048321],[-0.0531543   0.02846215],[-0.03929047  0.03598521],[-0.00630272  0.04831458],[-0.07232928  0.03619284],[-0.0065368  -0.01402475],[-0.05472967  0.03312344],[-0.08182805  0.03759593],[-0.10605856  0.06252082],[-0.04268044  0.03298511],[-0.09903883  0.04517063],[-0.01134408  0.03349411],[-0.09055375  0.04173294],[-0.0572474  0.0504106],[-0.04045724  0.03958086],[-0.0220359   0.04686484],[-0.08066341  0.01940222],[-0.08568083  0.02073197],[-0.03908017  0.03578806],[-0.10994712  0.02729469],[-0.12255456  0.0289619 ],[-0.09493469  0.01881551],[-0.10266029  0.00695251],[-0.12322965  0.05577106],[-0.09817056 -0.0565722 ],[-0.06882049 -0.02645189],[-0.04591842  0.0328906 ],[-0.07165646  0.03843069],[-0.10566015  0.03534247],[-0.11803994  0.06121556],[-0.02421135  0.03512851],[-0.06677494  0.02791543],[-0.10286776  0.04834947],[-0.10619386 -0.03472913],[-0.11965934  0.03192567],[-0.12755913  0.04298406],[-0.10792843  0.03549729],[-0.06308184  0.01563003],[-0.09072114 -0.01343346],[-0.05307546  0.03329979],[-0.10559318  0.06329532],[-0.11137915  0.03343331],[-0.07348813  0.04544251],[-0.04222003  0.00509059],[-0.11341386  0.03059791],[-0.07967058  0.05311539],[-0.10478175  0.05035402],[-0.07436308  0.05712922],[-0.06551417  0.05295099],[-0.04388427  0.04415717],[-0.11642925  0.0675852 ],[-0.10464788  0.03933715],[-0.07794187  0.04073318],[-0.08729827  0.04266645],[-0.11750675  0.03444197],[-0.08915106  0.04343804],[-0.08938094  0.03126022],[-0.0635301   0.04390759],[-0.06312384  0.01422297],[-0.12038045  0.03794212],[-0.08517367  0.02015051],[-0.12254662  0.02330066],[-0.07863663  0.05602352],[-0.02216174  0.01175669],[-0.08031779  0.03070655],[-0.1362108  -0.01828777],[-0.08636396  0.03696949],[-0.03526704  0.04157877],[-0.10270274  0.04350928],[-0.11994193  0.07990213],[-0.07389273  0.05549121]
[-0.04170652  0.0719776 ],[-0.1058025   0.01175104],[-0.07818303  0.00542616],[-0.1015489   0.03254114],[-0.09561967  0.01284103],[-0.11230785 -0.03997424],[-0.09052684  0.03599397],[-0.05557184  0.01141887],[-0.02354121  0.00973625],[-0.09507474  0.02875594],[-0.08255235  0.05947899],[-0.03017868  0.0107473 ],[-0.04688576  0.03979165],[-0.06383079  0.04361898],[-0.07217187  0.04685945],[-0.09433208  0.07682946],[-0.02084135  0.03257048],[-0.06780695  0.04320006],[-0.0794941  -0.00565596],[-0.0559567   0.06084361],[-0.10985585 -0.01218461],[-0.03969179  0.05125364],[-0.08990798  0.06943981],[-0.06003517  0.03490802],[-0.0661595   0.02331101],[-0.08663871  0.01285185],[-0.02361785  0.0251548 ],[-0.0800615   0.04377575],[-0.05073517  0.04575054],[-0.10321141  0.02381694],[-0.09426079  0.06628498],[-0.02752461  0.0525802 ],[-0.09586173  0.05277816],[-0.06644051  0.04037226],[-0.10014109  0.06455359],[-0.07742124  0.05006885],[-0.05054884  0.06319322],[-0.07355151  0.05717393],[-0.0501169   0.06854652],[-0.01104279  0.02902337],[-0.08742072  0.04100156],[-0.05839538  0.05112557],[-0.03944631  0.02024069],[-0.08004956 -0.01343776],[-0.03195646  0.0196746 ],[-0.07037244  0.04705765],[-0.08313181  0.05004381],[-0.04714962  0.02409406],[-0.07371585  0.05369892],[-0.07052982  0.06634904],[-0.05932453  0.02265949],[-0.09426231  0.01672288],[-0.057743    0.03353643],[-0.07073888  0.0317774 ],[-0.0354293   0.01616741],[-0.05008185  0.0490747 ],[-0.08094806  0.0589587 ],[-0.1044765   0.02447996],[-0.11712246  0.00632843],[-0.10350621  0.07700288],[-0.05463978 -0.05020981],[-0.09450366  0.07029803],[-0.10234534  0.02613321],[-0.09911773  0.07462777],[-0.09095579  0.04921502],[-0.07217908  0.02138361],[-0.07579923  0.01885793],[-0.06204715  0.06943505],[-0.0526522   0.04937006],[-0.08148444  0.0376272 ],[-0.09180296  0.06188064],[-0.0716442   0.03307793],[-0.10781387  0.03529872],[-0.02589656  0.02250576],[-0.02536307  0.03483977],[0.00225355 0.04385554],[-0.07496239  0.05014396],[0.02196148 0.01990861],[-0.03892345  0.02442465],[-0.06818782  0.02884883],[-0.10131083  0.05943155],[-0.02311644  0.02963873],[-0.08781674  0.05753435],[0.01736747 0.02295008],[-0.09664767  0.04859716],[-0.05403779  0.04433003],[-0.0414014   0.05233604],[-0.02488576  0.04996308],[-0.07242843  0.02284693],[-0.06878985  0.02822841],[-0.04831808  0.03940221],[-0.07232757  0.0178757 ],[-0.09958055  0.04213827],[-0.0753198   0.05628498],[-0.07520944  0.00523929],[-0.1247277   0.06511891],[-0.09167094 -0.04298612],[-0.0531911  -0.00749557],[-0.04908886  0.04397151],[-0.06004097  0.0505503 ],[-0.08974036  0.0372231 ],[-0.10729822  0.0646123 ],[-0.03048573  0.03890975],[-0.06931059  0.02335405],[-0.097564    0.07616757],[-0.10375155 -0.00821853],[-0.10170353  0.04078276],[-0.10638744  0.0254898 ],[-0.08681924  0.03490432],[-0.05013673  0.0163481 ],[-0.04811551  0.03307762],[-0.04761943  0.0420196 ],[-0.09921863  0.06927136],[-0.08431152  0.0626262 ],[-0.04742236  0.03684809],[-0.04873397  0.00089188],[-0.09203544  0.0316452 ],[-0.0646674   0.04888543],[-0.10104232  0.04369886],[-0.06361306  0.04127782],[-0.07186265  0.05315679],[-0.02461509  0.04896278],[-0.10137961  0.07019372],[-0.0839491   0.05716323],[-0.05645198  0.05274009],[-0.0766705   0.04019897],[-0.07951473  0.04653643],[-0.08537314  0.06328337],[-0.07014857  0.04245755],[-0.06783348  0.05200818],[-0.03683468  0.02205921],[-0.11322799  0.06416592],[-0.09092858  0.06345035],[-0.11085815  0.0347109 ],[-0.05406477  0.04967116],[-0.02616438  0.01341399],[-0.07185052  0.04731993],[-0.09583924  0.00180117],[-0.05095274  0.04196387],[-0.02845647  0.03949947],[-0.06790366  0.03653976],[-0.09351719  0.07841815],[-0.06480691  0.02902878]
