-0.0048670258995307265,-0.0014567117450101786,0.01217346378636695,-0.005165350590749887,-0.013285024154589145,-0.003525835866261362,-0.010583173332716462,0.004370282081843538,-0.0024550721791220614,0.05906040268456304,0.016201792664229348,-0.011642830949761663,-0.009780439121756504,-0.0021335341365461844,0.026205636127815127,-0.017111567419575608,-0.008528628332640962,0.0001795332136445644,0.021151586368977463,-0.012388924661944594,0.04356338717572144,0.0014250089063057834,0.014510359721940994,0.011629507294247068,0.02295918367346902,-0.026782833171990733,0.007012522769319358,0.009246575342465651,-0.00789807217663929,0.01566098572086559,-0.012941176470588,-0.001328525336876152,-0.014877943088256566,-0.019213174748398763,-0.016853932584269638,0.001970208065912387,-0.005473306415432838,0.02507127284923702,-0.023989033584646977,-0.00762369549333446,0.021282051282051257,-0.010129564193168449,0.01573502046892442,0.013034214813886447,-0.004982871379632553,0.01495726495726483,0.0018261504747991706,-0.001886029907045633,0.0681502086230856,-0.0018934271030565302,0.012538182851459722,0.0037978468899520965,-0.004707150556952893,-0.013738750732200943,-0.009286675639300091,0.0006954102920722819,0.014228479424869881,-0.03883826879271064,0.011252268602540836,-0.020245502565934128,-0.1594594594594566,-0.014594838273413634,-0.002186343760511379,0.00552486187845231,0.0,-0.007874015748031486,0.010685243950813142,0.003566752449320549,-0.0010010010010010812,-0.019257175391004376,-0.0061498322773013816,-0.009018759018758985,-0.017422406830506502,-0.007947218473534183,0.0035696900859971473,-0.00042172739541160526,-0.0065780886997834085,0.019590716246568513,-0.004967490247074096,-0.0006305170239596032,-0.023235021651549958,-0.0125541772530264,0.002559792160158865,0.006342494714587795,-0.025047258979205733,0.0019025875190258714,-0.006358556525090147,-0.001698410772776872,0.003684725660659713,0.021965952773201056,-0.0026029418397128692,-0.009809496730167663,-0.034762750570920584,-0.0201380897583429,0.029978586723768432,-0.00973602328615871,-0.0008178143376677132,-0.000685871056241365,-0.020121951219512144,-0.0019447685725398525,-0.028081123244929538,-0.008562363412132732,-0.006869479882237481,-0.018286311389759474,0.03069726648150853,-0.0014351320321470385,-0.0034218673619032356,-0.015713015120071092,0.01357923497267754,0.003830911492734443,-0.0012264922322157829,-0.01241379310344811,-0.029389540664147958,-0.004305043050430382,0.0038588235294116716,-0.022060788924074873,-0.018822661007565775,0.012905428473881824,0.048340803648659184,-0.023738872403560728,-0.0008964143426294576,0.008454694347306403,0.0355133174940602,0.0010550749103186282,-0.018082298895513542,-0.024741914890304174,-0.022150976391722466,0.006661163688019466,-0.008940958840758515,-0.009802973138563759,0.0016318818174010888,0.02993100649350646,0.0129747510127006,-0.004761904761904604,-0.006791107916470174,-0.002278746073782128,-0.01666892532863523,-0.028384279475982408,-0.02122453056332399,-0.007644882860665863,-0.006079027355622602,-0.047861143106803686,-0.015071390798519232
-0.00896652110625914,-0.0027434842249655866,0.037899572513239374,0.01688947242778715,-0.01774785801713568,0.014153245485602725,0.008229779175385648,-0.003362341772151975,0.004233116755266843,0.0057034220532317225,-0.004497250874062467,-0.007698729245895501,0.008130081300813089,-0.011067790215067284,-0.004452359750667851,0.001392757660167129,-0.017253278122843333,-0.008795548375515992,-0.018329771494328222,-0.004563947423325681,0.01500938086303934,-0.009605122732123944,0.02009047365620011,-6.802258349765928e-05,-0.014131338320864294,-0.01989389920424396,-0.005375628784383259,-0.0302002035968779,-0.0037384182994231237,-0.003174603174603115,-0.004900013243279031,0.0015203344735842442,-0.007233626588465269,-0.00443097014925379,-0.009285714285714272,-0.0015790257708923519,-0.026524720317574912,-0.017096114519427465,0.0019311797752809353,-0.00029173149588789925,-0.008285212151644496,-0.002855782960494972,0.0030777347871966225,0.02689595447234932,-0.002190923317683832,0.006736842105263078,-0.008263458500425307,-0.0021595356998245626,0.026041666666665988,-0.0074254742547425635,-0.004560283439155293,0.001698096344624265,-0.0019134264774902264,-0.0017277684790237109,0.009102024181496974,-0.0013029881862404425,-0.018551334588548008,-0.016708140774973325,-0.03517587939698471,-0.0009209516500384076,-0.0493033226152186,-0.0022302281694973904,-0.0006741951795044271,-0.01648351648351471,-0.012207527975584725,0.00577200577200569,-0.00439080628940065,-0.009582508547777651,-0.0015030060120239553,-0.007649228247507197,0.0026251640727545087,0.01747360757189659,-0.017848755284170983,-0.00030229746070139835,-0.019563459983831855,0.02252974432537339,0.008408439971621511,0.0024476808224207502,0.014401840089913454,-0.009463722397476221,-0.0026136727064195683,-0.010594823671863159,0.002972447696353103,0.011029411764705795,-0.00096946194861859,-0.005791872388910106,-0.011623912682143012,-0.00935715153724623,0.0004588997877588215,0.0007164606842199253,-0.00922979349386772,-0.014118210098109584,-0.00775499474237639,-0.0011743981209630051,0.029799029799029268,-0.008615446989661454,-0.0012280395811436735,-0.0013726835964308992,0.006845052893590641,-0.008963367108339802,-0.01444622792937386,-0.013637683994617279,-0.014081027667984093,-0.013304949441191982,0.016451567153595255,-0.015234262719171771,-0.0014715500327010698,-0.00843373493975902,0.0024799849044397845,-0.015330964600605292,-0.0020466639377813996,-0.002327746741154541,-0.011718429894288245,-0.02161828289067299,0.0063753984624040595,-0.02305876684818738,-0.015610306563851864,-0.0023819154195315827,-0.02360905357511197,-0.002638068475081798,0.03409430764629634,-0.016943200772539673,-0.005615263857022064,-0.008431703204047182,-0.008759705355365188,-0.0004151100041510128,0.0033780427223049914,-0.0035850495804729547,-0.011043708197231297,-0.01009541798287035,-0.009775338706911397,0.01059008964634014,0.025376589795243404,-0.004784688995214981,-0.008292499057670561,0.017654320987654244,-0.014057331863285599,-0.02449438202247175,-0.008622888922904267,-0.006461232604373641,-0.009174311926605073,0.016352411146337273,-0.010201342281879197
0.03883438105869224,-0.0008296762079430973,-0.002766336755394356,-0.0012324666940548938,-0.02866043613707126,0.00565447545717026,-0.006910385288763707,0.010517959912681068,0.057739437310067504,0.005671077504725863,-0.001821599801809941,0.00869321368480084,0.007864569448147118,-0.018440798677349608,0.002712216515667272,0.0006954102920723217,-0.009580658105938956,0.028069540021731152,0.021853805576488132,-0.012287458408656258,0.01016635859519394,-0.011494252873563158,0.001304291117777486,0.007346938775510163,0.02023608768971303,-0.00947225981055481,0.0013091910906700213,0.00909727081875419,-0.01124384153337385,0.006369426751592237,0.01570401916422647,0.011701454775458555,0.009895628200078829,0.010072616537830854,0.0021629416005767813,-0.009787538792074394,-0.00778498609823918,0.008197403462050707,-0.0010513404590853717,-0.001500771229659711,-0.002278481012658164,0.005787589498806703,-0.0063119137371788975,-0.026745699002457702,0.08155583437892044,0.03345880384776217,0.011273128293101219,0.004869471121331006,-0.005076142131979458,-0.024190465789329933,0.006871762342742358,0.013532000951701158,-0.001808579903060116,0.012493915300989714,0.006327409800753957,-0.002087501087240225,0.00620662416069514,0.03470715835140998,0.0011160714285714626,-0.0011522507297587951,-0.049605411499435245,0.011519944979367328,-0.013240006746500268,0.03910614525139244,0.04634397528321223,-0.0069344811095168905,-0.0046811865576032305,0.006586418351124228,0.001505268439538291,0.0057123193392979695,-0.006171685057041184,0.01753130590339878,0.017814442850310787,0.03107045660719691,-0.012368073878627948,0.025004126093414677,0.009927821351330314,0.018312782322060753,0.014351971141458333,0.022929936305732156,-0.005639097744360901,-0.0008413645403091132,0.003495573540028045,0.028831168831168742,0.013585638039786435,-0.005157100563460848,0.003413830216601518,-0.013616290480863602,0.0019494295051889726,-0.003042777877214812,-0.0012192245091983142,0.0005825242718445713,0.0298052722214859,0.0005878894767783649,-0.0013458950201883308,-0.015438094264390152,0.004098288782599934,0.004123711340205814,0.016687268232385487,0.014156508061344622,0.0048859934853420495,-0.0025993695401970713,-0.0025056376847907664,-0.012405609492988062,-0.011859913492395695,0.012551079976648779,-0.005731128213525443,-0.003645200486026675,0.0420554465029982,0.009555629802873328,0.017637407711238506,-0.00839944003733082,0.01558872305140957,0.016414141414141173,0.00409912427799502,0.00973283890669752,0.009361864730607487,0.0073880529777455755,-0.0008450487823616317,0.017307802886550573,-0.01552106430155199,-0.0005804607965706939,0.004493290424433696,0.005314625850340114,0.013757782687286512,0.0009583439815997952,0.008416674918308735,0.005645716910357496,-0.005976722239697928,0.0005921637003652271,-0.008313127814340052,0.011892576887459216,-0.005014221622731242,0.09374999999999546,-0.008445458000760193,-0.006975615673905124,0.001397819401733294,0.013360976733471384,0.016212043232115267,-0.005502751375687788,0.027777777777776024,0.009029715974388475,0.006780580417683735
-0.003167062549485426,0.018268033127198702,0.026692146467759796,-0.0006463744270771582,0.04618345093008272,0.044383299437731706,0.0310445879207481,0.07010997643362107,-0.0005560704355884225,0.0025062656641604056,-0.00862824106517174,-0.003706792697618379,-0.008067715910593855,-0.0068670640062192265,-0.02342311233885808,-0.010423905489923543,0.016155988857938758,-0.004227584992073423,-0.003113733202228831,-0.0017241379310344819,-0.006861848124428117,-0.003997093023255683,0.011788459033476542,0.02816045380875202,0.004958677685950284,-0.0013661202185793466,-0.007603276656945842,-0.0020804438280165112,-0.014689018729863954,-0.0042947558770343695,-0.006944444444444183,0.0025633010315723064,0.014819870326134455,0.0048701298701299,-0.002158273381294961,-0.016664657666345273,0.00037362226788725035,0.008832390936481107,0.0015786704087001854,-0.0020179528216547208,0.002918041106318128,0.005932253663166629,0.0028966328481105446,0.0033670033670034558,0.008990719257540452,-0.019020639417239787,0.02217375499818219,0.01211468569121009,-0.002551020408163236,0.018186905428091753,-0.005074898502029956,0.007218521670236772,-0.0010508769386867985,0.0019230769230768724,-0.003745819397993245,-0.0002614834829599529,0.008934746443858796,0.003843466107616989,0.0014864362690448691,-0.010574482811658844,-0.049822064056938356,0.0013598504164541111,0.010511922057943903,-0.01612903225806282,-0.01771653543307049,-0.006501324343847762,0.0007426110203475416,0.0007220216606497778,0.006262525050100169,-0.004242797509067297,-0.004516371847948767,-0.005098452883262952,0.02596029601785501,0.003812596231395124,0.020788111537819377,-0.018919571693100365,-0.011455699468496843,-0.007672940894377127,-0.003073640358676024,-0.008717310087173028,-0.007872789947737047,-0.0009186251243971856,-0.010715232289576203,0.023478919464781388,0.009095260890378112,-0.0006719784966881482,-0.006849123747911941,-0.004850143017037648,-0.01092989985693842,-0.017414721723518645,0.011912187010594674,0.0,0.011962953434525277,-0.01645123384253817,-0.0026954177897574143,-0.011318795430944929,-0.004081561365440456,-0.0041067761806977835,0.024012158054711033,0.001163241566498678,-0.009724473257698485,0.0014612482977210553,0.0007535795026374102,0.01802293828508998,-0.0060011296243998825,0.04208705678869872,-0.013504611330698316,0.007621951219512149,-0.004489974969679788,0.004898067249139582,-0.011285771866182832,0.015999999999999875,0.01049150881776627,0.019254658385092896,-0.0020411950269067,0.01693932228622134,0.048457315918985285,0.0052320901529381405,0.007611871443949015,0.0035609314944607434,0.004210732471601984,0.0007595049814590612,-0.02290999214169124,0.046098540917741425,0.01644378405151045,-0.0020265526265398313,-0.0012765121759622479,0.0016366300645137423,-0.0026898734177215823,-0.01173762945914838,0.013098148794970286,0.01589518809305909,-0.0034480726158198196,-0.028571428571427256,-0.004055535537684253,-0.0016492578339745983,-0.01172529313232826,0.014548761082064118,-0.0016713091922005323,-0.0027665995975855564,0.006006006006005732,-0.00955906280507641,0.000673491379310343
0.001304890502666617,0.032361209468014365,0.011047733413389424,0.02887046510260472,-0.0036787247087675477,0.028407789232531382,-0.008832521798210846,0.008441915947880355,-0.004080118694362094,-0.018749999999999767,0.0015020985199911368,0.013394102874151301,0.00719999999999996,-0.02139595564253098,0.005097530791443137,0.00702247191011235,0.00017444178628384614,0.0049531222359809985,0.005918132500410924,0.024179620034542302,0.011054813450022957,0.0028274352426120967,-0.014547795300933298,-0.010706075533661697,0.02138157894736814,0.03351573187414493,-0.008449163246426292,0.008686587908269571,0.016376634892485007,-0.013166855845629629,0.043409420767910656,0.000498877525567586,0.010232021905173735,0.02630971613200998,0.010814708002883906,0.015322852502221805,0.08543417366946762,0.0033956551978070286,0.0023642732049037134,0.001520011156045131,0.010499683744465443,0.002358907825676709,-0.007829108449279344,-0.016852546387682625,-0.016096579476860978,-0.02021452145214507,-0.002844950213371172,0.023540364410160924,0.01662404092071565,0.039736191261335464,0.010377458050444993,0.01570284049526586,-0.007944281205789393,-0.006504585199402754,-0.004699879145964811,0.006015693112467375,-0.004279600570613307,0.004408864137370993,0.023376623376623246,-0.003303408340134467,-0.04744069912609117,-0.008430939851751171,0.0048207036535857645,0.06557377049179607,0.0050100200400800595,0.009209888511875753,-0.021618680122687257,-0.017000360750360655,0.009957679860592433,0.0017524568758162191,0.012665406427220964,-0.00318077398833707,-0.009274101213647818,7.304068366089861e-05,0.0014721517952072884,-0.002790086985064712,-0.0038889178890223115,0.0030204180258547706,-0.0021403455129185363,0.0,0.011017462060926592,0.021071182284882355,-0.012783221065523601,0.011593487913172232,0.004269449715369871,0.004322766570605179,-0.011683307551680533,0.0156210947263184,0.01457995834297604,-0.0018271514708567969,-0.0014591057464603688,0.005142635358044031,-0.0024151519003431463,0.0023894862604539996,0.0040540540540539615,0.007247137905682145,0.015573734927485277,0.017869415807558894,-0.0068269516176905345,0.009682416731216037,0.0028641571194761985,-0.0023837244867771696,0.011546184738955823,0.009656652360514826,-0.004261666311527804,0.010788381742738306,0.0005008347245408238,-0.003025718608169422,-0.012079110396847996,0.017191410881306726,0.0024459845087647348,-0.0009263547938861288,-0.005817476669494639,0.0024375380865326074,-0.009204165117143776,0.07050315525517971,-0.013179274237226805,-0.003336447350860802,-0.00019076688286913385,0.006758659532526041,0.004388103364212571,0.004598214285714363,0.008351893095768363,-0.001617141702041658,-0.00955072605009253,0.0072112694072687415,-0.007570543702684139,0.002317937415689741,-0.02601935586228768,0.012509148978641254,0.0012066885019822971,-0.012469773837181597,-0.004997782049386391,0.05656108597284812,0.04238318836117314,-0.013521781693587927,0.004096045197740075,-0.008066323101053118,-0.00502232142857147,0.007566204287515725,0.03283582089552047,0.04846194915602257,0.012653116166374951
0.04861465238823721,0.006568690627143732,-0.003177148286715443,0.011601325865813196,-0.010461538461538264,0.02895967921586093,0.008751285273620513,0.011101000909918108,-0.0004655493482309116,0.015286624203821498,0.014645551193259568,-0.004864616796695681,0.03223457770717499,0.00026663111585121976,0.019202016944680593,0.012552301255230108,-0.010987915784228202,0.027635979581059452,0.03276679195947028,-0.007316124010896304,-0.003189066059225432,0.008367439745338816,0.0,0.022175009958836686,0.015297906602254113,-0.006618133686300441,-0.0037724185940374573,0.04236996210816372,0.0012950189481719782,0.01679319070623389,-0.015427415275669999,-0.0009972575417602433,0.004327151688064622,-0.009894310771306404,0.0,-0.011167788476049616,0.00782795698924722,0.0057490010600994455,-0.0034070062024985446,-0.006279675294838336,-0.005508262393590343,0.005295052068011996,0.012442185214191744,0.0011544735851424035,-0.007887817703768545,-0.005894736842105237,-0.0028530670470756805,-0.0037681912681912285,-0.0037735849056602464,-0.007294640025372629,-0.01222059745143092,0.011272372648003588,-0.013529325727658319,-0.0006976494579801333,0.010253642741500132,0.012826068116821151,0.0009303017899006434,-0.02841631050017323,0.03226976069615632,0.004893550651173742,0.0498034076015714,0.025793197900022692,-0.0016833599865331173,-0.0051282051282046754,0.018943170488534077,-0.004562920268972066,-0.01873388279314352,0.016835634662140365,0.0009859502095144988,0.012520152299934818,0.02912077655404094,0.011700053182059916,-0.007280711891829354,0.0010955302366345294,-0.007921600653327913,-0.0011520737327189669,0.01142407965413334,0.022163334136352603,0.008324396098258606,0.0018844221105528119,0.002926667036195292,0.0006753714542999322,0.02496704659998451,-0.00633991709339188,-0.00330656589513454,-0.0021042563366810534,0.0006545322086762512,-0.008244124523194335,0.00011405109489053675,0.0018304960644333237,0.0030904475686951084,0.0042957814460853495,-0.00688073394495412,0.0017878426698450514,0.0006729475100941654,-0.00291970802919703,-0.012510165657650953,-0.014179608372720235,-0.0029886431560071547,-0.008055235903336977,-0.004895960832313255,-0.0034187707704647886,-0.0017369727047146033,-0.008501594048884046,0.02346815036735847,0.019978106185002297,0.011513432337727461,0.0,0.015060478052108101,0.015735284594962068,0.012606750711671286,-0.012980992118683159,0.0014222438945101375,-0.007902735562310003,0.022145068968752804,0.05510535545197485,-0.003658982802780813,0.0025218710944474596,0.010665903453539329,0.0006153846153845638,-0.008932038834951483,-0.007332355685908539,-0.0072397079575435095,-0.008301275561854525,-0.01682574043097488,0.006365887731775519,0.03289082623340588,-0.004189176381385718,-0.008144648965629555,-0.008083064993099787,-0.012654958677685773,0.0032648357979641446,0.004309576175474051,0.04282655246252493,0.021984108229455814,-0.005830180487502234,-0.004853003235335387,0.0013553196295460132,-0.005251618824249194,0.013266583229036257,0.026011560693640075,-0.013631556269340657,-0.003987770836102608
-0.02031663694818182,-0.022943642483943646,-0.0033362128027165754,0.024631376758375283,-0.012437810945273476,-0.015587789564840816,0.010317568179759031,-0.015118790496760163,-0.0018630647414997635,0.013801756587201763,-0.0024056925061229743,0.00036893562073405533,0.006540557871112557,0.0005331200852992135,-0.0102111258125755,-0.011019283746556459,0.0025696578828033993,0.005481329222336476,-0.0022944853232059813,-0.007291639442803773,0.0,-0.0018039144944529595,0.02900254752106591,-0.005261106780982007,0.01823949246629639,0.006495669553630853,-0.0036562276197406878,-0.004296100462656982,-0.0063033504417791195,-0.006561085972850671,0.004238376573336682,-0.013289243823309163,0.002130580938402536,0.004769475357710553,0.017831669044222512,-0.0019535423216629796,0.027910549675657214,-0.010905258037053398,0.007889200561009804,0.009696222396592282,-0.0007552870090634708,-0.0039211096154971835,0.013836386192804518,-0.005389686896793761,0.00824499411071831,0.012706480304955421,-0.0017882689556508072,0.014608060519107737,-0.0025252525252524973,-0.0010649627263045781,-0.006379753974128476,-0.01219615962787531,-0.0020757654385055824,0.0187422802212556,0.0006677350427350419,-0.014374946521776268,-0.006840657297940398,0.012959220068957259,-0.021777309448542136,0.004481694895524018,0.008739076154806309,0.002725856697819362,-0.013489587724475149,-0.015463917525771457,-0.012720156555772716,0.010373944511459567,-0.0037873908226625785,0.026030858070919528,0.0032011819748829057,0.02422250830002031,-0.008525303827317202,0.0017522340984755498,0.003376018626309628,0.0023345735755453713,-0.01053671386236412,0.0002471576866040155,-0.0019170487811196828,0.009191609710110694,-0.012484805510534885,-0.00626959247648895,0.03319369065646808,0.002699662542182155,-0.015621453967773716,0.017423312883435554,-0.001421800947867339,9.584970765852222e-05,0.01767218578830921,-0.011972704714640155,0.003820275972174728,0.004385163530056598,-0.013915691996383822,0.004806074878646606,0.004362329997433911,0.019631171921475288,0.0067249495628781885,-0.003764902740012569,0.013077330050165273,0.01438356164383469,-0.0011990407673861862,-0.00038669760247494957,0.01640016400163988,-0.012270514151186048,-0.0014914243102163056,-0.004287245444801578,-0.008851407861722914,0.016903675878722255,0.007093368525239095,-0.006980273141122906,-0.05182619484581382,-0.009753920693612098,0.032931726907630215,-0.010333489901362125,-0.006248985554293166,0.00674019607843143,0.01597356100247871,0.0019277591180143392,-0.027543150936467028,-0.007858240021370888,-0.0034737299174988447,-0.004808229900480767,0.0001959247648903263,-0.0034470409168234693,-0.0033990482664853798,-0.010412413229889755,-0.0015012009607686568,0.015143627845345696,0.03481680414348758,-0.008851410515094983,0.008375759566431279,0.009275208692195568,-0.01351469177783588,0.008614088820826945,-0.008108667988517676,-0.014373716632443,-0.019654173260208244,0.008359847775906074,0.006078168068414655,0.018272050530114888,-0.009584828293182997,0.01062252964426875,-0.014084507042252729,0.02489972598387656,-0.0014680368343786283
0.03419557663669954,0.057173655732160954,0.003646253623838075,0.034901031041517275,0.001259445843828628,0.04607433472619297,0.004764200118824754,0.03801169590643252,0.021091927204852885,-0.009900990099009745,-0.0028037247410549818,0.016319380416743513,0.020577180352933624,0.005594778207006793,-0.0039231641045014655,0.015320334261838419,0.005352296713237554,-0.01669505962521281,0.006185567010309239,0.006897641112047126,0.03153564899451515,0.0007228697930784793,-0.003364438519647018,0.004440091413646716,-0.006230529595015568,0.004633460201886578,0.0033437127142566555,0.012943909724526888,0.0061241265926839025,0.015258483261215816,0.02634608006138862,0.00942143534619037,0.0060946801474062555,-0.02576853526220598,0.0140154169586545,-0.002416123803406928,0.016191978742838137,0.0008607262890400472,-0.007827448251869876,0.02081598667776852,0.03199798437893679,0.0014688601645123367,0.018945337805738222,0.002596027825385668,0.018399532710280303,0.0020911752404851355,0.004060671205063719,0.0019282684149633579,-0.00506329113924045,0.01066098081023453,0.035544519333096755,0.011542768541648794,0.027821112844513798,0.007432788613600366,-0.003336447350860799,0.0045142807535374675,0.0071123755334281625,0.01208920187793419,0.019389587073608397,-0.0032062425155482384,-0.040841584158414795,0.006601941747572859,0.006666096914793752,0.010471204188480542,0.008919722497522037,0.02960840496657096,-0.0031293642993844473,-0.00026381743833283353,0.005400098183603424,0.016240531869149564,0.0016465422612514044,0.001224418401259278,0.024364775495997158,-0.0005822840090255337,0.040183028286189575,-0.00016473107651743496,-0.0012199236898797767,0.001985053713218171,0.006231568149762834,0.017665615141955686,0.029634542964738095,0.004636900755366118,-0.003227665706051906,0.003859141341051515,0.001898433792121509,0.0011500862564690585,-0.0020511960652806124,-0.011803855088842801,0.009031525134904898,0.012734218664726035,0.01900352757248268,0.0007652939206965909,0.0162238119570769,0.004667444574095677,-0.003340013360053396,-0.0044089859332353985,0.02057274698144696,0.02363268062120027,-0.0012004801920767554,0.011992263056092838,0.0,0.0024120845230362962,0.00398307194423703,-0.00430570505920346,0.004711342380985895,0.028232189973614038,-0.00655200655200653,0.004889975550122289,0.0357668611307999,0.02813365093671537,-0.005054432348366924,0.00616990982439487,0.011188240097999212,0.013390139987826913,0.002801120448179184,-0.015118993209715331,0.0033987915407853995,0.013619637408005697,0.033323860945344244,-0.0025842696629212944,0.01900097943192953,0.0419567854094605,0.01122411013270502,0.0018568186507118432,0.02014633657412033,0.007862881295355218,0.021410696079339965,0.02216289922986816,0.011400651465798007,-0.012800315084679,-0.008396676683754625,-0.003131524008350685,0.012829310499149678,0.05624999999999772,0.01267017018861538,0.037431169956072464,0.01931858096241655,0.015064244572441253,0.0007762769756249022,0.011488633585920229,0.002857142857142735,0.025999690018598923,0.00681635926222921
-0.007999573356087667,0.028770218125837316,0.026562639587862258,0.010974960042621143,-0.010062893081760844,0.022810890360559236,0.0018966440556943943,-0.015845070422535155,-0.007768942509825414,-0.006249999999999922,-0.0029135831245265423,0.003628776195228153,0.005680399500624156,-0.0009272751357795732,0.041399229781771504,0.015089163237311364,-0.0009747806743482939,0.03309078309078281,-0.0015762925598990154,0.015426449824818275,-0.00797518830305701,0.00036117381489850133,0.002611464968152805,0.01963206136644348,-0.007836990595611163,-0.0004941525284138811,0.014235205740488708,-0.0045871559633026485,0.02338058471887465,0.0,-0.012710280373831569,-0.0003758456527187018,-0.005494247475933228,-0.0009280742459396181,-0.002764340013821696,0.007909743086639191,0.007190717437489737,0.013514066915107079,0.0010518934081346803,-0.0028276237085372727,-0.0020751953125000503,-0.0019360516280433856,-0.004789556224303767,-0.0004776389552276553,0.006309148264984158,-0.00542570951585965,-0.005114785297965833,0.009366179112137605,0.029262086513994312,-0.005643459915611832,-0.01205809810907091,0.011978767492690622,-0.0036138918000795032,-0.0001569776568468182,0.013122656668452136,0.014691902169216118,0.004385964912280598,0.012756581236228661,-0.02042972877773834,0.0024027282591845512,-0.0025806451612902927,0.003086419753086366,-0.00704643857712893,0.02590673575129265,-0.012770137524557678,-0.011595547309832971,0.0015566221299779472,0.023705853894533162,-0.00610351562499997,0.005695872933211818,-0.0069406392694063125,0.01048218029350101,0.013931362555215812,0.006554511688879169,-0.0014396544829240595,-0.0019770986077931353,-0.00031185031185026443,-0.0006992192052208615,0.01501095876446292,0.04153750774953444,-0.0071070842251825025,0.0034244025906351,0.0021587448440691976,0.0014416146083614126,-0.0033159639981050785,0.0020103388856980015,-0.0001288132935318517,0.01118241311392076,-0.009682503940553944,0.02514819471887863,-0.002995630958776749,0.0038713377622711376,0.0018856065367693754,0.014518002322880355,-0.009383378016085514,0.005061155630535706,-0.007905067760611237,-0.008575197889181544,0.0060096153846153485,-0.007262996941896099,-0.0008067769261799736,-0.01426653273539686,-0.0024795437639474212,-0.001081081081081008,-6.998880179164963e-05,-0.013600205286117207,-0.005770816158285224,0.013077858880778543,0.004921829762594043,0.00018785222291794248,0.007815552950371066,0.00047169811320751595,0.008399289290906038,0.0042042042042040855,0.00558659217877098,-0.008402699802362504,0.003010914565299241,0.029529607083563825,0.03624596655910837,0.002759941421651379,0.025182622068434992,0.0008191420564777277,0.02851536150119577,-0.007207578253706725,0.0,-0.004193712514839854,-0.002359346642468155,0.016684516092666732,0.012882447665056319,0.005253008843673022,-0.014796327658436675,-0.01123274631128029,-0.0009721035732169928,-0.03944773175542251,0.0038866891813205736,-0.0010138358778626214,-0.000827015851137177,0.029026625927542456,0.003361257627469228,0.001449975833736015,-0.0056980056980054546,0.004078703878545186,-0.002389486260453936
-0.015913122950378947,0.06623134328358192,0.004583297073071598,-0.0010012647554805342,-0.02287166454891962,0.07831449126413144,-0.013919511814881625,0.006082289803219973,-0.008106116433308714,-0.00628930817610055,0.004894512302027934,-0.0017174365000450693,-0.0031034696791012316,-0.004242906390877751,0.011542232805715029,0.010810810810810796,-0.018839129347010295,0.028173738051316472,0.013735396274076151,-0.02132042434854251,0.0,-0.010379998194782903,-0.010926878851407024,-0.001147593241950878,-0.003159557661927213,0.006097560975609811,0.0020046498726005208,-0.015141540487162581,-0.0028474864943981203,0.03589053387169057,-0.00656317051621865,-0.0038225341521493303,0.000991595051468461,0.0030190431955409856,-0.03811503811503806,-0.010585229346635755,-0.0027583968846339917,-0.005293143157299244,-0.0070052539404553285,0.0002590249754608661,-0.003792048929663627,-0.009111215612508806,0.005621805792163594,0.007193158953722308,-0.013394129381590089,0.013428451531682593,-0.006934481109516875,-0.012711325791279997,-0.011124845488256901,-0.014321328170582915,-0.017337031900138685,-0.003814759754284565,-0.007145188785317836,-0.02449235922126853,0.010177108115252341,-0.018226726854611897,-0.006679742432092266,0.012252376044887233,-0.012944983818770215,-0.005876440114435867,0.0025873221216041096,0.008901098901098916,-0.010858413132694764,-0.015151515151513657,0.01293532338308429,0.007977475363679067,-0.013055303717135104,0.04463825399553188,0.0,-0.04501763811126568,-0.007724848261908899,0.002939142461964107,0.021336014298480636,0.002604731929672333,0.017701241489787644,-0.007676434172513362,0.01627326609129663,0.003965014577259439,-0.018806337409295104,0.008928571428571322,-0.03339333179848872,-0.011202611469693681,-0.001384775166365314,0.01703454894433765,-0.011882129277566426,0.02073182382726665,0.0045594577942083365,-0.003016022620169619,-0.006934970441109613,-0.0017522340984755505,0.006083487967738602,-0.008188916396876907,0.015307402760351111,-0.030337721808815075,-0.010148849797022866,0.002308015107007899,0.01274888925037472,0.01397205588822268,0.029569892473118035,-0.0096264921062764,-0.004844570044408474,-0.001401414229521796,-0.013422818791946328,-0.004329004329004344,0.004129628333449892,0.013787721123829016,-0.0164179104477611,0.02581807265085534,0.01063356119535892,-0.0005008451762348673,0.0333462582396276,-0.008486562942008327,-0.012013455069678032,0.005382775119617195,0.024641577060931855,0.008317211467347445,0.0016885553470918832,0.018362037455116324,-0.0012915553511084693,-0.007189799471999068,-0.011906994187136503,-0.004135435513052426,-0.010314810398282812,0.00186683260734282,0.013362153664767009,-0.033737439422793995,-0.029288702928870307,-0.0018295725453236018,-0.014467408585055633,-0.006449265775896279,-0.011037727313851465,-0.0008183306055647787,-0.008698472607182869,0.04312114989732871,-0.0029798587648449427,0.01820786818697389,-0.009794454407504502,0.1098621420996813,-0.015255372880482338,-0.014961389961389862,-0.011461318051575235,0.026140595027644944,-0.0009314703925482949
-0.023108440316853267,0.0016404199475065612,0.049435476884872,0.021838898559898623,0.038361508452535116,0.026972931757529447,-0.019367151504200916,0.06561166429587455,-0.0030646359583951974,0.013924050632911146,-0.01266374910946647,-0.009145237232886742,-0.01625054479795771,-0.021304926764314242,-0.018362090453374606,-0.01203208556149731,0.03600479383940643,-0.006361115641820199,-0.0029590406478741046,-0.006051357608924434,-0.007592675301473881,-0.004560379423568032,0.008093005331106616,0.0022339950213825207,-0.022187004754357788,-0.019000819000818975,-0.010148749386394677,-0.015040106951871558,-0.006792100346944172,-0.011693373754871967,-0.005971287002922029,-0.0025791029754042467,-0.02514269541016092,0.009956008335262773,-0.01440922190201727,0.003043531726512429,-0.006101529450048802,0.014135998050207044,-0.006261022927689503,-0.01720025623202637,0.009332023575638511,-0.010737379130331681,0.022714438985826358,-0.0008490236228337636,0.002021952628538373,0.010766045548654133,-0.005778954972309153,0.012874983906270083,0.0049999999999999455,-0.00016143787332505743,-0.01856033874382494,0.014303815289314419,-0.007525389055307918,-0.01298283261802576,-0.005102708360591355,-0.016656545501865197,-0.02224167799862163,-0.03981900452488684,-0.020400728597449843,-0.0042778253091701,0.1045161290322553,-0.000544602984424354,-0.00561846313423804,-0.010256410256409169,0.0363457760314335,0.013500931098696293,-0.0015485157869872413,-0.01636849681266714,0.0012281994595922318,-0.028873525823505563,-0.004633920296570813,-0.0037924495776590892,-0.02362463086514258,-0.004618604315508466,-0.0012592475995591899,-0.0016636167027116924,-0.01051312221824318,0.003252410268323919,0.0018424689083371244,-0.002359882005899711,-0.0047419532950080745,-0.005252100840336126,-0.0007703863487538995,0.0016513328615240439,-0.012506012506012359,-0.019655559715462335,0.027048577036310018,0.024768387218755846,0.02524327418431589,0.0057925223801999735,0.07896614101963828,0.01723310291858682,-0.04115175481957436,-0.008854781582054298,0.006151742993848018,-0.0052334100900146485,-0.011408188214918404,-0.012467191601049019,0.015955903684363122,-0.02410575427682714,-0.004868154158214925,0.018012125376977453,0.0010078105316201364,0.03097826086956482,0.01136205213996945,0.00872465999486771,0.06154105547125253,0.02224173251390102,-0.043460232720864474,-0.009395552771688055,-0.019512195121951032,0.011887779362814913,-0.009889753566796214,-0.021415823914336416,0.0006996064713598191,-0.009064971499729605,-0.00655553474433412,-0.015243966809534824,-0.000584608843537447,-0.010693069306930732,-0.01252490748647881,0.012457825071372827,-0.0034339418037231386,0.016149068322981325,-0.02036067481093634,-0.005143571337008133,-0.029141679160419893,-0.0164593053395541,-0.006452653653815111,-0.0017642555174593802,0.013082060195773631,0.0035650623885918413,0.005532585740206401,-0.005905511811023334,-0.012464094826018951,0.0009967166979362356,-0.00759264419058223,0.030193005923944215,0.0050766734704558725,-0.0031847133757961906,-0.005797101449275109,-0.01722747599149612,-0.011987213638785264
-0.015154904373112685,-0.04956873021072161,-0.01240954241532079,-0.031335501522894924,-0.028804007514088525,-0.040928074245939514,-0.01430265900480218,-0.056065409644585014,-0.05002328830926869,-0.029338327091135645,-0.02145549861577425,-0.02567851594626689,-0.0008860759493671451,-0.02081632653061224,-0.02104728585938378,-0.015561569688768585,-0.06022791602057648,-0.05187130663164792,-0.021165260855982294,-0.025782201281168943,-0.000900090009000841,-0.024189114898295803,-0.04963364128703408,-0.006941790854668244,-0.03727714748784387,-0.027383536483553052,-0.02349840845135397,-0.03257550050899186,-0.022033829990192252,-0.0348378615249774,-0.036554192229038385,-0.03052472250252258,0.009871286170521666,-0.013984410820724297,-0.04020467836257304,-0.04174456738284235,-0.03257755586477849,-0.04558199150845135,-0.030260005324341175,-0.008806112967868087,-0.05328467153284653,-0.022007675701606964,-0.020222237559527914,-0.03533939818054573,-0.03488036898241539,-0.004096681687832822,0.008113344635504888,-0.054404474386678475,-0.04477611940298406,-0.04181916038751343,-0.04292802185949522,-0.035227493545790196,-0.04126177856301542,-0.02500271768670505,-0.018411362440820596,-0.03528892809880894,-0.03907485377888689,-0.028039585296889605,-0.04648568240981744,-0.012595688173722851,-0.04556074766355024,-0.009263295553618123,-0.03277121001390818,-0.04663212435232688,-0.034123222748814463,-0.041800643086816504,-0.03472477787708318,0.02634109629134087,0.00220804710500484,-0.03890982691233945,-0.02811918063314668,-0.008305935282920812,-0.02363615996415366,-0.005510041325309866,-0.012529550827423219,-0.0327445425762372,-0.0019905384794354805,-0.022577283779089907,-0.019157088122605356,-0.03607332939089251,-0.047199469155543905,-0.04638708704178602,-0.036197525153232345,-0.01719265190767776,-0.03409644422795875,-0.02873782700019102,-0.0021824696653004,0.012238622386223903,-0.05058344034392262,-0.036649214659685125,-0.07274375743322939,-0.024680288801849692,-0.027709756411908468,-0.017867778439547326,-0.03804347826086901,-0.03177609427609417,-0.0039793055488375854,-0.004651162790697384,-0.013135351227869617,-0.006772908366533765,-0.010191602119853158,-0.007503746281675562,-0.025421595771457268,-0.03953610964681034,-0.03542628713212492,-0.019842279318239155,-0.0038119440914866094,-0.00830231892356146,-0.0456515849363316,-0.034587417009168495,-0.04822043628013749,-0.022086466165413408,-0.02480759783854606,-0.019452887537993617,-0.018089661801975014,-0.024878097739267076,-0.03167420814479617,-0.03333976544242189,-0.04140742710272096,-0.007148576003660063,-0.025175362736619578,-0.05515679740237538,-0.05035666787571022,-0.03708231458842688,-0.01256927949326997,-0.030811603073107114,-0.04719621658141089,-0.01669709918491045,-0.03295989608702693,-0.013805522208883574,-0.023659021130576118,-0.015985790408525612,-0.03233249519301882,-0.04752475247524562,-0.04545621902636954,-0.018215896444678657,-0.05278304204393903,-0.0803190502689665,-0.04926057071443451,-0.032194642418284354,-0.023323615160348414,-0.04583768461882719,-0.025882987328120624
0.0014195673158821176,0.011334482098410837,0.020645269140755696,0.02280963547218072,0.010315925209542063,0.09328430423843591,0.006647584555172571,0.020859112603853477,-0.009315552069033126,0.005787781350482277,-0.001896133993468926,-0.025511161132995678,0.011149119472950789,0.0050020842017507285,0.017897285146117894,0.030240549828178653,0.0027237965533497685,0.0015581717451523096,0.029282693688661713,0.005325508096945957,-0.004504504504504465,-0.011549295774647823,-0.012469831053901773,0.003976143141153105,-0.0033670033670032385,-0.004291845493562217,-0.004573611824661311,-0.0014030164854438136,-0.012968636232501341,0.012031782065834032,0.016184664367205927,0.022183190215977013,-0.006899856252994767,-0.0048825854452453216,-0.014470677837014449,0.010650887573964549,0.012099162365682316,0.008939063286889253,0.0032027818448023366,0.012829840221619149,-0.010151631971215715,0.005395793733521333,0.011622992392223159,0.0807295714803874,-0.011350059737156477,0.008638420403126191,-0.0219819819819817,-0.004436080118295396,0.010416666666666359,0.011234061674998583,-0.016829451540195398,0.0027047246360131453,0.008446270203862244,0.0010034563496487637,0.006564844587352587,0.0024691358024691726,0.007434870534121096,-0.0008484848484849015,0.024180967238689538,0.020212408282736346,-0.02692778457772275,-0.010889891101088952,0.0012582007728946356,-0.010869565217390085,0.002944062806673123,0.0019175455417066336,0.0013616186923014074,-0.0013036216238236102,-0.030599755201958234,0.009622018082132087,-0.005556620042153546,0.012912231722212442,-0.009522716842588399,-0.00860246409564769,-0.01891309552310253,-0.013007149625290816,-0.00041444335077446727,-0.04051172707889121,-0.004843749999999974,-0.00920245398772995,-0.005776915172964991,0.014395317567033154,0.030837532997360338,-0.011981787682722204,-0.005547150781644032,0.006880959402339512,0.00992420821250001,0.032201227292059015,0.009526609820641003,-0.011413043478260708,0.0027864598605202018,-0.0051287013741050675,-0.03433191940615018,-0.026076409945421434,-0.008474576271186241,0.01956096500760702,0.007590805269407625,0.008678237650199622,-0.010416666666666671,-0.009626955475330871,-0.005354200988467878,-0.00358305821906235,-0.007747933884297481,-0.009330406147090945,0.002786709539121178,0.01894627562937913,0.039221938775509925,-0.010969976905311585,0.009595457771469173,0.002226879748493638,0.0012062726176116163,-0.00913022585295525,0.001343296112836987,-0.022318660880347042,0.018600925596297665,0.0035766820912867827,0.0023364485981306987,-0.0002217983409484096,-0.007951330460992249,0.007833650135360935,0.010448496796451344,-0.002713090662446301,-0.0028009421350818544,-0.016716038933559035,-0.025458554675753902,0.0066806261840663276,0.006179092382495849,0.0030630216708783203,-0.016453995970450025,0.0011158449989855026,-0.0027746947835738016,0.0022441213776953385,0.004707752506725386,0.020790020790019927,-0.003324898941586582,0.015809569263810982,0.012523156724712905,-0.033682936668011136,-0.014952349654945737,0.001015744032503746,-0.023880597014923864,0.021264120705155563,-0.004013285358427856
0.010263098208210544,0.03199424482223315,0.014795403051893048,0.011098374322634396,0.016592214422463242,0.016728624535316036,0.05829580799405796,-0.0019047619047619373,0.017123626645550748,0.007033248081841306,0.023203920090463567,0.026852743022136704,0.01835609572735241,0.01631411585787363,0.019054899629094735,0.018679119412941935,-0.0064514443922059775,0.014001728608470172,0.004186046511627813,0.0022972972972972964,-0.0027149321266967826,0.003609765365251208,0.044738628649015615,0.012008942829766804,0.01520270270270242,0.02948275862068959,0.0009491802938306246,0.006322444678609058,0.016215012457026733,0.007626738447734316,0.0,0.0010819067014574196,0.05403840586702688,-0.00023364485981313616,0.031684698608964404,0.008892967909361317,-0.003845510784149915,0.026205232727423967,0.01578035209340502,0.003315329253636501,0.01765545891211215,0.028480819662133307,0.033785948053756745,0.004578798484921215,0.005438066465256799,0.005709624796084806,0.010685335298452394,0.030920874966243468,-0.014175257731958324,0.02605121368660781,0.0021014825003820865,-0.004390495867768645,0.004606540526135591,0.01804410781911342,0.012112338613070692,0.021255245393176345,0.025780804124928648,0.022564600266893095,0.000380807311500248,0.0016671513036736185,-0.005031446540880448,0.019517348754448324,0.007090925410645433,0.005494505494504969,0.003913894324853068,0.013397129186602862,0.03649615185880183,0.03128696716296135,0.009595959595959576,-0.0012587211393224476,-0.010019267822735762,0.0012058570198105823,0.01644851152554154,0.01330980219133751,0.015617374328940772,0.010211206144178761,0.005312257061414872,0.028024691358024677,0.011514104778353478,0.011145510835913246,0.011839143815167005,0.04678362573099408,0.011096884336320912,0.01819063788503508,0.018762677484786917,0.02948354974128672,0.0021549750292268483,-0.03066690211313207,0.012524028659637662,0.012827560930914238,-0.00801132099943491,0.005690107966151281,0.01606039807824277,0.012453300124532985,0.024216524216523913,-0.007887444041782224,0.009516306899612833,0.01058901389808005,0.005263157894736845,0.0,0.020703933747411838,0.03530767514800615,0.013014055179593894,0.004986149584487511,0.009690751033205002,0.006367804381049252,-0.008745013807916407,-0.002043199065966262,-0.007339088378370877,0.014900013070186853,0.025301204819276953,0.004364694471386989,0.0001257650708475421,0.024096385542168443,0.003145478374836088,-0.006768912572485816,0.00699300699300701,-0.003593930251131582,-1.863967641511571e-05,0.04240726981768301,0.01902253438688905,0.009884379959193001,0.014171720395786796,0.012481170647729689,0.027152113545201827,0.0037968832540940293,0.016510621161784027,0.02450568745705771,0.0208262205530898,0.022393352923295216,0.011593396401409734,0.053494937694704044,0.011683806973772309,0.020366598778003245,0.0038390984310780075,0.022669877253773337,0.010758196721311326,-0.005844291379670214,0.012121212121212081,0.007102993404363261,0.0030581039755348074,0.014620890266773753,0.030707239127413986
-0.007577033170567427,-0.07132374523040799,-0.05070611970410221,-0.038495233187322835,-0.0194601381042058,-0.0574562548968398,0.009968526215359604,-0.002949340735600149,-0.002432853250291938,-0.001904761904761953,-0.010948367322880946,-0.01565282594432469,-0.007628422023992664,-0.010066657597605765,0.0013336296954879361,0.007203667321545504,0.011514498278082942,-0.014490282986702983,-0.0019299058205959401,0.012457867062154454,-0.015880217785843777,-0.0172266919072409,-0.0033140554941842415,-0.015085526731048307,-0.0166389351081528,-0.03081560877574931,-0.011909806699007016,-0.009424083769633402,0.031515367336876175,-0.005342831700801349,-0.020234986945169415,-0.01754609027336292,-0.02004943696786583,0.007478382799719633,-0.0037453183520599195,0.00395244518334951,-0.003524672708962581,0.016172834502046964,0.008441091954023055,-0.015929837121890198,-0.03112641918612057,-0.015002371916508628,-0.007948161819186053,-0.005488605178379666,-0.02163461538461522,-0.004460665044606592,-0.02223842508202686,0.0026195153896529074,-0.002614379084967289,0.0034105673451710413,-0.022229000648186864,-0.012509007061536265,-0.0038653933606185636,-0.014277899343544792,-0.0015781167806416757,-0.014917373827601622,0.0019185388408188317,-0.023964883141535036,-0.007232584697373289,0.015501925644945796,-0.04677623261693926,-0.001636214889555493,-0.004278074866310112,0.005464480874316226,-0.010721247563352562,-0.00991501416430601,-0.014745624852412627,-0.031524404714816774,-0.01225612806403204,-0.008137985668503076,-0.012066952121447887,0.014796971782518717,-0.01504273504273506,-0.006023222060957868,-0.0020022425116130033,-0.007170626349891957,-0.01095501997680113,-0.009967575357271583,-0.01917007295493348,-0.02204531537048364,0.0011689269704362787,-0.01474860335195525,0.0028397098890978493,-0.016436398284897572,-0.016426082628173112,0.015267899478425679,-0.005693028056575551,-0.0173062909885839,-0.014037510067886354,-0.013931608467522871,-0.016102427008790533,0.0023695536534649097,-0.01918400432315567,0.0018450184501844996,0.0006954102920722734,0.001826385904598242,0.011390397455955789,0.013097576948263783,-0.019197207678883027,0.0008100445524503322,-0.017444219066937026,0.015580240073318836,-0.015159301130524017,-0.004410143329658228,-0.00536344389555392,-0.012401923563654327,-0.01114378579167315,-0.024568587306229683,-0.013851906407568866,-0.033547971667739755,-0.002350176263219812,-0.0067600193143408606,0.0027664836316386634,-0.008049535603715142,-0.00757773713091177,-0.0524358185580849,-0.01793981481481466,-0.011933918154695515,-0.020541306292872014,-0.00729206645101166,-0.025942944667815295,-0.014681452880168923,0.0,-0.01721572794899041,-0.013217182337038091,-0.012860572969772836,0.003862533425770004,-0.006464232488822616,-0.015217391304347813,-0.008589362405021467,-0.014852846795635843,-0.012659982442360147,0.0010827067669172653,-0.007984031936127397,-0.026354544963876174,0.0028714179061620597,-0.003330678444717908,-0.008608020155364278,-0.006317639949458873,-0.010075566750629672,0.030487804878046927,0.0029423969218002437,-0.01226745753572376
-0.004411265693925996,0.009679203539823007,0.020940776423916143,0.01473898595776609,0.014724711907810386,-0.01348480650226296,0.0008903752605975185,0.0026100574212632585,0.002536337918252006,0.015267175572518927,0.02382264864945391,-0.008379356313083163,-0.021511375612175174,-0.0005496770647244742,-0.016453940066592718,0.0039011703511053265,-0.002858850742001714,-0.006227296315516364,-0.021656740660530402,0.01531413961168668,0.014292300599354383,0.01974381200038521,0.019102881731646836,0.004998718277364742,0.0050761421319795615,0.0005184033177811534,-0.004744567140723632,-0.013742071881606789,0.016013171696785337,-0.01947179946284642,0.0023984010659560883,0.014753461886890076,-0.007940956651718976,-0.019485038274182312,0.021804511278195455,-0.003187002030932608,0.013137948458817484,0.0007179896290387637,0.025200356188779967,0.0017908610123961411,0.002501645819618133,0.007163927517909865,0.018114908814383237,0.020731853629274048,-0.010749385749385682,0.0012219959266802807,-0.008948545861297416,0.013847158719790979,-0.0052424639580600394,-0.0216347450768815,-0.020628607081578557,0.007472052771372668,-0.0006847751654872274,-0.0036628003773795043,-0.021338250790305616,-0.01015596663039538,0.00011489190586512726,0.001823264859608601,-0.00881901840490795,0.0263569141637445,0.06896551724137732,-0.012947282163343359,-0.009935553168635978,-0.010869565217390085,-0.0019704433497536836,0.01764425369575584,-0.00039945673883518397,-0.006289565039820331,-0.0106356039503671,-0.006752586676347757,-0.012214342001575753,0.012037978975924039,0.004859423811176716,-0.008030955683726351,0.019099590723056052,-0.005917159763313559,-0.013421944227260875,0.004245511887433274,-0.0039300503784981625,-0.005635566687538924,0.004738262032691864,0.002948514402358704,0.0028699345654919044,-0.00024218939210454205,-0.010627530364372334,0.02643377545301712,0.016647022567285622,0.0009886918371131029,0.01820515812813631,-0.007339449541284243,0.0027271654031453567,-0.02132381319953697,0.010743801652892432,-0.008594229588704715,0.0166782487838775,-0.0006434316353887636,0.02019419188077198,0.02327084680025702,0.00029655990510089604,-0.014569000404694315,-0.017341040462427557,0.03661615174032074,-0.0010435690060006052,-0.006090808416389713,-0.003121895842202418,0.008713480266529666,-0.00563468461418064,-0.03148425787106428,0.016516818429896867,0.006063028849356983,0.00196309383588534,0.007778317938745782,-0.009405174936253806,0.003745318352060021,-0.004212743549236592,-0.014550069356314409,-0.012178353957965078,0.002253368786335571,-0.0019030944315456925,0.0029824367612946456,0.02515970515970502,0.048072541693247026,-0.0012588909171020314,0.0019463667820069858,-0.008422120750887772,0.002065840330534543,-0.011345698500394621,0.026606416290101735,0.010528103243335073,0.02479173608797069,-0.0060493252675662985,-0.001871870466563712,-0.01493120230727627,-0.03219315895372107,-0.011775885963175664,0.002290557178033554,0.005375953505267039,0.010588733587462896,-0.007297655904467067,-0.007124681933842232,-0.008875739644969807,0.007183962086733971,-0.008598334925617648
-0.01760963417405133,-0.026137653089173107,-0.011296455632962409,-0.03470131516399935,-0.02712933753943191,0.009924164404082125,-0.04132222439193729,-0.00989239847275256,-0.020531283448477163,-0.03258145363408474,-0.01185972060535506,-0.007009794507394053,-0.026102382159148497,-0.00797470094871442,-0.028465032301746154,-0.02720207253886007,-0.014752261057679747,-0.03167972149695384,-0.045458138983318484,-0.027149677351660448,-0.030454545454545127,-0.0024556101246693465,-0.04407907363572374,-0.016260681035582175,-0.02356902356902315,-0.019689119170984346,-0.02225389631522475,-0.012861736334404933,-0.007645160025614552,-0.061629764893858505,-0.009969427090256415,-0.0581558474684351,0.005838591204444686,-0.01821622900402165,-0.017660044150110348,-0.010688649970222343,-0.033665835411471265,-0.028220663265306173,-0.012333883436115713,0.017457612915840335,-0.028237457315471424,-0.010340705319784777,-0.016085361787262466,-0.023648886903782276,-0.016764979819931698,-0.05004068348250574,-0.02721344369199868,-0.008632908130395604,-0.019762845849801848,-0.01792213521561705,-0.022138164443559573,-0.020366775791638814,-0.005291609562966378,-0.0020052358937224448,-0.026783310901749596,-0.011634298277757233,-0.005571617300733203,-0.038218878912885126,-0.018181818181817997,-0.003973632903165839,-0.029776674937964417,-0.023411556342705284,-0.013561160835367483,-0.01648351648351471,-0.038499506416583555,-0.03983130271790047,-0.017343350383631682,-0.027290288109818768,-0.0115177885845917,-0.0018275521766146412,-0.0065815715995211745,0.003853241749036791,-0.019458837075417314,-0.015235151247516019,-0.021891487518702367,-0.010416666666666727,-0.015876370360586416,-0.049522889237830534,-0.016603114076898698,-0.04282115869017585,-0.003136423123787297,-0.022538821046283596,-0.029075091575091656,-0.13493217054263498,-0.02762148337595883,-0.011830011830011807,-0.006211543472827116,-0.03494042842150754,-0.03959885386819474,-0.029574861367836817,-0.022628281358158427,-0.011633638962831453,-0.025347506132460812,-0.03467492260061915,-0.03007518796992444,-0.007618843223521853,-0.02626574162475634,-0.030322173089069496,-0.027868366439371416,0.012320328542094356,-0.00042016806722686335,0.0012374428319331656,-0.010707756594410929,-0.017827298050139016,-0.0033451957295373967,-0.057926829268291236,-0.03557374468754893,-0.08142414860681067,-0.01805696846388608,-0.03125827814569535,-0.03605015673981159,-0.022672455378678107,-0.018735758291838996,-0.027985074626865322,-0.029437687290674957,-0.0231322136982514,-0.042950884867766714,-0.022213229012095898,-0.019048163825649337,0.014427312775330405,-0.02684306394401288,-0.013608103995478328,-0.026974223230604336,-0.030865529894236885,0.007060990585345791,-0.008429207953714138,-0.013072547649935146,-0.0237982174167154,-0.021004873130566218,-0.013981921050920196,-0.022940074906366997,-0.027099254536077703,0.0032022934520723394,-0.02494802494802397,-0.015939032599288364,-0.0043992458435696945,-0.025652142495845034,-0.004191114836546504,0.003341501447983957,-0.008969759097898468,-0.03283582089552047,-0.04552244379714663,-0.017758810572687144
-0.0594425812420493,-0.04445739081521959,-0.02397394868339779,-0.05515430072225862,-0.049286640726328775,-0.052192453879669934,-0.030723443741583582,-0.03926380368098142,-0.0370554341347109,-0.031088082901554077,0.012605846403063153,-0.028817329078425585,-0.03382773874577149,-0.033679833679833675,-0.026191997212381735,-0.033288948069240966,-0.0041797836036082964,-0.05968002876145931,-0.03486831207553387,-0.022973009410305438,-0.055789967182371746,-0.010982768415073011,-0.031053406505153276,-0.021131781940753283,-0.04568965517241298,-0.027307963354474885,-0.022646370817371232,-0.024610930148389294,-0.0024231569520899244,-0.05521770858671712,-0.0138292158968849,-0.03324306025727816,-0.002293792716037652,-0.033253012048192636,0.014232209737827694,-0.009314999049489773,-0.03879569892473104,-0.022313371616078773,-0.02172192419312266,0.007522099599187417,-0.04838491688065936,-0.0027782810895694452,-0.046876059049194,-0.036862254111188764,-0.02431323018629599,-0.04925053533190536,-0.014309655794765829,-0.04341044970106562,-0.04301075268817092,-0.021000617665225475,-0.05101999267071138,-0.018838350978884557,-0.010409889394925275,0.012111402578556689,-0.013552758954501526,-0.030957456668829385,-0.015287458123146929,-0.057903368235145664,-0.03546099290780114,-0.008016256221919796,-0.03964194373401444,-0.024029470104845588,-0.019063330583814424,0.005586592178770405,-0.029774127310061047,-0.034163006344558156,-0.0027111291853056784,-0.0285207250602104,-0.03676851372345913,0.010838917572961253,-0.026701465569162388,-0.03988651535380509,-0.06693283231564098,-0.03415545590433481,-0.02962724418323798,-0.032551968155683224,-0.018092016964621264,-0.019443385436522957,-0.002908150900718885,-0.041447368421052164,-0.001584463206500826,0.008637310094856195,-0.0282166155780868,-0.059087090450853835,-0.032088374539715574,-0.030757896675568677,-0.054423152047691145,-0.012025842768502482,-0.04749686735485413,-0.045142857142856235,-0.041681421661118684,-0.04618453865336649,-0.05676733780760551,-0.049390635022450224,-0.04792107117688454,-0.0022707612456746395,-0.04026585495780112,-0.046254071661234714,-0.032631899969502665,-0.03164300202839736,-0.0399327448507773,-0.046001038091945584,-0.01953537486800421,-0.03346568349404389,0.0005713061486823924,-0.05636461704422707,-0.06903868124693965,-0.008426019548365296,-0.035684480128924556,-0.02413180202351648,-0.08495934959349527,-0.03405725567620897,-0.025500989077148074,-0.0441458733205369,-0.013258263712313938,-0.0213641048135859,-0.02347808019945972,-0.030558749137732717,-0.02262522596069734,-0.022147432417761324,-0.0354644862575115,-0.06263222849083226,-0.0009067944815079273,-0.040979955456569926,-0.044202824916166554,0.004141446320484198,-0.0021233569261880896,-0.006342494714587668,-0.06041881222107779,-0.002242448225827786,-0.052036415908001774,-0.012240373957881582,0.000942421110232841,-0.057569296375263986,0.006050537870829655,-0.029323998622747535,-0.03263126668644314,-0.05934343434343407,-0.020426287744227306,0.001034393586759845,-0.043209876543207175,-0.011894049062952307,-0.0011212333566922947
-0.004979712283290237,-0.00201829076001269,-0.007564427059364983,-0.022237665045170153,0.01637107776261919,-0.013399843505477215,-0.009281528008032315,-0.0038314176245211,0.006705870215619506,-0.024064171122994294,0.009482119224560404,0.0014935776162501215,-0.006867761917586878,-0.009036144578313251,0.0016400286259541977,-0.0027548209366391146,-0.00820869750019926,0.005161536991014951,-0.0032609628421864947,-0.008334483234441784,-0.009433962264150879,0.0027761822707257186,-0.02824975825390234,0.007350506588967699,0.01084010840108384,0.014852381814888427,-0.0029452666033886786,0.020037105751391233,0.009676567656765698,-0.014933058702368445,-0.016746085772634273,0.009384410673016208,0.031013935156946393,-0.007477567298105646,0.02289512555391429,0.0074836893949084115,-0.018256667263289825,-0.00197180735022647,0.007731032002876567,0.0027792915531334645,-0.003692657292998175,0.013021621949003678,0.0156447781997127,0.01339933003349841,0.018770226537216744,0.030630630630630408,0.017656290871043565,0.01766304347826082,0.004213483146067257,0.013191855463148824,-0.009182184845104297,0.010248063417427731,0.016281857910817318,0.013289952575272903,-0.008972381887004022,-0.0036346245815398826,-0.031714375097763134,0.0005356186395287759,0.010620915032679628,0.007028621901486463,-0.010652463382156802,-0.009871668311944708,-0.004951882649724325,0.016666666666664855,0.004232804232804204,0.06872157655381468,0.00320782927823846,0.013482950591510081,0.016397849462365565,0.00963593551892769,0.013613861386138409,0.006779071788632153,0.003272086584445024,-0.014160798576181945,0.007632954451174007,0.00411447380451677,-0.01623838162930565,0.006868843960601271,-0.005536201355694183,0.007549759780370678,0.023158539073658557,0.0036700053520910977,-0.000525719831769727,-0.0011904761904761158,0.020108695652173634,0.019382422802850404,-0.006893078059298744,-0.004726448688896047,0.066654137693416,-0.00997406742469559,0.008524274126001341,0.05840828278602787,0.00074117995849408,0.04655870445344123,0.03182827535159103,0.011813157039124271,0.012219954175345002,0.01502732240437048,0.0025220680958386076,-0.02178466694595704,0.00831873905429067,-0.0173056984586218,-0.004308023694130203,0.0,0.0007850974234530981,0.019434124035438132,0.018758765778401135,0.020394289598912166,-0.011310394222447721,0.004343257443082337,-0.0022212350066636855,-0.010219724067450076,0.007943162261153517,0.0026773761713520775,-0.012516105282532565,0.019989396823866787,-0.008510638297872304,-0.015298498612461745,-0.0104806793548515,-0.003941378927500904,0.016954345827801028,0.003620632905440479,0.021782820097244644,0.010218300046446718,-0.02285775037210273,0.007697702377771747,-0.010335393656905383,-0.02076821690830355,0.003105590062111873,0.013914595452141685,0.019005256773149935,0.009757525491535338,0.0037357630979499394,-0.02036199095022545,0.0025497401693351245,0.015784806384865513,-0.0032198712051518235,-0.00850111856823265,0.02476201269265639,0.009041591320072286,0.016129032258063475,0.01995644426846147,0.011224919320892347
0.019956750077231952,-0.009753734015883895,-0.002898130705694826,-0.02025586353944563,-0.012751677852348861,-0.008525825319718454,0.006127812017582106,0.0020146520146520487,-0.004611600737856108,-0.008219178082191591,0.02881304654747669,-0.004672897196261605,-0.028542372881355832,0.0011579099724996378,-0.016284123723616383,-0.005524861878453031,0.007553436545775916,-0.03461392164321008,-0.010848041325871667,-0.009016781231736864,-0.006015037593984846,0.0002863961813842042,-0.013149477574809845,0.0011175387851696313,0.019660411081322157,0.0139211136890952,-0.009488116134541485,-0.01564205165514705,0.007596459343906415,-0.021432305279664894,0.002076986984214949,-0.0011101089294386366,-0.0014107581687448378,-0.014314414866900955,-0.003610108303249092,0.006380547266840313,0.001458523245214135,-0.010130732691580095,0.006333630686886616,0.006290418998967471,-0.005702066999287225,0.021104866674638373,0.016173978798784495,0.0022201391287187317,-0.010165184243964322,-0.022290209790209695,-0.006811463822130759,0.022029372496662158,-0.013986013986013594,0.0020379281064250806,0.0005629655291876758,-0.007936271145985588,0.0041099018190119945,0.002231292517006751,-0.017116989673221113,-0.01228760679658244,-0.018476636646338994,-0.03439507494646677,-0.01535974130961997,0.008528506111784977,0.009421265141318762,-0.0035775027857603086,0.0003755868544601786,-0.016393442622949065,-0.01580611169652232,0.0033096926713947297,-0.013792916565048928,-0.020770749291906105,-0.030679714361279982,0.0008252305263536222,-0.019129019129018692,-0.029523480662983357,0.012920220772704374,-0.032182103610674986,-0.006340057636887635,-0.01675468949189588,-0.0037236703162341145,-0.0023169005019950443,-0.0031229632848142497,-0.01021798365122602,0.002902693300539425,0.021101546431020034,0.005381347359902962,-0.030393325387365864,0.0,0.020411967564544525,-0.005390897020190136,-0.02029664324746292,0.013096846185470093,-0.042917590167236744,0.0073361179641254146,0.0361642211353195,-0.026810842838097697,0.0006447453255963886,0.0035868005738880406,0.008997429305912562,-0.016499000893148177,-0.019515477792730797,-0.00660377358490569,-0.03169164882226956,-0.01563178462874508,0.004654322128930467,-0.006219578150351538,-0.012323943661971653,-0.012337754956496893,-0.05046257359125186,-0.0032696609877817424,0.013990672884743375,0.005976456383942098,0.035502545860361154,-0.007569011576135235,-0.012390294269488657,-0.02661879952716592,-0.016688918558077213,-0.02171481826654232,-0.015061486302907162,0.008583690987124427,-0.009056749205125817,-0.002833829085939456,0.023073064704898873,-0.005423320277192005,-0.018037856071964002,-0.005266163314510465,-0.016551724137930934,-0.026112501360025738,0.0060315829591212015,0.007166990887683007,-0.008998788624608258,0.000910580950646509,-0.025784789907748434,-0.01994047619047617,-0.01314200125622061,0.021060275962236707,0.016166281755195626,-0.003213383175759229,-0.01140728669537895,-0.020689124750038493,-0.02256317689530676,-0.003815316560685697,-0.0010240655401946544,-0.019047619047617884,-0.023370472456228728,0.02442070209518504
-0.002907681124303337,0.01010509296685529,-0.022002615898851854,-0.012936767017289363,0.004758667573079589,0.012598740125987398,0.028754143290504686,-0.01023578870407604,-0.004324101719345128,-0.0027624309392265205,-0.052049346757593117,0.01827989211866938,0.0035592155768022203,-0.019517131704496163,-0.009865633700520484,-0.013194444444444425,-0.019539557635048905,0.02738376674546872,0.008442858386282448,0.003735010811873324,-0.0015128593040847622,-0.013361328497804898,-0.010803802938634383,0.004202508372184552,0.025416301489920728,0.009857419468403454,0.0007152322109935486,-0.010347376201034703,0.0029326274265545987,0.028311965811965118,0.012988807516926692,0.010835590748072436,0.017044159868750672,0.01452229299363047,-0.024637681159420253,0.01245938870138472,0.01338066630256692,0.0032699167657549736,0.020742841946635983,-0.0026192501383881664,0.005304659498207935,0.021312723227355126,-0.0011575669046110498,0.03027468740769911,-0.008344030808729159,0.010281627179257895,0.002458592132505115,0.011103853690398402,0.005673758865248147,0.025478786509236816,0.005842891149101921,-0.007999759405732127,0.010763283559463379,0.0024435273675065135,-0.005181347150258929,0.02633880843619385,-0.02209558294072862,0.028967428967428852,-0.01354679802955647,-0.0005736279190258416,-0.015999999999999612,-0.006592113007651578,-0.005256241787122325,-0.055555555555549384,0.022483940042826007,-0.010367577756833075,0.004176512611968954,0.001183276360767734,0.014461118690313732,0.002832150283215059,0.002904564315352648,0.02490660024906591,0.035789473684210406,0.0028386050283860454,0.00033145508783567306,0.02963511761437298,-0.015229275912082976,-0.0028383434395562374,-0.010869269116565439,0.006882312456985453,-0.018978602123217222,-0.022978215458072316,0.01283805537669012,0.023970497848801366,0.0031965903036761663,-0.016441359152356564,-0.011676741054802717,0.02237715803452855,0.013391304347826018,-0.009894736842105031,-0.009882275696465997,-0.014590187383779304,0.009589041095890196,0.006443298969072157,-0.004288777698355867,0.007430997876857742,0.024140868655255693,0.028140013726834043,0.010129787907565767,0.036267138434320854,0.033524481693868353,-0.00653907240787492,0.0029931972789116103,-0.0041592394533571525,-0.023684020506895918,0.0014762326542663946,0.011222375690607694,0.0016425755584756792,0.05613898223715789,0.009160716691364756,-0.014356213548676484,-0.01463669628855192,-0.003058516619439651,0.005431093007467564,-0.005906449461751008,0.021231020173187138,0.02914893617021262,0.012493923189110261,0.025435856091907644,0.014000108950264213,0.011107745127739047,0.042988692208597655,-0.0013394565633371006,-0.0077138849929873675,0.017986817115405892,-0.012633208703243094,-0.022567856053674923,-0.01763712916432209,0.007823871906841227,0.03446429766445826,-0.022370685292033583,-0.009155446756425961,0.007408724513987668,-0.01363636363636305,0.00047789144574309167,-0.011774402449075697,-0.010366763527841062,0.012003693444136576,0.0004440497335702603,-0.013070220399794823,0.0032362459546923933,-0.022379457009977236,0.037112284979005844
-0.014945321992709525,0.017522798593121412,-0.004309320019020446,0.005205781479666823,0.01082543978349102,0.0182679964451466,-0.0018899287291937474,0.02936288088642644,0.01540688656809011,0.022853185595567434,-0.012511817537225346,0.001765744555621017,0.019749652294854,0.014597463874963133,0.025949018888685,0.03237156931738208,0.02147447195032679,0.0224352828379674,0.041256689107543244,0.01924906272732364,0.01969696969696953,-0.005320177984136186,0.01281491189748062,0.0460995226574249,0.023931623931623496,0.01429318459124961,0.00921479600139113,0.005974607916355317,-0.005550524000517483,0.06649350649350483,-0.009684899740826603,0.006253006253006338,-0.0008065600215081443,-0.007533902561526833,-0.0007429420505200583,0.015265748644775366,0.02272523129435005,0.012359788359788274,-0.004863221884498393,0.0031269882094945986,0.01739874500855661,-0.005732958780026365,0.01310670235368781,0.016675426441779384,0.015857605177993353,0.05088495575221194,0.014328127016909581,0.004263565891472798,0.0028208744710857964,0.0031401498457470467,0.027452667814113655,0.0114900712445051,0.011286089238845103,0.010075293862737726,0.02821180555555551,0.004640151515151592,0.005301579954978606,0.05212823275862061,-0.0008322929671244918,-0.0015182092536706827,0.017615176151761003,0.021448038867164357,-0.007454236648424088,0.03529411764705476,0.04397905759162214,-0.05523809523809495,0.01532315438078038,0.03760122565112717,0.062130177514792474,0.010581632288277942,0.02068680182043813,-0.0026037146328762276,0.024868483978957457,0.021674080064698675,0.031643472498343254,0.023475445223961226,0.030533053871863176,0.04890671496959499,0.01773616083723494,0.021189336978810334,0.003963740780361547,0.038255956017104506,0.007827710891246576,0.019807923169267657,0.03505045140732833,-0.0010215453194649953,0.023571424430569716,-0.00941741897772292,-0.04793776099765452,0.029768233042738013,0.025527492401597584,0.006483766390864703,0.05246494798733532,-0.011523687580025593,0.030150753768843706,0.00864067439409909,0.020774950185956927,0.024032042723629864,0.0006267627702914051,-0.007255655142979097,0.0012804097311138727,0.020160113077847736,-0.0002712967986978356,-0.0011933174224342856,-0.005103172842245292,0.04716981132075336,0.04422059074611556,0.020662512299114366,0.016222051762834137,0.007208650380456507,0.03550295857988139,-0.0026525198938991764,0.022512970900067698,0.036461850101282466,0.016962146621945385,-0.011929788298519556,-0.009716766590862042,0.013492101598886232,-0.01588143955028798,0.01928655850435147,0.016378707680016036,0.010750228728270805,0.012965446765025182,0.02002355712603053,0.026338893766461428,0.0024188436259300027,0.0015600624024960982,0.029804463756665924,0.005777216103989951,0.009089144779402217,0.008283288465520795,0.02011068287380176,0.004236041654409626,0.029953917050689966,0.012824041840055818,0.0035744072441320105,0.023172764066343943,0.04379562043795611,0.00582556591211717,0.003635419371591716,0.009677419354838108,0.02805562332276156,0.010578555570066457
-0.013075120266436424,-0.04733715563098953,-0.08635047607676927,-0.04417230244318523,-0.05020080321285073,-0.05226920093095421,-0.004152028106036368,-0.05292429135270881,-0.019755600814663887,-0.01557210561949866,-0.011832637735792522,0.04817861339600465,-0.014252591380250996,-0.0034878651358814117,-0.018917389102392223,-0.022494887525562342,-0.007087303904653269,-0.020817704426106486,-0.03481432360742679,-0.02099917650288223,-0.02476473501733507,-0.018671593892832728,-0.005248023005032311,0.004313039129891288,0.010851419031719328,0.0027496133356247074,-0.012390253464307326,0.014105419450630971,-0.0192815602190969,-0.03068679980516255,0.009090909090909116,-0.04459164162797056,0.014171039060047482,0.012651821862348115,-0.009665427509293665,-0.03065545599607218,-0.02608466537853484,-0.010620061044445215,-0.02757657736277169,0.0058431393716938595,-0.024810765349032635,0.019373810759384245,-0.05671914151868394,-0.03223987216843704,-0.020707231602421022,-0.020631578947368272,-0.023288368541613327,0.031519361893734645,-0.02390998593530156,-0.027898292053380264,-0.024750816651310962,-0.022928905407025524,-0.01883504504838519,-0.0022523730358771066,-0.005768960180104146,-0.022151003864643182,-0.009647378884587285,-0.02458071949814364,-0.0012494793835900893,-0.027424947616310258,-0.01731025299600483,-0.015835266821345662,-0.030516208765091805,0.005681818181817414,-0.010030090270812236,-0.027217741935483764,-0.03150433892092924,-0.02442625717178537,-0.001266143327424658,-0.013937528741731247,-0.004661532225374935,-0.023494604942568657,-0.02099860009332706,-0.012823557349798164,-0.012445800546009293,-0.0017576236927673752,-0.01940413368513629,-0.02849389416553591,-0.01537046057260382,-0.03145917001338658,-0.001603912199827393,0.06214606163124209,-0.01328654786311317,-0.030900529723366505,-0.017444843509491898,-0.015524774565399286,-0.03184698945985281,-0.012063991607658055,-0.03611127801478089,0.004129671691100531,-0.01261779043543811,-0.01004759386567957,-0.037100701905170695,-0.014248704663212416,-0.014634146341463173,-0.007939824488090278,-0.015655504307863704,-0.018252933507169562,0.004384591293454333,0.03310404127257073,0.043904518329070434,-0.021890354802960133,-0.00597014925373128,-0.007168458781362024,-0.012711864406779754,-0.03012387387387303,0.002452583387835178,-0.0067480719794342945,-0.018143695834498198,-0.017495029821073597,-0.023736263736263554,-0.02340425531914872,-0.003441581362513314,-0.009771986970683912,-0.02044854881266491,-0.014931227446263236,-0.023173277661795357,-0.023024445707788676,-0.009806467075435787,-0.004374637642966292,-0.00864694900265309,-0.010002262955419729,-0.031021437578814617,-0.015473441108544938,-0.00994439692044464,-0.006523439450167365,-0.003115264797507785,-0.012562573121847366,-0.01705259378926578,0.012180658396640696,-0.008317929759704142,-0.03560184063937996,-0.02129591657390598,-0.022371364653242846,-0.0020063628079487424,-0.017808381811706023,-0.010315675172574213,-0.006555944055944027,-0.014672623972640578,0.0007761966364812674,-0.01597444089456767,-0.023018509729473068,0.05802532954251741
0.007561554805649227,0.025355233998174895,0.025449199607971273,0.0492733299337072,-0.006342494714587689,0.007264913537296642,0.008980115458627282,0.032013638946770055,0.027321836692291605,0.041265474552956795,0.010551333676466105,0.016909566517189716,0.02774126599792449,0.018229546448884346,0.033128871614235486,0.04463040446304038,0.024675185799069705,0.03428461980463495,0.04774991411885911,0.01923454367026493,0.036566785170136694,0.015954811217916944,0.021897810218978037,0.0066596128711022785,0.023947151114780824,0.023307626392459254,0.018320752421745426,0.00915080527086377,0.013054033616789891,0.02437185929648195,0.011602511602511367,0.054606532771067105,0.012292726066769913,0.0384807596201898,0.045045045045044974,0.013390737281965147,0.024618991793669314,0.02768034484215862,-0.006012743426366359,0.01428820585749359,0.03234152652005165,-0.0013009785621359688,0.026462817792022194,0.033071095571095735,0.01821730644111902,0.03912295786758348,0.026319218241041952,0.007982040409079665,0.02737752161383194,0.013050110163267674,0.037574612444711615,0.029019295070400887,0.015228810036654838,0.01693093254501476,0.02816303424851394,0.02554463080778865,0.039662750401487756,0.03438771492321824,0.014595496246872272,0.017330791229742536,-0.00813008130081271,0.02275004420345368,0.033339870562855395,0.016949152542371008,0.07801418439716157,0.011917098445595853,0.030553468569997532,0.05448648648648644,0.021298174442190648,0.025578475336322917,0.011402972917939133,0.026198538584922257,0.04742612011439449,0.0315131104161656,0.03000243922270087,0.037239193590985015,0.021497841807276128,0.038979177247333484,0.02871983730006045,0.06427090532135372,0.030871548295773817,0.027904722337626295,0.0071922323890198534,0.1190403887033093,0.02872062663185349,-0.00642115203021713,0.016789516789516786,0.01864879214228836,0.026742301458670868,-0.008842278428953132,0.027301959398071885,0.010149572649572686,0.031984528414162064,0.03745072273324568,0.011315417256011116,0.013689974726200491,0.03141143456828273,0.036520584329346774,0.013719987527284087,0.020391177694548217,0.011433238056349368,0.05338998184920205,0.023478023478023257,0.010830324909747231,0.011444921316165979,0.028156748911465038,0.03033762844560424,-0.011323196376577086,-0.009367614817345769,0.02138135707540807,0.06033318325078742,0.02015250544662297,0.018418489329673195,0.04736842105263089,0.024915824915824954,0.014030566073251463,0.025646505663603228,0.015808360003879522,0.02692726612610431,5.293806246686551e-05,0.0321141837644959,0.04320197494742613,0.00923997917751173,0.02768003753225418,0.029592828599200403,0.03557848540176561,0.023333333333333286,0.004234325227255103,0.025748721694667586,0.008138835228172487,0.04162783473128285,0.03957810145655455,0.015114782556643013,0.059496567505717975,0.010412411594620787,0.04146017164269313,0.037382445141065805,0.043774747030356116,0.03560432178245539,0.027921406411582098,0.0519480519480485,0.06343615901546402,0.02577256626358844
0.024127023506791568,0.009365795774797066,0.014622957086877593,0.0012757426644797606,0.04964539007092129,0.029865908167411536,-0.003155934974116709,0.0005506607929516651,0.013348164627363756,0.0013210039630117965,-0.0026365066287170036,-0.00321543408360128,0.01655896607431348,0.0042967631051274695,0.0055256738088939,-0.011348464619492642,0.0010435962326175998,0.014999999999999986,0.008688524590163883,-0.009215702456603666,0.02547770700636926,0.0005852516582129417,0.08048090523338033,-0.024854705082230737,0.029838709677418897,-0.024618991793669394,0.0025495047170553432,0.0025389916575987797,-0.013252491389809173,-0.0012263919548688503,0.01713668870597732,-0.012267028126058885,-0.008911020836063457,0.04595765158806514,0.04094827586206891,-0.018274397101087084,-0.00017602534765010132,0.010856155933875983,-0.013362224629830199,-0.012459987831009735,0.022974101921470275,-0.0037381060262799623,-0.006652601969057689,0.0022798853006157603,0.00766773162939285,0.0,0.0036816046718294096,-0.009527344716654325,0.005610098176718015,-0.04790318982824001,0.018458736859531633,-0.00047697123267250206,0.006886026948559513,0.019608879492600352,-0.01101169993117686,-0.00432371463483422,0.00965427531960732,0.04720213170917375,0.015207562679818981,-0.02022151839427268,0.019125683060108648,0.020515184694289226,-0.009963940026570488,0.0,0.02067669172932281,-0.016129032258064464,-0.019144052922910774,-0.015050235800697065,-0.0022343594836147706,0.018014551560095134,0.008455808335010936,0.011288641889544941,0.030716723549487984,0.048585199004975044,0.009156930849384369,-0.006111016805296242,-0.0018383866099601631,0.021630208969815472,0.02212070209184904,0.014285714285714027,0.017044092325799304,-0.025665207140451233,-0.00273733486729862,-0.0005427408412482702,0.02436548223350235,-0.0019007793195209997,0.0014383522236925375,0.0032575412078962754,0.004857021431607061,0.05331950207468769,-0.004651951785351036,0.0037498197202058435,0.02681274326077516,0.01583280557314754,0.01818181818181789,0.0024932474548098635,0.024672429632940134,0.027546444586801548,0.0021531836358043197,0.016721044045676956,-0.009285425918449594,0.016781634736767415,0.004534542544678679,0.005952380952380882,-0.009156554753219644,0.00564652738565754,0.019629570998891777,-0.010798429319371694,0.028914693032881213,0.007726342204318847,0.028874734607218486,0.01975440469834463,0.003738805321276566,0.035804020100502175,0.008635254364557724,0.014824069777127321,-0.0016670139612418237,0.018426580103112416,0.011549113193094132,0.009898893653062318,0.011812157879573543,0.006047591919014731,0.011669890393294574,0.012097694590276034,0.024546312808139924,0.0034938453326431016,0.002951954397394111,0.002997949789176433,0.015132633078155542,0.00823019413206,-0.0008947211452430415,0.03855444970528536,0.024855525415733028,0.04967602591792452,-0.0032183652923877225,0.0037140204271122654,-0.005741482208959828,0.051422550052686776,-0.0031893615871128626,0.01156941649899382,0.01851851851851742,0.0438159046785182,0.00797809002143371
0.0062984496124030105,0.0012595780413561452,-0.00226073850791267,-0.008736803785948351,0.007432432432432294,0.029394357861511042,0.0008199521694568643,-0.005136672170244098,-0.00029937132022758966,0.020448548812664603,0.004430826536896017,-0.004792626728110632,0.0007945967421533862,0.0024244152880775805,-0.006752214200111045,-0.008102633355840636,-0.0015376997054914352,0.0031016237912788276,0.003169185763042397,-0.008968236339404629,0.015289058767319437,0.016962370832521015,0.004516297944757221,0.005706314988587363,0.0007830853563037803,-0.028674450549450333,-0.005032736303431667,-0.01664254703328485,0.004804183089806347,0.009577603143418247,-0.008755638100291695,0.01159599286400428,-0.0034818634580634157,-0.016103059581320377,-0.005521048999309861,0.006268495242944049,-0.015933098591549188,0.007851273289398816,-0.011438506588579775,0.000736672917224752,0.004219409282700286,-0.004718590108015887,-0.009288232545626947,0.0010083718312501888,-0.0031705770450221743,0.016549441456350712,-0.008474576271186356,-0.005496564647095523,-0.011157601115759759,-0.02788027880278794,-0.002803966189856992,0.00879835366399236,-0.0013308195630475424,-0.007101757296148361,-0.004314544189283254,-0.00528650995940706,-0.008313873902890765,-0.003756209863079973,-0.016194331983805536,-0.005470543228768239,0.0013404825737266199,-0.0032751708170987493,0.001821144445509525,0.011111111111109837,-0.023941068139962676,0.0,-0.01222265044320874,0.01040886002165042,-0.003483453595421673,-0.0027144967872728193,-0.0055899381113993915,-0.007556242486690644,-0.014790286975717382,-0.012454592631032808,-0.03168022528160195,-0.01767719897523485,0.0035735884325691332,-0.00227272727272724,0.006063932669437206,-0.0019206145966708013,-0.004511068726828575,-0.002765486725663713,-0.014360728777150264,0.002986695628563562,0.012884043607532054,-0.007236716815844716,0.008744111226014059,0.0017533606078315568,-0.010150444081928545,0.007090801654520235,0.003996838918900561,0.01384165908328946,-0.0054752211146987945,-0.022443890274314187,0.007554945054944913,0.0010362694300518123,0.01467273038868284,0.017456359102243375,0.008594229588704708,0.005615724027276238,0.010594947025264765,0.0070508176970343235,0.007169410515135354,-0.00650887573964486,0.00022539444027043902,0.0,0.02499611861512183,0.015547469401256888,-0.020699480417900533,-0.03381389252948876,0.011968633924886311,-0.003664921465968489,0.004201316701316619,-0.016979987871437098,-0.013214219244369805,-0.0017564677410277436,0.0010436234606553913,0.0068200993718944974,-0.005689209918254047,0.0013104098962155347,0.02600607441154142,0.029577035326915555,-0.01688866229048497,0.0036084799278304366,-0.002457254018634099,-0.01194409967923394,-0.007408910991576116,0.05308830051873423,-0.0047351806383725634,-0.020189431704885248,-0.023184079601989958,0.009350576851507208,-0.006415604591616608,0.05967078189300163,-0.013320609169350668,0.011158649398704996,0.006458475799711258,-0.0018039687312086064,-0.012635574837310157,-0.00522128294380894,0.0030303030303028902,0.006601021152443456,-0.0029533372711163545
-0.0006018295618680782,-0.006499633085229057,-0.009566968781470318,-0.010772432366262632,-0.02012072434607619,0.0016289766193944445,-0.012175417036480733,-0.0025815969020836662,-0.009982032341784767,-0.03425985778926901,-0.01966384544067948,-0.008242267086497357,0.02798729654624844,0.0036989614454403176,-0.008593290170688583,-0.007488087134104823,-0.0072565909684156014,-0.02728264823572198,-0.024301336573511346,-0.0019611688566385553,-0.01694117647058805,-0.005080521472392584,0.014074411937186343,-0.0009456562854621095,-0.010954616588419168,-0.019268163337458104,-0.006775772359260904,-0.009565857247976466,0.00322269623446431,-0.00583799562150319,-0.015123126338329502,-0.009903004815844732,-0.010305174701459602,0.0004676174888940559,0.009715475364330312,0.0011067543637743478,-0.012523481527864722,-0.011342078708375333,-0.020457280385078096,-0.013156661982199044,-0.007183518568717729,0.0007425601188095921,0.009446770805047725,-0.016679941901326125,-0.0015903307888040614,-0.012210012210012111,0.028830207934685246,-0.01243562366536861,-0.008462623413257991,0.0028920889317346197,-0.006601736012062537,-0.014131977294228996,-0.003960762539329932,0.005795134175629058,-0.011042773273692992,0.012052766442061326,-0.021557761403081376,-0.008756993432254959,-0.019341563786008025,0.0022694926337654686,-0.017402945113787982,-0.0009064642229901464,-0.013394565633371576,-0.027472527472524454,0.014150943396226148,-0.021597710122300204,-0.010339445961763529,-0.0025548046810615903,-0.015730337078651634,0.007890022050716674,0.0020076289901624633,-0.018688354386571928,0.00044812906116959035,-7.506943923122055e-05,-0.005170046045722659,-0.005737633660784054,-0.009395201051824302,-0.022419374175758303,-0.007742069574705701,-0.014753046824887633,0.011248049082395994,-0.019412090959511897,0.0033498809379667338,0.018137520303194397,-0.006360078277886491,-0.012372913869173066,0.009488444145755174,-0.016984312200181373,-0.015015564914850687,-0.012908273029532383,-0.0056488096784266745,-0.005574452003023513,-0.0014116318464145556,-0.02678571428571425,-0.017041581458759142,-0.010351966873705994,0.010381811813613,0.011642156862744463,-0.0021302495435180802,0.00797766254487429,-0.005645161290322559,-0.019983836327853097,-0.014500395465330796,-0.00655151876116725,-0.006459851273191545,-0.002807411566535416,-0.013329294153286944,-0.0022801302931595574,-0.004307271015774283,-0.017566467715680992,-0.015905383360521802,-0.022595901208617795,-0.01091222773344842,0.010487353485502752,0.0010373443983401611,-0.006629470840429837,-0.017723102585487833,-0.015852324309224942,-0.007615997500390561,-0.009527299377061208,-0.01082331174838115,0.015104078524285093,-0.03040321535070647,-0.009662921348314589,-0.0010263779123474033,0.017504649417599293,0.0055214723926380075,-0.01845815784654828,-0.0392951541850218,0.013514372933095896,0.0010186411327289375,-0.016776512881965067,-0.009902710215427322,-0.021359223300970072,-0.008640283710808471,-0.018869003373549065,-0.010795711913030298,0.01907630522088346,-0.011479101444499405,0.007998000499874963,-0.006042296072507274,-0.011376399405818539,0.007582938388625547
-0.01674093701071897,-0.024311490978157598,0.008515505846466756,-0.013302809058284848,-0.023271731690622584,-0.0429541758346885,-0.014986407409113984,-0.011647254575707026,-0.01643476507360347,-0.03480589022757662,0.006330175872115193,-0.04687645905313283,0.011199073180150506,-0.024379872430900066,-0.006975777725005933,-0.012345679012345661,0.0035496424063946137,-0.01421091997008205,-0.020838522208385092,0.01636583106420001,-0.013403542364767759,-0.008189613642932829,-0.005140397095675635,-0.015207925790370483,-0.035601265822784244,-0.03118240807498178,-0.011778256551496577,-0.017087667161961115,-0.018418315625946206,-0.023733790066062518,-0.015898899306970863,-0.014592039460162996,-0.007820530008490855,-0.01916335592428126,-0.012371134020618539,-0.028901734104046225,0.001630582480297084,-0.019923246509349287,-0.019183519183519102,-0.05001898768512995,-0.021160409556313934,-0.022203196347031988,-0.03499830105334689,-0.02737408872158946,-0.017202930869703547,0.008652657601977774,-0.03583384996900142,-0.023022131773085697,-0.009957325746799188,-0.008771402823670707,-0.03556631250769158,-0.01757332213758768,-0.04905604281254642,-0.025590449000778562,-0.010176678445229731,-0.019973743435859094,-0.009045455488475414,-0.028098159509202355,-0.025597985732270127,-0.021089192508443277,-0.04495912806539402,-0.012645307626878327,-0.013188518231186962,-0.022598870056494542,-0.012093023255813701,-0.022872340425531854,-0.003153952296471463,-0.03775923324795506,-0.033992897006595406,-0.026561378320172364,-0.030454818673611814,-0.004761065067889324,-0.04020156774916002,-0.03490990990990986,-0.025253755582622703,-0.008306374049138745,-0.011253974837550062,-0.02845229335295545,-0.016076244337967706,-0.02343749999999966,-0.0197551889302821,-0.0371182126696832,-0.010820595333869698,-0.02366391917043336,-0.023141309699655062,-0.01553850636107601,-0.02011306192453511,-0.00975995779477721,-0.031046662948503483,-0.033683376263125855,-0.014836194945207994,-0.023942992874109285,-0.02968617472434217,-0.013761467889908239,-0.0076282940360608825,-0.03504184100418406,-0.039632985141930595,-0.04542701393094829,-0.01768831960963684,-0.011871784724970228,-0.016220600162205872,-0.020593681397346623,-0.019529159978598106,-0.015587529976019135,-0.012625689876767245,-0.023367117117116608,0.002302732575990168,-0.0029382957884427955,-0.01999656219561098,-0.023610631687953052,-0.004558640696228817,-0.010215053763440781,-0.019884877027734116,-0.031135531135530893,-0.006311822892133803,-0.016107252402135157,-0.0033963065166631628,-0.017479540186385475,-0.015427604392144616,-0.0013741345594841215,-0.007013934349574475,-0.029425249030967493,-0.01918833990773551,-0.01452235080553653,-0.02856262200760272,-0.01571243045646213,-0.024506813097417122,-0.020745494571098054,-0.0066030814380044186,-0.003482571455463984,-0.022082018927444793,-0.010734542727230146,-0.03436275369947942,-0.007936507936507594,-0.01189450234963164,-0.049361850923713466,-0.027550942532244414,-0.03999999999999987,-0.029225469496610652,-0.016860897594842494,-0.01823708206686824,-0.02132883790816129,-0.021872060206961405
0.022537971582557513,0.002227845910929461,-0.015343415248897228,0.008214711230952463,0.0,0.010495801679328247,0.0026897124346575286,0.021511410400299205,0.011378780112762684,-0.000693481276005499,-0.01530906114529966,0.013324189281865271,0.02946979823053919,0.027168385878250757,0.013152781514363427,0.0034722222222222173,0.017213823460057183,0.014226100151745013,0.02738680685094096,-0.006159200132574633,0.0019408054342552248,0.013017291626189854,-0.012336110572886317,-0.0060874022811739,0.010664479081213912,-0.004837209302325605,0.005667132238436963,0.009826152683295336,0.00941548861289195,0.015789473684210194,0.018088925711129304,0.03531701890989981,-0.0014863525808484481,0.029544913033118837,0.0076548364648573305,0.02377699713765283,0.024057158361219008,0.006331750395734509,0.02823007996916841,0.00730969105133926,0.02329149232914923,-0.009690035607962109,0.014730046948356751,0.020747091243110784,0.009400324149108456,0.026143790849672895,0.001800411522633729,0.012758755370394387,0.020114942528735136,0.01787987150736406,0.019906422798809078,0.016514041514041476,-0.007190870720650335,0.014276582143618115,0.0065686134513780045,0.007750454501961651,0.0007746257720087547,0.010478474940032739,0.0017226528854435929,0.015956716915296022,0.0042796005706134494,-0.0025844245348035804,0.0064858490566037826,0.0,0.03766478342749458,-0.0010887316276537156,-0.012853470437017988,0.020994332818135005,0.0065651260504201335,0.0034414945919371315,0.025418474891505918,0.011693834160170091,0.009333800023334478,0.012991054064566332,0.006497834055314846,-0.0075824369599718925,0.012472733374349763,0.014264074728603793,0.017190452114212693,0.03866666666666623,0.008165569961126752,-0.00242308539540361,0.014924159245252429,0.03812636165577322,0.049395161290321996,0.0030581039755350724,0.0002821231784343577,-0.005460841768779839,-0.002622154003581417,0.0053311461964320826,0.017274689955297743,0.0014114669522048518,0.005681818181818107,0.004651162790697668,-0.02445842068483544,0.014959349593495869,-0.0019106488610433315,-0.0019035532994922245,0.024526544551381334,0.004405286343612391,0.0016488046166529366,-0.00569326903960922,0.0032742155525238258,0.0,0.016539050535987667,0.017007783222830395,0.008730280287946129,0.03536345776031415,0.00859448082319914,0.0028282542600579753,0.030391340549541845,0.0038022813688213444,0.007341163908168707,0.001890359168242014,0.01213500189609398,0.010097538229313528,0.03258785942492001,0.01598497797250789,0.010992525082943596,0.011431595660227513,0.014880391787530537,-0.0012023875982306545,0.01983640081799582,0.003684089339166379,0.002009518773135862,0.010164356338876971,0.011362451787761994,-0.001200228614974315,0.008124076809453398,0.0004407782885209024,0.00697190426638921,0.030799848369977227,0.011175383869893113,-0.007999999999999651,0.01661249845723451,0.02685139774399209,0.014204991367132224,0.005747126436781609,0.0008012820512819722,0.009079445145018928,-0.009287925696593766,-0.017262684890469934,0.01130079345996642
-0.022280785816962013,-0.027149516574585662,0.0031037020446036587,-0.02382137081726577,-0.02803083391730865,-0.01701454149767524,-0.00489847330915198,-0.0029298663248489595,-0.005270626393675283,-0.013185287994448158,-0.012068222400098458,-0.00280382867639936,-0.008284901694076958,-0.005516265912305515,-0.007612191307939741,-0.010380622837370228,-0.00942715845868532,-0.011595287076865572,-0.0235206734340182,0.012839396381624598,-0.01791767554479396,-0.016781741465285736,-0.02138373005493068,-0.0085745599896847,-0.015422077922077717,-0.018882034025051384,-0.00745825484499213,-0.007859281437125562,0.005740100983258013,-0.011843079200591959,-0.0070527600705276436,-0.0267929089443997,-0.004330371239117642,0.01064568386947453,0.004143646408839773,-0.012581413820492418,-0.017751479289940718,-0.015481414024339788,-0.0067466266866567015,-0.0011196779862804784,-0.011721412021262093,0.003183023872679095,0.0037591810768607937,-0.040242848915338775,-0.0035324341682721866,-0.005573248407643177,-0.011039794608472252,0.002571024553284477,-0.025352112676055583,0.003751339764201469,-0.015097172408040805,0.0048346896489594605,-0.030900645567627123,0.03161764705882352,-0.011490991630018458,-0.011298898594758895,-0.001485293502363803,0.003373313343328384,-0.017626827171109024,-0.009628186080614278,0.001420454545454424,-0.01698623826797948,-0.021968365553602768,-0.005780346820808662,-0.011796733212340958,0.009809264305177121,-0.0063244047619047325,-0.00403683612968332,-0.01643621184450816,-0.0061594456498914735,-0.0076582023377667835,-0.004378283712784573,0.0053173043578777154,-0.004223621563507903,0.000827677536831649,-0.003820184790333997,-0.004806098773616198,-0.014934660858742961,-0.018364944408109818,-0.018613607188703262,-0.009801176141136934,0.011556013543353469,0.00024040387851587009,-0.004721930745015745,-0.02545629202689689,0.014063729346970817,-0.004265190062855557,-0.00964242667738052,0.003783263866623971,-0.029777687130327777,-0.00447796299057841,-0.008311057108140896,0.025496161089381134,-0.001322751322751321,-0.00931232091690519,0.002029264124746437,-0.012251104266977515,-0.013986013986013138,-0.001515151515151506,0.005183413078149811,-0.011111111111110973,-0.004555603254786451,-0.010334511830296413,-0.006699147381242272,-0.01265441398011445,-0.011054421768707185,-0.023382933495292937,-0.007590132827324359,-0.015187525360848534,-0.009659451455968431,-0.006868686868686767,-0.004870129870129848,0.0031800715516100294,-0.016981132075471413,-0.023136005994754377,0.0030220610456331218,-0.018976897689768873,-0.01080491908158196,-0.012790605725130437,0.013447752603212819,-0.002691165553080789,-0.009544692377144441,6.684045184154555e-05,-0.008258774948382541,-0.004644289634789879,0.0008223816818512234,-0.0029890744176459365,-0.008659660098803978,0.0062271062271061625,0.00025176233635453845,-0.008887051772243469,-0.009285648616346537,-0.008685755361207614,-0.018145161290321822,0.0006555837933211683,-0.012358208955223892,-0.014392942815135711,0.02040816326530604,-0.000457508864234218,-0.07098225443639063,-0.012499999999999175,0.019394909312604614,-0.0139087018544936
0.006983582455280476,-0.004547672922489905,-0.007464114832535912,-0.005925453966231247,-0.04470079307858616,0.010063399416322812,0.007290116149599617,-0.0042240587695132155,-0.005604238842469929,0.005625879043600564,-0.007323153630414457,-0.0031995346131473484,-0.001870324189526182,-0.009529227705873984,0.00389475248996578,0.01678321678321676,-0.01102501430131574,0.0045411542100283215,0.003718728870858758,-0.020249691315681204,-0.005917159763313635,-0.004486491758509607,-0.0006014032743067757,-0.003836649759396447,0.014839241549876071,-0.004192073170731561,-0.0048733570514098955,-0.00905318747642405,0.00307826454579086,0.015480649188514084,0.0065564813550061125,0.0026909542537777447,0.004756942871381321,0.007785665216395738,0.029573590096286066,-0.0007722256185849253,0.0012587664089191342,-0.002985200134544191,0.002547169811320793,0.01389105665678172,-0.010619224934491826,0.013161760385451457,0.0017285088730122145,-0.017352169021127656,-0.005800837898807604,0.04363490792634063,-0.004413291796469354,0.0023079882036159296,0.0028901734104045816,-0.011211959423384984,-0.0015667344173440952,0.009413663259817101,0.018319184369795634,0.020822726809897066,0.032577497129735955,0.004513588783251739,-0.004294902683790407,-0.010957539534304627,-0.013566739606126772,0.003662718204488812,-0.021276595744680247,0.019505623242736594,0.024957572127383396,-0.011627906976742793,-0.002754820936639172,0.038855909336211275,0.009100596146646284,-0.002237703187671597,0.003183023872678998,0.038277343474892506,-0.010560519902518125,0.010554089709762494,0.0022996435552489307,-0.012493252101488408,-0.011577902745616916,0.01649870685811109,0.01804052178739938,0.004295641187618406,0.018895077685686004,-0.002616088947024202,0.015608684302123213,0.005093502146547326,-0.014340650536773015,0.008697944122298351,-0.0009857072449483248,-0.007855688100087183,-0.0037285176685492305,-0.03387423935091267,0.03283505813210668,-0.027328147992431568,-0.009282403925840774,-0.004999019800039225,-0.031784150303714766,-0.003311258278145691,-0.0021691973969631744,0.00874014069494769,0.025968940589889213,0.029658284977432055,0.002124430955993883,-0.014280047600158533,-0.01747815230961291,-0.0005395644493979954,0.018411651552624374,0.0012262415695892988,-0.0006866036008543355,-0.001433075379764853,0.004353233830845686,-0.006054811982154309,-0.004090882335628961,-0.006478712800797306,0.009764035801464434,-0.0005437737901032802,-0.005063179676837049,-0.003198976327575135,0.011026944098187724,0.005354520501146989,-0.004205214465937745,0.0023235202529522637,-0.00010012615896028993,0.008157786038826898,-0.002605378245091606,-0.00707557407648553,0.005079534821547853,-0.0011566042100393191,0.0,-0.0013372861147810684,0.007029876977152964,0.007369210936447803,-0.006916636330542301,0.0036810974075005697,-0.0032321968512146974,0.0006959910913140306,0.004139222913771168,-0.014373716632443,0.001658106523233712,-0.004412742549718881,0.021669152861741276,-0.018999999999999923,-0.0031468131365144716,-0.004842615012106542,0.0,-0.02104436885582916,-0.006992163954189198
-0.0026158900109502065,0.011788826242952246,0.0009641342074816812,0.007819510319189866,0.028679245283018524,0.03726213011856111,-0.0014660879885503813,0.019918849133161033,0.0038938415821293784,0.0006993006993006499,0.003798461779940325,0.011282949129462226,0.017051842598375964,0.01651349798966111,0.018332049991115342,0.011691884456671235,0.00339170216122419,0.012243360331512479,0.04639609296059233,0.03066625591620689,0.009920634920634823,0.0021553835603016825,0.03343139876972448,6.527841242895027e-05,0.022745735174654474,0.009184845005740405,0.006510235680875546,-0.004187285877426561,-0.004886401053671433,0.051143348905826086,-0.010313475369792111,0.007913570052298365,-0.0006763459283975104,0.006816632583503718,0.005344021376085497,0.01130252777330539,0.02406609195402311,0.00021085480538101447,-0.002634798155641243,0.0016093819973130312,0.0019514914970727255,0.00568346575421907,0.010784539284481766,0.0018065698073840121,0.00291734197730947,0.008822401227464496,-0.0006518904823989114,0.00895484201100164,0.004322766570605021,0.0002399808015359314,0.006785699139064416,-0.002605323148888215,-0.017151974471479845,-0.007929779063388284,0.0052814454482278655,0.001434034416826001,0.007301266675083071,-0.02228377187460643,-0.015527950310558869,0.005726376271449644,-0.02608695652173833,0.017178971559896613,-0.007110158761079238,-0.011764705882351515,0.026703499079189248,-0.0176623376623376,-0.003967008190873051,0.01527589708869344,-0.0029085140137492336,0.010649482787858258,-0.004926108374384176,0.00034812880765891166,0.008948032580015986,-0.01374463100351416,-0.0021753681392236712,0.048517283733988295,0.013167938931297753,0.005912693420556087,-0.01485666457417862,0.01442622950819646,-0.005719120497799062,0.0,-0.00024384296513041886,0.01776848706558656,0.00937345831277744,0.004789833822091966,0.012358859503556797,-0.001049758555532226,-0.01663780306778812,-0.003025718608169387,0.01128209351795913,0.006846616096936188,-0.01867522614531635,0.007308970099667764,0.014492753623188196,-0.0004226542688080905,0.007933648054113089,0.008766437069504697,0.02029073288915793,-0.01006036217303815,0.0016941973739940802,0.011538923795619173,-0.0002698327037237512,-0.002449479485609313,0.027330330559584646,0.029276693455796976,0.00526315789473679,-0.0038473869830073135,-0.0019504122462247423,0.01354353278394845,0.023771152296534887,-0.0027203482045701556,0.01601911673599424,0.004492939666238637,0.031202579666160656,-0.016867640465346837,0.0071790540540539755,-0.00033457604435513713,0.021769606665064445,0.003789818703267481,-0.010635320458998105,0.0160006994841304,0.0025269317728421,0.009495136637331975,-0.005726405090137714,0.0040656308987948005,0.0033877425315675504,0.0027504011001603696,-0.0003665689149560937,-0.009121971098084667,0.008995815899581594,-0.0030602309083321297,0.004272604182337839,-0.016666666666665914,0.012839147286821704,0.0027322404371584665,-0.0003842311534619221,-0.02915392456676851,-0.0017218619066750828,-0.005677210056771978,-0.003164556962025161,-0.01382206949217255,0.01699647930071624
-0.0026837450442208513,-0.022399894277785073,0.02231426186348166,0.030208598321037863,0.013939838591342256,-0.024397272116030943,0.01751401237517033,0.013562386980108448,0.0010207206287639052,0.011879804332634476,0.008834751063297471,-0.004135808406270988,0.0027022047534238686,-0.004944201158355699,0.004071542823905771,0.004758667573079531,0.0033540340120010795,0.007071082992184693,0.03500442584694596,0.014890495081789076,0.04076620825147314,0.009189559096685852,0.00582298136645962,0.022389033942558687,0.08339952343129335,0.011755783086841148,0.006487396145458983,-0.0026758409785934256,-0.002872117955369645,0.05754385964912148,0.012889071712600916,0.01973100293575464,0.015972566890763706,0.015572105619498863,0.019933554817275722,0.005412978411768449,0.012101017186951885,0.02065941479045449,0.002641758656476978,-0.001760489583770013,0.017390094602114586,0.00490167810391557,0.02782598799328539,0.004190795489180126,0.0064641241111828935,0.006083650190114109,-0.0006523157208090113,0.007227082540889967,0.01578192252510707,-5.99808061421163e-05,0.014870045073507603,-0.0017216302057051793,0.020332792207792157,0.014679268047456272,-0.0019355730678832785,0.014319809069212382,0.003383953376642327,0.01326294102498059,-0.0022532672374943464,0.004516415433016082,0.008928571428571078,0.013217352010844913,0.007259172061997217,0.005952380952380117,0.011659192825111873,0.0037017451084083203,0.020630372492836665,0.019672404451298205,0.006364359586316533,0.009228497600590618,0.01299504950495028,0.02436053593179041,-0.004206935758953993,0.00839338031514759,0.008552741908435375,0.008451175633838274,0.0008341630115975318,0.017133566783391566,0.018532285471537725,0.029088558500322836,0.017352995034307282,0.004560920871642616,0.01934959349593491,0.007188703465982021,0.009286412512218902,0.003696857670979615,0.009577248446777905,0.015622810704777862,0.0017611170513868487,-0.07652287014957564,0.009969860680860495,0.01839440340492142,-0.0005947071067500097,0.01846965699208441,0.016428571428571275,0.024735729386892127,-0.011994213660440841,-0.014276846679080349,-0.008904719501335655,0.026422764227642063,0.006765327695560173,0.019595850794556734,0.0024291497975707757,0.022713321055862143,0.007876941368804267,0.05298382598995944,0.009239297813366156,0.002252977148374587,0.0225031830160187,-0.0015554298642534235,0.018103109012199758,0.024549918166939175,0.01768292682926824,0.008306709265175686,0.03458107238112763,0.006567103993548248,0.026624737945492527,0.02849629452546014,0.005194143358356689,-0.0016836734693877302,0.00848656294200847,0.0038296041308089864,0.01465906075882204,0.012388162422574006,0.01151877133105788,0.010588896922953261,-0.0038878657663187544,0.006133333333333296,0.020718738540520767,-0.011009174311926656,0.0003110097449719613,0.050230221850146466,0.009347754441681474,0.055084745762709414,0.011998724388104917,0.010172570390554001,0.005919434194341969,-0.0014699706005879582,0.006094405795435016,0.011147362697117845,0.006349206349205923,0.026715192814000338,-0.007878715530619562
-0.002018225185003945,0.01225639292553782,-0.0021670173675450172,-0.006049756157787622,-0.03473227206946392,0.005611893275573417,0.00521071919377004,0.023907225691346883,-0.01050270215152447,-0.020027624309392027,-0.004060945177240078,0.008112806644774817,0.016537024560543862,0.012350936967632025,-0.015901520637219425,-0.0013531799729363987,0.0007573581259303987,-0.007575757575757588,-0.021458560099517833,-0.01550200803212853,-0.00047192071731945906,-0.0010655817107429108,0.004953042583301193,0.0003192236480878499,-0.00953079178885625,0.010869565217391177,0.00044034167961630515,-0.013415101571483226,0.00043803177721440744,-0.005308560053085527,0.0013537295248408415,-0.00046866630958745123,-0.0034196384953589787,-0.014444444444444381,-0.006514657980456018,-0.0007284013174562092,0.06913879743545297,0.005411434236615953,-0.009880493083654822,0.010021695010147715,0.012717079174073626,-0.009066911511534452,-5.5363321799257595e-05,0.007461365303386698,0.0006422607578678363,-0.007558578987150358,-0.002480417754569129,-0.004405840886203413,-0.014124293785310335,-0.008277847759582471,0.009422214843101552,-0.00228955428027707,-0.0066823117616641005,-0.013426476416963986,0.010250727247541166,0.0005647058823528545,-0.008452170292495129,-0.008006099885627066,0.0031616982836494235,-0.007397444519166104,0.16371681415928732,-0.005351767198126825,-0.010128554733151498,0.0059171597633129935,0.012411347517730327,-0.008429926238145492,0.00011229646266145164,-0.0039648477416716985,0.007114624505928787,-0.012136729400811324,0.005701486458969567,0.01766604382537785,0.004224708837634206,-0.017039654495484894,0.0061523112736947775,-0.011201460338533004,0.005189008979942926,-0.010943071437353935,-0.006881810124602373,0.0012562814070352674,-0.00588683720142285,-0.0067022196598442935,-0.004306907002711645,0.012235534030078987,-0.010653753026634225,0.002229330231656441,-0.009991654697496974,0.0009657170449057471,-0.013813021912475652,-0.006338028169014008,0.0007377706688619606,0.008646779074794633,0.0028265397203212574,0.0012953367875647652,0.027406886858748578,0.01815556014029297,-0.0037934960840766176,-0.003778337531485939,-0.01737047020065864,-0.0019801980198019646,-0.006719865602687866,0.010582470484850745,0.0018847603661821264,0.001200480192076919,-0.017547740175477358,0.01271186440677943,0.01998779371376256,0.007385998715478474,0.03156401123562967,-0.01267525846197427,-0.004638577502899032,-0.0021299254526091663,0.017375674056321098,-0.006337135614702075,-0.016090319139479156,0.016983102742763868,-0.007964059628343805,0.022011993863604615,0.006395756961235507,-0.0014820871876118403,-0.009724170172978094,-0.0018860645548459374,-0.012682225272929375,-0.010197144799456105,-0.006221003795866693,-0.0072661939135688315,-0.00020542317173381805,0.0013062739010261904,-0.012933357283995004,0.009308425564583311,-0.0021763913358897485,0.03755369558478372,-0.008994033660838898,-0.008032128514055875,0.008138023397801966,-0.006713420847569401,-0.007718761941153912,-0.00967402733964249,0.00028573061317789555,-0.0034955633234739114,0.0031545741324919595,0.0016969605550946033,-0.012754181205631087
0.041549209461943785,0.018317790291348605,0.024392546896638546,0.018632383081796138,0.014992503748125713,0.01370667710984931,-0.015095414411848473,-0.016204913748039593,0.0069043693322341625,-0.014799154334037806,-0.02236401836432959,0.006993676949607147,-0.004820148219557745,0.009816295049782637,0.015834706851895503,0.006775067750677498,0.011795407098121033,0.006330292310556627,0.022326394406483124,-0.01153082592260207,0.019830028328611658,0.0001939487975174991,0.010049286308647523,0.012126627521062023,-0.016284233900813887,0.003151649981460955,0.0061397437573956,0.017871017871017823,0.005744991375879019,0.04291750055592521,-0.010815195349465815,-0.022640498358898878,0.01319073083778961,0.01172491544532123,0.011803278688524575,0.017367603714385223,-0.03517017828200974,-0.005094703973047406,0.01872267629728189,0.01215337924917889,0.008371590602214304,0.0074125550150567175,0.010754920687650498,-0.0007280578429402578,0.007702182284980622,-0.007616146230007558,0.03337259521005057,0.0067012264508788146,-0.0014326647564468688,0.001996007984031906,-0.007607220691640275,0.0027120462537998163,-0.031113602690906263,0.021845025862501862,-0.006718771424653738,0.010629291694102306,0.009972915660626925,0.01255444529848825,0.01846015308419612,0.006929926442121597,-0.04309252217997363,-0.0038672794529761704,0.020857929948838932,0.0058823529411758625,-0.005253940455341489,0.007970244420828864,0.0017403997305186995,-0.04797275114904793,0.014390371533228601,0.010400888619610244,0.016197610852398885,0.009681188449340569,0.007845366685616783,0.003994248282473232,-0.022062469013386217,0.029034152890828103,-0.0031026827506887163,0.021382396817503733,-0.0003937214551944982,-0.008155583437892064,0.013632684360754906,-0.013712544438801303,0.001281640499839721,-0.015109544195416696,0.02643171806167364,0.01324951644100582,-0.001370515003985472,-0.021638756805182152,-0.002928630546890005,0.0,0.012295330877113509,-0.0017621564985473236,0.0210651238688619,0.0284605433376455,-0.009575923392612574,0.016210739614994918,0.009900998455035948,0.01137800252844427,0.01767753733617775,0.03253968253968224,0.013953488372092954,0.016934798615121677,0.0037624294544476478,0.012589928057553771,0.00930581613508449,0.029288702928869457,-0.009723261032161526,0.01721389862926363,-0.024029419195463694,0.015706806282722557,0.0003883495145631921,-0.0005336179295623973,0.002692242974928524,0.015306122448979251,0.0036140224069389163,0.026810166948039803,0.0010292301358583737,-0.0034569810548340453,-0.0017437805161590323,0.0035315794861296365,0.02058351430459838,-0.005239424522224526,0.008077865324769933,0.010989010989010964,0.008806366047745246,0.011355446289860264,0.0227039243887405,-0.004934676977179549,-0.002365787079162784,0.010395208062624697,0.008309098462816767,-0.024926373298049444,-0.005810818906128341,-0.0020242914979756556,-0.015019379844961154,0.0028966266368958883,0.05422057917436826,0.022085368443406223,-0.0069127056672761205,0.009444144630329145,0.0031446540880500497,-0.0007529270037269429,0.009872029250457041
-0.01547422923040711,-0.013573177128868559,-0.013488186315174863,-0.022437656240473086,-0.018463810930575798,-0.009851265211512483,0.015396182764603856,-0.0019482819695359878,0.007368744243168475,-0.012875536480686593,-0.015441433983889963,-0.0020930453810292207,0.09027063025973223,-0.006249132064990972,-0.02390334357072491,-0.032301480484522166,-0.0035076859589394157,0.0027752081406105353,0.021372503303023073,-0.0028613090488897657,-0.041203703703703354,-0.05410122164048861,-0.013688212927756578,0.005738428553411606,-0.017306245297215778,-0.0064683053040103244,-0.01376420166362336,0.004961832061068708,0.0006727965911638659,0.039019189765457554,0.0,-0.02343910629840297,-0.0018033075299084737,-0.009360374414976532,0.0012961762799740748,-0.011339210616491721,0.0054594322190492095,-0.0008672310551310788,0.0037316913891221122,-0.022043319915660334,-0.009641135511515684,-0.004196366980915122,-0.0059296386070142515,-0.0009044544381077713,0.012738853503184632,0.01765157329240188,-0.01215805471124597,0.00025119316754575644,0.0014347202295551139,-0.009718700953760649,-0.002941907682108189,-0.0070441373160944586,-0.036245660439742006,0.009632396304305148,-0.007040309221424649,0.008842144452717778,0.0017462165308499383,-0.0036690283400809334,0.003536693191865625,0.0203775616132877,-0.0013245033112581678,0.020818094862994407,-0.016962220508866494,0.017543859649120586,0.008802816901408297,0.006325777543489778,-0.0029143081320406002,-0.01525927841717318,0.003095176683002276,-0.00026650676260916165,-0.0065750149432156155,-0.011737477268970077,-0.011845667870036073,-0.010105028644175704,-0.0017743979721165234,-0.018674060181032234,0.020981460116444483,-0.013631937682570615,-0.014389622666281583,0.005692599620493323,0.001397469844071709,-0.0013241135795205084,0.005399999999999996,-0.029659933520838566,-0.012398664759179636,-0.008972033979192585,-0.0004708638629212352,-0.015989293512713963,0.0007662345954920145,-0.021970233876682677,0.024390591623322775,-0.014312977099236629,-0.007845416242917104,-0.038364779874213786,-0.010359116022099305,0.011764705882352884,-0.016968317720066833,-0.019374999999998824,-0.011380652890086648,-0.009607993850883862,0.015012510425354312,-0.014892426546310332,-0.0005354752342703817,-0.0011841326228538467,-0.01940664733437439,0.006097560975609651,-0.045921450151057225,-0.0009401441554371967,-0.01906980757614971,-0.006637480581838778,0.03454968944099343,0.0,-0.011579124014096278,-0.021984924623115305,0.009812747569319474,-0.043867060655745194,-0.014805675508945012,-0.021544149531003857,-0.013819339311362097,-0.002703116233998036,-0.025811823480433007,-0.012649484091007277,-0.011756978653530422,-0.009963768115942061,-0.007151872107698628,-0.006302853704114301,-0.0005022601707684576,0.01297738932167968,-0.00018241517694276242,-0.012828957686396308,-0.00206015657189946,-0.0003939592908733159,-0.010454326343697216,-0.012170385395536918,0.009615537184837193,-0.012455623082014573,-0.018629456458211544,-0.010388531061707831,-0.0038543404475637334,0.0026730820636193388,0.006269592476488724,-0.014956862449610111,-0.01001689596910457
-0.0006573836132193317,0.0002437349050540546,-0.0006228977201943439,0.004802594648537414,0.009781790820165262,0.008388607101053347,0.004807418461853806,-0.0015971606033717374,0.005994107487554688,0.011594202898550517,0.009458672875436551,9.533797311460468e-05,0.010051088405153329,0.008524315259921741,0.010300097954821988,0.0027816411682892866,0.009628325913655724,-0.009409594095940966,0.006619996956323223,0.001324393676020121,0.012071463061322917,0.007892578925789172,0.010472886147519874,0.00583108658850081,0.014548238897396454,0.004836309523809547,0.004336031165424822,0.008735282947208484,0.002412529332665407,0.008003283398317107,0.010250102501024871,0.0011228858165484642,0.010707204230006682,0.007424071991001117,0.003883495145631063,0.005608595645461188,-0.0017542394119120421,-0.00491857485326944,-0.002044799702574627,0.011494091952735543,-0.005813953488372169,0.01079489695780178,0.0032235845157734715,-0.0023637689541578777,0.005031446540880543,0.016214177978883783,0.0043589743589743475,-0.0007533902561527138,0.0,6.095702529710998e-05,0.0011636121846817624,0.013110632183907957,0.008576697113941415,0.004283489096573072,0.015570693730015335,-0.0007380754682167915,0.004876732796546856,0.004571428571428588,0.006607929515418444,-0.030445759071555126,-0.0039787798408488515,0.021110069999448776,0.0033333333333333045,0.0,0.019197207678882763,0.004190675746464006,0.008037771907144161,0.0031516743269861293,-0.0015428130624838335,0.011562812395867976,0.010629763337344373,0.006189360990297814,0.0009133462724056015,0.012137287999357056,0.009480277636702046,0.0003323915572543318,-0.0036002417680604066,0.005799605133267564,0.01758358865059277,0.0006289308176100193,-0.005655526992287879,0.0028727165586329446,0.011298985478416578,-0.008959156785243635,0.0024142926122645834,0.0013483578927093213,0.007140969517309693,0.0004294917680743795,0.0029349837299815803,0.011352657004830615,0.0007741392267653853,0.0022749273959340823,0.005710938644018082,0.009156311314584683,0.00697836706210737,0.02857705951911704,0.004603081267588935,0.005098789037603249,0.011511663132383918,0.001552192471866632,0.009449465899753345,0.0042938296601637265,0.0008036431824270286,0.007705986959098969,0.00227479526842584,0.008585858585858275,0.01013299556681437,0.007528230865746431,0.006186957541637315,0.0007108330963889668,-0.0446529080675419,0.010678056593699832,0.0033106960950764755,0.008349389852279992,0.01720602656681815,0.0052184837020902595,0.0010436234606553913,0.0013761574883958748,0.002755363117496555,0.009512120282295125,-0.0004748338081671406,0.011587232181897673,0.012229163897381408,0.0018298261665141988,0.01038135593220317,0.0077452667814112705,0.006834170854271304,0.0068463601748166465,0.008939974457215762,-0.004003558718861179,0.002786952931461643,0.0037659835347696193,-0.003592632059674281,0.014373716632442855,0.004982005060585696,0.018096514745308316,0.011315417256011333,0.0060885996220868465,0.0003465003465004249,0.005598507064782604,-0.01869158878504561,0.0018740916392565104,0.00719249055223708
-0.026372443487621147,-0.004253245314784416,-0.002804786836200448,-0.006393544382371162,-0.009687034277197942,-0.007351518668988096,-0.0013831729079508527,0.02186277995023091,0.02767117753989085,0.01934097421203423,-0.011772620248906825,-0.008770257387988587,-0.00725713343229426,-0.01233199390328391,-0.025414267246444928,-0.01525658807212203,-0.0016406890894175778,-0.002607561929595776,0.02849799682515672,-0.00570389352732077,0.0023854961832060844,-0.011288518254855981,0.02581547656895775,0.0002493454681460311,0.07320754716981014,0.007034431691965827,0.001484975821137269,0.006400602409638463,-0.023343898365269535,0.053949511400650484,-0.010146103896103759,0.0035050823694356766,0.007847240387130519,-0.0022331397945511288,0.00451321727917472,0.01306595644681178,0.016736401673640138,0.017403946002076866,-0.008754773214119467,-0.00423535273844613,0.005711954304365612,0.014791547687036014,0.0190733824014062,0.008670884480629047,0.027221526908635586,-0.004081632653061279,-0.003063569057952592,0.00929881879869323,0.018624641833810313,0.0008533463367061375,0.006226391598522265,0.009218223719198799,-0.0001700752583018371,-0.00494377665761914,-0.00698151950718688,-0.01495706767611466,0.001486896722631769,0.007205157375805735,0.013566739606126772,-0.026310675838482685,-0.010652463382156802,-0.0013494548202526164,-0.015438733632988004,-0.011494252873561856,-0.03253424657534188,0.06311945748565446,-0.013828482212557247,-0.007330802461054988,-0.03656966263198536,0.005567085021576599,-0.0029767811073624843,-0.00415627597672484,0.0294285388388273,0.023427573062261713,-0.008301190675834184,-0.0019936866589133242,-0.025952104652389504,0.009446693657219866,0.02060479120303699,0.005656819610307948,0.015068695523710955,0.005508630187293418,0.008222195995121789,-0.0005317734645042394,-0.0024084778420038304,-0.00663652976820244,0.0273288878494543,-0.025042930738408666,0.06660729054011048,-0.011225220921900828,0.012183116423334648,0.01612981117496502,-0.00771694816540468,-0.013609850939727785,0.01801801801801773,-0.028453726767579908,-0.0015274167896333632,-0.0006341154090043851,0.014375561545372815,-0.03215807826423846,-0.015466015466015273,-0.023626419050696835,-0.0002676659528908517,-0.0005882352941176068,-0.009532455742169694,0.053580370555832424,-0.01786833855799364,-0.0018679950186798325,0.006527757540434236,0.007884642704929763,-0.0274941084053415,-0.002641310089804515,-0.015441238683475746,0.010828025477706798,0.014110429447852655,0.01212671274374007,0.015012510425354375,0.00577657691232651,-0.0185083415112856,0.004609929078014134,-0.0017102137767220438,0.02066133563864281,-0.005187130663164859,0.007534246575342457,0.0,0.00012651421703516806,0.0337392693152325,-0.005067252878274118,0.0074141048824593265,0.006763223377783532,0.04426145136387021,0.009466887706133957,-0.01255843798698319,0.004048582995951311,0.00329965908735487,0.033574720210664814,-0.019285977180714026,-0.0064691151919865466,0.0013277912481237453,-0.00026511134676554976,-0.009523809523808942,-0.01683527390723402,0.01040910191236975
0.07775935139119218,0.029143492769744147,0.007406712919557413,0.02611357531080146,0.01580135440180559,0.028259598518807192,0.006312371567080341,0.0036528091842059755,0.0,0.004919184820800975,-0.013436416091283432,0.018561261781111674,0.013623525502575113,-0.008698092031425363,-0.016641041873925955,-0.01830985915492955,-0.001514995891536588,0.011017740429505051,0.00962810524768479,0.0023001884491740724,0.026653974297953076,-0.016046081053281206,0.01803756275956121,0.01844696497569494,0.02531645569620234,0.015624999999999941,0.00618674642967844,0.010849233071455128,0.011365166572405877,0.01970253042302446,0.0005466721333878843,0.0027942717429269956,0.008651267410675657,0.00380483437779763,-0.0019255455712451836,0.002103179512557274,0.040411522633744715,0.020576467706377093,0.03175796298036258,0.006644148840053955,0.03718728870858678,0.011030446282852093,0.0,0.009171102281530414,0.014011574779165209,0.002980625931445624,0.018437900128040894,-0.0048555776892431285,0.05766526019690427,0.01778319123020707,0.024215172641392776,0.005679489431465433,0.009143100148841158,0.005406721870433463,0.0024813895781638623,-0.0008435654700535094,0.010124755129394853,0.035140562248995894,0.004749568221070747,0.005428274926159457,0.052489905787347246,-0.000702664720825876,-0.006748709805478419,0.0,0.005309734513274192,0.04416094210009792,-0.015464208978853271,0.004439755593652424,0.02085004009623072,-0.001539671100045802,0.007563694267515682,-0.0013355592654423236,0.04033240997229905,0.054706293163653205,0.0025365688678447573,-0.0005826535708340638,0.009964258637495983,0.005104521147301939,0.007670206762095346,0.015624999999999806,-0.027746013264860554,0.027465303140978708,0.00995005462775089,0.015961691939345487,0.015934331240946304,0.005906274206041949,0.004103275957801302,-0.005650961397328495,0.03656208994393422,0.026570048309178137,0.0002289826814673439,-0.009742882942825904,0.0243580337490825,0.032194480946123476,0.00476514635806657,-0.0073957203431614165,0.03781095260378679,0.9562182741116144,0.007676409802184847,-0.00040032025620505176,0.00785448532451422,-0.02105754381575972,-0.0013386880856760303,0.03472630959387838,-0.020623281393217216,-0.006891634980988409,-0.010852218321098062,0.025265127885214955,0.005964272271924462,-0.007822961449009881,0.1013731825525032,0.02224576271186411,0.003910110428393375,0.040327662255828144,0.0019013049866044782,0.00997903721422649,0.024650780608052487,0.01611857341361749,-0.00035994960705504857,0.020271292420957092,0.005424954792043432,0.0063524329818320366,0.004026136888654299,0.02356673464763184,0.030719228349758612,-0.0014863540052496179,-0.006373117033603615,0.012545406883121741,0.007718542451983375,0.013784143481842948,-0.0018728437654016495,-0.028004667444574152,0.018350043322193386,0.006048387096773892,0.0032888071449725456,0.011754487550665854,0.017263379118817056,0.03234614576769568,0.00807149034303833,-0.005303632988597161,0.009615384615384023,0.011221557816261453,0.03881169142309537
-0.008719439220379516,0.00495028102031985,-0.0004963548937490022,-0.0011567732115677861,-0.012592592592592322,-0.014215314632297167,0.03049516567573352,0.0024263431542460526,-0.009630503144654136,0.008391608391608196,0.0032693160722207593,-0.013785289396657428,-0.013221876195159275,0.013303141805830735,0.013764983598516222,0.0057388809182209385,-0.00012858428700012852,-0.019763575914296068,-0.018999781611705575,0.0027649514751016107,-0.02318034306907721,0.001568053522893578,0.014551875304432436,-0.00030596010280259416,0.00754458161865555,-0.013212669683257787,0.023581684732725025,-0.00851221317542559,0.005964902937182017,-0.006440613752604468,-0.01010790875563427,-0.0016718913270638018,-0.009177459473368245,0.014715719063545137,-0.03858520900321538,0.002777777777777776,-0.005616644252828019,0.03424273941915347,0.003642655495856473,-0.02031178801728785,0.002868318122555462,-0.006957973838018361,0.009459259159446431,-0.011390649762282087,-0.008110543706818782,-0.02563150074294178,0.024264520995725024,0.00012510947078696671,-0.018617021276595324,-0.006881282910483477,0.0037860480103107897,-0.023317419655332985,0.0007163927517909046,-0.0019863378712271233,0.003025302530252927,-0.005440900562851729,0.015575878822520565,-0.018064985451018357,0.007305543618392791,0.0020841603811036116,-0.026854219948848526,-0.01790350497620071,0.0034972022382094253,-0.005813953488371293,-0.017605633802816593,-0.007283834586466184,0.01208901651112703,0.003938730853391682,-0.01832940560356105,-0.007021227730568614,0.0027657052548399406,0.0,-0.03312386835658745,-0.013537374926427356,0.002277135869106891,-0.0031648205213624953,0.010321715817694366,-0.0019347037484885353,0.005600672080649675,-0.013538461538461303,-0.01969526864474747,-0.009810891511445994,0.013522389212996937,-0.00811730819586266,-0.006653992395437226,-0.0009625565501973221,0.049834383070023434,0.035795999704775205,-0.014960584613614113,0.006352941176470512,0.022955409536204428,0.005567287387214388,-0.021057155135367107,-0.026734563971992326,0.003387533875338708,0.0074508245579177354,-0.03211885828176045,-0.035030814142068226,0.019923820685613745,0.039247096515818716,0.014356029532403492,-0.03234782437758628,0.03297587131367278,0.03583617747440222,-0.001481828107939549,0.002392916965781264,0.0,0.013386066321874073,0.0020146783709886302,-0.0076715442534450486,0.008434176751008415,0.034715025906735336,0.030645437425098378,-0.04360993337371231,-0.015354092987147351,0.012441777224086695,0.022253408179630958,0.013401403956604805,-0.0020004400968213,-0.02140068205407004,-0.0194055282090117,-0.047300425030509616,-0.011306863002892468,-0.0035421740092981156,-0.025836639202522434,0.0018527902704756785,-0.025655976676384796,0.012057104815444891,0.005343783398646222,0.0009689619604288148,-0.013035749555599465,0.0023120359254814233,0.004861891883679234,0.0020040080160320124,0.0014059781257768115,-0.0004578492531333793,0.010551169482771293,-0.013224821973550302,-0.0034315127251930188,0.0015995734470806789,-0.006349206349205923,-0.010713051491763657,-0.008302583025830292
-0.015522593997930302,0.0283292821957884,0.0072627952450417714,0.0039619651347068095,0.005251312828206888,0.024706787156316086,-0.010838624917889204,0.005186721991701226,0.01815836475491161,0.02912621359223273,0.01778345450972677,0.030445189085686827,0.00326670726980792,0.0002793296089385474,0.02062416838030718,0.019258202567760313,0.009645061728395058,-0.10099868098737481,0.004971801721579185,0.008271982794275785,0.014238253440911114,0.018995929443690527,0.0012602772609974998,0.018546856828058955,0.008168822328114176,-0.01008804108584002,0.023221466514421814,0.0011198208286674475,-0.002951531355057213,0.010104861773116947,-0.0052435490547811546,-0.010048147372828026,0.010560941828254879,0.006152493957371879,0.01939799331103676,0.004462911665127729,0.01575178997613359,0.042701322812717574,0.006623718355866227,0.017307963354475004,0.0023400936037440844,-0.00588565022421524,0.027951678569044864,0.02111511872557852,0.003937007874015759,0.0026686999618756512,0.01472934822634084,0.0121341005754316,0.014905149051490226,-0.0006627703801892722,0.013562314420993564,0.022264612083097445,0.024382027203436244,0.010825242718446681,0.026048807238826396,0.019524617996604418,0.010593177752316772,0.0017286084701814714,0.010665529010238817,0.01047835990888375,-0.034165571616293376,0.0009362780194966369,0.010753758837000943,0.0,0.005376344086021486,0.01349112426035494,0.011008341372070636,-0.0037925021795988715,-0.01040277407308604,0.016124235916074724,-0.0037431048069344755,0.008358408559010336,0.01310861423220981,0.005295346062052599,0.02650622685964317,0.0516333862478067,0.00939365795409316,-0.03852677489701948,0.024328498012708505,0.011852776044915494,0.03396485717090425,0.0037334865020103663,0.02817062478557526,-0.01900739176346344,0.007655502392344397,0.010791020329511316,0.0036923692790663295,0.009049451332478123,0.006659267480577049,0.005377601122281774,0.015650963484815053,-0.003961435662466457,0.00570676031606665,0.026160889470241953,0.008102633355840655,0.00404299378759493,-0.011887064418266317,-0.013109243697478571,-0.0054582016661879436,-0.008477842003853455,0.0028305701577031254,0.01104521182855451,-0.016610433428497277,0.01263042284459081,0.00929469655549487,-0.010503700167104016,0.014520813165537223,0.0060042029420594055,0.019675427258365637,0.03335719398711513,-0.017090909090908928,0.027040560841261652,0.00926079734219276,-0.003166561114629472,0.0053438458169074885,0.04410728264887047,-0.03569327319082157,0.0024739114789492614,0.025737136442903347,0.02717171717171712,0.009460372622839979,0.0007509165599186434,0.011569148936170257,0.0042212841590756915,-0.0005220841599665515,0.009452303801470033,0.01416317574306794,0.00917263557959359,0.007087172218284879,0.030477142143392408,0.009305583350010055,0.01676795457569964,-0.0003628776195228982,0.007999999999999651,0.04174779121450226,0.026452905811623243,0.02285338785046739,-0.015463917525773132,0.005681492109038783,0.009049773755656151,-0.006389776357827045,-0.002290017078093358,0.007790697674418639
-0.008584442887175909,0.015792996694975518,0.06819092225680204,0.022160160281707218,0.04179104477611874,0.0208274697438782,-0.0013613724405090503,0.007739938080495329,0.00438553747198128,-0.024258760107816347,0.01663609743540247,0.021555328440026018,-0.03780353200882998,0.016615470538955596,0.012770370370370336,0.00909727081875436,-0.008330149025601785,-0.010899182561307952,0.0,0.0051412475729483344,0.01544220870379027,0.021714636894397215,0.019779429393430806,0.004266826923076863,0.0270087778528018,0.0016675931072817746,0.006713729485826616,0.0029828486204325332,0.005694866655161835,0.005473763684409226,-0.007213205715078416,0.00021146119687034191,0.0051396265204728415,-0.0010919414719370996,0.009186351706036733,-0.005576834686686015,-0.003289473684210557,0.00022256843979520313,0.01640526410672416,0.06305245365623866,0.010765239948119239,0.022892585283337954,-0.01351790050513569,-0.014644197512694041,0.0018099547511312795,0.0030418250950570544,0.0012096286440062068,0.021876158694845986,0.0013351134846460832,0.010973109851682155,0.00407759303246246,0.022975100588955532,0.003658636849461516,0.018153003889929256,0.010956707642971719,0.007586270700342124,-0.0014519850425650765,0.02157031924072471,-0.009708737864077636,0.00043125416552333224,-0.027210884353740753,-0.00011004732034777443,0.02502216530391087,0.011695906432747127,-0.007130124777183448,-0.00817375058383929,0.021889206937194802,0.007438848291252783,0.005390835579514796,0.022989627028257333,0.004745896776745051,0.002320954907161758,0.011199304120908917,0.018398991023072866,0.016476760390195813,0.0,0.0038118772838402672,-0.012096774193548385,0.0006672927685236202,-0.0012330456226879543,0.022321381478316665,0.014663805436337603,0.004041227940086046,-0.01964477933261564,0.005698005698005725,0.01305881231531791,-0.007661950543683612,0.013205282112845152,0.004816340741600386,0.00999999999999976,0.0006962882986106965,0.023336048684651767,0.011494252873562935,0.019757807520713804,-0.011386470194239747,0.011098016106855178,0.04862136315663622,0.05347411444141509,0.05025996533795475,-0.0023319082782744583,0.008064516129032194,0.010469442108636574,0.02480865663763522,0.00542299349240775,0.02298405819532582,-0.05983112183353302,0.00667938931297715,0.03133393017009829,-0.006422535211267654,0.010667775006927175,-0.0018497965223825243,0.005850804485616799,-0.007776817676830052,0.01651842439644194,0.005402579295921955,-0.004443613816758615,-0.017490339637990505,0.006730380939561177,0.024153362124557758,0.019372603009145357,-0.00047814860858754805,0.008298022598870131,0.006112790850532366,0.02035398230088484,-0.0035520267446719584,0.02084148881198807,0.0072777340676633395,-0.0023718993300743,0.020760028149190757,0.02190909090909095,0.02815505105581422,-0.007024126347017974,0.022597331881296014,-0.01785714285714212,0.015778226196769864,-0.0020081441401239093,-0.018059818687986395,0.023664921465968512,0.037377311116183476,0.015035610656818672,-0.003215434083601125,0.00019451468585882578,-0.0006922810661128664
-0.009247805854980282,0.004921644941413814,0.0013846420123464435,-0.009978617248752633,-0.016475644699140046,0.0017461630364856975,-0.028428297516264526,-0.014678272742788859,-0.0037842033766736427,-0.0020718232044199393,-0.008704184338798503,0.013733515234197254,-0.009406366504158343,0.001098750171679714,0.0007899125245019957,-0.007628294036061015,0.003365187011919416,-0.014197923288832296,-0.004651849664033012,0.01246088967487421,-0.012903225806451547,-0.004812030075187914,-0.004114258845656513,-0.030758183232601162,-0.01840894148586421,-0.006844247132815448,-0.0012651135891272524,0.0029739776951673066,-0.016908658922914512,-0.001877229209686494,0.007964230822970512,0.049612403100775186,-0.012058973921936321,0.0004372540446000101,-0.0019505851755526632,-0.004714510214772185,-0.0009429514380007985,-0.009012016021361877,-0.002749201844625668,-0.014336170157306883,-0.011548825869369918,0.004520147731657592,-0.018218197135636126,-0.0007966143888473529,-0.004817825956037377,0.009855951478392518,-0.0012081672103418282,0.010885341074020293,-0.009333333333333122,-0.005904103053435026,-0.02152742183495656,-0.00068403351764239,-0.00045054269916031467,-0.014008773171076738,0.0006608511763150929,-0.004223670920943808,-0.011333984024859176,0.016650579150579194,0.014919011082693822,-0.013127988086840656,0.03216783216783123,-0.004292317851639855,-0.005766458433445447,-0.01156069364161712,-0.00628366247755826,-0.006357428773251651,-0.008348437414181379,-0.01124961994527215,-0.008042895442359206,-0.01252383979656709,0.0017713048612476782,0.014720476347998588,0.010860215053763441,-0.003132512566474793,-0.006532258064516045,0.01580996265988705,0.00039283469516027635,-0.08635204081632636,-0.005507668749536954,-0.019753086419752774,0.002930463405322449,-0.002537892139584,-0.0012554927809165426,-0.023606917375789117,-0.02077431539187896,-0.0029168234851335182,-0.023819093351384584,0.0057150822414274004,0.012127512127512114,-0.00759843426203064,-0.0023054006266637547,-0.006789660985203216,0.009781357882623664,-0.003124999999999996,0.0006775067750677031,-0.009810587663914535,0.044455176357802086,0.0484966052376318,-0.004675467546754774,0.0112972341254383,0.00999999999999992,-0.002890253869082507,0.003605459696111177,0.0021574973031283787,-0.0035554883122778137,-0.021298434693353272,-0.011532385466034646,-0.008101851851851838,0.0002551599002041536,-0.005140507196710068,-0.008154188287620358,0.0024236548715462682,0.006261922534627145,0.005624999999999966,-0.005286878141792251,-0.013792296190941035,0.0,-0.01239024825065727,-0.027686084451143775,0.014808026239629677,0.0411404515882127,-0.008273507266678373,-0.008819494348990646,-0.006721595836946992,0.0004193751310547897,-0.0055219805503573935,0.010642452645967441,-0.009619049347538065,0.0018958979662183817,0.004833496426770963,-0.022852183974544294,-0.02021089630931457,-0.01112294403029224,0.004040404040403935,-0.006010936973126713,-0.0006148342742160348,0.0007269555103227672,0.039075286415711716,0.00033005115792942864,0.003898128898128878,0.0,0.00933488914819124,0.009467728899665065
-0.0131985731272295,0.006290983606557337,0.0027078412168001637,0.0005399568034557775,-0.018936635105608047,-0.010091743119266037,0.002714973420638277,-0.007621687164385869,0.012467127690659325,-0.009688581314878798,0.003001372968485612,0.0018840839763144919,0.0005790052689479468,0.00974070517217725,0.007659027128157098,-0.004891684136967149,-0.029365831178473648,0.004514187446259703,0.007937685459940542,-0.015344100180044697,0.026610644257702914,0.018636043114737544,0.0118035882908404,0.010866209791936709,0.00937709310113837,0.042093499720618245,-0.0012305242395177925,-0.00037064492216464786,0.006471622873561771,0.012789166823396406,-0.01053507069586907,0.018665234322545934,0.0033211127884407213,0.0017482517482516411,-0.011074918566775229,-0.016037151702786426,0.0018090294163913409,-0.003854646158452049,-0.011293908403735013,0.0,-0.0010385564065947715,0.007517971793886863,-0.014466909792985039,0.0030893417708903357,-0.002420574886535572,0.030405405405405265,-0.00870932623684517,0.011844938980617453,0.00807537012113045,-0.002039714439978455,0.0076560422291171324,-0.008185499971479038,-0.010735944927061241,-4.7837734404855034e-05,-0.0043587372870163305,0.0058091286307053415,0.0009267840593142528,-0.025990980299074203,-0.0201595968080636,0.0111384664257633,-0.023035230352302937,0.004366088206035069,0.003673272112131413,0.0,0.033423667570008454,-0.005687203791469113,-0.0012738853503184455,0.008610086100860961,0.015135135135135116,-0.014517478915856526,0.001964636542239675,-0.0027709861450693394,-0.0025529199021380408,-0.0058462437883659655,-0.012257488432502728,-0.009698107304864574,-0.005131024372365742,0.009074410163339357,-0.0022848060398350505,0.03715365239294649,-0.004290255872094892,0.006643579051522969,-0.012533737567937152,0.14028675850435693,0.015911282545804973,0.01849580069831072,0.0010509892300692057,-0.0018018018018017361,0.012381604473353887,-0.0016241299303944004,0.00041215703238099054,-0.002168686059120223,-0.009686609686609646,-0.013793103448275845,-0.0013540961408259036,0.0017657445556210187,0.01235684409158461,0.013259327782916634,-0.015473887814313168,0.001926040061633267,-0.0003960396039603704,-0.012245646817637394,-0.01052091352322285,0.005920344456404642,0.003492256301244994,0.05243838489774377,-0.019657983058973993,-0.022753792298716352,0.009721946656840839,-0.013365483982087539,0.008221225710014844,0.0072533849129593105,0.003750257572635443,0.010565568676196194,0.01925590311056885,0.021861227561001763,0.026909542537776745,-0.005911819125411753,0.002433376506142241,-0.007367270307524115,0.0011027384671935703,-0.0011035091591260198,-0.006854732401792827,-0.007203667321545508,0.007755187591699719,-0.010781380140049915,-0.02763018065887343,0.012901097692829358,-0.013934285222776331,-0.0028035176769167195,0.006118018551411124,0.017623318385650292,-0.008166806270192702,0.064386317907442,-0.0076181064617471695,-0.0008389261744966433,0.012058695336335983,0.020476471746406648,-0.052790761616717016,-0.013978772974372266,0.03870967741935243,0.009248554913294673,0.003431316481756826
-0.010422942523195526,0.010324393670963366,0.06765686049184093,0.03483840019188093,0.029695619896064895,0.03540315106580164,-0.007372013651877049,0.008552976086576994,0.0955266955266953,-0.00908455625436733,0.012749498615222905,-0.008507208740037594,0.004687228748336397,-0.0005434782608695651,0.04479257325210328,0.01264044943820223,0.010603502848702324,-0.024181468007703752,-0.02561271803930222,-0.011189345559740185,-0.009095043201455124,-0.0040545886075949505,-0.002683154456369652,-0.0027484272888291666,0.009289980092899717,-0.020554066130473562,-0.014231877230808342,-0.012977382276603538,0.014981123517562365,0.0072423398328689565,-0.0012608573830202852,0.006591088847877661,-0.01461611211417762,-0.0006544502617800027,-0.015151515151515131,-0.003870115159524171,0.0,0.0007513712525358774,0.0028782155063860762,-0.009295376112337762,0.00662768031189085,-0.014161220043572969,-0.002271954288823864,-0.011226466643485122,0.06490749165908373,-0.006557377049180322,-0.0235509456985965,-0.0035473572188719315,0.016021361815753758,-0.003125939284640841,0.006758107729835678,0.01112868439971238,0.0015325987904897152,0.00019136009185266988,-0.00689838153356318,-0.011184451778511205,-0.022544283413848624,0.04922627025709744,-0.04157736819545621,-0.010210693738095702,-0.002773925104021957,-0.00368678809222475,-0.008764326302609931,-0.017543859649120794,-0.0008741258741259333,0.0016682554814108324,-0.0028837622005324108,0.004094076655052301,0.005857294994675125,-0.01094234852196635,-0.0037254901960783134,-0.00016345210853205088,0.018129465713980976,0.03168185827697724,-0.0033694937541090585,0.02629916284947078,-0.00010525484830147376,0.0067791920309906994,0.003186140289739563,-0.007285974499089097,-0.006633601983881041,-0.0021062978305132316,0.0021716339673505027,-0.008382642998027656,-0.011865211200759262,-0.0008338738070970647,-0.001039062246322733,-0.011177450708136707,0.003043453756411027,0.007901464094817299,0.006507964259142725,0.01682022206472945,0.033084004602991435,-0.010171646535282885,-0.011525423728813327,9.792401096740006e-05,0.009945967592403045,0.010955569080949131,-0.006735896716250409,-0.006920415224913485,0.010301109350237614,0.0022632610745341444,0.007520746887966707,0.0010700909577313349,0.0016643970343471358,0.011958146487294093,0.024127812194326734,-0.008656716417910328,0.027621827981136323,0.01494309056630128,-0.0007412898443290851,-0.00144023043686994,0.014698636886188273,0.03444034440344358,0.015472730381261844,0.006500024106630168,0.01552106430155202,0.028236789540584614,-0.028150816334520993,-0.004117985060333222,0.014870570956489615,-0.00720282810428642,0.001990974250066363,0.003957783641160957,0.02787021630615619,0.0033211195135261834,0.0006954793840040186,0.0021891339351942994,0.021807397069085754,-0.01340593649196523,0.0018634758728913038,-0.01806724540607234,0.00030161363293620854,0.011342155009451394,0.024493739085200486,-0.009851665267282334,0.01744186046511622,0.06772139687439685,-0.01857764876632799,0.005513258072985067,0.021739130434781127,-0.008591065292096188,0.0033055967172005976
-0.0006697108066970518,0.0017132261055347276,0.033205069558431666,-0.011472940085757291,0.0050468637346792146,0.017006802721088402,0.0002750653280153619,0.041017653167185815,0.056989813839128885,0.009873060648800829,-0.02445502695396599,0.006683526011560558,0.0055869139500057795,-0.0004078303425774877,-0.012578441717110056,-0.0027739251040221876,0.025813018739886215,-0.010526315789473663,0.10076289749981045,-0.001987193640980298,0.0064249655805415,0.016880150928408152,0.024096385542168672,0.007716805487506199,-0.0026298487836949407,0.0160583941605838,0.007593928533137326,0.029676934635612228,0.08807370800693973,0.0444321533923295,-0.00196380979099451,-0.01997118910424303,-0.013262368030712684,0.014189041693953222,-0.006688963210702332,0.003095486275624537,-0.014917170448300203,0.002440123132367293,-0.006995515695067211,-0.08855403998611962,0.02711076684740504,-0.008729281767955767,0.02406665030407155,-0.016553629741271052,0.007690116775847261,0.004767143381004774,0.024118970257435427,0.003915984336062592,0.003942181340341701,-0.0027739251040221334,0.0011518906895456344,0.00571639838461986,0.019438355597832815,0.001721911321567112,0.007747795885653148,-0.006119043204153437,0.012911861614497486,0.01614214376959696,0.03667262969588526,0.004939790108516781,-0.001390820584144725,0.013476195736220073,-0.002914885347842979,-0.005952380952380328,0.002624671916010428,0.006899833452295892,-0.011095661846496126,-0.007417367918799295,0.014293276866066566,-0.004326287978863904,0.029915370989961935,-0.0003269576589832349,0.03498481198282173,0.011756323477021715,0.010472499381545331,-0.022239322816467906,-0.009131819258401603,0.028720626631853673,0.0012654458835790684,0.009174311926605392,0.011140235910878149,-0.0011257299655244542,0.009713816035268618,0.004226752859273944,0.027377521613832674,-0.06361275964391691,0.011246546400129937,0.0006318893491540333,-0.0007304601899196229,0.02305741295826555,0.04002218127162043,0.03457088425259051,0.03467000835421853,0.01284521515735387,-0.013031550068586965,0.002643689415450938,0.023724075731218854,0.025586995785670554,-0.006216445323537656,0.009678668215253506,0.005098039215686279,0.006828839862698016,0.00849420849420848,0.01763762693746647,-0.007326283987915437,0.001230920728705146,-0.010028653295129015,0.008431195423065153,0.001311188811188736,0.01699346405228759,0.010756676557863337,-0.02355769230769211,0.005341102209274018,0.035671819262781984,0.03400959676740449,0.019269626713581494,0.02362048431917425,-0.012715231788079545,-0.022681492224639315,-0.011106837195884385,-0.0009949348769897857,-0.0008901945074998881,0.010266260431845264,0.003723171265878189,0.01932416025900422,0.005066202523776877,-9.928514694203994e-05,-0.010163555619742077,0.022707870923680908,0.008668786369908098,-9.789525208029617e-05,-0.0012565632993762866,-0.0040404040404040656,0.05046728971962434,0.011671176039634096,0.011080332409972235,0.01298059964726636,-0.05113841705818549,-0.012658976634131952,0.002349869451697056,0.006079027355622818,-0.002657423454650472,0.024880708929788598
-0.005909589374923865,-0.01875289241232214,0.009245513972445761,0.044314185228604815,0.049497847919655,-0.006336912515402246,-0.0005958109904212757,-0.01645885286783033,0.022596992606131093,-0.0027932960893852776,-0.005493708817322155,-0.0285304144984747,0.000859155736296465,-0.00802393580851353,-0.014257191867495233,-0.006258692628650895,-0.015571330432791452,0.013519503546099283,0.05270019899814695,0.001991150442477825,-0.014591883264933825,-0.04189044038668077,0.0039977155910908,-0.004436611158381045,-0.013843111404086795,0.002873563218390835,0.04726927800950966,-0.010215249908792377,0.008721386724648271,0.015357458075904487,-0.00927617709065357,-0.004944210596646008,-0.001326377221681845,0.025182953077916355,-0.008754208754208742,-0.002172749315111513,0.03243803299593526,0.011721529416170356,0.0009934971098265056,-0.03391369287314584,-0.001885369532428351,0.011035559023520193,-0.005911881016737086,0.01529973691604303,-0.01328434143583935,0.00802919708029187,-0.022940817571689892,-0.005791962174940857,-0.01308900523560175,-0.014512910443248454,-0.0718508232493552,-0.016712382999180028,-0.023854923120613467,0.006016330038676358,-0.0002651113467655508,-0.007929104477611925,0.01207636164027091,-0.04662857142857127,-0.030198446937014407,-0.009475679090334803,-0.00696378830083546,-0.0076294277929155226,-0.024361722861040682,0.01796407185628532,0.0017452006980802736,-0.015595463137996066,-0.03335114310621182,0.004238954682515322,0.006524008350730655,0.002487644697999932,-0.010128033632715288,0.020278004905968823,-0.025908308875619845,-0.004859154929577522,-0.0754855557369021,-0.01243507004564767,0.005736747051949526,-0.009350788137857308,-0.0070131093103363235,0.0,-0.0048143690399036375,-0.02197647390293724,-0.010175386664693252,0.00940826937360731,0.019167835437119946,-0.005248564072093428,-0.008550030535823263,-0.02041818692113394,-0.013551506972559664,0.026143790849672697,-0.08306261004993681,0.0042667864361104835,-0.023684564661552703,-0.015218769816106512,0.002084781097984564,-0.007812499999999993,-0.005247017068275466,-0.005576753742295043,-0.013932328689223627,0.0023006134969323667,0.0007803355442839917,-0.008001976735345636,-0.015058703420112313,-0.006302521008403385,0.008978163280833864,0.07401032702237334,0.027013989387361333,-0.04150492684383367,-0.009957442164993448,-0.046881342172912906,0.02201834862385305,-0.00689315608074836,-0.0009659502535619775,-0.012055109070034273,0.0022795733941219165,-0.013859634881505156,-0.010859026565832848,-0.006484214292102672,-0.014324580568036599,-0.014391987163903285,0.002987777274784924,-0.009266271662137351,-0.002556874057562354,0.009600698232598643,-0.005856079404466477,-0.005458143921823185,-0.024227981332538926,-0.008553555470445647,-0.004340567612687836,-0.01763463883189095,-0.00988838848639123,0.028757582565715548,0.015349217401834715,0.048042704626332734,-0.010038001003800099,-0.019625384400335403,0.006894630545302492,0.0036183584079222428,0.0024564136360913855,-0.0013024225058608945,0.0,-0.007375656472041863,-0.005875180135240058
-0.003983575412146835,-0.018906227571923593,-0.001238645747316197,0.0029748540637630086,0.01572112098427855,-0.01124889282550932,-0.017369072732275517,-0.006592292089249431,0.022260134860670903,-0.008403361344537816,-0.013397051676656373,-0.1174732175840411,-0.034336728854297775,-0.003975870578557718,-0.029868203343413082,-0.02379286214135756,-0.027655010209092543,-0.028865077629564685,-0.005345153510201342,-0.01705674541841458,-0.01249421564090682,-0.009478189971463564,0.001592718998862316,0.0081802087784629,0.010026737967914305,-0.011819484240687676,-0.023816159223390993,-0.004423147806855805,-0.00974768582274557,-0.023470097357440503,0.002695417789757544,-0.030282683139729972,-0.006286523817956552,-0.008608020155364278,-0.001358695652173911,0.008204998737692497,-0.0077968195152077506,-0.007403020432336389,-0.00045114138771090777,-0.0036377415687760505,-0.014859589472358692,0.0031973539140021765,-0.00859909722873328,0.016578616352201272,0.009166427957605186,-0.0007241129616219667,-0.004745847383539288,-0.011889192723814024,0.007957559681697325,0.006565625575259269,0.05612550226553801,-0.023467157483032287,0.019699929346244986,-0.0009492619488347801,0.010872447626624131,-0.006582040432534073,0.0239047025973765,-0.00479501318628625,0.007562277580071056,0.0019132653061223394,-0.016830294530153844,0.00021965952773206508,-0.022972433080303587,0.01764705882352738,0.003484320557491278,0.006721075372059388,-0.004858181818181762,-0.01884247171453444,-0.03318641431164103,-0.006120963472736894,0.0009652509652510289,-0.012982849815675584,-0.013298701298701223,-0.007784304012454875,-0.021449377703239594,-0.035941982786101244,0.00990282032322805,0.012405609492988008,-0.012902420763663538,-0.021212121212120957,0.005261471351340138,0.036154123154483235,-0.029419460954730577,-0.0034338974736325004,-0.027522935779816262,0.003583872573419627,-0.016885502782730856,-0.025786118472888725,0.0009690474833267079,0.031627498352733714,0.0051851668831940844,-0.011225402504472222,-0.022191592005513128,-0.017385705086928504,-0.002773925104021996,-0.007086614173228384,-0.009230713581194957,-0.010035419126328021,-0.007497116493656308,-0.0011476664116295038,0.00896686159844052,-0.018463558447766194,0.015548069448043456,-0.012156448202959613,0.0015835909810724192,-0.019917582417581903,-0.013621418506341031,-0.018068535825545094,-0.00807362707007239,-0.08247569025480862,-0.008976660682226148,-0.011898859692612562,-0.012126339537507006,-0.021499128413712643,-0.015920721306148872,-0.02955371571418056,-0.023524799059007943,0.0008326956834857826,-0.022039604374464276,-0.0028612303290414627,0.012005777216103927,-0.0375016862268987,-0.0019061390824241403,-0.009293278582234695,-0.013578274760383247,-0.0032337805693319717,-0.00753027373562642,-0.028365402303079316,-0.04828973843058326,0.007840406853544856,0.006625135963611225,-0.03389386328892765,-0.014610292802194516,-0.005093378607809626,-0.014804084884478859,0.0029656667046879274,0.003319961267118514,-0.0017077798861479577,-0.01255080086062633,-0.005477308294209586,-0.003021148036253637,-0.0028399144135382815,-0.03256021409455828
-0.014828944129953302,-0.0006688264186434982,0.004159776767259173,0.0011752196541495923,-0.030282637954239165,-0.0010749798441279613,0.03172362295674895,-0.012080993704270883,-0.006516728919971416,0.008474576271186442,0.003366008242615305,0.024068647969861814,0.008296787957804896,0.0008258774948382655,0.011115358602640681,0.010752688172042994,0.004465591026288555,0.019365007881107694,-0.023461563667343793,-0.017324647610490324,0.005623242736644693,0.025619919744829637,0.0074398000908678565,0.0013926733272782027,-0.013898080741230752,0.018666183399782585,-0.0026823842887222205,0.011847463902258293,-0.008706903849177076,-0.008723517892113107,0.001273344651952291,0.008863038360337859,-0.0008019246190856837,-0.0014824227022447812,0.06054421768707475,-0.007230499561788015,-0.04419201742783775,0.0052580548926013946,-0.0014443040259973878,-0.004670266981060289,0.024031701393327394,-0.002198043741070445,-0.04896172500911947,-0.017892053750402176,-0.030087993187624076,-0.021376811594202662,0.007780148073785881,-0.0046925761039585704,0.00394736842105249,-0.0014630577907827895,0.046505039057756915,0.002297090352220573,0.007907071530466712,0.03629626110504063,0.056663168940188864,0.027259820160908565,-0.01683310117517807,0.035533606359913185,0.010596026490066158,-0.0041971674092933335,-0.0028530670470753626,-0.004556934226419332,-0.0010222858311183785,-0.01734104046242578,-0.0008680555555556145,0.006914639961850311,0.03256548175865282,0.011221005011753299,0.02735317779565565,0.045374346682645776,0.0028929604628735906,0.0009743423189347529,0.0506475729177633,0.025604450467156436,0.015785675626916806,0.006365214515995728,-0.0068247783908167116,-0.019978689397975438,0.016914014107652923,0.010526315789473484,0.04020565552699228,0.03843747827900179,-0.00855030041596066,0.007383706620723567,0.02641509433962237,-0.009721257811725075,-0.0010662562862404272,0.014043085067274546,-0.002220956719817817,0.00851607408984437,-0.015002518045036708,-0.02849518295716674,0.02889765999436099,0.07470511140235901,-0.006258692628650857,0.007236320380650339,0.00887313798570183,0.0095408467501488,-0.0037768739105171526,0.00919188050555327,0.0038639876352395373,-0.022707845312949462,-0.0020413370757845126,0.02996254681647905,0.0018069567836168211,0.015884139219808076,-0.0023809523809523734,-0.0038071065989847114,0.02477915439746646,-0.0071942446043165,0.03297101449275347,0.0025087807325639487,0.023041474654377864,0.015439429928740875,-0.007346264960792469,0.02073479154715165,0.025296125276048815,-0.0005621641069460994,0.0214885928713464,0.002869440459110448,-0.016858442601016706,-0.00256949310908666,0.005861047085940124,0.002399650959860423,0.028137651821862078,0.034407998377863985,0.037834512457705374,0.004089360090874736,0.02748414376321347,0.002643198269906503,0.0,0.001356300013562999,0.016218833212297227,-0.04607508532423056,0.0017496655051239666,0.006368702376890727,0.01557976009926934,0.018627637331305676,0.0035709962474275853,0.027799632835037794,0.021212121212120016,0.015878589263420635,-0.010027662517289102
-0.008244332021734933,0.01873967331060578,0.003422102148462673,0.0006148686416992218,-0.0013879250520470914,0.04080351537978649,0.030601167051160304,-0.01705132621426101,-0.004639628829693581,0.035014005602240404,-0.0007200366564116882,-0.0037809115062334333,0.00035265075819907626,-0.0004125979920231054,-0.0005234840773593663,-0.0035460992907801366,-0.007356638175130373,-0.002208968411751702,0.013958794711764302,-0.006000514329799695,-0.006523765144454766,0.0055176565008025575,-0.031230621793787713,-0.006046680372475504,-0.04161073825503293,0.017612524461839425,0.003148798625978738,-0.004756677643615082,0.0012931087065253634,-0.000718390804597673,0.01073901370637268,-0.010981468771448165,0.007223113964686911,-0.02396606574761392,0.030788967286722216,-0.005422959296276384,-0.0063492063492063015,-0.00048224950847636103,0.00018079913216420638,0.0013144219600170343,0.014854574959430716,-0.038715717590042886,-0.0008665634367054057,0.0029733407246888516,0.049458589405911434,0.007404664938911459,-0.00896525961897634,0.04086073500967102,0.011795543905635414,0.03162393162393155,0.013033725247524849,0.023447141094199823,0.0026284928626309173,0.007655984963095311,0.0023584905660377045,-0.007002672072237994,0.007742501945602971,0.059788298243573165,0.0026212319790300965,-0.018077944907213192,-0.028612303290414056,-0.012795764160829405,-0.006139991813344236,0.0,-0.001737619461337838,-0.013023916646933397,0.005464016760092909,0.011359649122807049,0.013312451057165072,0.00968091204381889,-0.005384615384615303,-0.025632706035042023,0.03247143716175589,0.0005563282336578258,-0.0016872391439480155,-0.003285690816494162,0.01247959559791482,-0.007882576787170343,-0.0056188155735666795,0.017156862745097902,0.019315935152234044,0.016733601070950444,-0.006953616657602216,-0.02858538968971398,0.07215073529411707,0.0008013623159371598,0.007130634769547467,-0.02204176334106732,0.004851321271616912,0.02596580113996154,0.00027217943182412035,0.012430746310349548,0.04562268803945682,0.06341463414634138,0.0237928621413573,-0.01269560082669025,-0.0013192531554260067,-0.0014766686355580532,0.0,0.015180265654648842,-0.00846805234795986,-0.015074357297696309,0.00946049603681915,0.0036363636363635396,-0.0024800841725536996,-0.017935157507472595,-0.009228321400159006,-0.013057324840764321,-0.016264570344266732,0.0334268349696118,0.015082427218519552,0.002002002002001868,-0.004823407478274695,0.011111111111111014,-0.01455180442374852,0.006995713785864273,-0.00861562561190515,-0.0044098456554021405,-0.004374764516263999,0.0033052143456169104,-0.08845944474686973,-0.0021077283372365322,-0.007070839334817446,-0.008922742110990218,0.011025792478834354,0.005895746317043435,0.006421655799249153,-0.008296251602684965,0.024005486968449844,-0.012252478955094237,0.0145383104125736,-0.006049934534290523,0.006491186279180477,-0.010733452593917352,0.006047085070157901,-0.003955249180698379,0.008009774640238894,0.00802388505318166,-0.007418129184005753,-0.007655014034192357,0.014836795252224639,-0.02354161066093157,-0.01315636278961454
-0.004282385540651283,0.017737995031719092,0.008769680496435665,0.013239483827719133,-0.007644197359277131,0.010597966569016164,0.012125002743213289,0.04328018223234596,0.007795547697500627,-0.017591339648173124,0.00854840822743363,0.009847163811672995,0.008989424206815474,0.010181618051733624,-0.005732243140221669,0.0,0.046732958332222574,0.013061766659287155,-0.006089085975246607,-0.020007474056400344,0.004221388367729818,0.013169709667764162,-0.007215594995635773,0.01624285192845846,-0.01470588235294113,-0.007517482517482411,0.0041257706095321625,0.004779411764705889,0.008625836084747752,0.01725377426311976,-0.02180903117573019,0.0013879250520471874,-0.009517485613103135,-0.06084311169056906,-0.011200995644057235,0.002409256617530482,0.0009011223068730296,0.018965261282660285,-0.004428778018799784,0.015538663491772775,-0.002583025830258324,0.016041248925809205,-0.002459762270374819,0.011380765752185636,0.014221974344673555,0.0003675119441380564,0.02186204297022205,0.010685249709639981,-0.0414507772020715,0.0045567522783761605,0.0011453441759248645,-0.008584060633899753,-0.0006856497539728449,0.0044585987261147285,0.0024767801857585106,-0.01104203396121376,0.01635611176016305,0.002963450773789843,0.01176470588235279,-0.00012206037920098534,0.029455081001471883,0.018716129392703482,-0.009266886326194379,-0.0058823529411758625,-0.005221932114882489,0.04054702495201511,0.009686048148669597,-8.67340300968267e-05,0.0041215868109222425,0.005487920267457289,0.002513534416086621,-0.005661005661005604,0.017375266938458384,0.004100639421740397,-0.0019569471624266512,0.003049283006428063,-0.005408778864156365,0.004657534246575298,-0.0016251625162516244,0.0006024096385541754,-0.003927691681052039,-0.007834101382488528,0.010601259633063367,-0.012826961770623735,0.0034290612944705362,-0.0032028825943349404,0.0010762263243866725,0.001779359430605047,0.022094740429399094,0.015020576131686869,0.016180116349703486,0.03012048192771082,0.005110062893081703,-0.04701834862385316,0.06971975393027921,-0.00039872408293469946,-0.0400705931337283,-0.043182490387458076,0.003791192767570732,0.009345794392523294,0.022127329192546365,-0.0031572913898164903,-0.0012664640324214728,0.0,0.007684773600542484,0.0,0.0019270916974464874,0.02258793159083561,0.004904932488288833,0.0024127271356405343,0.0031098825155495093,0.0014985014985015406,-0.0044862807931102784,-0.0028918449971081215,0.014007256771580549,0.007798401230023487,-0.010270590558957076,-0.01875706214689265,0.010575002627982794,-0.00083587373389716,-0.010450880859958175,-0.00755691152311659,0.006527759461954423,0.007905138339920964,-0.0013631937682570517,-0.0008694348673362585,0.0015706292333365146,0.010209901893680089,0.00803750837240445,0.003851753002547697,0.006874515879163558,0.002225755166931677,-0.00875687829122534,0.009041591320072007,0.016069969654528556,0.027456319491717743,-0.004915824915824879,0.013143280266567718,-0.005164661562765822,0.0015428130624839797,-0.002923976608187005,0.002123810272949022,-0.01663520528551202
-0.004300803238251816,-0.005264962782159714,-0.024936451448906938,-0.021556952254934317,-0.032913165266106104,-0.01577287066246054,-0.028773078632682445,-0.06835740678535404,0.01634768740031895,-0.015151515151514867,0.0012178092423602762,-0.029151853732859306,-0.0037850113550340608,-0.004358485426314355,-0.01337430494585888,-0.01850533807829179,-0.0035146699266504116,-0.018575174825174744,0.0022641006858893334,-0.0030506585315772743,0.011676786548341788,-0.0012801575578532268,-0.016704765254088254,0.007123615683927014,0.0035536602700781306,0.001937643121366752,-0.012773452532488678,-0.008781558726674046,-0.0018964330148454132,-0.007597173144876185,0.0021437759039588905,-0.019889119889119893,0.002189944134078251,0.012031466913465906,-0.006922592825676518,-0.00996173429050314,-0.0023735472254050242,-0.004407211801129084,-0.0012709940989560494,-0.011062345938796283,-0.010358860525342158,0.010656893149140157,-0.0013968272067730826,0.0018133492311896513,0.001649711300522462,-0.021675238795003434,0.007008483954260426,-0.012870604458745138,-0.016216216216215815,-0.0034756995581738345,-0.011631010944590618,-0.003474937016766569,-0.005085361423901159,0.0011776429024367727,0.008523780111179702,-0.009007318446237466,0.003312096947025931,-0.020792295907200654,-0.006890611541774249,0.008280773143438414,-0.004291845493562271,0.002084018865854969,-0.01267927665765955,-0.005917159763312784,-0.0008748906386701012,-0.026285450772423162,-0.012298167823977212,-0.007589885934857088,-0.009492047203694124,0.005520702634880771,-0.005400192864030776,-0.0033489618218352194,-0.018414273447190075,-0.019519623451235552,-0.01051693404634575,-0.006737326431681706,0.02797531897092657,0.014998636487591996,0.003531091132203026,-0.0030102347983142325,-0.017018956469247996,-0.018446022161767578,-0.003870867848571647,-0.02318471337579612,-0.006407518154634717,-0.009137463600763134,-0.0029741765078256308,-0.02945529899348719,-0.008669074742984102,-0.02493411717007849,0.001276060029061054,-0.0353109236194812,-0.02489897014730768,-0.0018050541516245464,0.008306709265175686,0.002094136418029538,-0.014220138652542432,-0.01545595054095779,-0.012492736780941274,0.011481481481481481,0.0041777440182299945,-0.010470907068156822,-0.0010144559979711693,-0.0020703933747410618,0.002766355140186948,0.004682744088035379,-0.016509055938451547,0.0050489113284948334,-0.025117911593726092,-0.011959383226777033,-0.01619014812263161,-0.005486284289276725,-0.005753832535307677,-0.041763341067285,-0.0018307397853041872,0.002165621565712069,-0.015166633406505672,0.010617227084293033,-0.014125821752517375,0.0025589291865557996,-0.02786159726413195,-0.007567158531971238,-0.004127088110055648,-0.021350762527233048,-0.019110764430577114,0.006826501830402687,-9.80103891011555e-05,-0.004648711723411027,-0.012956810631229117,-0.02172271065591107,-0.020386575632272336,0.013868745467730186,0.0030442308840208524,-0.00896057347670219,-0.00754535468910413,-0.01866166077738511,-0.003586654936725957,-0.022473963091540122,-0.0017712086972453795,0.0023106546854941533,0.0,-0.02076138147566719,-0.004079184163167329
-0.01295814012577008,-0.007077384815055083,0.015537422769102398,0.003944328618921503,-0.026792179580014015,-0.005197505197505188,-0.017625718591281977,-0.0023436091581035936,-0.005021577089054595,-0.022377622377621986,-0.003713854786656158,-0.007428332287089239,0.0032733224222586685,-0.01422708618331053,-0.012487764363895334,0.0,0.011271277411439936,-0.016032064128256543,0.002591189954155951,-0.009474210727631095,0.02123730378578002,0.0020705975152828875,-0.0016094420600857265,0.00588445078459335,-0.003541076487252075,0.005098452883263152,0.00171216959774505,-0.004060538944259719,-0.0015248699019726928,0.0008901548869502629,-0.013405590416428756,-0.013646326804779698,-0.0015162326079201248,-0.010745313214448942,-0.02027883396704687,0.0004471986200728583,-0.013208630732627867,0.01028023706738856,0.0033633306063085527,6.079396923819625e-05,0.0041121495327102135,-0.013334077214907421,-0.01747049000157013,-0.00054549962806839,0.024979412572055767,0.01351858805858032,-0.004029304029304133,-0.00046565774155992584,0.026098901098900458,-0.008217072593993761,-0.004784319777760661,-0.009734693284514567,-0.007261368707151872,-0.011445892146217952,-0.008941695247427665,0.005870100359780376,0.0017282560149135956,-0.015534197586052689,0.006071118820468316,-0.00720382589745138,-0.025862068965516457,0.00678633975481603,0.004105263157894704,-0.005952380952380328,-0.014010507880910511,-0.024390243902438935,-0.012564232875938781,0.002097718730880246,0.018130018130018036,-0.00960818567506854,-0.0036843125848360293,-0.0011760752688172765,0.0006804043545879122,0.0004941757853865475,-0.004773914609980134,0.0023988750103398613,-0.007808128592502227,-0.012090274046211682,0.01295168696346578,-0.022342995169081788,-0.023385267578569974,-0.004799567362941864,-0.021255926012279564,-0.021126760563380084,-0.0008598452278589291,-0.010336441021483494,-0.01625624661328195,-0.008616745462864239,-0.014462694097202843,0.016008316008315593,0.0023316150810847465,0.0025451180009254952,-0.013636363636363402,-0.05786618444846286,-0.015842839036755187,-0.005274156632500696,-0.01675181590252628,-0.01821036106750341,-0.00970873786407748,-0.01171731966312714,0.001891074130105886,-0.006513068337982628,0.004569687738004576,0.021265560165974855,0.004026245153593692,0.0032626427406198394,0.019230769230769093,0.00565149136577708,-0.014204545454545449,-0.014844701583434813,0.016806722689075352,0.006018054162487345,0.0025900445163901603,-0.0102905569007262,-0.0011671529804085773,-0.0006042036230715164,0.034042553191489244,-0.003532280485859482,-0.012829981641309007,-0.0052029647081921655,-0.0011381272633212835,-0.012390392680137237,0.02137876595184841,-0.01424755120213702,-0.006759443339960099,-0.0018925000372539101,-0.007939619682415227,-0.02356011042619981,-0.01935375294513625,0.005558987029030262,0.0026504368312554494,-0.008404112650871778,0.002886217567245838,0.003616636528028854,-0.005808738425925873,-0.006863958591200647,0.005161640858462305,-0.016074766355140168,0.008810572687224575,-0.003329918032786752,-0.0058651026392959275,-0.007053825497975968,-0.016022166004095933
-0.002381105605251329,0.005126319874190602,0.00041073032986777274,-0.0021889206937195298,0.0014880952380951313,-0.00017415534656917896,-0.0002613458173307605,-0.012287676183592212,0.006702941408406267,0.0,0.007780961062638392,-0.011278591757141375,0.0011652295502213922,-0.016652789342214817,-0.006127598221794914,-0.015228426395939064,-0.0028306416963630836,-0.021498076487893092,-0.0038436050364480364,-0.0033566018119709417,-0.02938517179023482,-0.0102331988586047,-0.0008955758552749406,-0.010459138450629336,0.00568585643212509,0.0052475074339688454,-0.010039932228960788,-0.004077094143810284,-0.004642199166100949,0.007648523657061403,-0.019080659150043196,0.023369175627240044,-0.015274676194729697,-0.012248671134735352,-0.01423027166882275,0.010759897828863281,-0.016794146990355845,-0.0223791417707768,-0.006160536329045064,-0.0008054711246200882,-0.006205013651030017,-0.0027707096409386968,-0.014991937475485537,0.007665972015480704,-0.013122656668451933,-0.01667284179325664,0.0017163172735074031,-0.045306312601909954,0.0,5.960541217137088e-05,-0.012212142358688057,-0.0010564000234756623,-0.0016753841124550123,0.009702073131664572,-0.0025954764553207514,0.0006588855421685022,-0.0078897375256854,-0.004200249744579321,-0.0051724137931033545,0.009634146341463336,0.004424778761061774,0.0005979560774082057,-0.015200754796100188,0.0,-0.00799289520426266,0.014563106796116434,0.01961513167300485,-0.015569123419101522,0.0015263291783260311,0.003779765654529417,0.0027247956403269333,-0.007737594617325495,0.00582807187955317,-0.0005644933672029024,-0.002534165987872365,-0.008582274302690086,0.004614083207300503,-0.007070981778623766,-0.0025128723115961206,-0.0024706609017912337,-0.006916835699797233,-0.02044559163157186,-0.025568745781553815,-0.007727151612043748,-0.036574870912219996,-0.004505426991603489,-0.015400964785872221,0.01761402969002389,0.020135373414481572,-0.015142214037241248,0.0023011601374210737,-0.02012462497115157,-0.02466793168880432,-0.003198976327575172,-0.010302640051513214,-0.003401360544217661,0.05158533211593381,0.05628397825391575,-0.014557338086749865,0.009262689885142578,-0.009815024537561142,0.005082107735020158,-0.011372251705837699,0.01472828847130511,0.0022278330610426243,0.03507549361207828,-0.013911096897985135,0.0003122073056508438,-0.013895625873826518,0.00958194884475703,-0.007920110192837256,-0.0024925224327018696,-0.0005247436828934289,-0.013455657492354507,0.006092980552541666,-0.003945834068426044,-0.01920438957475989,-0.011023189864154211,-0.027276030867232487,-0.0037005970296541137,-0.007354464470685734,-0.01973557228334301,-0.013074000128807836,-0.004290876242095812,-0.0034027221777421937,-0.001657211107793425,0.002173698251160883,-0.006274206041827967,0.0015445340655568457,-0.003839066339066337,0.0027413354219699066,-0.02456947074204308,-0.01355881916629574,-0.014414414414413844,-0.008352918064276802,-0.00968728755948341,-0.007094594594594585,0.010828267477203692,-0.017527899078117314,-0.007710100231302967,-0.00589970501474879,-0.008314833501513599,-0.016895200783545446
0.002644820023222748,-0.0016052342829275478,-0.004464858484514148,-0.019462256721790906,-0.015601783060920976,-0.01750566103466304,0.00447813782207943,0.026161727039882732,-0.011984960050133112,-0.007153075822603617,-6.460991762229625e-05,-0.010980810234541505,0.01262802607076338,-0.003669206886819079,-0.011212524177949813,-0.016200294550809992,-0.013661132936256511,-0.024514338575392963,-0.007716870675891358,-0.0013412017167381968,-0.014438751746623036,0.002584749975146652,-0.011772439345046026,0.016600979338349545,0.018374558303886627,-0.006612145467200373,-0.010779772128014599,0.021957573502046857,0.003409602903033328,0.015357458075904487,0.002210433244916055,0.0002801905295601642,0.001859579100145095,-0.0004679457182966488,-0.013123359580052476,-0.0012635436080487721,-0.007864028411973567,-0.02055783975997332,0.004193254329990794,-0.006509802728641637,-0.014235764235764172,-0.013438421410750618,-0.003436324754811618,0.08134524952606062,-0.009497964721845267,-0.0022607385079124395,-0.007710194590625234,0.004391850677076857,0.006693440428380008,0.00011920371915606463,-0.012716354645001792,-0.015480876564244107,0.01068314845892509,-0.006934687032588573,-0.010285006195786796,0.0015050324522623774,-0.01742902362297032,-0.01835385316917463,0.03466204506065828,0.007126464548858666,-0.027900146842877175,0.0011408703210734538,-0.00936768149882897,0.0059880239520951764,0.008952551477170834,0.0069377990430621135,0.0053282481281022994,0.009170247640986931,0.024384048768097473,-0.015815237856156666,0.01475155279503073,-0.01118833700627225,-0.0024142926122646016,-0.016450155323355087,-0.026131929951909903,-0.005660063259530689,-0.007884463269628252,-0.0041084634346754195,-0.0064214971967694896,-0.0030959752321981044,-0.026358790007965698,-0.00020802995631367735,-0.007252577109562877,0.0037593984962406733,-0.004912907548012436,0.0069944455873276485,0.0019382801860298544,-0.008692365835222964,0.004906607192640058,-0.009557448576771063,0.011402760955221034,-0.0020255311131000884,0.004168982768204659,-0.004492939666238762,0.016916070266753347,-0.008130897410158617,0.03735370432117121,0.040266424462608474,-0.008742839915586253,-0.023127753303964424,-0.04460541364849382,0.011873786965384414,-0.01840490797546,0.001501501501501401,-0.013781861292234661,0.038150807899460445,-0.008107669855683449,0.0034332084893883147,0.012413194444444465,0.014159969383849958,-0.008677542519958286,-0.003998000999500125,-0.018012196599491086,0.01301921884686899,-0.00763232122117142,0.003261620874373596,0.03916083916083905,-0.009411710295069792,-0.012701900890012122,-0.006388668779714777,0.007095898987790936,0.020231356140782607,-0.006134168624380108,0.004309367203447552,-0.012251456115685747,-0.017930580687613037,-0.017647638765651147,0.0029425520305556645,-0.0063399588759424814,0.002127331586249449,0.02548330404217912,-0.030873041549197983,-0.005293551491819163,-0.0036563071297988216,-0.008746120376552686,0.002745838338767906,-0.008302143586253847,-0.00845705694418339,0.0,-0.0132090132090132,-0.01186943620177988,-0.014937522894704599,-0.010958904109588956
-0.007913530206523798,0.0016688714765441773,0.00804185890661656,0.012448370812299232,-0.008301886792452662,0.003191206453328721,0.01153014924697598,0.01408450704225343,0.01807658764766504,0.002881844380403253,0.002762252447258658,-0.006683194998383132,0.0,-0.00014164305949008495,0.004584772442461103,0.0007485029940119749,0.0023126734505087873,0.01375059269796108,0.03144274604451573,0.0029247619900319866,0.015595463137996127,0.0075359444719881085,0.014694321823789033,-0.004229323308270698,0.027758501040943406,-0.011385531616745449,0.003961521884657422,-0.01201747997086667,0.009113967063506553,0.015994436717663048,0.0004411116012351227,-0.004131652661064484,-0.0003168998143873748,-0.001638576779026183,0.012632978723404239,-0.0007907138564696203,0.0023012017386857928,0.006013160880417548,-0.007897603485838602,0.012140418561214986,-0.010134279199391917,0.0029312029426978004,-0.001050731072041593,0.007399649370460596,-0.0030136986301370324,-0.007175226586102794,0.017266896891958417,0.026114417587756525,0.005319148936169958,0.0036352800953515503,0.005287219240707681,0.010264060868267961,0.004900372590312796,0.007211319032405372,-0.0015024414673845546,0.014276321968629676,0.003102193409827661,0.00023226106143297098,-0.015912897822445475,0.005716798592787928,-0.012084592145014696,0.0024962014326026325,0.004405759724908676,-0.005952380952380328,0.0079858030168587,-0.014492753623188257,0.014784233869842945,0.02669007901668136,-0.0014877262583685093,0.010744802958806211,-0.0007651109410864265,0.009086233499057175,0.013262342691190724,0.016797071279879446,0.015186807043696939,-0.001255650426921143,-0.002237539221233428,0.0005500550055005172,0.00912277212955823,0.006211180124223526,-0.00224466891133573,-0.001595228186988453,0.008372665709008855,0.005082932049224096,0.003141831238779095,-0.007150153217568933,0.0009644452465820591,-0.016698436904308087,-0.033068856461188394,-0.0008391021606880282,-0.0015825413144296343,-0.004861701123383234,0.0006919457514530372,-0.006447453255963886,-0.00575815738963528,-0.0074891205343588394,0.014316729703194453,0.01542491268917304,0.01611922141119215,-0.019541525742202203,-0.0019952114924181807,0.005685700393897207,-0.00937500000000001,0.003498250874562769,0.013148009015777602,0.012537829658452073,0.020761811345430585,-0.005909797822705958,0.002915201920603565,0.005509433962264108,-0.007352941176470616,0.0005017561465127612,0.005552128315854407,0.006731946144430728,0.0016719612104999135,0.0017719120718238618,0.035570082676408245,-0.0028713495342811536,0.018897322322879453,0.006928176244828828,0.00880737747383689,0.0027984174466854084,0.0004596191726855184,-0.0040650406504065114,0.009353395689304518,0.009578194000304494,0.00792854275391406,0.012765461363592166,0.008449732712536576,0.0061223234063500125,0.009330667428353742,-0.004912012971529483,0.005926463473633392,0.012844036697247287,0.013057284765760869,0.003365850875691629,0.01200850888629656,0.007581501137225141,0.009938885116365138,0.0005249343832020672,0.024024024024022712,0.019833071646971172,-0.012213548224628583
0.01575875486381318,-0.0007924091269276134,-0.032396635045641727,-0.010028896821349664,-0.007610350076103385,-0.005213395776265866,0.030292183095440423,-0.0014064697609000557,0.0031928977493965657,0.009339080459770064,-0.0009826505791193925,-0.0023874118285404674,0.005344520429860451,-0.0031165887519478673,-0.004350868652447658,0.014210919970082251,-0.001897144029123747,0.007015902712815682,0.013194670133246591,0.009849724743341733,-0.005118659841786804,0.006987501230193887,0.0059594755661501716,-0.005132137800849478,0.012153950033760887,-0.0072643515237420415,0.01373145416404064,0.011795060818282216,-0.0005892822782376195,0.020533880903490457,0.053203997648441165,0.010688418535967952,0.0035322887419618585,0.006799531066822893,0.017728168089297416,0.005760952139782307,0.01709183673469377,0.017630916130972542,0.009058468295360824,-0.0017092207163601433,0.002303557716918433,0.009914040114613143,0.0017333076547013844,0.0005876237399989724,0.004122011541632295,0.0220616203879801,-0.003516003879728452,0.0071022727272727106,0.03174603174603098,0.0071848465055519995,0.0012654223347041346,0.0016834519625505227,0.00012090436464745372,0.0,0.002633228840125417,0.014260579683303855,-0.010288840869892854,0.006269592476489119,0.011489361702127514,-0.003319155702190208,0.006116207951070018,0.004059759662227992,-0.01551299882315178,-0.01197604790419014,0.0035211267605633682,-0.005303760848601683,0.04090271860139082,0.004232939969214823,-0.0029798857710454005,-0.0011987003564555457,-0.0019142419601837577,-0.0013591573224601859,0.004108149421992878,0.017366749029297475,-0.007801027900146829,-0.004693655183974436,0.007011212785152676,-0.0042605827377680235,-0.002364765001477955,0.01358024691358001,-0.0029645826981906484,-0.0009725599166377833,0.005901746102812483,0.013840830449826886,-0.002237136465324365,0.009465020576131715,0.006846034652767994,-0.0033343672456575277,0.006025133413668438,0.0,0.0001905432111533214,-0.0006640421192430345,0.007467846770847526,-0.0012978585334198554,0.014800514800514501,-0.002549199551340876,0.012403875179728375,0.013470908569790352,0.005986231667165483,0.0003832886163281793,0.009996001599360177,0.0017858378902193917,0.008412197686645712,-0.0034860557768924805,-0.00022246941045602842,0.044619982920579664,-0.0025624599615631286,-0.01251564455569454,0.0194636801459064,0.007280642497935924,-0.005643738977072351,-0.0010030090270813192,-0.00310838445807767,0.010942249240121518,0.014271407110665898,0.0010079670229295127,-0.009097660601559521,-0.012033525307861502,-0.003517126878713814,0.007474507474507422,0.013044371405094396,-0.010296381832178634,-0.0015094834941261084,0.0013605442176871203,0.0025181305398871627,-0.0020060634398707776,-0.0064721696704172,-0.0017074668099147483,-0.0015389876880984512,-0.008745375042045178,0.013489293462881007,0.008338924566280109,0.001442827942767742,0.034420289855071194,-0.00277653970086438,-0.0006822833750284536,-0.0002712232167072573,-0.007712565838976687,-0.00599022004889972,0.0,-0.011730205278591647,0.007130702536261292,0.004588910133843229
0.0045329758028475565,0.0009963804953433718,0.004545214312140022,0.00349130036630031,-0.0030674846625766837,-0.008971398116894557,0.04556805350473385,-0.006690140845070318,-0.005899705014749359,0.004982206405693798,0.004676212590299276,-0.00728815403024031,0.004401509088830347,0.003410544266022452,-0.001344578902334705,-0.0014749262536873134,0.014795027226959915,-0.013005109150023215,0.009622786759045359,-0.004331683168316776,0.0009354536950420335,0.0015637216575448648,-0.00017772511848338515,0.006048028461310426,-0.0020013342228152593,-0.020346243084061997,-0.0005616408321896593,0.037522768670309424,0.008675980409852875,0.011401743796109797,-0.01897850962880241,0.0047310930216377545,-0.011416967509025343,-0.00908244061481127,0.018709677419354816,-0.004437590482784635,0.005099908034445386,0.017768747691170993,0.00398984403336968,0.0016515401748512164,0.001404494382022352,0.0018158088861147603,-0.0010500162678577245,-0.012739428984459617,-0.004652435686918389,-0.007443245254931096,0.01520866285436166,-0.01281147155618236,0.0012820512820511762,0.017332861690838242,0.0028830963665087586,0.012265597358178998,0.0017730496453901064,0.023744788834511324,0.016258129064532244,0.045466995343741316,0.0055684640653794115,0.011538017768547336,0.03828355069415207,0.016670987297345872,-0.08510638297872072,0.012291767750282996,0.0041295370571614275,-0.024242424242421217,-0.0035087719298245498,0.009936984973339665,0.002086249240763749,0.00102184186997066,0.003735990037359882,0.029466569813346704,0.039125431530494054,0.002722014290575055,-0.006660323501427199,0.007494275206439641,0.017297197299047277,-0.0002526315789473297,-0.004351498707348912,0.001518288474810241,0.013432098765432002,0.0036540803897686693,0.04291392962959057,6.953619358885772e-05,0.014849882657602892,0.008663691257547897,0.004484304932735386,-0.0022421524663677546,0.0036487772119313177,0.0227184314945927,-0.006730549851699715,0.002939323955490187,0.004849777713838389,0.019554796145996384,0.006726149622512044,0.003898635477582841,0.019657577679137502,0.00879165814761797,-0.010984484826233034,-0.011877828054298354,0.008628384409401845,0.007279693486589895,0.021377672209025984,-0.009589341066318476,-0.004692387904066741,0.03248375812093921,0.0028185729120308203,0.010014306151645043,-0.006583172768143699,0.02661596958174881,0.018449153016156974,-0.01736214605067058,0.007094714437743831,0.0371485943775097,0.008615738081562314,-0.006614552014431807,0.0027976631284457217,-0.0038281353996246076,-0.016863406408094368,0.01691943127962076,-0.009339033212759036,0.01714734928511759,-0.022305586535536808,-0.004569761789013166,0.029315104509004764,-0.00022644927536236929,0.0005023610971566026,0.021718102953178334,0.02485468029665268,0.003247813971365356,-0.0015413598218872652,-0.004133633587315183,0.0016753536857780631,0.000617870722433546,-0.0008404370272540898,0.005253940455341273,0.005297440669397151,0.0032430587164315196,0.007325013564839894,0.010616113744075832,0.006948714795228102,0.02413431269674696,0.005934718100889729,-0.004143535280392618,-0.002664636467453391
0.004258294140078689,0.018648302760680146,-0.005077076866417682,0.00336508298636861,-0.0030769230769230735,0.012189656717755565,-0.005316663378365823,0.03934774902516811,0.009682961111978815,0.01841359773371095,-0.0022951240650980927,0.0169844400613631,0.010471800125206345,0.005664919983005239,-0.00018359853121172238,-0.0029542097488921668,0.025792244608686742,0.0312941176470587,-0.01569449739484041,0.012341294504128502,0.0014018691588785447,0.002927400468384069,0.0037921431534039553,-0.0017681381505274924,0.09558823529411646,0.028056112224448752,0.017928514331391986,0.011235955056179657,-0.0017894636380988735,-0.005636604774535772,-0.00526315789473663,-0.0018004293331486084,0.009129501985666675,0.012455934195064598,-0.0006333122229259016,-0.0010432143647457338,0.015388454500083155,0.0012340749882037271,0.005328757225433392,0.011269437889514126,0.01134769858472532,0.0009629000283206137,0.010881312271455428,0.047108080900521536,0.02034643937310969,-0.00599925009373811,0.01330297219558948,0.015239909513037312,0.042253521126759626,-0.0039986091794157715,0.01401961170401287,0.0068157986717931026,0.002815768302493964,-0.001239376770538122,-0.00467634752645836,0.024539341542223463,0.013624955181068588,0.0052469487852171755,0.024311183144246157,-0.004589765215856371,0.004983388704318724,-0.009106886084039046,-0.02142857142857133,0.0,0.02200704225352074,0.033357331413486846,0.00508617509091872,0.009825188209774103,0.007940446650124002,0.003589397472082546,0.022702104097452457,-0.0011876484560568873,-0.0022988505747127265,0.0003443763344582955,0.011547554100745611,-0.008760107816711651,-0.00845823585366471,0.03293825799338466,0.005140824481044819,0.05461165048543623,-0.0014659643517910038,0.0009039076623556895,0.005382560503967143,0.02004164497657457,0.010714285714285645,-0.00663942798774258,0.005843583767327187,0.01293267402054011,0.02354427472148843,0.02428302281766741,0.005591991020601408,0.003677668637400533,0.006544859558221751,0.023948220064724888,0.008706467661691293,-0.010437778678556895,0.010679393184237522,0.011734401831711275,0.001474926253687307,0.013693419551160121,0.007751937984496064,0.013906672777288204,0.009429020429544126,0.05711519845111277,-0.015532544378698214,0.05402670983407421,0.008243090350735238,-0.0006172839506172451,0.024317944776856743,-0.003943277470235867,0.05706234589644217,0.055663117134559,0.014928408721119342,0.00907990314769965,-0.0032001312874375023,0.00023276915550047813,-0.02401372212692962,-0.013515402898820894,0.008519772511009313,-0.0012076127910346816,0.00808876905527331,0.00810705215862468,-0.004533844189016539,0.015175537938844753,0.0068286804579232785,0.002810526160081652,0.010463524349696773,-0.005670063596659154,0.02315608919382496,0.009540625096800082,0.01561048132317406,-0.014439747304422202,-0.004986782023552137,0.01742160278745584,0.002011603160257745,0.008733624454148513,0.0039051979531375884,0.019508534984055408,0.013007633587786215,0.0117827868852459,0.0,0.026338113512421553,0.023155216284987276
0.01765711030947412,0.007917040582311258,-0.003833848919912217,-0.0011368804001818996,0.013117283950617216,0.0067298326396884114,-0.014114355510549112,0.06650750341064098,-0.003402938901778874,0.008344923504867676,0.013850682882100193,0.007111302661351156,0.004449450858913028,0.009998591747641174,0.011721858358327631,0.0044444444444444375,0.0089569916352062,0.02372804015514472,0.0,0.0006723966555575574,0.002333177788147435,0.00437828371278458,0.014166814237648293,-0.011159001003719707,-0.006711409395973038,-0.003367003367003315,0.0021846179280375047,0.05416666666666637,0.007015321366254836,-0.008002667555851765,0.006006006006005741,-0.000624349635796108,-0.0032568869588817176,-0.006731662024141181,0.008871989860583004,-0.0005379746835442459,0.002703366920619275,0.00808410367953604,0.00368340670200353,0.009842490239779839,-0.0035300050428644235,-0.0036215482118606176,0.007996250842096065,-0.008565123342146045,0.0008084074373482967,0.009430403621274919,-0.005677114133648709,0.013955670223994309,-0.008599508599508423,-0.006167452144062445,0.0034952813701502944,-0.010501649019267404,-0.02001604492579224,-0.008331856053891227,-0.010756676557863405,-0.0010228435049437806,0.028888102818063897,-0.02155906047883803,0.06408227848101211,-0.004827681333622336,-0.059504132231403016,0.007631946683865436,0.006746295067462834,0.0,0.01291989664082665,0.030190431955410914,0.0033299247489446005,0.009055681913907836,0.0009847365829641363,-0.007489377311772074,0.048908139325030714,-0.0008493290300662446,-0.026113671274961482,-0.01452767832553023,-0.0057528089887641165,0.0007647858599592874,-0.0001296411532876996,0.01934623082054698,0.0008241425281783141,0.021288837744533638,0.0006074965068950853,0.019312261201806125,-0.008010786802030379,0.009186016841030887,0.007950530035335544,0.00041131105398455156,-0.003780697377903471,0.028013518588058502,0.021600089766606795,-0.004087471898630671,0.01812143093901755,0.011178107606678984,-0.011920888648062634,-0.003792667509481664,0.02404438964241651,0.014644137224782324,-0.01056654885442071,-0.011598302687411374,0.003829160530191469,0.014258911819887365,-0.0065384615384614445,0.001974238568470616,0.009859885832900862,-0.013736263736263611,0.011419984973704009,-0.003647533115761205,0.009778775248477081,0.0030883261272390172,0.0006698821007502676,0.0019794442329652876,0.0029990003332221633,0.011004126547455221,0.034347320748667476,-0.014997000599879845,0.0019756338491933546,0.009556397830579181,-0.012107010349541146,-0.004984173477582899,0.020559968403036973,0.0008705324756977223,0.004423413229091601,0.006540063947291924,0.0192443389569568,0.0022311468094600526,-0.01266706562936363,0.0016520879736845713,-0.0028065421465207213,-0.0012136857517146065,0.0001676445934618984,0.004080881224878087,0.0022872827081427223,0.022217938213889763,0.01334460479439655,-0.003424657534246385,0.002662205411696273,0.01236858379715521,0.0031522468142186713,-0.020423183072677056,0.012056908608632733,0.00683544303797462,0.01179941002949779,0.004250797024442116,-0.00534692862472029
-0.013619402985074667,-0.0051640220015035905,-0.0019906571822911135,-0.0004552697473252638,-0.010662604722010544,-0.006157093851701985,-0.0005612207079853331,0.007834985609210044,0.0030265404314760865,-0.00965517241379301,-0.005125031733942509,-0.0016047929817053564,0.0009532353930693148,-0.004601226993865029,-0.01261457482530169,-0.006637168141592911,-0.004646612863780874,0.04368174726989065,-0.0003227680588727818,-0.005492418709281653,-0.011638733705772704,-0.01162452775355999,-0.011989988941272268,-0.0018509672796751286,-0.004299754299754352,0.003200568990042784,-0.01051043974171642,-0.005928853754940709,0.017160964147114363,-0.008067226890756115,0.0,-0.007705122865472646,0.01760835035171325,-0.011451273662070471,-0.0006281407035175871,0.014849760947344966,-0.0070261437908495875,-0.013521288837744654,0.06176154672395262,-0.0008443068536980234,-0.00670546558704446,0.011642435256701486,-0.0073516592084617235,-0.002865013774104682,0.0010770059235326655,-0.010089686098654802,0.01605804686570706,0.013879250520471861,0.006195786864931692,0.013582342954159603,-0.010371918417895492,0.001286436862263437,0.010887806475379595,0.009072220235967182,-0.0014998125234346256,-0.001962457337883917,0.01667430666972252,0.011133016351617767,0.0,0.04316489782987485,-0.07732864674867916,0.009974397269042045,0.03504339228825664,0.0,-0.013605442176870469,-0.02276825969341744,-0.001019181518841815,-0.014400801435905988,-0.01893753074274473,0.003480349882961599,-0.014624913971093938,0.00663039782386937,0.015378548895899045,0.02361489554950039,-0.012657083446342985,-0.0005094676063514778,-0.0013484428078729014,-0.011780104712041854,-0.0067330281673083055,-0.01802816901408424,-0.005899257280472859,0.024262250391876294,0.005117134404733236,-0.0015170670037927174,-0.00482033304119187,0.03278857025388006,-0.008369132147706156,0.014976621858562222,-0.014278653413147328,0.0028729735276010198,0.011267422525886516,-0.0027521673317737697,0.012064710721140437,0.005076142131979689,-0.0024081878386514204,0.015341138473960467,0.0008542932405488452,0.0008586147681740205,-0.0014671361502347333,0.0059193488716239515,0.004258614014711411,-0.0049506990247567256,0.0033401849948612662,-0.0009285051067781579,0.01322240380329813,-0.016955684007706716,-0.0052389268137798765,-0.008928571428571478,-0.005060918462980341,0.0015196413646379433,0.015614617940199195,-0.0072562358276643075,0.0017048977061374895,0.007917174177831885,-8.215576733497884e-05,-0.008868313547709606,0.0043486855109706206,0.005056619898867643,-0.001978026703360651,0.014592896834984196,0.0024580090126996848,-0.010251720652644613,0.0008811127194913851,-0.005120213713268035,0.011819375694514496,0.0006185111552904523,-0.0025232919254659686,0.008293953129520684,-0.00033523298692598856,-0.0007334066740007607,-0.018712916476494715,-0.019471947194719542,0.0011619592420450747,-0.027491408934706984,0.005310273783787625,0.007885822180263248,-0.006150966102828129,-0.030052592036062996,-0.01614248272575642,-0.0010057832537087635,-0.005830903790087,0.005369390554575625,0.013501687710963921
0.019418699955866682,0.01957001650722929,0.010159304273822575,0.0031883397859257014,0.024634334103155808,0.010266395256217264,0.0015256823190370862,0.004125019831826137,0.006034816247582161,0.0013927576601672305,0.012790864579512255,0.0016073724817831083,0.009747353089462816,0.02479338842975206,-0.0033700980392156843,-0.002227171492204896,0.0034643734643734405,0.018150758061071883,-0.009686168151879053,0.00928292353338618,-0.009891662741403687,0.01666176614721157,0.012724594992636161,0.015433391158700677,0.03269586674892009,0.0026586316908897454,0.012455939792321659,0.007289595758780564,0.017956526304735855,-0.02304303625889501,-0.006680881307746869,0.0001399090591116091,0.016500914239843005,0.00023640661938539544,0.015084852294154601,0.01843878697117195,0.016208655586637966,0.030548264800233354,-0.008008767492834247,0.00948794734189225,0.025729206470513157,0.007634873407062326,0.020022833055238453,0.01071941651011161,0.01586874663797726,-0.0075500188750471315,0.0067899789276515046,-0.017339721651836653,0.05665024630541725,0.018252180442442152,0.02080481795784296,0.023622507080912212,0.015143539701178307,-0.007219097391381446,0.006634121917636827,0.009831580747200119,0.00867947923124626,0.03383415529303811,0.002602230483271314,0.019038038114038446,-0.03619047619047479,0.00649590705043567,0.010825727021863627,0.024844720496891234,0.010344827586206742,0.020991926182237556,0.01365526983545668,-0.010841944773843763,0.004763098520932626,0.003621742733495036,0.02235027064780813,-0.006755615605472025,0.04029126213592225,0.01481127568084091,0.0014650673015292864,0.015036955228952525,0.011165640985692395,0.0015894039735099897,0.011850479139742857,-0.0017211703958692364,-0.014983255804484685,0.019495641759265363,0.03858086071116058,0.003545201316789129,0.014090708938793436,0.009852707006369497,0.0071771677403424045,0.015763334053120318,0.005905621483090922,0.01964395334561042,0.010721097518882741,-0.005795501586863483,0.021267949065293775,0.008207070707070696,-0.0012070006035002187,0.0031809145129225074,0.0,0.0051472690877893785,0.012048192771084166,0.003677822728944438,0.006168080185042446,0.006886468821369138,0.0038412291933418497,0.010223048327137533,0.0076246334310851056,-0.02273618188945474,-0.007181615065432469,0.0217458838148492,-0.004521477015825094,0.02389803505045137,0.003598298985933973,0.008222932846048272,0.007078755995667712,0.02537764350453135,-0.0100238271300631,0.028486089666147744,0.06278291674867123,-0.001346371882086339,0.019280897908184144,-0.003619564699718961,0.0049039640375971175,0.007099786033845505,0.01616047286675471,0.0060416200492280905,0.015175718849840208,-0.0019279732732864513,0.0023350846468185335,0.015016738402678139,0.014587525150905459,0.015229357798165184,0.00037209302325589785,0.007981920469298626,0.0035413504746598904,0.007067137809187005,0.021374244108011423,0.027384428894153816,0.019172552976791095,0.008907823392718832,-0.007689047647877961,0.004278882456581878,0.005865102639295719,0.010291595197255702,0.011224867398544327
